wave_id,pred_wait_time_ms
1,3.79287
2,5.482513
3,3.4433298
4,4.841633
5,6.082679
6,4.336394
7,5.693075
8,3.5131989
9,5.3075857
10,3.878
11,6.537726
12,5.2692733
13,4.3004484
14,4.5579176
15,6.4531617
16,3.2238472
17,3.8006005
18,5.9923234
19,5.0017066
20,3.9749055
