wave_id,pred_wait_time_ms
1,4.9675164
2,5.063654
3,4.9640775
4,5.0243897
5,5.112594
6,5.0112023
7,5.120376
8,4.972779
9,5.0549645
10,4.99582
11,5.1628585
12,5.0831604
13,4.993419
14,5.0551443
15,5.161024
16,4.9446564
17,4.995518
18,5.1425333
19,5.000404
20,5.0519114
