wave_id,type,n_samples,t_end_ms,mean_value,std_value,min_value,max_value,p2p_value,max_slope,mean_abs_slope,energy_total,dominant_freq_hz,spectral_centroid_hz,tail_std,tail_p2p,tail_mean_abs_slope,t_est_settle_ms,t_enter_band_ms,band_width,band_to_p2p,tail_noise_ratio,enter_vs_settle,slope_norm,t_enter_norm,enter_minus_est,enter_margin_ms
1,type2_Triangle_Wave,1000,9.99,0.15647497778064526,0.006894982555736619,0.1535507014591495,0.1956319228662009,0.042081221407051395,482.72084496690235,65.28301113202,24.53195945589734,1171.8749999999998,2797.3659168653576,0.006140252608988749,0.030177957155130303,59.556265107405174,0.0,0.0,0.042081221407051395,0.9999999999762365,0.8905392520521354,0.0,11471.170009208512,0.0,0.0,9.99
2,type2_Triangle_Wave,1000,9.99,29.495367778293147,0.44444877594047977,29.32727263670944,32.14979054620107,2.8225179094916264,31489.552105126957,3592.17964290079,870174.2550912087,1171.8749999999998,2572.0156156384423,0.3548341103306783,1.9395785051219043,2678.0506072103203,0.0,0.0,2.8225179094916264,0.9999999999996457,0.7983689674451911,0.0,11156.54642942106,0.0,0.0,9.99
3,type5_Square_Pulse_Wave,1000,9.99,22.18641510849995,2.8040099374445866,21.11261315914717,30.989320966279536,9.876707807132366,987219.197363781,8205.514450311648,500099.4870959628,781.2499999999999,2034.492517724079,3.5034083739594015,9.876707807132366,16102.13346689749,0.0,0.0,9.876707807132366,0.9999999999998987,1.2494279450203936,0.0,99954.2779478371,0.0,0.0,9.99
4,type1_HARD,1000,9.99,36.6450460091415,10.085376572446348,1.3268881568916908,40.99760636109463,39.67071820420294,1378213.5048043765,4936.070203506474,1444574.2176201474,390.62499999999994,772.381304082483,0.009284225222566837,0.0472269902506568,1109.5133115954945,3.19,3.0500000000000003,0.05048246092885478,0.0012725371058067989,0.0009205630702903837,0.9561125529427734,34741.329806787464,0.3053053053052748,-0.13999999999999968,6.9399999999999995
5,type0_HARD,1000,9.99,28.3804793371919,6.0668704213298685,-1.4053703495606853,30.76549123129104,32.17086158085173,249502.47036219612,3953.068101629513,842258.5241179836,390.62499999999994,377.66582979474146,0.007013767585647009,0.04300259664574213,793.3263288000807,2.44,2.35,0.04358623921332594,0.0013548359313841738,0.0011560767081800344,0.963114359379361,7755.542068251401,0.2352352352352117,-0.08999999999999986,7.640000000000001
6,type4_HARD,1000,9.99,10.724492039027558,0.10200874393372648,10.652796165127423,11.28850599583571,0.6357098307082865,1413.0210203036952,213.8880959426065,115025.1352790044,390.62499999999994,372.01912648853715,0.0026609867193757844,0.013477887227885788,176.8561513436767,3.66,3.63,0.015942550988507165,0.02507834584014445,0.026085868884715417,0.9918030077040961,2222.745271576392,0.363363363363327,-0.03000000000000025,6.36
7,type1_HARD,1000,9.99,4.631225582440027e-09,1.190051986986457e-09,8.565193377877718e-11,5.3114435657312145e-09,5.2257916319524374e-09,6.117017742487855e-05,6.471712049737196e-07,2.2864474127177387e-14,390.62499999999994,469.21789876015634,1.475932654871637e-12,8.297757894674393e-12,1.289760023670113e-07,0.0,3.94,8.297757894674393e-12,0.0015875432729991598,0.0012391840750847253,3940000.0,11703.198009833191,0.3943943943943549,3.94,6.050000000000001
8,type2_Triangle_Wave,1000,9.99,23.890297909174645,0.3250645061919848,23.739490428310017,25.07185083023167,1.3323604019216546,17430.85650411693,3653.1372025313754,570852.0011223003,1562.4999999999998,3119.522622387759,0.3178459213326694,1.329489007445261,3619.4212420109848,0.0,0.0,1.3323604019216546,0.9999999999992494,0.977793377244239,0.0,13082.688797237923,0.0,0.0,9.99
9,type4_overdamped_decay_overshoot,1000,9.99,7.186084048238299,0.12355115729971246,6.882052670304592,8.047881978145714,1.165829307841122,4402.483461797501,242.3169026151689,51655.068836815044,390.62499999999994,289.1975980805337,0.0014058163295466296,0.008070312527357792,128.17673627948318,3.3200000000000003,2.85,0.008995748986253105,0.007716180169551304,0.01137841490326957,0.8584334763754589,3776.267616694442,0.2852852852852567,-0.4700000000000002,7.140000000000001
10,type5_HARD,1000,9.99,1.9479771671863904e-09,8.65527389932301e-11,1.725714229840353e-09,2.2772111191425382e-09,5.514968893021853e-10,3.491522156772787e-05,2.604552719508883e-07,3.802106420506745e-15,781.2499999999999,2359.8260980984674,1.0060506692417824e-10,3.5013373131482693e-10,3.091122497295005e-07,0.0,0.0,5.514968893021853e-10,0.9981900350583638,1.1490796071149458,0.0,63195.32696704682,0.0,0.0,9.99
11,type0_Step_Response,1000,9.99,24.920683908968275,2.5977406247464874,-0.0113879838245057,25.48347451037032,25.494862494194827,169892.68384635565,3262.8608369284575,627788.7428441687,390.62499999999994,231.41946553512992,0.011307833735269682,0.06961581339093925,808.344120258777,1.19,1.18,0.07539569558328196,0.0029572897520214747,0.004352949492934406,0.9915958053816762,6663.800751427215,0.11811811811810628,-0.010000000000000009,8.81
12,type4_HARD,1000,9.99,48.28312381951056,2.179082732060596,47.28279808581784,60.13125576569702,12.848457679879182,25419.949673237596,1761.8532223672978,2336008.4473233516,390.62499999999994,333.84364149735705,0.005820770027707277,0.03153667551686823,625.0939008452907,3.64,3.63,0.033050107868909606,0.0025723015705351035,0.0026712019429387785,0.9972524732822875,1978.4436627785701,0.363363363363327,-0.010000000000000231,6.36
13,type1_HARD,1000,9.99,0.03573326222409743,0.0069074305978940615,0.0010748098254963,0.041948136287614,0.0408733264621177,38.585193987929976,5.7407454801515385,1.324578626640831,390.62499999999994,409.8973566137302,7.514904908354586e-06,4.593928098319683e-05,0.6911478565248105,2.97,3.53,5.2117693801097265e-05,0.001275102819148473,0.0010879450471145936,1.188551788366401,944.0189318270332,0.35335335335331797,0.5599999999999996,6.460000000000001
14,type4_overdamped_decay_overshoot,1000,9.99,8.035692337266852e-09,2.368633408069136e-10,7.854570038193602e-09,9.428826861356265e-09,1.5742568231626624e-09,2.575003296539841e-06,2.604774787232812e-07,6.462845558142742e-14,390.62499999999994,316.30710460688744,1.075012325064517e-12,6.7494743794330164e-12,1.242447498520529e-07,0.0,4.71,6.7494743794330164e-12,0.0042846818881774554,0.004519453571188013,4710000.0,1634.656177124169,0.47147147147142426,4.71,5.28
15,type0_HARD,1000,9.99,5.180963461303421e-06,1.0572010930001464e-06,-3.536323423471081e-07,6.322202261403783e-06,6.675834603750891e-06,0.009350824749006571,0.0008869626463890389,2.796005653840182e-08,390.62499999999994,317.1021413056056,1.6310131829298403e-09,8.12220666450524e-09,0.00011167703555265905,0.0,5.07,9.47314726324913e-09,0.0014190204530990156,0.00154276386107156,5070000.000000001,1400.6972765705475,0.5075075075074568,5.07,4.92
16,type0_Step_Response,1000,9.99,2.1490276341201477,0.6462483094349971,-0.1153054646570464,2.471506702475379,2.5868121671324253,1498.3543172406244,284.81702449556667,5035.956649659633,390.62499999999994,401.2306298379017,0.0007519518741923214,0.003701529891689148,40.04135557750389,4.54,3.79,0.006752004014505708,0.0026101640081536872,0.0011635649381405353,0.8348015782375378,579.2281079692867,0.3793793793793414,-0.75,6.2
17,type4_overdamped_decay_overshoot,1000,9.99,21.27462722195966,0.267366818413699,20.41445935968743,22.94793312088403,2.5334737611966,14415.333205897694,541.5864922014713,452681.24844893545,390.62499999999994,387.743381482086,0.0020890769842022983,0.010646160230958657,226.84686753435068,2.85,2.48,0.013275928996037578,0.005240207812439275,0.007813523744603333,0.870175133271883,5689.947702116091,0.2482482482482234,-0.3700000000000001,7.51
18,type1_Damped_Osc,1000,9.99,0.04110731649738065,0.0006628659926229318,0.0379846499221528,0.0429205541226377,0.004935904200484897,30.45327505598952,2.0305775555949066,1.6902508609399993,781.2499999999999,676.8388978295092,8.06038019016269e-06,4.338313454629872e-05,0.8933941530729783,2.44,2.85,5.130759367710097e-05,0.010394770964490315,0.012159893957009657,1.1680323081834803,6169.745970115886,0.2852852852852567,0.41000000000000014,7.140000000000001
19,type3_Sine_Wave,1000,9.99,6.754107353127817,0.07868991123389468,6.649369468443092,6.873242235280442,0.22387276683734925,627.552968698719,202.42587523050273,45624.15823970525,390.62499999999994,398.3920351284509,0.078567299196696,0.22369848352124855,208.22317566630028,0.0,0.0,0.2238334374636759,0.9998243226488475,0.9984418328058259,0.0,2803.167967061636,0.0,0.0,9.99
20,type0_HARD,1000,9.99,42.76099937682388,6.184473091609021,-0.2571653504792554,64.15503185246314,64.4121972029424,222559.54358285945,12303.429360197366,1866750.7751255685,1171.8749999999998,1029.6263676973788,0.007921241263068719,0.04686024944010114,849.2985708330807,2.99,2.96,0.05144872661244193,0.0007987419905944602,0.0012808271853935029,0.9899662240915638,3455.239120032523,0.29629629629626664,-0.03000000000000025,7.03
21,type1_Damped_Osc,1000,9.99,0.04975348766823167,0.0004116911792737054,0.0469921608071861,0.0508929371568444,0.003900776349658297,27.17674262361011,1.6405618657066272,2.475579024779973,1562.4999999999998,1349.5990667046765,4.880100730441186e-06,2.9082738305596934e-05,0.593041711261726,1.44,1.87,3.676053662590023e-05,0.009423902659709394,0.01185378984120267,1.298610209298466,6967.008662012563,0.18718718718716845,0.43000000000000016,8.120000000000001
22,type4_overdamped_decay_overshoot,1000,9.99,4.582550649263734,0.019896850522663163,4.533189793429425,4.784358105719017,0.25116831228959136,1331.8859028141892,141.16098409141594,21000.166337728188,390.62499999999994,927.9126639497009,0.0013912046615103255,0.0075422938062352785,123.05205336769487,1.67,1.63,0.008305637002735011,0.03306801294713377,0.06992084801842267,0.9760473197321439,5302.762480934507,0.1631631631631468,-0.040000000000000036,8.36
23,type1_Damped_Osc,1000,9.99,38.28048846418745,0.7754662897684287,35.478493428585075,41.655297043262685,6.17680361467761,32679.749901224393,2254.6331840370754,1465997.1450233553,781.2499999999999,614.9303351483285,0.009170730498885763,0.053396659366832466,1121.5171077075279,3.41,3.36,0.055839992610245304,0.00904027326974532,0.01182608531134541,0.9853369544466408,5290.721858723815,0.33633633633630267,-0.050000000000000266,6.630000000000001
24,type2_HARD,1000,9.99,3.001695813185469e-09,1.0548137510411565e-10,2.953713304330493e-09,3.416332174206547e-09,4.6261886987605395e-10,1.502329106389591e-06,3.144774204353734e-07,9.021304075389032e-15,390.62499999999994,747.1554681903569,4.724682913640134e-12,5.3084162892411867e-11,9.607430345206928e-08,0.0,0.0,4.6261886987605395e-10,0.9978430558698628,0.044370979516562596,0.0,3240.4399475613036,0.0,0.0,9.99
25,type1_Damped_Osc,1000,9.99,28.37982854502963,0.4448788972394091,26.533912534990154,29.87096910146059,3.3370565664704372,20381.19521731083,1428.318696945297,805612.5854784877,390.62499999999994,589.5473234266777,0.007364923806873743,0.038206452411298386,769.1432433068813,3.34,3.15,0.041378729689160565,0.012399768737787363,0.016554895843696977,0.9431134900857814,6107.536630360945,0.31531531531528373,-0.18999999999999995,6.84
26,type0_Step_Response,1000,9.99,29.422879303111863,6.432098747791211,-2.6288988787767247,31.52831107701474,34.157209955791465,75496.27570501549,4648.040773027115,907077.7207868255,390.62499999999994,330.4396568026603,0.013221935922208404,0.08602667780700557,729.8496561206737,3.25,3.23,0.08602667780700557,0.002518551073648711,0.002055617682602708,0.9938458480474314,2210.2588531886995,0.32332332332329095,-0.020000000000000018,6.76
27,type0_HARD,1000,9.99,18.84414645213449,4.3424997059665875,0.8849756441727785,20.50596233185674,19.62098668768396,814809.6609612844,2248.015629880145,373959.15920581284,390.62499999999994,786.7108790238211,0.006520721467356792,0.03579053708580204,308.3860333513474,2.16,2.25,0.03579053708580204,0.0018240946622865733,0.001501605505786409,1.0416661844138033,41527.4559802182,0.22522522522520266,0.08999999999999986,7.74
28,type4_overdamped_decay_overshoot,1000,9.99,2.272504963431581e-09,6.960662509771356e-11,2.1343308109217932e-09,2.5231855275393573e-09,3.8885471661756406e-10,8.262123365295052e-07,7.811582454744995e-08,5.169123891078666e-15,390.62499999999994,304.5039227527306,4.326629863404368e-13,2.2503040203229355e-12,3.956672105822439e-08,0.0,6.01,2.2503040203229355e-12,0.005772160562393342,0.006127795879517937,6010000.0,2119.282648925843,0.6016016016015413,6.01,3.9800000000000004
29,type1_Damped_Osc,1000,9.99,1.7204822347981613e-09,2.434285146640213e-11,1.641815196829829e-09,1.8075434725780367e-09,1.657282757482077e-10,7.047930277594134e-07,6.659625382415288e-08,2.960651694673591e-15,390.62499999999994,438.33756646665216,5.972464042859639e-13,3.1949340544870937e-12,3.8821133059671896e-08,0.0,4.34,3.1949340544870937e-12,0.019162520815077997,0.023566661592037248,4340000.0,4227.195564739053,0.4344344344343909,4.34,5.65
30,type4_overdamped_no_overshoot,1000,9.99,2.774567605672488e-06,2.3686946603162998e-07,2.6608323510608053e-06,3.787499942810222e-06,1.1266675917494166e-06,0.0010096259137998395,0.0001468320274697039,7.754332542385274e-09,390.62499999999994,375.5923853891589,4.5717089251631436e-10,3.009300426426535e-09,5.502726220908723e-05,0.0,4.51,3.009300426426535e-09,0.0026709721460805897,0.001930045987477675,4510000.0,896.1161438184399,0.45145145145140625,4.51,5.48
31,type0_Step_Response,1000,9.99,1.3056113643663957e-06,1.6961319728541966e-07,7.430860356100518e-10,1.3542298242817965e-06,1.3534867382461865e-06,0.003964043347747201,0.00016562780379367445,1.7333896714560636e-09,390.62499999999994,231.60999153795868,5.910640191583622e-10,3.659342749962723e-09,4.2042900102108673e-05,0.0,2.24,3.86369423828571e-09,0.0028546207912398098,0.003484755572458032,2240000.0000000005,2928.761920579867,0.2242242242242018,2.24,7.75
32,type0_HARD,1000,9.99,2.3281983125611638e-09,3.08629071836606e-10,-4.552724704281557e-12,3.6082144461885966e-09,3.6127671708928783e-09,1.56617102626817e-05,7.345964760302854e-07,5.515759286595374e-15,1171.8749999999998,1314.650812155327,6.04494614311436e-13,3.644080014774043e-12,4.3449530052719454e-08,0.0,2.3000000000000003,3.644080014774043e-12,0.0010083881563055085,0.0019523186589870125,2300000.0000000005,4333.901306323521,0.2302302302302072,2.3000000000000003,7.6899999999999995
33,type1_Damped_Osc,1000,9.99,1.201407443014125e-06,1.8945313164360122e-08,1.0803079008920184e-06,1.2506909472219042e-06,1.7038304632988588e-07,0.0015426454523413977,7.090143263202922e-05,1.4437387690206338e-09,1171.8749999999998,1256.2950395526314,2.647884232086438e-10,1.5656538394883594e-09,2.3361170637805805e-05,0.0,2.08,1.6693485701371406e-09,0.009797563833559057,0.013975722923589,2080000.0000000002,9053.931313232422,0.20820820820818736,2.08,7.91
34,type0_Step_Response,1000,9.99,0.23888617431927564,0.04655903519653821,-1.590976399818645e-05,0.2549482059605455,0.2549641157245437,309.1124348568605,29.97619794068192,59.234348039331834,390.62499999999994,313.93100546731114,0.00011623546329288835,0.0006745735832803246,6.335987071357221,3.35,3.35,0.0006745735832803246,0.0026457589192922736,0.002496517868115838,0.9999997014926264,1212.3762356801803,0.33533533533530174,0.0,6.640000000000001
35,type1_HARD,1000,9.99,2.1338696324756276e-06,1.8379094381173133e-07,8.172144491513939e-08,2.883210101895428e-06,2.8014886569802887e-06,0.02030385151427471,0.0004589966039811225,4.587178719428875e-09,0.0,1075.4388692933312,7.47310039120746e-10,4.528370637464203e-09,5.873657164269923e-05,0.0,1.26,5.2319017883470785e-09,0.0018675427822162723,0.004066065267181998,1260000.0,7247.519712837394,0.12612612612611349,1.26,8.73
36,type1_HARD,1000,9.99,6.306170255619979e-09,1.8155342567943662e-09,7.447901691104747e-11,7.039523209526907e-09,6.9650441926158594e-09,0.00021345342242238112,8.612505019159469e-07,4.3063947930460016e-14,390.62499999999994,682.084871708267,2.14202364102454e-12,1.4023251183902377e-11,2.0983881930179396e-07,0.0,1.64,1.511770141548298e-11,0.002170198895882405,0.0011791815282385944,1640000.0,30641.98510951823,0.16416416416414772,1.64,8.35
37,type0_HARD,1000,9.99,43.587263287970444,8.5179139132984,-0.4015203530385793,47.09373386239597,47.49525421543455,315262.59458876704,5578.042320532597,1972404.3783692196,390.62499999999994,370.41301979807116,0.013593663138277333,0.08441259123831912,782.2918913684765,1.83,1.84,0.09018169983145441,0.0018987518083890187,0.0015958911156701099,1.0054639314404747,6637.770442468953,0.18418418418416574,0.010000000000000009,8.15
38,type0_Step_Response,1000,9.99,8.78570520140076e-06,1.5096116857177137e-06,-2.5734130879874795e-09,9.369997236968125e-06,9.372570650056112e-06,0.018474419718666958,0.001151060279325147,7.946754332757585e-08,390.62499999999994,316.9528532467365,5.066211199151158e-09,2.2829345209946493e-08,0.00028087021154707127,0.0,3.74,3.239807842079317e-08,0.003456690397304054,0.0033559675584883776,3740000.0000000005,1971.1153361581778,0.3743743743743369,3.74,6.25
39,type4_overdamped_decay_overshoot,1000,9.99,28.930131908465572,0.4895573438899162,28.567610002675007,31.737683256043645,3.1700732533686384,5578.2324078158745,928.5971138032355,837192.1986341744,390.62499999999994,354.3401830741412,0.00929208811007126,0.05405238917564503,832.2101759485296,4.99,5.04,0.05603138913674499,0.017675108635797694,0.01898059180609848,1.0100198376713752,1759.654103225052,0.5045045045044539,0.04999999999999982,4.95
40,type0_Step_Response,1000,9.99,22.37665060618051,4.491367030174369,-0.0068496178703884,24.570713412584773,24.57756303045516,56694.815211157016,3007.7735633866464,520886.8701508159,390.62499999999994,479.09141135651925,0.009730050870176404,0.048740340742376986,468.31207189854587,4.0,3.99,0.06179088847873615,0.002514117791180752,0.0021663896102912094,0.9974997506250624,2306.771226296994,0.3993993993993594,-0.009999999999999787,6.0
41,type4_HARD,1000,9.99,12.687468831654698,0.12994547757414723,12.620002623064856,13.11219893073961,0.4921963076747531,1329.7270951754924,304.0674584038213,160988.7511813514,390.62499999999994,489.86354195224953,0.004466716444323437,0.024180311115850728,291.48626699397073,1.78,1.77,0.029245004530313423,0.05941735863158754,0.03437377373706863,0.9943814638306383,2701.61940355612,0.17717717717715945,-0.010000000000000009,8.22
42,type0_HARD,1000,9.99,34.283985575202024,4.62682559641318,2.6389375285434538,42.53967323925168,39.900735710708226,102941.49525185325,5506.58813019979,1196799.1820202842,0.0,394.3182072994828,0.007525882674650325,0.04054383887806523,641.8635728413319,2.74,2.21,0.060210838835473623,0.0015090157552987984,0.0016265758278165776,0.8065690486974274,2579.9397785095,0.22122122122119905,-0.5300000000000002,7.78
43,type4_overdamped_decay_overshoot,1000,9.99,1.5520600973850835e-09,2.99371676588328e-11,1.4937249388889783e-09,1.6595994945564307e-09,1.6587455566745234e-10,3.6067592066345226e-07,3.703764569024277e-08,2.4097867799024276e-15,390.62499999999994,306.79104459246,3.613741161743269e-13,1.8026276606404437e-12,2.2223099541854568e-08,0.0,5.9,2.0842898234388562e-12,0.012490159539914699,0.01168090499296731,5900000.000000001,2161.3595866718433,0.5905905905905315,5.9,4.09
44,type1_HARD,1000,9.99,1.5409734697771516e-06,3.736905736501749e-07,-1.7503175692340998e-07,1.6833125030617724e-06,1.8583442599851823e-06,0.004780849212224621,0.00020799058273481642,2.5142438793920302e-09,390.62499999999994,370.05894199120274,3.7615674378193167e-10,1.9058124903086713e-09,2.3413574923647187e-05,0.0,2.01,2.2143406010999867e-09,0.0011915657702474742,0.0010065968041710904,2009999.9999999998,2572.6377735979704,0.20120120120118104,2.01,7.98
45,type0_Step_Response,1000,9.99,5.214057051918297e-09,1.0724796261743951e-09,-1.942471123327608e-10,5.611967591111524e-09,5.806214703444285e-09,6.186958445996539e-06,6.484199807735542e-07,2.8336603489218094e-14,390.62499999999994,345.0653814253207,2.1543695733783205e-12,1.083531092981587e-11,9.329676916768243e-08,0.0,2.34,1.228956665184059e-11,0.00211625835782369,0.0020069030849294628,2340000.0,1065.3917173627187,0.23423423423421078,2.34,7.65
46,type0_HARD,1000,9.99,20.46502040338322,4.20645238686067,1.6011215660588682,29.68500381536658,28.083882249307713,38755.3286915665,4414.161607139844,436511.30179381743,390.62499999999994,336.177932724161,0.003898319249616136,0.022954551602097695,321.9426464717469,4.66,4.08,0.030335990668149293,0.00108019220415639,0.0009267475038567059,0.8755362928033706,1379.9847310113425,0.4084084084083675,-0.5800000000000001,5.91
47,type0_Step_Response,1000,9.99,0.0010414539580058892,0.0002444250213712236,-2.106706107038705e-07,0.0011660424936626,0.0011662531642733039,0.9625098640237374,0.1325623268237337,0.001144369937718456,390.62499999999994,363.9308096567387,4.802927016962474e-07,2.175842179499843e-06,0.03252498396289176,2.72,5.45,2.569001981199935e-06,0.0022027824298319534,0.0019649899058484972,2.0036757339427447,825.3009661055706,0.545545545545491,2.73,4.54
48,type4_overdamped_decay_overshoot,1000,9.99,18.710366211650847,0.28152031271458383,17.821939218098812,19.999719111937075,2.177779893838263,11387.563064053551,553.7300048008894,350157.0574605566,390.62499999999994,376.1078708707678,0.002554814987939911,0.013993760956683587,289.5963400728337,2.68,2.66,0.014404438247922258,0.006614276442110185,0.009075064471532491,0.9925369430832301,5228.9779588230695,0.2662662662662396,-0.020000000000000018,7.33
49,type5_Square_Pulse_Wave,1000,9.99,4.980537225881367e-06,7.607396574999457e-08,4.940643738595045e-06,5.148289143759858e-06,2.076454051648129e-07,0.02003051991683278,0.0002003796253682258,2.4811538306655003e-08,390.62499999999994,1237.918969645752,1.0539972552275034e-09,5.845769136776677e-09,0.0001204809935039822,0.0,0.0,2.076454051648129e-07,0.9999951841208172,0.013854718761113325,0.0,96464.56388654634,0.0,0.0,9.99
50,type0_HARD,1000,9.99,5.717055593244142,0.7125915074652371,-0.3973981497309012,8.206082727799224,8.603480877530124,43747.577847083405,1556.3559247505127,33192.51131275571,1562.4999999999998,1186.8255791820468,0.0015497047711442368,0.008894531954437568,151.82445430743803,1.73,1.72,0.00963168002376058,0.0011195096683383936,0.0021747449343797612,0.9942190784860818,5084.869539413367,0.17217217217215494,-0.010000000000000009,8.27
51,type0_Step_Response,1000,9.99,8.425287288566086e-09,1.7799520881300665e-09,-1.075766372237842e-12,9.13341357744797e-09,9.134489343820209e-09,9.28373880934463e-06,1.0813149520002846e-06,7.415369533091187e-14,390.62499999999994,354.55721832406,4.136950438881027e-12,1.9540173255692572e-11,2.4799474848821116e-07,0.0,3.0700000000000003,2.156550152528028e-11,0.002360629049375278,0.002322886991993519,3070000.0000000005,1016.2278625637834,0.30730730730727657,3.0700000000000003,6.92
52,type1_HARD,1000,9.99,0.05537729824065579,0.01358224604188014,0.0005934218034238,0.0606993041190946,0.060105882315670794,885.5986924650005,7.0204827227846165,3.251122567976707,390.62499999999994,484.9056609400329,1.4959082302084229e-05,8.540158641549833e-05,1.1589506963475564,2.14,2.19,0.00010597912761040051,0.001763207252362494,0.0011013702928703631,1.023364007773828,14733.977080632147,0.21921921921919726,0.04999999999999982,7.800000000000001
53,type3_Sine_Wave,1000,9.99,0.007247479330481712,7.115860821386375e-05,0.0071449180650856,0.0073511944286836,0.00020627636359799983,0.4907557109200093,0.11496819985976907,0.05253102019328257,390.62499999999994,380.09083996156284,4.0564682796370286e-05,0.00014444795581450027,0.1247428792164251,1.91,0.0,0.00020611050576329996,0.9991959387347984,0.5700600847109744,0.0,2379.117510027942,0.0,-1.91,9.99
54,type1_Damped_Osc,1000,9.99,12.099222112530576,0.17554517381499848,11.12210573241219,12.859874795999142,1.737769063586951,13181.290882579331,572.7797627821562,146421.99183639855,1171.8749999999998,1040.5086062187022,0.003332064273868585,0.013990435941430235,165.42312199781415,1.79,1.85,0.017869329497147035,0.010282913806885504,0.01898123543607733,1.0335189756877232,7585.179848560589,0.18518518518516666,0.06000000000000005,8.14
55,type4_overdamped_decay_overshoot,1000,9.99,36.8992249491676,0.28186494213075114,36.18933756786387,39.30890229275354,3.1195647248896634,15794.756779095564,1230.6294775443348,1361632.2496948754,390.62499999999994,418.98501881161695,0.008457742768708186,0.050451559119181866,956.272372444258,2.51,2.48,0.05307921099341684,0.01701494140188971,0.030006366541160037,0.9880474151205517,5063.128407970169,0.2482482482482234,-0.029999999999999805,7.51
56,type0_Step_Response,1000,9.99,1.5200357533846966e-06,3.3103775586724203e-07,-7.761440358733221e-08,1.6388217607876018e-06,1.716436164374934e-06,0.0017323442112486018,0.00019824703201743905,2.420094687377402e-09,390.62499999999994,340.6770896403177,1.0279733990459168e-09,4.7824609072390404e-09,3.605985372011094e-05,0.0,2.79,4.854415284063373e-09,0.0028281928315337895,0.0031052962253705716,2790000.0,1009.2674798727401,0.27927927927925134,2.79,7.2
57,type0_HARD,1000,9.99,0.013663020633880262,0.0032546455354656367,-0.0003708494870579,0.0147653268593466,0.0151361763464045,488.06170375645,1.7937274294420251,0.1972708504033642,390.62499999999994,662.0277750877237,2.8208224929592365e-06,1.614411609920062e-05,0.30264649921350223,1.38,2.54,2.0251530653299724e-05,0.0013379555171985286,0.0008667065157646912,1.8405783763924812,32244.715742899043,0.2542542542542288,1.1600000000000001,7.45
58,type1_HARD,1000,9.99,0.0029896702765478183,0.0008551517214719774,0.0001846023228283,0.0040586274149106,0.0038740250920823002,204.40519892767995,0.6108227832977876,0.009669412829209995,390.62499999999994,1197.79356635157,7.186103797051307e-07,3.544438037499792e-06,0.07384299525257089,2.7,3.48,6.083475145400065e-06,0.0015703241458768803,0.0008403308568774812,1.2888884115228103,52763.00334055103,0.34834834834831346,0.7799999999999998,6.51
59,type4_overdamped_no_overshoot,1000,9.99,8.627843342226845e-09,3.6338706604086425e-10,8.49335023917568e-09,1.0631867822384341e-08,2.1385175832086606e-09,3.2802177067030463e-06,3.4038313246465725e-07,7.45717308977739e-14,390.62499999999994,330.1569522249205,2.7161812098237683e-12,1.2960571982928304e-11,1.569589944394612e-07,0.0,2.45,1.4192971274528289e-11,0.006633724997596382,0.007454109827046281,2450000.0000000005,1533.1576297604734,0.2452452452452207,2.45,7.54
60,type4_overdamped_decay_overshoot,1000,9.99,3.749854398360743e-06,4.188855057973538e-08,3.618675163024616e-06,4.068736657147678e-06,4.500614941230616e-07,0.0022586544635017107,0.00012403923912423682,1.4063162659575087e-08,390.62499999999994,416.25172855075215,6.589036682416456e-10,4.1526469690991404e-09,7.49082156216531e-05,0.0,1.97,5.188777212794813e-09,0.01152901492692709,0.01572954732439643,1970000.0,5018.535187880201,0.19719719719717746,1.97,8.02
61,type4_HARD,1000,9.99,7.99833950177099e-09,7.484314803489892e-11,7.619836387373773e-09,8.142925979667368e-09,5.230895922935945e-10,1.1573571773207819e-06,1.996984276103317e-07,6.397903628239796e-14,390.62499999999994,349.07751067226144,2.0663142994657592e-12,1.0339106298107182e-11,1.615174273250494e-07,0.0,3.64,1.080389418922288e-11,0.02061459404668076,0.027244574533152988,3640000.0000000005,2208.3193300133908,0.3643643643643279,3.64,6.35
62,type4_overdamped_decay_overshoot,1000,9.99,8.130045085367092e-09,2.2872816792862406e-10,7.648176765370307e-09,9.468265150421781e-09,1.820088385051474e-09,5.339411492584262e-06,3.488563813164035e-07,6.614994966490562e-14,390.62499999999994,272.4824452146369,2.136029240322031e-12,1.1737716992064388e-11,1.6839943107010818e-07,0.0,3.53,1.2194402086087769e-11,0.006696216496786391,0.009298072846624927,3530000.0,2931.989208438854,0.35335335335331797,3.53,6.460000000000001
63,type0_Step_Response,1000,9.99,3.2444249195656547e-09,6.892643727366985e-10,4.319296443363897e-14,3.470632405243186e-09,3.4705892122787524e-09,4.487427395138633e-06,4.036129100983614e-07,1.1001378434222719e-14,390.62499999999994,325.7590564188522,1.1514073748633283e-12,6.243848373466535e-12,6.474930697316316e-08,0.0,1.95,8.24097571363339e-12,0.002373833771716329,0.001668067222270695,1950000.0,1292.6147423395996,0.19519519519517564,1.95,8.040000000000001
64,type0_Step_Response,1000,9.99,42.90038402646483,8.929076174843196,-5.683084647148652,49.26649793737078,54.94958258451943,168126.4590852411,9645.996916190556,1920171.350954311,390.62499999999994,479.29011057211665,0.026177914579723318,0.14381939759282858,1209.121110383366,2.43,2.13,0.16100669912997745,0.002930080476631934,0.002931760695857217,0.8765428491593212,3059.6494309422314,0.21321321321319187,-0.30000000000000027,7.86
65,type1_Damped_Osc,1000,9.99,5.775438033157426e-09,2.1961182598032436e-10,4.965927564720891e-09,6.262857390278716e-09,1.2969298255578245e-09,3.6867549814296855e-06,4.712485936606634e-07,3.340391382895172e-14,390.62499999999994,526.330009256841,1.1362304778833088e-12,5.663082600044382e-12,1.075566351089431e-07,0.0,5.92,7.49421856342439e-12,0.00577397823507409,0.0051503606972757915,5920000.0,2840.4886834657577,0.5925925925925333,5.92,4.07
66,type0_Step_Response,1000,9.99,1.7165663698237739e-09,2.482488193586208e-10,5.999990727282203e-11,1.806449366694627e-09,1.7464494594218049e-09,4.803131960974329e-06,2.0963395019704357e-07,3.008227578322919e-15,390.62499999999994,345.6950487304514,7.742741537771246e-13,3.5394795899567785e-12,4.696303930955971e-08,0.0,3.18,3.989667586479997e-12,0.0022831376123462225,0.0031064305771619084,3180000.0000000005,2748.652863793604,0.31831831831828644,3.18,6.8100000000000005
67,type0_Step_Response,1000,9.99,4.410904582551983e-09,1.2445104444352667e-09,-4.179778079682805e-10,4.997784443752175e-09,5.415762251720456e-09,8.346372892914098e-06,8.709337890054469e-07,2.1004885482686548e-14,390.62499999999994,445.65728165943955,2.0961362845544424e-12,1.1745829451301239e-11,1.4081095392572786e-07,0.0,6.2,1.3328473694802387e-11,0.0024605978766317526,0.0016829535985985746,6200000.0,1540.841651350518,0.6206206206205584,6.2,3.79
68,type1_Damped_Osc,1000,9.99,23.09176818159704,0.41706106268765747,20.66063219257876,25.11044491389079,4.449812721312032,39445.99858413013,1733.7187052918234,533403.6976826276,1562.4999999999998,1640.462305666104,0.0037937478878885826,0.02193748774139692,348.91153043717514,2.46,1.92,0.03214160118678322,0.007223135713742805,0.00909638474383468,0.7804874876067123,8864.642414094806,0.19219219219217293,-0.54,8.07
69,type5_HARD,1000,9.99,17.703363284547553,0.7904168244246795,17.404603768103392,20.444148276918003,3.039544508814611,303330.46015495557,1549.6397475717017,314033.8303409999,781.2499999999999,1646.744521272822,1.2455110631284902,3.037917267453924,2726.453158168495,0.0,0.0,3.039544508814611,0.9999999999996709,1.57576486815483,0.0,99794.70913329422,0.0,0.0,9.99
70,type5_HARD,1000,9.99,0.09317557528481783,0.0018220996054236038,0.0868503855685813,0.0975316235114377,0.0106812379428564,622.8418143416791,4.902378121409589,8.685007876628841,781.2499999999999,1714.354220274201,0.002427688570911453,0.006307120885195,7.069994433456924,0.0,0.0,0.0106812379428564,0.9999999999063779,1.3323577714154125,0.0,58311.76288886282,0.0,0.0,9.99
71,type1_Damped_Osc,1000,9.99,5.648028222014702e-09,1.205288924751718e-10,4.981001976518792e-09,5.901149660877149e-09,9.201476843583563e-10,4.714046836074487e-06,3.559423077408708e-07,3.191475001059585e-14,1171.8749999999998,962.2377348347733,1.6090265169175105e-12,8.246856037351488e-12,1.0518065369461438e-07,0.0,2.81,9.732580770531192e-12,0.010565711596301318,0.013239868183989518,2810000.0,5117.579858389538,0.2812812812812531,2.81,7.18
72,type0_Step_Response,1000,9.99,14.864208110426832,3.522687169872845,-0.4273502222011813,16.186607956570494,16.613958178771675,22406.177642149847,1916.5407201871997,233354.00764686556,390.62499999999994,335.8787920866712,0.0050795185331679645,0.029094086162974264,260.7399618882228,2.32,2.31,0.03316340256586514,0.0019961168921345525,0.0014419442568185449,0.9956892259960233,1348.6357315367375,0.2312312312312081,-0.009999999999999787,7.68
73,type4_overdamped_decay_overshoot,1000,9.99,37.20127369535902,0.42584108345242483,36.41744804977328,40.65274714753621,4.235299097762933,15376.948464300709,897.97141087679,1384116.1051853672,390.62499999999994,263.39489683061163,0.004378608067180622,0.025984532633600566,494.741102143838,3.61,3.6,0.027361770186814738,0.006460410364231572,0.010282258422958199,0.9972296406566092,3630.664118248252,0.36036036036032426,-0.009999999999999787,6.390000000000001
74,type1_HARD,1000,9.99,40.79873839849765,7.575494236009049,3.9026645435166256,45.27688621355013,41.3742216700335,48212.32676749431,6525.823835579242,1721925.1678288525,390.62499999999994,458.3840612547058,0.01052004496648074,0.061168075062639105,623.5046342929983,2.78,2.77,0.061168075062639105,0.0014784102901188932,0.0013886942077618902,0.9964025192796694,1165.2745313735375,0.2772772772772495,-0.009999999999999787,7.220000000000001
75,type1_HARD,1000,9.99,1.6879724682168525e-09,2.0359870299881386e-10,-1.4535362429075788e-11,2.458270354183029e-09,2.4728057166121046e-09,1.1404132994337563e-05,4.397151871541583e-07,2.8907034853208916e-15,1562.4999999999998,1261.7812224671216,2.7170529220503e-13,1.6139313326875276e-12,3.175370074084368e-08,0.0,1.9,1.835190393179152e-12,0.0007418490388535681,0.0013279912737599573,1900000.0,4609.954984644311,0.19019019019017114,1.9,8.09
76,type5_Square_Pulse_Wave,1000,9.99,0.3885099261355698,0.008371105368409343,0.3846077046662573,0.4121011170452417,0.027493412378984394,2722.4872512375596,22.99520776885934,151.0100381109549,390.62499999999994,1445.7038151544948,0.00906780989180492,0.022634107976524986,27.505614493009023,0.0,0.0,0.027493412378984394,0.9999999999636277,1.0832273029248387,0.0,99023.25741200354,0.0,0.0,9.99
77,type2_Triangle_Wave,1000,9.99,9.559079393266884e-09,6.676246340230329e-11,9.531139463930335e-09,9.837555104056594e-09,3.0641564012625824e-10,2.5635869732840444e-06,4.3631356010792737e-07,9.138045607329914e-14,781.2499999999999,1657.0295092666327,5.5831115837691597e-11,2.9494113240916114e-10,3.336588506156034e-07,0.0,0.0,3.0641564012625824e-10,0.9967470750688244,0.8239239401056643,0.0,8339.155978632569,0.0,0.0,9.99
78,type4_HARD,1000,9.99,3.538626697550531e-09,9.575612689173671e-11,3.4909673157322394e-09,3.9634963681960485e-09,4.725290524638091e-10,5.857548984538462e-07,9.329659167795514e-08,1.2531048140454684e-14,390.62499999999994,375.4138403437423,7.592938125460645e-13,4.927096454775661e-12,6.58772452242303e-08,0.0,3.95,4.927096454775661e-12,0.010405056308878176,0.007847501103425324,3950000.0000000005,1236.998860800868,0.39539539539535584,3.95,6.04
79,type0_Step_Response,1000,9.99,3.488895769360156e-06,7.271065308042191e-07,-2.7666825923575195e-10,3.836852627649124e-06,3.83712929590836e-06,0.005410571274375434,0.00042011497978978297,1.270107759659734e-08,390.62499999999994,337.2254210983981,2.151479917638727e-09,9.146492530992387e-09,6.92950124754567e-05,0.0,5.03,9.146492530992387e-09,0.002383680465775569,0.0029589569994675716,5030000.000000001,1410.0566978778068,0.5035035035034531,5.03,4.96
80,type0_HARD,1000,9.99,17.880769967354926,1.897805493794434,-1.226837953302418,22.08607208246036,23.312910035762776,121133.65085317954,3474.3666179767,323323.6003177382,0.0,470.02986290917954,0.004751549821547776,0.028169593020987094,480.876726122622,1.49,1.48,0.030566566685237717,0.001311143338105208,0.0025037074858736547,0.9932879239678363,5195.990147405507,0.14814814814813332,-0.010000000000000009,8.51
81,type4_overdamped_decay_overshoot,1000,9.99,3.2838081392783605,0.019079557233834022,3.2352529105779992,3.439624045815623,0.20437113523762385,938.7754176272799,71.43356345126232,10783.75992509505,390.62499999999994,379.1125360382534,0.0006465686933517868,0.003447063176189147,50.495261026325934,2.63,2.53,0.004115214767672626,0.020135988200426145,0.0338880344755239,0.9619768205411328,4593.483402297322,0.2532532532532279,-0.10000000000000009,7.460000000000001
82,type1_Damped_Osc,1000,9.99,0.03212593078961749,0.0007878814931877894,0.0275387352551541,0.0351967949682369,0.007658059713082796,62.450191959979854,2.635134900961141,1.032696186346601,1171.8749999999998,1231.023492990046,3.901543231408384e-06,2.5492251220102236e-05,0.42203372843983517,1.76,2.44,2.7627324646603557e-05,0.0036076141579045487,0.0049519417072111886,1.3863628486574724,8154.832201835278,0.24424424424421978,0.6799999999999999,7.550000000000001
83,type4_overdamped_decay_overshoot,1000,9.99,1.038366864331488e-09,1.8150973032456922e-11,9.861059829041167e-10,1.1522287315055322e-09,1.6612274860141552e-10,7.223487595361079e-07,3.657037657156833e-08,1.0785352027636318e-15,390.62499999999994,329.01621964742736,3.1307609000478254e-13,1.5593376093887822e-12,1.8363892400108672e-08,0.0,2.62,1.7820193218846449e-12,0.010662936893975614,0.01634779023886586,2620000.0,4322.2647160913775,0.26226226226223603,2.62,7.37
84,type2_HARD,1000,9.99,0.9226632095704689,0.0350107008473327,0.9066962345867532,1.0907513673986415,0.18405513281188834,859.6760375972789,115.72545782596805,852.5331474687005,390.62499999999994,879.0322882040194,0.03019252870458491,0.1301950601232934,113.31911783406707,0.0,0.0,0.18405513281188834,0.9999999999945668,0.8623800144812799,0.0,4670.75285790172,0.0,0.0,9.99
85,type0_HARD,1000,9.99,3.1319947330134924e-09,4.0803233948894126e-10,2.6364555350628905e-10,4.574015398583954e-09,4.310369845077665e-09,1.4579187929445284e-05,7.34031007163417e-07,9.975881397693076e-15,1171.8749999999998,923.207776265954,6.634923870886425e-13,3.848843235217056e-12,5.301324817313761e-08,0.0,3.03,4.181625073665791e-12,0.0009699063694199176,0.0016221025161913412,3030000.0,3381.567449169431,0.30330330330327293,3.03,6.960000000000001
86,type2_Triangle_Wave,1000,9.99,0.018201179855403496,0.0007934823995305059,0.0178376443478916,0.0210074532186351,0.003169808870743498,26.177349819850313,5.74622864874339,0.3319125624471108,1171.8749999999998,2007.0890903335007,0.0007564597698753742,0.003132225991342299,5.16317389390697,0.0,0.0,0.003169808870743498,0.9999999996845236,0.9533415856099907,0.0,8258.336978359179,0.0,0.0,9.99
87,type1_HARD,1000,9.99,4.46519019304327e-09,1.2240318922476457e-09,1.4818903632863728e-11,5.100321296881261e-09,5.085502393248397e-09,0.00010295035208850213,6.258531501349665e-07,2.1436177533289146e-14,390.62499999999994,566.1281406173964,1.356125165071314e-12,7.756697615868776e-12,1.133129171427422e-07,0.0,2.22,8.578400207910908e-12,0.0016865027369882897,0.0011070121305847334,2220000.0000000005,20239.910281995337,0.22222222222219998,2.22,7.77
88,type1_Damped_Osc,1000,9.99,3.477057072098664e-06,8.058506065933983e-08,3.146682729312426e-06,3.6608584616629697e-06,5.141757323505435e-07,0.001375201408282243,0.00021907855354874972,1.2096419834632803e-08,781.2499999999999,605.8491119344447,9.330639237093585e-10,4.52729204776506e-09,9.511612922781335e-05,0.0,4.96,6.083825135153759e-09,0.011832167331535472,0.011578477916344426,4960000.0,2674.5695045272682,0.4964964964964468,4.96,5.03
89,type0_Step_Response,1000,9.99,2.7853643829221646e-06,3.2541356597592295e-07,-2.012020388212953e-10,2.850844931053626e-06,2.851046133092447e-06,0.01495838305582228,0.0003437026773903632,7.86414873457254e-09,0.0,196.2695677041839,1.0997541563368906e-09,5.319756914492622e-09,6.109762269471755e-05,0.0,1.17,7.59237530444494e-09,0.002663012903686974,0.0033795480329490237,1170000.0,5246.6277678115275,0.11711711711710539,1.17,8.82
90,type4_overdamped_no_overshoot,1000,9.99,32.65592837427403,1.1924183964162314,32.02214855582434,37.260396460785245,5.238247904960907,4761.128629685629,918.7626940097331,1067831.5196178274,390.62499999999994,395.48227435431704,0.007933488035704412,0.042243315971887796,587.5435965185208,4.16,4.13,0.04789318236025508,0.009142977428557452,0.0066532754438723505,0.9927882228874463,908.916247582645,0.413413413413372,-0.03000000000000025,5.86
91,type3_Sine_Wave,1000,9.99,8.108496444260636e-09,8.539077912241114e-11,7.98910185577375e-09,8.23264486644888e-09,2.4354301067513007e-10,5.601480924681257e-07,1.9488890235829621e-07,6.575500617174652e-14,390.62499999999994,460.19879881545364,8.41976467493044e-11,2.418026986656863e-10,1.9800552072412612e-07,0.0,0.0,2.4280286804277134e-10,0.9928841039964521,0.9746138141664495,0.0,2290.5912989362428,0.0,0.0,9.99
92,type0_Step_Response,1000,9.99,26.25561665668861,3.5432799629412655,-0.0053866744881166,27.591705778171256,27.597092452659375,85353.77783182528,3860.8637202082723,701912.2389187653,390.62499999999994,348.6892186223392,0.013774783058798666,0.07349728507168507,759.3630092342561,3.2,3.19,0.08222002990790855,0.00297930044800725,0.0038875796445281097,0.9968746884766597,3092.8540018568924,0.31931931931928736,-0.010000000000000231,6.800000000000001
93,type2_Triangle_Wave,1000,9.99,34.65090614855615,0.9553083647036822,34.1446331996096,38.50842397075567,4.363790771146071,19140.624913622873,4271.247742926797,1201597.9109877201,781.2499999999999,1036.3081125495542,0.7696659579263645,3.240180235221807,2941.5749053266018,0.0,0.0,4.363790771146071,0.9999999999997708,0.8056727925378252,0.0,4386.238002100991,0.0,0.0,9.99
94,type4_overdamped_decay_overshoot,1000,9.99,3.02466550724405e-06,2.8841768769230152e-08,2.9494533244748246e-06,3.161725037578936e-06,2.122717131041112e-07,0.0007901190097185847,6.009120462515803e-05,9.149433278337644e-09,390.62499999999994,314.5739974429111,6.162392529973951e-10,3.544038207052043e-09,4.1158485867679e-05,0.0,3.3200000000000003,4.76434114419134e-09,0.0224444351538232,0.021365467994002272,3320000.0000000005,3722.1883027945432,0.3323323323322991,3.3200000000000003,6.67
95,type2_Triangle_Wave,1000,9.99,33.28836000669842,0.5782029868927566,33.00002602341844,35.24278604161856,2.2427600182001157,15930.2449808834,3804.4700713905554,1108449.2306296104,781.2499999999999,1557.8743765305576,0.5783765465596292,2.240823300218125,3889.8558071966518,0.0,0.0,2.2427600182001157,0.9999999999995541,1.000300170822024,0.0,7102.964584530453,0.0,0.0,9.99
96,type0_Step_Response,1000,9.99,33.45086147309407,6.4422685464835965,0.0028491918047262,35.43470537208438,35.43185618027965,51214.871533746016,4219.908586294628,1160462.9573171416,390.62499999999994,299.8265756756046,0.007386890602013873,0.038847352406165214,789.5460050543797,1.96,1.95,0.05154761074494729,0.001454837998965342,0.0011466287921270738,0.9948974515829329,1445.4470370719469,0.19519519519517564,-0.010000000000000009,8.040000000000001
97,type0_Step_Response,1000,9.99,18.2361277937223,4.682888433063545,-0.001715413798899,21.044287253309516,21.046002667108414,24746.268629882077,2255.1456502076444,354485.8009854912,390.62499999999994,405.4436408034902,0.006961240763143719,0.04159523657972386,344.05332192459593,6.25,6.22,0.04159523657972386,0.00197639605190817,0.0014865271429471553,0.9951998407680254,1175.817993625717,0.6226226226225603,-0.03000000000000025,3.7700000000000005
98,type5_Square_Pulse_Wave,1000,9.99,14.809142150367155,0.30076536334498527,14.702525895051808,15.902635073840075,1.2001091787882672,118804.44518179017,1021.5972212333119,219401.15103356916,781.2499999999999,2506.372167736699,0.37420806724281364,1.1994614876191854,1215.6909108680686,0.0,0.0,1.2001091787882672,0.9999999999991667,1.2441860428334748,0.0,98994.69755047311,0.0,0.0,9.99
99,type4_HARD,1000,9.99,3.6408412710612573e-06,3.2270728626000366e-08,3.437722650468752e-06,3.653500855806224e-06,2.1577820533747163e-07,0.0005311150534476706,7.731879075341162e-05,1.3256766560989005e-08,390.62499999999994,359.58500828363196,7.761028322288885e-10,4.620845778362761e-09,6.306159039824032e-05,0.0,1.75,5.6681463813097434e-09,0.02626826979200775,0.024049000945168018,1750000.0,2461.382006746313,0.17517517517515763,1.75,8.24
100,type4_overdamped_decay_overshoot,1000,9.99,0.003698146693149627,4.968852072903077e-05,0.0035952660496387,0.0039959977262642,0.0004007316766255001,1.2947892437400152,0.1344058106066354,0.01367875791314576,390.62499999999994,301.15779623586593,1.5181694073463209e-06,8.101850886599836e-06,0.09811289246980055,1.54,3.64,8.101850886599836e-06,0.020217645219880377,0.030553724572959524,2.3636348288085527,3231.0628683316822,0.3643643643643279,2.1,6.35
101,type1_Damped_Osc,1000,9.99,0.83165809554691,0.009071272382003503,0.7780725036405977,0.8681828337008259,0.09011033006022828,747.0282719672982,36.0749174251158,691.7374758713418,1171.8749999999998,1300.4195740253022,0.00010324436982594164,0.0005563362136932204,12.22276550139098,2.27,2.08,0.0005862003964766105,0.0065053628821279234,0.011381465076430366,0.9162991558153498,8290.151322936077,0.20820820820818736,-0.18999999999999995,7.91
102,type3_Sine_Wave,1000,9.99,0.006394104351808679,7.682889474319515e-05,0.0062937850067671,0.0065117298264523,0.00021794481968519935,0.49166337274999383,0.1553490040406095,0.04089047314088614,390.62499999999994,364.74153027667546,8.112212939176903e-05,0.00021674098832649962,0.14607018105646555,0.0,0.0,0.00021751886778089997,0.99804559290301,1.0558804549648124,0.0,2255.907578827739,0.0,0.0,9.99
103,type4_overdamped_no_overshoot,1000,9.99,18.35574659987507,1.2762235005778826,17.82585275330056,24.652082424746823,6.826229671446264,8067.03123854433,953.652742444354,338562.1796622523,390.62499999999994,352.2602978103763,0.003880333308642869,0.01967988286993716,369.3818035869887,3.5700000000000003,3.51,0.026478343775533375,0.00387891193967395,0.0030404810026478804,0.983193001906722,1181.7696776724476,0.3513513513513162,-0.0600000000000005,6.48
104,type0_Step_Response,1000,9.99,19.225854975194125,3.029104492963274,0.0038585411463206,20.10002977087262,20.0961712297263,40171.352819775035,2387.462786972762,378808.973556487,390.62499999999994,282.1595217285254,0.011754515927612206,0.056005299157902755,474.9964722353224,2.24,2.23,0.0643611883283306,0.0032026592325768103,0.0038805250709952454,0.9955352698503258,1998.9555403644,0.22322322322320087,-0.010000000000000231,7.76
105,type4_overdamped_decay_overshoot,1000,9.99,0.0018316251361748237,1.2993265073549005e-05,0.0018074931186823,0.0019122528637184,0.00010475974503610015,0.31256644128000405,0.047392247621972645,0.003355019464404713,390.62499999999994,353.4734647947099,3.640405186808472e-07,1.9643122021999887e-06,0.042817973434257986,0.0,4.65,1.9643122021999887e-06,0.018750639215210467,0.028017629795324628,4650000.000000001,2983.650238826408,0.4654654654654189,4.65,5.34
106,type1_Damped_Osc,1000,9.99,20.487244044704187,0.42288038259097155,18.276675472111005,22.200192184918688,3.9235167128076824,25744.49985990128,1390.7030633996403,419905.9963652475,1171.8749999999998,1032.5813685494545,0.003343106965309873,0.017409759507568623,345.9406004709128,2.5500000000000003,2.48,0.02099726669663582,0.005351644515260583,0.007905561721304927,0.9725486382162202,6561.587918271377,0.2482482482482234,-0.07000000000000028,7.51
107,type1_Damped_Osc,1000,9.99,0.033015326348948354,0.000542811200975943,0.0292802728955035,0.0348646545535541,0.0055843816580505995,46.22269324378036,2.347041701493323,1.0903064179274686,1562.4999999999998,1590.9248631299756,6.013636904901643e-06,3.1355639413997716e-05,0.644398602874423,1.59,2.1,3.7683027508603195e-05,0.006747931966206207,0.011078689759921653,1.3207538863183106,8277.137213368522,0.21021021021018918,0.51,7.890000000000001
108,type5_HARD,1000,9.99,7.490097617423938e-09,3.0781402649490736e-10,7.349904237683239e-09,8.303986097754392e-09,9.540818600711525e-10,9.51438383075019e-05,4.087702324794419e-07,5.6196311793446766e-14,390.62499999999994,1169.876157710556,1.3982080061877805e-12,7.442963577538861e-12,1.5828618848238173e-07,0.0,0.0,9.540818600711525e-10,0.9989529693298482,0.0045276700092210295,0.0,99618.51678390561,0.0,0.0,9.99
109,type5_HARD,1000,9.99,16.40632445108318,0.9425133078755202,15.457515420726391,19.43308968366668,3.975574262940288,327167.9063433211,1784.7383540437277,270055.81332973216,390.62499999999994,1683.9569355809813,0.003243467176056624,0.019937458938535713,363.69191028602114,0.0,0.0,3.975574262940288,0.9999999999997484,0.0034412958935976685,0.0,82294.50255603305,0.0,0.0,9.99
110,type2_HARD,1000,9.99,6.9039938892763386e-09,1.2757182293127285e-10,6.855546610241784e-09,7.709619408246862e-09,8.540727980050784e-10,3.815980605612648e-06,4.2601017631421083e-07,4.7681406193171025e-14,781.2499999999999,980.6610718163257,2.0422261154394615e-10,8.529945368233803e-10,7.822783214691045e-07,0.0,0.0,8.540727980050784e-10,0.9988305089317154,1.5883932177978988,0.0,4462.755235010978,0.0,0.0,9.99
111,type0_Step_Response,1000,9.99,1.0170269964937512e-06,1.785298178311713e-07,3.100860941121494e-08,1.1031664104003571e-06,1.072157800989142e-06,0.004094851234151118,0.0002302791015187202,1.066216807451932e-09,390.62499999999994,659.5772237551836,4.69594104205198e-10,2.6683640012239673e-09,3.113925902471724e-05,0.0,6.5,2.6683640012239673e-09,0.002488776847946604,0.0026303251724823914,6500000.0,3819.2581456901057,0.6506506506505855,6.5,3.49
112,type0_Step_Response,1000,9.99,0.0010881119056207306,0.00018307686623818752,1.299342607909768e-07,0.0011482446288917,0.0011481146946309092,2.021704843040238,0.1278478833036645,0.0012175046581051733,390.62499999999994,312.24114028068306,3.858329204246825e-07,2.1279241982001627e-06,0.017724551326988705,1.17,3.54,2.1279241982001627e-06,0.0018534073349098898,0.002107491384603519,3.025638439625266,1760.8910074348237,0.3543543543543189,2.37,6.45
113,type2_HARD,1000,9.99,0.21374736370756878,0.0029649595105281793,0.2123695632302535,0.2315575499476931,0.019187986717439598,85.8257144503105,14.731938488438484,45.69672647683476,390.62499999999994,968.9507497575421,0.0015828429968831753,0.007362477769309095,10.70992109083267,0.0,0.0,0.019187986717439598,0.9999999999478841,0.5338497847032512,0.0,4472.887943362617,0.0,0.0,9.99
114,type1_HARD,1000,9.99,33.81432623550417,9.153555379164452,-2.42850395249357,37.32058819221253,39.749092144706104,628083.2345085631,4863.336074973047,1227196.2348405358,390.62499999999994,496.611903375835,0.011810026348164561,0.06726068233440685,1058.922624041732,1.89,1.87,0.07910823439468118,0.001990189715696816,0.0012902119295684323,0.9894174659166849,15801.196973808046,0.18718718718716845,-0.019999999999999796,8.120000000000001
115,type4_overdamped_decay_overshoot,1000,9.99,33.43041490857053,0.5611943405204168,32.6199588405324,37.990585114456735,5.370626273924337,21032.3353610832,1394.2460838821214,1117907.5800470072,390.62499999999994,271.11063466699784,0.008226518035258298,0.045123885721324086,908.2611210728334,2.6,2.53,0.05915495740947563,0.011014536181129554,0.014658946894608518,0.9730765488167118,3916.1792849367034,0.2532532532532279,-0.07000000000000028,7.460000000000001
116,type0_Step_Response,1000,9.99,18.356145526775762,3.6646869172135084,-0.004435752248481,20.093364478355404,20.097800230603884,30047.508726427677,2233.602110220989,350378.0088013656,390.62499999999994,322.2156892858303,0.011197602314043355,0.05548599157356193,333.66798717564666,3.49,3.5,0.061324783987878106,0.003051318218124831,0.0030555413237195552,1.0028650421590135,1495.0645534167168,0.35035035035031525,0.009999999999999787,6.49
117,type0_Step_Response,1000,9.99,6.149165963561183,1.597947265216165,-0.0001151701928813,6.838094464337469,6.83820963453035,5613.645606937512,815.4694438511727,40365.67750983116,390.62499999999994,396.4838578095555,0.003165533089110977,0.018785156056607022,189.44689306682997,4.03,4.43,0.018785156056607022,0.0027470868927074715,0.0019809997225914543,1.0992553103584837,820.9232981963469,0.44344344344339903,0.39999999999999947,5.5600000000000005
118,type0_Step_Response,1000,9.99,4.000929508848345e-06,7.394066551621094e-07,3.332368488537793e-07,4.292266715844065e-06,3.959029866990286e-06,0.006525276794830199,0.00047046723907279305,1.655415913647148e-08,390.62499999999994,317.4395735068805,2.2062610262647076e-09,9.536492274117118e-09,0.00010736312149555393,0.0,3.5700000000000003,1.2249463554118821e-08,0.0030940560873755057,0.002983822267543338,3570000.0000000005,1648.2005354484168,0.3573573573573216,3.5700000000000003,6.42
119,type0_HARD,1000,9.99,32.69614907697844,5.344536218711632,-1.4507994607279469,36.947443316889625,38.398242777617575,81489.52902856248,4691.201149170668,1097602.2318571191,390.62499999999994,276.43782460485414,0.006813927463531697,0.033512284728971053,501.2326064655562,2.31,2.27,0.04865905823690042,0.0012672209642172123,0.0012749333496280442,0.9826835572798452,2122.220266706079,0.22722722722720448,-0.040000000000000036,7.720000000000001
120,type5_Square_Pulse_Wave,1000,9.99,12.285177360590154,0.1701328622100363,12.19330619166472,12.699195877392128,0.5058896857274089,50011.122610018254,384.2374884408633,150954.52797196063,390.62499999999994,1274.2114159850653,0.2197350536309171,0.503927995137305,556.8088347796828,0.0,0.0,0.5058896857274089,0.9999999999980234,1.2915497381002927,0.0,98857.7629093374,0.0,0.0,9.99
121,type0_Step_Response,1000,9.99,6.018794594620408e-09,1.4668636860983093e-09,6.563456497574095e-13,6.6745372115693955e-09,6.6738808659196385e-09,6.484320851256608e-06,7.590983643878807e-07,3.837757744582576e-14,390.62499999999994,367.78387399477094,1.0611763019257641e-12,6.794567800737706e-12,1.1837725018611986e-07,0.0,3.0500000000000003,6.819452357625233e-12,0.0010216590370089962,0.0007229392701623742,3050000.0000000005,971.4511736627413,0.3053053053052748,3.0500000000000003,6.9399999999999995
122,type4_overdamped_decay_overshoot,1000,9.99,7.867970090389195e-09,2.6182541304952514e-10,7.294619415427123e-09,8.872147518206325e-09,1.5775281027792022e-09,4.1879705344777245e-06,2.9663092393744555e-07,6.197350589017754e-14,390.62499999999994,289.91877467251544,2.066504942148451e-12,9.632774509114373e-12,1.1166329448937901e-07,0.0,5.04,9.997000159904395e-12,0.006333115097731479,0.00786265269469605,5040000.0,2653.0858253991564,0.5045045045044539,5.04,4.95
123,type0_HARD,1000,9.99,35.28502450847263,5.85871637374255,-1.336065292947196,41.611583109670256,42.94764840261745,86106.34635255145,5713.615949430253,1279357.5121114734,390.62499999999994,307.69458586565634,0.010083364253307126,0.054874864134099255,862.0046595738431,2.76,2.71,0.0562287989452841,0.001309240459877098,0.0017210876256950715,0.9818837022160499,2004.9141118353216,0.2712712712712441,-0.04999999999999982,7.28
124,type1_HARD,1000,9.99,18.51107450341352,3.8873254089856437,-1.847383586596962,19.667379206717573,21.514762793314535,23605.794989991402,2362.6029502951656,357771.1781062715,390.62499999999994,328.9257849654509,0.004302411348358096,0.025825025505366028,232.64871400275288,1.46,1.45,0.028817820060627497,0.001339444005842396,0.0011067793137183382,0.9931500046917776,1097.1905763853244,0.1451451451451306,-0.010000000000000009,8.540000000000001
125,type4_overdamped_decay_overshoot,1000,9.99,7.354850395959999,0.10499066290561679,7.130761672836671,8.107388654138116,0.976626981301445,3538.4914482426307,192.70382678898665,54104.84738625032,390.62499999999994,269.44485516953046,0.0008636324472253665,0.004974359188759436,99.09809001761118,3.74,3.72,0.00567908388255578,0.005814997938088978,0.008225802402957663,0.9946521404673421,3623.1760088418237,0.3723723723723351,-0.020000000000000018,6.27
126,type0_Step_Response,1000,9.99,0.7563975672988318,0.08274638219894172,0.0881601226457195,0.7778459813205393,0.6896858586748198,2586.9987799736173,88.83642093769626,578.9842435826041,0.0,203.68099934023655,0.000528686808182675,0.002693989042117706,22.66702959287972,2.37,2.35,0.0027283679211003165,0.003955957464951822,0.0063892437847638895,0.9915607630545303,3750.981330747585,0.2352352352352117,-0.020000000000000018,7.640000000000001
127,type4_overdamped_decay_overshoot,1000,9.99,43.739121354854944,0.862570419155052,41.63773276793914,50.08461832769828,8.446885559759139,37145.20530320584,1827.232404472474,1913854.7646227286,390.62499999999994,292.4483050199877,0.009016246603802921,0.04528712794995471,1038.8472845862707,3.14,3.11,0.05063972005544315,0.005995075900718269,0.010452765830556203,0.990445544444094,4397.50308446947,0.31131131131128015,-0.03000000000000025,6.880000000000001
128,type0_HARD,1000,9.99,30.65119121989736,2.9001437948503823,-0.1799550145336213,37.453712007275264,37.63366702180888,283912.27406846883,5104.706414577065,947906.3572295221,0.0,264.70638291259223,0.006120313119776965,0.031177403013000315,348.6672460548074,1.02,1.01,0.035687223699774506,0.0009482792011496687,0.0021103481595093113,0.9901951076518554,7544.103366380236,0.10110110110109098,-0.010000000000000009,8.98
129,type1_HARD,1000,9.99,43.10047120297978,5.905007688345069,-2.018510515040796,49.376915847544666,51.39542636258546,159710.5974224263,6945.302138065151,1892519.7337183037,0.0,288.52770277517465,0.012022997495078484,0.05521965777919746,1138.6618219873626,3.53,3.34,0.07470450276926499,0.0014535243319558583,0.0020360680509877538,0.9461753693554195,3107.486574694288,0.3343343343343008,-0.18999999999999995,6.65
130,type5_Square_Pulse_Wave,1000,9.99,4.880587517287894,0.06303676381578403,4.853430782372118,5.068763893576647,0.21533311120452936,21156.98101056571,174.6047312786163,23824.108147498766,390.62499999999994,1555.0896926778976,0.04168643545627686,0.11492851530032056,168.16499541800925,0.0,0.0,0.21533311120452936,0.999999999995356,0.6613035462518067,0.0,98252.33514771432,0.0,0.0,9.99
131,type0_HARD,1000,9.99,8.848877913653332e-06,1.1579228157594947e-06,-5.800128990906003e-07,1.0565643486288676e-05,1.1145656385379276e-05,0.042537783728059206,0.0014790605790487082,7.964342557799814e-08,0.0,345.1023968807922,1.13161152505097e-09,5.761383301987794e-09,0.0001340666906236954,0.0,2.15,6.815565226526372e-09,0.0006114996173726764,0.0009772763196072049,2150000.0,3816.534301858202,0.21521521521519366,2.15,7.84
132,type0_HARD,1000,9.99,2.2880071528596008e-09,2.6948037719617063e-10,-2.211475439017232e-11,3.4188095768089646e-09,3.440924331199137e-09,1.9893370976970508e-05,6.721818845250319e-07,5.307596405230487e-15,1953.1249999999998,1499.0108308810284,7.15950770841824e-13,3.812529246241707e-12,6.007340274741713e-08,0.0,1.66,4.444439803879164e-12,0.0012912659826925246,0.002646960116898122,1660000.0,5779.72351008653,0.16616616616614951,1.66,8.33
133,type4_overdamped_decay_overshoot,1000,9.99,25.167277216954393,0.556936652339883,24.85326588510719,30.69299192844156,5.83972604333437,26575.639562624074,1082.0420153518867,633702.0209497513,0.0,225.6408537513505,0.007125196958637508,0.04255112130991634,567.8472469896928,1.63,1.62,0.04641051639851668,0.007947379047255653,0.012793550089923701,0.9938644209420732,4550.836694292144,0.16216216216214593,-0.009999999999999787,8.370000000000001
134,type4_overdamped_decay_overshoot,1000,9.99,8.797288162956619,0.14800490609309044,8.680709614027485,9.885998283420465,1.2052886693929796,2908.5334274469683,250.48405639539314,77414.18447432428,390.62499999999994,276.3162936801629,0.0018976254196222747,0.010424754971092298,152.67063441342825,3.5500000000000003,3.5500000000000003,0.010424754971092298,0.008649176944751232,0.012821368356640194,0.9999997183099385,2413.142595051011,0.3553553553553198,0.0,6.4399999999999995
135,type3_Sine_Wave,1000,9.99,3.6846764872838623e-06,2.8534149839692977e-08,3.642202302726618e-06,3.725167083689588e-06,8.296478096296976e-08,0.00026311909840952063,6.311508318193527e-05,1.3577655013649612e-08,390.62499999999994,383.69986041570377,2.3759428921498938e-08,7.304453859639375e-08,6.523888321532693e-05,0.0,0.0,8.296478096296976e-08,0.9999879468379808,0.8326372580826292,0.0,3171.417123488043,0.0,0.0,9.99
136,type2_Triangle_Wave,1000,9.99,0.3149070339301798,0.005087774007333193,0.3127475599786015,0.3355565125718587,0.022808952593257215,172.60690198721562,32.067092658761744,99.1923254630531,781.2499999999999,1685.037813024099,0.004250810717504872,0.022109856383014936,23.453896282900953,0.0,0.0,0.022808952593257215,0.9999999999561576,0.8354951911273043,0.0,7567.506717983806,0.0,0.0,9.99
137,type4_overdamped_no_overshoot,1000,9.99,36.176832888260215,0.7016948588624743,35.93227386430161,40.49427504935569,4.562001185054086,7931.220128718052,876.1813184374884,1309255.61350006,390.62499999999994,307.3962729340932,0.010262507281415962,0.05210812497220019,528.7764039122997,1.74,1.74,0.05890090615773147,0.01291119922342156,0.014625313484607836,0.9999994252876867,1738.5396905858722,0.17417417417415673,0.0,8.25
138,type4_overdamped_no_overshoot,1000,9.99,12.448483093843638,0.2425852827778184,12.352369135097584,13.799686685138408,1.4473175500408235,2379.089439591553,330.12875338888,155023.57895713125,390.62499999999994,338.4848760087775,0.0032485493990815945,0.01805477717159043,234.39362190999432,2.33,2.28,0.021885649461495404,0.01512152565334606,0.013391370498116817,0.9785403525577885,1643.7922966682768,0.22822822822820535,-0.050000000000000266,7.710000000000001
139,type3_Sine_Wave,1000,9.99,1.951216515150641e-06,2.4428303453308018e-08,1.9164658013324114e-06,1.985842743428743e-06,6.93769420963315e-08,0.0001819480626115391,6.954614018306406e-05,3.807842631006218e-09,390.62499999999994,433.6896830621184,2.4624724556217292e-08,6.928564906518623e-08,6.760128486541018e-05,0.0,0.0,6.934197582710462e-08,0.9994815892754942,1.0079994545600854,0.0,2622.5635571447715,0.0,0.0,9.99
140,type2_HARD,1000,9.99,0.2724484398790015,0.007728942720680419,0.2688074930252802,0.3035815147573715,0.03477402173209132,170.10820988604402,23.162510878404397,74.28788894808147,390.62499999999994,893.1969862945738,0.009758004319736797,0.03475425905681029,21.986101893681163,0.0,0.0,0.03477402173209132,0.9999999999712429,1.2625277054214241,0.0,4891.818702815363,0.0,0.0,9.99
141,type4_HARD,1000,9.99,1.5482753147451968e-09,1.169736929553635e-12,1.5380926636810107e-09,1.5507116543009004e-09,1.2618990619889722e-11,1.4690300022805544e-07,3.7092966342338625e-08,2.3971578185338232e-15,390.62499999999994,6462.682743200696,5.147073609159206e-13,2.6311644051696025e-12,3.658147640196194e-08,0.0,0.92,3.3631649095784187e-12,0.246946708713252,0.2372210906793239,920000.0000000001,10786.629077599362,0.09209209209208287,0.92,9.07
142,type4_overdamped_no_overshoot,1000,9.99,23.72889750822794,0.7748891752116622,23.48939368784127,28.970559204718693,5.481165516877422,11892.315557707532,1019.5374960365851,563661.0301898465,390.62499999999994,284.7395456577829,0.00632908080452501,0.03651518953373056,547.553496013473,2.22,1.67,0.0431312686664036,0.007868995842870895,0.008167723859077066,0.7522519134000388,2169.669118928619,0.1671671671671504,-0.5500000000000003,8.32
143,type5_Square_Pulse_Wave,1000,9.99,1.2498126397743294e-06,3.0048009340101084e-08,1.2364955104659466e-06,1.3315841432474766e-06,9.508863278152998e-08,0.009419378606831362,8.924703784514159e-05,1.562934517404981e-09,390.62499999999994,1644.9112158330304,1.8324768913340535e-08,8.672939462909249e-08,9.212563291439085e-05,0.0,0.0,9.508863278152998e-08,0.999989483606459,0.6098293859187469,0.0,99057.8923411403,0.0,0.0,9.99
144,type0_HARD,1000,9.99,30.976805521454477,7.570800803440832,0.228209728829185,33.56419875207745,33.33598902324827,1309710.7835775819,3933.523946633117,1016879.505119393,390.62499999999994,736.4760368196348,0.006937659090424433,0.0419345446051409,709.3249158073178,1.69,1.61,0.051225421794498516,0.0015366402286361672,0.0009163705756556743,0.9526621581880722,39288.193389557455,0.16116116116114504,-0.07999999999999985,8.38
145,type0_Step_Response,1000,9.99,16.52811124148374,6.041691898318684,-4.360231134149569,19.79636561759293,24.156596751742498,31215.016758988855,3906.30994385648,309680.5022050707,390.62499999999994,437.9007460718616,0.008158588510400399,0.034678334194399696,263.2107273077371,5.92,5.94,0.04467826696818733,0.001849526546613512,0.001350381424228115,1.0033782088888161,1292.1943053396344,0.5945945945945351,0.020000000000000462,4.05
146,type5_Square_Pulse_Wave,1000,9.99,7.21238382926878,0.0899633319366314,7.166853939538688,7.508214866301722,0.3413609267630333,33189.314070877525,368.06315581616934,52026.573901790936,390.62499999999994,1671.6846777362239,0.0497217426436777,0.1709485866360385,323.82446714295105,0.0,0.0,0.3413609267630333,0.9999999999970706,0.5526889853095718,0.0,97226.45876755465,0.0,0.0,9.99
147,type0_Step_Response,1000,9.99,0.023087707677907784,0.0035883471089846737,-8.835883996631302e-06,0.0242243153629438,0.02423315124694043,82.96564420768999,2.9298008678988916,0.5459184807950805,390.62499999999994,357.59864524891793,1.1365322673068333e-05,6.537905491000098e-05,0.5879261218241281,1.55,1.58,6.588237452040055e-05,0.0027186878770461137,0.0031672863089091943,1.0193541810618187,3423.6424045238946,0.15815815815814233,0.030000000000000027,8.41
148,type4_overdamped_decay_overshoot,1000,9.99,0.17475519195187217,0.0018637484220995764,0.1710773622851213,0.1948719748804151,0.023794612595293807,149.16167637119003,6.671746659987983,30.54285067231657,390.62499999999994,457.9193262006188,4.924217552129668e-05,0.000278008919393391,4.74164696744094,1.57,1.56,0.000278008919393391,0.011683691771333694,0.026421042084318787,0.9936299403630954,6268.716322552068,0.15615615615614054,-0.010000000000000009,8.43
149,type0_HARD,1000,9.99,27.14021514753809,5.947520829605609,1.5605648045222846,34.75742660041197,33.19686179588968,703207.0793215375,6718.141376692061,771964.2822732484,390.62499999999994,736.3276290426325,0.0052026959199355785,0.02747899232419826,581.8443764752068,5.13,5.13,0.028650144326455518,0.0008630377323799327,0.0008747671624850289,0.9999998050682641,21182.938424878008,0.5135135135134621,0.0,4.86
150,type5_HARD,1000,9.99,31.50454974381606,1.6810407853340879,26.097072183594246,37.1765726590357,11.079500475441453,572621.5536148171,3946.8050698734496,995362.5526825371,781.2499999999999,2053.5353026105795,1.6544875527790428,5.741723973580392,4990.6071575450005,0.0,0.0,11.079500475441453,0.9999999999999097,0.9842042901114073,0.0,51682.97567963684,0.0,0.0,9.99
151,type2_Triangle_Wave,1000,9.99,0.554349347751674,0.02065275374836181,0.5448138168561847,0.6271921802773812,0.08237836342119653,830.9175117700573,182.17211579718816,307.729735590097,1171.8749999999998,2453.6961133560726,0.02134890416172989,0.08071488821344808,181.9392471110677,0.0,0.0,0.08237836342119653,0.9999999999878608,1.0337073893785031,0.0,10086.59892296634,0.0,0.0,9.99
152,type5_Square_Pulse_Wave,1000,9.99,2.8562588055946595e-06,7.61395879551737e-08,2.828666131741816e-06,3.0735271550822806e-06,2.448610233404646e-07,0.02437338614598222,0.0002252144888803284,8.164011601391013e-09,390.62499999999994,2346.43518324787,7.429941303771411e-08,2.448150210163824e-07,0.00022887428210105403,0.0,0.0,2.448610233404646e-07,0.9999959160673986,0.9758187457319932,0.0,99539.26629158261,0.0,0.0,9.99
153,type2_HARD,1000,9.99,4.217343279610252e-06,9.478641884321252e-08,4.1806217511543845e-06,4.847893074217118e-06,6.672713230627336e-07,0.0030642214739128783,0.00029348115614922355,1.7794968803270875e-08,390.62499999999994,965.9437485756212,2.7918561138362434e-08,1.7428916204781378e-07,0.00013385127577325638,0.0,0.0,6.672713230627336e-07,0.9999985013614899,0.2945386790681832,0.0,4592.160303979513,0.0,0.0,9.99
154,type1_Damped_Osc,1000,9.99,3.553194436964016,0.05088577042176928,3.2212707617947536,3.8001463870551726,0.578875625260419,6021.559482370842,203.77374059954107,12627.780068503449,1562.4999999999998,1338.4362811187054,0.0007338798582786142,0.0037931653243559182,67.39567149981211,1.48,1.43,0.004565556063853116,0.007886937823286859,0.01442210370760611,0.9662155633678626,10402.164505806439,0.14314314314312881,-0.050000000000000044,8.56
155,type1_HARD,1000,9.99,5.5483671406948405e-06,1.2083156475559328e-06,-5.597448984844352e-07,6.257801210471144e-06,6.817546108955579e-06,0.0066555969685924065,0.001042086098976927,3.224440463207075e-08,390.62499999999994,503.81654604733484,1.225657154726e-09,6.108310057850342e-09,8.677295026058627e-05,0.0,3.59,8.949465461396001e-09,0.0013127104687901488,0.0010143509627258236,3590000.0,976.2451013869147,0.35935935935932334,3.59,6.4
156,type3_Sine_Wave,1000,9.99,3.329846721664282,0.04374809884379876,3.2658414329007788,3.392289698874314,0.1264482659735351,280.29941844707196,108.98886783174301,11089.793085930814,390.62499999999994,419.97898966613684,0.044021439923882785,0.12635857167205078,107.88642673219114,0.0,0.0,0.12635857167205078,0.9992906640372405,1.006248067602977,0.0,2216.712236319004,0.0,0.0,9.99
157,type1_Damped_Osc,1000,9.99,1.2894251917109353e-09,3.036644962663595e-11,1.1279148436316566e-09,1.410871119164503e-09,2.8295627553284646e-10,1.9775364242271993e-06,9.089561630531265e-08,1.6635394462817092e-15,1171.8749999999998,990.383045509317,3.9572868341677414e-13,2.379812488703079e-12,2.029454803645543e-08,0.0,2.14,2.379812488703079e-12,0.008380911759169047,0.012616304622526574,2140000.0,6964.2286317368225,0.2142142142141928,2.14,7.85
158,type0_Step_Response,1000,9.99,20.67691244007136,2.7728797612694436,-0.0010517492278663,21.350410653217686,21.351462402445552,63948.47490001003,2573.900106254098,435223.5702248354,390.62499999999994,228.78573739654738,0.006809661029830644,0.03659960701995146,472.8322935249991,1.21,1.16,0.05599809898527752,0.0026226821343563332,0.0024558082629268707,0.9586768936554598,2995.0395759628395,0.11611611611610448,-0.050000000000000044,8.83
159,type0_HARD,1000,9.99,10.111207069969515,2.401355538095007,-0.1861338155482813,10.990246501114994,11.176380316663275,386393.00250632514,1378.8807016838116,108003.01683214107,390.62499999999994,701.9289184222707,0.0023778924062499867,0.01599523134158254,254.87495195040063,2.5500000000000003,2.48,0.016315969995355672,0.001459861738154001,0.0009902292136779447,0.9725486382162202,34572.28472533304,0.2482482482482234,-0.07000000000000028,7.51
160,type5_Square_Pulse_Wave,1000,9.99,0.0044052567427560665,0.0002311780623002336,0.0043010308646787,0.004936788538886,0.0006357576742073,63.40941313287993,0.5509576057416116,0.01945973026608668,390.62499999999994,1802.230191634608,0.00022174826688680963,0.000595398022976,0.5310926719813786,0.0,0.0,0.0006357576742073,0.9999999984270737,0.9592098130817137,0.0,99738.33679979431,0.0,0.0,9.99
161,type1_HARD,1000,9.99,1.4074624759567216e-09,4.2262712185317885e-10,-1.2552110300392207e-10,1.6930310891462996e-09,1.8185521921502216e-09,1.2870434068811487e-05,2.1330791609383146e-07,2.159564305352127e-15,390.62499999999994,436.8052374156909,1.9208821071026428e-13,1.0277039869299401e-12,2.332269394263111e-08,0.0,3.06,1.0862467830115563e-12,0.0005969857790822172,0.00045343699872181086,3060000.0,7073.4074704403465,0.30630630630627564,3.06,6.93
162,type4_overdamped_no_overshoot,1000,9.99,4.829179626033112e-09,2.160653984744045e-10,4.709732373473175e-09,5.668306031350027e-09,9.585736578768516e-10,8.220087227259139e-07,1.4090289505117235e-07,2.3367660116911206e-14,390.62499999999994,389.01679368439596,1.3753939035798156e-12,6.613007760158072e-12,6.733273520331234e-08,0.0,5.09,6.613007760158072e-12,0.0068916103582813875,0.006336311145150095,5090000.0,856.6395252498768,0.5095095095094585,5.09,4.9
163,type5_HARD,1000,9.99,8.786762891927378,0.6589648823572689,7.204561440983708,10.707965758265734,3.503404317282026,195413.56188240717,1278.0049002912042,77641.43683513213,390.62499999999994,1533.9100142825548,0.20150723591825143,0.7045547991267824,744.6823715450955,0.0,0.0,3.503404317282026,0.9999999999997146,0.30579358826696185,0.0,55778.19291892494,0.0,0.0,9.99
164,type5_Square_Pulse_Wave,1000,9.99,1.2648978882135551e-09,2.922531920060502e-11,1.251110203661519e-09,1.356255150788568e-09,1.0514494712704895e-10,1.0365164290553912e-05,7.196440521419407e-08,1.6008207868894886e-15,390.62499999999994,1314.5110400737149,4.43347161698983e-11,1.0507376123794768e-10,1.1296618190947402e-07,0.0,0.0,1.0514494712704895e-10,0.9905789203625204,1.4668072113862356,0.0,97651.03823686916,0.0,0.0,9.99
165,type0_Step_Response,1000,9.99,1.8777997762739296,0.45099879176597224,-0.1683748874988539,2.068462055312638,2.236836942811492,2653.2518768265095,259.62067874412884,3729.5319099487865,390.62499999999994,365.4836567620948,0.000703644368613433,0.003425893226876031,56.94838418490673,3.18,3.17,0.004540715796404804,0.002029971746932758,0.0015601912498625957,0.9968550324355243,1186.1624001481473,0.3173173173172855,-0.010000000000000231,6.82
166,type1_HARD,1000,9.99,17.17034897930159,4.187558517894221,0.6805296659315053,18.87181446813261,18.191284802201103,340199.7672121656,2104.146352071694,312356.53041179164,390.62499999999994,538.3982416797272,0.003857475179226526,0.021716308217047953,343.43894555063355,2.4,2.39,0.025631746678577372,0.001409012445095389,0.0009211752296097814,0.9958329184029507,18701.25012670812,0.2392392392392153,-0.009999999999999787,7.6
167,type2_Triangle_Wave,1000,9.99,0.0010893223798485833,1.2165638768041307e-05,0.0010832442139038,0.001130646445773,4.7402231869200047e-05,0.7352296639000004,0.17207307715905903,0.0011867712500056157,1953.1249999999998,3780.938063033195,1.2203001070790263e-05,4.7347686088200025e-05,0.17362410567217262,0.0,0.0,4.7402231869200047e-05,0.9999999789039473,1.0030710512115526,0.0,15510.443694261528,0.0,0.0,9.99
168,type1_Damped_Osc,1000,9.99,27.14727219362432,0.6442470395835526,24.485765808312745,29.74730467680113,5.261538868488383,24162.92870137937,1849.385923461388,737389.4418027406,781.2499999999999,843.4330321281528,0.006705916209847903,0.03267165604134803,532.3423235498108,2.72,2.7,0.04686202336619516,0.008906524219909355,0.010408920488283908,0.9926466938798919,4592.36913483387,0.27027027027024325,-0.020000000000000018,7.29
169,type0_HARD,1000,9.99,1.1529738742590503e-09,2.48734710085148e-10,5.830095398918367e-11,1.2346438068423104e-09,1.1763428528531266e-09,3.169977127785141e-05,1.3701934422903072e-07,1.3912177107250667e-15,390.62499999999994,584.0607407515702,2.649935790341436e-13,1.5878822921940517e-12,2.086931131672165e-08,0.0,1.31,1.6400823912541961e-12,0.0013930372000642672,0.0010611003129832976,1310000.0,26924.842836588698,0.13113113113111802,1.31,8.68
170,type4_overdamped_decay_overshoot,1000,9.99,2.8061153264405626e-06,5.2925799421001883e-08,2.7233375724031603e-06,3.2868148246220195e-06,5.634772522188592e-07,0.0021564931268093428,0.00010544673791390026,7.877084365528977e-09,390.62499999999994,262.8286371106443,5.515849348808583e-10,2.940995492259717e-09,4.914456486924658e-05,0.0,2.27,3.560611352451051e-09,0.006318986293490671,0.010421656720507908,2270000.0,3827.10977454325,0.22722722722720448,2.27,7.720000000000001
171,type2_HARD,1000,9.99,0.18144296526831527,0.008486607875170256,0.1769729246511116,0.2176668897492925,0.04069396509818088,224.66050493210875,36.77107301992238,32.99357215858596,781.2499999999999,1067.3281353046843,0.010987631284942418,0.0406756658408782,47.380205910176315,0.0,0.0,0.04069396509818088,0.9999999999754263,1.294702364627314,0.0,5520.732727434096,0.0,0.0,9.99
172,type0_HARD,1000,9.99,0.001540821599024067,0.0002661360711307735,2.574867770404968e-05,0.0016929496150326,0.0016672009373285503,2.036763848640001,0.21672029169052567,0.0024449596083760067,390.62499999999994,334.2025409180278,5.134031819728474e-07,2.8148507584999614e-06,0.043728215239759914,0.8300000000000001,1.76,3.3031716215000707e-06,0.0019812678517393714,0.0019291003202323218,2.1204793729164177,1221.6666880489856,0.17617617617615855,0.9299999999999999,8.23
173,type5_HARD,1000,9.99,11.604926990031673,0.5896896391215171,9.306582509713763,13.551719351993173,4.245136842279409,226593.65217912925,1587.4483856381448,135022.06431445287,781.2499999999999,2162.776762154563,0.6485877129343003,1.9796612782408403,1859.7170514206096,0.0,0.0,4.245136842279409,0.9999999999997644,1.0998797840494978,0.0,53377.23154700646,0.0,0.0,9.99
174,type0_HARD,1000,9.99,19.065794607664035,2.8492947961648007,1.4834880865964413,27.214935836819468,25.731447750223026,64103.93358187267,4240.874227042568,371623.0048570829,781.2499999999999,650.9627708743207,0.003137084456407016,0.014931268733711534,253.1704222536697,3.65,3.64,0.01716001315563176,0.0006668887550441992,0.0011010038205342893,0.9972600007506848,2491.268046949071,0.3643643643643279,-0.009999999999999787,6.35
175,type1_Damped_Osc,1000,9.99,17.995774406263244,0.38018960451222994,15.839653537665162,19.038463435076142,3.19880989741098,24824.81273696031,1242.0152851984162,323992.44061649835,1171.8749999999998,958.3007365313567,0.0036440325676884346,0.02208905540789985,422.1605784685297,2.71,2.64,0.02593654696643455,0.00810818641877365,0.009584776975567276,0.9741693822253202,7760.6402171773325,0.2642642642642378,-0.06999999999999984,7.35
176,type0_HARD,1000,9.99,7.740030340435237,1.519457736688528,0.1056481023304842,8.203412063177078,8.097763960846594,114871.89358258591,962.4843168807961,62216.82148444063,390.62499999999994,433.6867481443148,0.0018688486900077616,0.01192866917467228,183.4810430779154,1.34,1.31,0.012299393075148046,0.0015188628780259813,0.0012299445024903809,0.9776112107379025,14185.63126043035,0.13113113113111802,-0.030000000000000027,8.68
177,type2_HARD,1000,9.99,0.16361194601701365,0.002531901648780018,0.1624262516641929,0.1755315525859321,0.0131053009217392,37.90451652032067,7.495332137267539,26.775279405433285,390.62499999999994,653.7077663976377,0.0018418963331135857,0.007318888725829115,7.713187777387221,0.0,0.0,0.013099438228998478,0.9995526471482582,0.7274754662265879,0.0,2892.304170944445,0.0,0.0,9.99
178,type5_HARD,1000,9.99,1.76911048334146e-09,7.636592817250442e-11,1.7377584956095974e-09,1.987459458756582e-09,2.4970096314698446e-10,2.4849311320285722e-05,1.5193813688583331e-07,3.135583657254302e-15,390.62499999999994,1609.5094450507922,3.566023518999374e-11,1.6167234640149906e-10,9.421944874255109e-08,0.0,0.0,2.4970096314698446e-10,0.9960111840519188,0.4609294560582453,0.0,99119.32929318951,0.0,0.0,9.99
179,type0_HARD,1000,9.99,38.3430878066161,6.593065483200819,1.6805480663690306,47.96732901935847,46.286780952989446,52919.85902760032,7064.320815546789,1513660.8950116457,390.62499999999994,523.8571241356942,0.0051414243763680855,0.03177969071035136,584.7445821049539,4.4,4.04,0.03198228842929751,0.0006909594439453287,0.0007798230412647491,0.9181816095041796,1143.3039398731687,0.4044044044043639,-0.3600000000000003,5.95
180,type0_HARD,1000,9.99,5.975350677985038,0.8395502987766089,-0.1567197422297406,7.795685048761502,7.952404790991243,23813.8034842704,1192.7207368087209,36409.66042907213,781.2499999999999,648.8319728258962,0.0008862910760761898,0.004545642526744054,100.69648998765494,3.49,3.46,0.0056457839050994,0.000709946746108099,0.0010556735878322428,0.991403727391482,2994.5411620953323,0.3463463463463117,-0.03000000000000025,6.53
181,type5_HARD,1000,9.99,2.1143246552874397,0.05075012996779477,2.0937058864361675,2.328817074776367,0.23511118834019928,23211.229602315074,171.13910001726427,4472.944323648097,390.62499999999994,1972.679012242025,0.07495780966766102,0.23498710854311256,308.5381047248006,0.0,0.0,0.23511118834019928,0.9999999999957466,1.4769973931840386,0.0,98724.47911168885,0.0,0.0,9.99
182,type4_overdamped_decay_overshoot,1000,9.99,6.824299575992507,0.12064509456285105,6.642103914968163,7.57831599659778,0.9362120816296171,2068.286291077026,188.41065850194178,46585.619941733596,390.62499999999994,289.8413515371108,0.0009401754025656809,0.005594584708447314,104.65264835414055,5.87,5.8100000000000005,0.005594584708447314,0.005975766408294078,0.007792902031902307,0.9897783663069223,2209.2070073210925,0.5815815815815234,-0.05999999999999961,4.18
183,type2_Triangle_Wave,1000,9.99,21.319743039341397,0.8426077321034184,20.95008038112101,25.786450767721018,4.836370386600009,47480.443491048514,6989.4507547328485,455241.4310537465,1171.8749999999998,2413.5298659508003,0.6343540275997026,2.7968743503066804,5975.915967015976,0.0,0.0,4.836370386600009,0.9999999999997932,0.7528461980943365,0.0,9817.37123000161,0.0,0.0,9.99
184,type0_Step_Response,1000,9.99,1.0619259039235625,0.18021702321229977,-0.0001723423216212,1.1433921805061071,1.1435645228277282,4047.2132559873,146.15753414878677,1160.1648008793777,390.62499999999994,451.6941910803057,0.0006437398643773892,0.003981400094071219,29.857787674865705,3.79,3.78,0.003981400094071219,0.0034815701384499085,0.0035720258436156547,0.997361214416566,3539.1210335697438,0.3783783783783405,-0.010000000000000231,6.210000000000001
185,type4_overdamped_no_overshoot,1000,9.99,3.025499623420655e-06,8.104308000009012e-08,2.988972734772559e-06,3.397174434008901e-06,4.082016992363422e-07,0.0005294946825236524,7.69400048595831e-05,9.16021595213443e-09,390.62499999999994,373.0326410909995,6.707374694182427e-10,4.045598153896893e-09,4.906228699579016e-05,0.0,3.22,4.405606372177509e-09,0.010792692896003464,0.008276205608324469,3220000.0000000005,1297.1366517522324,0.3223223223222901,3.22,6.77
186,type1_Damped_Osc,1000,9.99,42.908380431540714,0.44446232028010785,40.33945205724181,45.06649880715175,4.727046749909945,41100.83662601127,2183.297419708514,1841326.6580119743,1562.4999999999998,1527.853786985637,0.007690074950869723,0.044045140833972596,882.9816974213932,2.21,2.0,0.04834133382294681,0.01022654024393931,0.017301972743169778,0.904976966073771,8694.823385612926,0.20020020020018015,-0.20999999999999996,7.99
187,type0_HARD,1000,9.99,2.685845769693091e-09,6.805540271868032e-10,-7.542157123185219e-11,2.934908006758917e-09,3.0103295779907693e-09,0.00013696098341679569,3.505009429944215e-07,7.676921282498445e-15,390.62499999999994,845.9298187934263,9.332924903469266e-13,5.101638260613064e-12,5.1939720980667956e-08,0.0,2.29,5.101638260613064e-12,0.001694148092556843,0.0013693595124060884,2290000.0,45481.89757036801,0.22922922922920627,2.29,7.7
188,type4_HARD,1000,9.99,5.320656726883322e-09,1.2789317646425614e-10,5.2767985655246095e-09,5.986101878268989e-09,7.093033127443798e-10,8.495132590787726e-07,1.2047729462775503e-07,2.832574466991487e-14,390.62499999999994,342.19425994654017,5.583008766812332e-13,2.9653534471922857e-12,6.224078109495126e-08,0.0,1.63,3.223807157103619e-12,0.004538634551270614,0.004331500642596529,1630000.0,1195.9866212597701,0.1631631631631468,1.63,8.36
189,type1_HARD,1000,9.99,5.974505944851478e-09,1.4143420802629014e-09,-2.617913698127904e-10,6.508140127553196e-09,6.7699314973659865e-09,2.850459828227487e-05,7.817485345829618e-07,3.769508480506804e-14,390.62499999999994,388.548522058228,9.501326654623372e-13,5.118835164690791e-12,1.0054540203029967e-07,0.0,2.63,6.314342882578489e-12,0.0009325663514739266,0.0006713095573939615,2630000.0,4209.8488654572375,0.2632632632632369,2.63,7.36
190,type4_overdamped_decay_overshoot,1000,9.99,0.02584003299973142,0.00021655643540261716,0.0251698530861569,0.02697635693625,0.001806503850093101,8.271550497889953,0.8953468188361675,0.667754202116923,390.62499999999994,430.7824863756688,7.547987327763055e-06,4.001797882419861e-05,0.6928417103984394,2.0,2.24,4.519859489469924e-05,0.025019927229798004,0.03485459704245408,1.11999944000028,4578.761618960792,0.2242242242242018,0.2400000000000002,7.75
191,type1_Damped_Osc,1000,9.99,24.586539840679396,0.4442621982852515,22.10805997404119,27.20292410261831,5.094864128577122,66502.05211576256,1730.4706453612962,604695.3102381406,1171.8749999999998,1160.087264498117,0.005564966500994986,0.026662706780967937,650.2679017518839,1.54,1.47,0.038351719453853406,0.007527525462108178,0.012526311089401559,0.9545448347111463,13052.762632616466,0.14714714714713242,-0.07000000000000006,8.52
192,type4_overdamped_decay_overshoot,1000,9.99,29.93712565057579,0.39787443073740786,29.288934709290533,32.837488326369375,3.5485536170788414,10138.198146619714,994.9013002882417,896389.7962809976,390.62499999999994,283.0281809429803,0.008682686800079656,0.04520658836423408,742.8976025944033,4.3100000000000005,4.25,0.0523136935363695,0.014742258165291365,0.021822681050314333,0.9860786575223531,2856.994494270201,0.4254254254253828,-0.0600000000000005,5.74
193,type4_overdamped_decay_overshoot,1000,9.99,5.061333439435086,0.12445362469415368,4.78344438493701,5.996058191691975,1.2126138067549652,4623.500838320549,261.5362673250482,25632.58488984332,390.62499999999994,279.8111153621102,0.0018160840970853432,0.009977424959904724,134.6014087908818,4.39,3.56,0.012830313548127137,0.010580708776895195,0.014592456439366871,0.8109337560515363,3812.8386899119428,0.3563563563563207,-0.8299999999999996,6.43
194,type0_Step_Response,1000,9.99,0.12959446240561376,0.02117282265155856,-2.553894292708296e-05,0.1357176634967543,0.13574320243968138,223.02463932863998,15.837266003750836,17.243013105234393,390.62499999999994,270.71900795319453,4.7095720861439147e-05,0.0002491519615349935,2.8383640122890332,1.88,1.85,0.00036158622612877944,0.002663751993671945,0.0022243477704541213,0.984042029764878,1642.9893749272626,0.18518518518516666,-0.029999999999999805,8.14
195,type5_HARD,1000,9.99,0.001111880378202567,4.404792194814995e-05,0.0009666976431175,0.0012070444489256,0.00024034680580810005,15.076185786589996,0.08346461514478508,0.0012382181948598337,390.62499999999994,1619.0859538112607,3.239466403326007e-05,9.000663916489994e-05,0.05034438589626663,0.0,0.0,0.00024034680580810005,0.9999999958393456,0.735441352623885,0.0,62726.798773853756,0.0,0.0,9.99
196,type1_HARD,1000,9.99,0.004617921974270015,0.0009333514850384109,-0.0002432951426073,0.0067688686971278,0.0070121638397351,12.062678425100005,1.2300509007704916,0.02219634835506928,390.62499999999994,435.509759241733,2.013283787972586e-06,8.480763560799603e-06,0.06885684158534308,3.9,5.0200000000000005,8.480763560799603e-06,0.0012094360248020883,0.0021570478196996537,1.2871791571335496,1720.2505102669488,0.5025025025024522,1.1200000000000006,4.97
197,type1_Damped_Osc,1000,9.99,0.03177171544220342,0.00018103698702447607,0.0308567476224359,0.0328853149005904,0.0020285672781545014,20.066323072679552,0.8871774911071764,1.0094746765310179,1171.8749999999998,1360.2225856308253,7.784117187066127e-06,4.093667563020292e-05,0.4824501345845707,0.95,1.6,4.423043005170185e-05,0.021803777723427006,0.04299738562825471,1.68420875346447,9891.869635718029,0.16016016016014414,0.6500000000000001,8.39
198,type0_HARD,1000,9.99,0.0013383837675067858,0.00034041587736129006,-4.938935884883177e-05,0.0015368327001405,0.0015862220589893316,40.21669702696,0.1909788713107037,0.0019071540786853153,390.62499999999994,564.8086379332333,4.4836033075437676e-07,1.961727472299824e-06,0.021181412405060496,1.21,3.12,2.6563317669999094e-06,0.0016746279313614987,0.0013170958208903614,2.5785102656939958,25353.762276657835,0.31231231231228107,1.9100000000000001,6.87
199,type4_HARD,1000,9.99,9.120918502966902e-09,3.7505535053271606e-10,8.894296604074464e-09,1.0770266447951085e-08,1.875969843876621e-09,2.5720877641245244e-06,2.7315579815816445e-07,8.333182085372719e-14,390.62499999999994,362.5705590827199,1.3350412760111597e-12,7.395521775198761e-12,1.4894878069364938e-07,0.0,5.19,7.395521775198761e-12,0.003940138835648172,0.0035501190825232357,5190000.000000001,1370.3404839004945,0.5195195195194675,5.19,4.8
200,type4_overdamped_decay_overshoot,1000,9.99,2.8719332579962207e-06,3.9128371393954455e-08,2.777551689595149e-06,3.1439332794913517e-06,3.663815898962028e-07,0.0013548862786355702,0.00010281909649626284,8.24953166783273e-09,390.62499999999994,304.61916302917126,6.442029176873833e-10,3.7185516916741023e-09,7.202176775019028e-05,0.0,3.41,3.7185516916741023e-09,0.010149367885432489,0.016463410853232198,3410000.0000000005,3698.009446953834,0.34134134134130717,3.41,6.58
201,type4_overdamped_no_overshoot,1000,9.99,22.991689100945845,0.4455957676147021,22.863394532786455,26.094443798457405,3.2310492656709506,7178.360525409388,570.597400643536,528816.323302668,390.62499999999994,275.2997434520636,0.0023777707847515202,0.010631870838103907,292.4529380136946,1.65,1.61,0.015727275375585492,0.004867544281258349,0.005336161062468161,0.9757569843897066,2221.6809262784573,0.16116116116114504,-0.039999999999999813,8.38
202,type4_overdamped_decay_overshoot,1000,9.99,1.3492721940211558e-06,1.5817059798894603e-08,1.326075839702987e-06,1.4955299432540032e-06,1.694541035510162e-07,0.0008484560967563093,4.9490202904406366e-05,1.820785632939345e-09,390.62499999999994,317.3031256014899,4.3356669494487885e-10,2.16573572707663e-09,3.731955957356501e-05,0.0,1.98,2.927094788643188e-09,0.01727357115427306,0.027409600194783515,1980000.0,5006.966913220604,0.19819819819817835,1.98,8.01
203,type0_HARD,1000,9.99,4.978578220726154e-06,7.139854108303721e-07,5.653582434638061e-08,6.368659143156415e-06,6.312123318810035e-06,0.016913920482332586,0.0009361789230151722,2.529601626676742e-08,0.0,489.5744490562554,1.1085297791171714e-09,5.641392331694512e-09,0.0001300420737077384,0.0,3.3000000000000003,7.578700424575227e-09,0.0012006576616355312,0.0015525922654857562,3300000.0000000005,2679.5924205626557,0.3303303303302973,3.3000000000000003,6.6899999999999995
204,type2_HARD,1000,9.99,38.52680975253957,1.3707307556165405,37.92821671892406,45.56638909210776,7.6381723731837,32193.26381369498,5424.082658321605,1486193.972512771,390.62499999999994,1061.4375796990373,0.8567432566333101,3.3690676729426556,3129.640960683277,0.0,0.0,7.6381723731837,0.9999999999998691,0.625026653208296,0.0,4214.786239534962,0.0,0.0,9.99
205,type0_HARD,1000,9.99,0.037699743415928216,0.007301429453104706,-0.0004812390770776,0.0432134223966825,0.0436946614737601,62.60865809420996,5.203143640720386,1.4745815256854877,390.62499999999994,309.39021422078685,4.6727420318125094e-06,2.5708477846497768e-05,0.5130259703342719,3.14,4.11,2.7440737736500465e-05,0.0006280112217450501,0.0006399763308245888,1.3089167805997515,1432.867448358088,0.4114114114113703,0.9700000000000002,5.88
206,type1_Damped_Osc,1000,9.99,22.144961519278432,0.39357624983466205,20.5169344062401,24.0455530430424,3.5286186368022996,20204.78919824349,1120.5962039086687,490554.22295475646,781.2499999999999,801.9318161463488,0.0036108536215595415,0.01935987919065596,401.9776306606775,2.63,2.63,0.019931119884077475,0.005648419944336569,0.009174470316913826,0.9999996197720077,5725.9770119413415,0.2632632632632369,0.0,7.36
207,type0_HARD,1000,9.99,34.9749173303867,5.413214471573166,2.6541580522748647,41.99166167905448,39.337503626779615,75309.861832147,5150.974785098284,1252547.7331826328,390.62499999999994,307.7839877659751,0.01014706409222303,0.05944961985766639,680.8169746230683,3.5700000000000003,3.52,0.05944961985766639,0.001511270781738006,0.0018744988112898947,0.985994121570274,1914.4545252962296,0.3523523523523171,-0.050000000000000266,6.470000000000001
208,type4_overdamped_decay_overshoot,1000,9.99,15.100784485934337,0.14100454578897303,14.860992274792665,16.054677808599774,1.193685533807109,3639.609533982124,350.57441189646585,228053.5743725683,390.62499999999994,285.9582238634308,0.002268802072717276,0.012681811520243613,255.81349666833222,3.66,3.47,0.013376057849189493,0.011205679779428206,0.01609027609717397,0.948087172653778,3049.052225983673,0.3473473473473126,-0.18999999999999995,6.52
209,type0_HARD,1000,9.99,0.02208575512129295,0.004289034722780868,0.0015777899216468,0.0235030726770656,0.0219252827554188,406.19772026618017,2.780899601740331,0.5061763981309377,390.62499999999994,482.7040909702747,6.746117328010436e-06,3.793025140949938e-05,0.6672310115811365,1.03,1.28,4.0825972803998356e-05,0.0018620500021622858,0.0015728754282650342,1.2427172400803495,18526.452989403868,0.1281281281281153,0.25,8.71
210,type0_Step_Response,1000,9.99,37.746650574410936,7.486845550898822,-0.0015883403241724,41.72492427669376,41.72651261701794,77222.78069327504,4865.78880669467,1480862.4858896914,390.62499999999994,402.0024058212918,0.02530464130276275,0.10788952546016617,757.9803790546331,3.82,3.83,0.11416429037070941,0.00273601322541739,0.003379880235371152,1.0026175385817961,1850.6885874229106,0.383383383383345,0.010000000000000231,6.16
211,type3_Sine_Wave,1000,9.99,24.987530347527215,0.23796408356603005,24.652557775432125,25.331603842811877,0.6790460673797512,1815.3404169733988,683.7351039212738,624433.299773661,390.62499999999994,431.2534118366499,0.24482878376008937,0.6790460673797512,649.5856635443143,0.0,0.0,0.6790460673797512,0.9999999999985274,1.0288476315003463,0.0,2673.368574205306,0.0,0.0,9.99
212,type2_Triangle_Wave,1000,9.99,9.250037293673207e-06,1.6904103849703434e-07,9.174807429345703e-06,9.883831744856042e-06,7.090243155103387e-07,0.005295703659702076,0.0010763165433834616,8.559176480704127e-08,781.2499999999999,1657.7514165345306,1.325864097810565e-07,7.040880777437377e-07,0.0006782039880358455,0.0,0.0,7.090243155103387e-07,0.9999985896131236,0.7843398657511017,0.0,7468.990942714591,0.0,0.0,9.99
213,type1_HARD,1000,9.99,1.0202054683424333e-09,1.7202000130229324e-10,5.6351998949488256e-11,1.0727765793273503e-09,1.0164245803778621e-09,1.249473124444712e-06,1.1435407593749624e-07,1.0704100784838448e-15,390.62499999999994,311.96631381962874,2.7087637397537624e-13,1.25596306959265e-12,1.3011089134965864e-08,0.0,1.38,1.6097213029978048e-12,0.0015821529517204794,0.001565578383635037,1380000.0,1228.074442609465,0.13813813813812428,1.38,8.61
214,type4_HARD,1000,9.99,3.5046347208881247e-06,3.33771017564396e-08,3.482684053796091e-06,3.723577126384429e-06,2.4089307258833803e-07,0.0007959166251227925,0.00011465406936025001,1.2283578557776242e-08,390.62499999999994,386.03149482934094,1.155169060475746e-09,5.682741753540176e-09,0.00010292512560001245,0.0,1.44,6.328299249809182e-09,0.026270049660472812,0.0346085906533879,1440000.0,3304.0108316941787,0.1441441441441297,1.44,8.55
215,type1_Damped_Osc,1000,9.99,49.17913356045353,0.48384679016622956,46.80845152669947,51.30559554142518,4.497144014725706,25724.44751359768,2508.3839705134787,2418821.2854732806,1171.8749999999998,1365.2976583123193,0.012914797930882451,0.07316771059551996,1246.1793571456801,2.31,2.31,0.0759903288494499,0.016897463946141354,0.0266919161051348,0.9999995670997545,5720.174277131966,0.2312312312312081,0.0,7.68
216,type0_Step_Response,1000,9.99,31.575980502101746,4.301647155894373,-0.0106010067892664,33.09954890959121,33.11014991638048,165072.01651783197,5359.72835887582,1015546.7129229236,390.62499999999994,507.2040037960957,0.017129202352717057,0.08426137217264085,919.6142004366303,2.48,2.48,0.1011435051904428,0.0030547582975576117,0.003982010084030631,0.9999995967743561,4985.541199140311,0.2482482482482234,0.0,7.51
217,type5_Square_Pulse_Wave,1000,9.99,0.1621969105215939,0.012237685827398311,0.1571413858739001,0.1955198450692556,0.038378459195355485,3822.58865065497,30.20622788677165,26.457598737160048,390.62499999999994,1626.5047372734427,0.004050638690905696,0.02907712413119129,27.362117791593075,0.0,0.0,0.038378459195355485,0.9999999999739437,0.3309971139728017,0.0,99602.4522792195,0.0,0.0,9.99
218,type1_Damped_Osc,1000,9.99,0.2342570504285302,0.005611518044245348,0.2018532301439236,0.2516967254449845,0.049843495301060914,263.18623346106017,20.079104258014244,54.907854810235825,1171.8749999999998,1222.144253738944,6.117590467784742e-05,0.00039104174529860924,5.162981118100492,2.86,2.82,0.0005097930208035062,0.010227874624643899,0.010901845843600537,0.9860136412539715,5280.252355219118,0.282282282282254,-0.040000000000000036,7.17
219,type5_Square_Pulse_Wave,1000,9.99,1.994313839109178e-09,3.330346605874509e-11,1.976730965695809e-09,2.0709774180600914e-09,9.424645236428223e-11,9.128376847772727e-06,8.372813669627369e-08,3.978396809713914e-15,390.62499999999994,1030.0797673104566,4.707717919680129e-13,2.7272491453081896e-12,5.57677744734921e-08,0.0,0.0,9.424645236428223e-11,0.9895009212923189,0.013723738329001816,0.0,95839.54699813998,0.0,0.0,9.99
220,type3_Sine_Wave,1000,9.99,1.3886476478069927e-06,2.3457437869441382e-08,1.3565732984782117e-06,1.4238199158327788e-06,6.724661735456713e-08,0.00011279783133862373,4.5032188283972654e-05,1.928892541151293e-09,390.62499999999994,377.2754157705393,2.1472924595569027e-08,6.672038793190976e-08,4.734643939352034e-05,0.0,0.0,6.724661735456713e-08,0.9999851295846702,0.9153603797097323,0.0,1677.3506003029124,0.0,0.0,9.99
221,type0_HARD,1000,9.99,33.96738723970299,7.797532576860239,0.528231488671027,36.47456967032121,35.946338181650184,1187128.3899331153,4024.9919147621454,1214584.9101791338,390.62499999999994,665.7476492176171,0.007417937923528193,0.036761052829966445,474.7214944418627,1.0,0.99,0.057990610840633394,0.0016132550288595101,0.0009513186191155554,0.9899990100009901,33025.01589825595,0.09909909909908918,-0.010000000000000009,9.0
222,type0_HARD,1000,9.99,33.70813912259277,8.018353571051692,1.2598973565356544,38.91596455677118,37.656067200235526,1893446.8890838053,5369.451858890361,1200532.6370984665,390.62499999999994,1059.8649271033003,0.008283883231156166,0.05580320300014563,925.3706077617414,2.99,2.96,0.05771301118001304,0.0015326351228640927,0.0010331152346613986,0.9899662240915638,50282.65110680257,0.29629629629626664,-0.03000000000000025,7.03
223,type1_HARD,1000,9.99,0.0029538977104239263,0.000591214110646201,-0.0002141026468721,0.0031356744022708,0.0033497770491429,3.7734413802600026,0.3941835944206002,0.009075045808274892,390.62499999999994,326.60884744868486,7.245160832556594e-07,3.9436097134001695e-06,0.0592666788775513,1.34,2.35,4.585894642999966e-06,0.0013690148849769966,0.001225471566025863,1.753730034529825,1126.4753814284534,0.2352352352352117,1.01,7.640000000000001
224,type1_HARD,1000,9.99,0.004397839449899136,0.0008202085558670548,0.0004015512079845,0.0046769745364794,0.0042754233284949,4.308765605019965,0.5053002738276272,0.020013733902206655,390.62499999999994,352.5193757783383,1.1793204457882012e-06,6.084116108300008e-06,0.09438794562955986,1.24,2.0,7.446460304399993e-06,0.0017416895896668365,0.0014378299713097896,1.6129019250790928,1007.7985904448445,0.20020020020018015,0.76,7.99
225,type0_Step_Response,1000,9.99,37.022310686587474,7.083546593617855,-0.0065743110521305,39.96593768936803,39.97251200042017,65733.7909524618,4721.758339042071,1420828.120918164,390.62499999999994,345.4026490810507,0.014451996550487995,0.06738142116887502,1029.0718768957497,2.92,2.91,0.0913470397427858,0.00228524641488189,0.0020402204403521446,0.9965750011729448,1644.4748569159026,0.29129129129126213,-0.009999999999999787,7.08
226,type4_HARD,1000,9.99,21.337982397229354,1.1039894675619029,16.92386554159755,21.86760405862595,4.9437385170284,4386.053327871053,874.0181198422878,456528.28552895744,390.62499999999994,392.2294926223444,0.007128923522292724,0.03530857872810955,489.6359054437683,3.21,3.15,0.045361724617482224,0.009175591399348369,0.006457419868352624,0.9813081055114935,887.1936314517196,0.31531531531528373,-0.06000000000000005,6.84
227,type0_Step_Response,1000,9.99,1.0225193280617808e-09,1.8331506634332395e-10,-2.8225180075772108e-11,1.07066382632377e-09,1.0988890063995422e-09,3.06784411135244e-06,1.4839778630953431e-07,1.0791501898083732e-15,390.62499999999994,285.3894797352758,3.947983064017493e-13,1.9257964602066285e-12,2.7113489444639073e-08,0.0,2.81,2.387112762340268e-12,0.0021703215037619287,0.0021419752287984853,2810000.0,2789.230634639169,0.2812812812812531,2.81,7.18
228,type5_HARD,1000,9.99,1.681850681325957e-06,1.0590910359490553e-07,1.635191542153252e-06,1.9749632761641583e-06,3.3977173401090626e-07,0.033879758239661883,0.00012000140814587591,2.8398384525008626e-09,390.62499999999994,970.3017084094563,5.039985941317829e-08,1.116776314320031e-07,7.277596378177121e-05,0.0,0.0,3.3977173401090626e-07,0.9999970568562457,0.47587395066623855,0.0,99712.99886168733,0.0,0.0,9.99
229,type2_HARD,1000,9.99,24.555534937784927,0.6076252302312719,24.25119441396257,27.459711570006064,3.208517156043495,16220.14325364489,2207.4509882342572,603343.5045011898,390.62499999999994,886.2575079016522,0.40914786929129204,1.4645655001669304,1523.5243496513162,0.0,0.0,3.208517156043495,0.9999999999996882,0.6733556293159362,0.0,5055.3394184250865,0.0,0.0,9.99
230,type1_HARD,1000,9.99,9.891323487543421e-07,1.9592200264206946e-07,4.536295972861495e-08,1.058386607204672e-06,1.013023647476057e-06,0.0009519252193686822,0.00012410177227017147,1.0167682344715607e-09,390.62499999999994,357.207691686789,2.500261224379328e-10,1.4511192027942318e-09,2.722507871764216e-05,0.0,1.85,1.462836886827381e-09,0.0014440289192094462,0.0012761448072266637,1850000.0000000002,939.686138674312,0.18518518518516666,1.85,8.14
231,type1_Damped_Osc,1000,9.99,42.570416893912345,0.5665686312625604,39.74787128304608,44.34886920920941,4.6009979261633305,37156.165156836345,1648.3864487684248,1812561.3945354288,781.2499999999999,701.1849471798681,0.009131736641872851,0.04801310066831377,655.1504391086619,2.23,2.22,0.053315481749280025,0.011587808254833756,0.016117617774756197,0.9955152486478706,8075.675267215773,0.22222222222219998,-0.009999999999999787,7.77
232,type0_HARD,1000,9.99,0.6122089654524345,0.12578583238731111,-0.0472007878947763,0.654151476675582,0.7013522645703584,2807.834738815962,86.9671730253163,390.621893009709,390.62499999999994,347.36411424134076,0.00017214562437388334,0.0010104401424253506,16.47176960384415,2.01,2.01,0.0010107870941260533,0.001441197448394653,0.001368561316527729,0.9999995024878097,4003.458576599893,0.20120120120118104,0.0,7.98
233,type4_HARD,1000,9.99,9.254855073449192e-09,7.815472961462582e-11,8.853366994359925e-09,9.441474009602522e-09,5.881070152425972e-10,1.7194582139719944e-06,2.8909674537315053e-07,8.565845059230938e-14,390.62499999999994,347.24901640474894,2.1494168044185574e-12,1.386377992767058e-11,2.475409348641808e-07,0.0,2.51,1.386377992767058e-11,0.023533550898152872,0.027154622533400695,2510000.0,2918.7535871795944,0.25125125125122605,2.51,7.48
234,type1_HARD,1000,9.99,8.534515877588703,2.2667462297114476,-0.0066245711267362,9.487855018656347,9.494479589783083,237932.92602532252,1152.2311963403115,77976.09973472472,390.62499999999994,637.2018806267444,0.002862203194723928,0.017436101161901973,257.98477241179035,2.44,2.35,0.017436101161901973,0.0018364462208821804,0.001262692381355375,0.963114359379361,25060.133499189862,0.2352352352352117,-0.08999999999999986,7.640000000000001
235,type4_overdamped_decay_overshoot,1000,9.99,4.329751537468422,0.03420223732601998,4.247165638867904,4.613518036325027,0.3663523974571232,1969.278151542575,89.96677989520087,18747.918169248267,390.62499999999994,350.8922134639378,0.0004533638570773225,0.002421925884357634,49.84422870841008,2.01,1.98,0.0029596479234106354,0.008078691292716175,0.013255385977898068,0.9850741367790364,5375.365809548654,0.19819819819817835,-0.029999999999999805,8.01
236,type4_overdamped_decay_overshoot,1000,9.99,2.0963495897391984e-06,6.86553902101771e-08,1.973757054549896e-06,2.417670057630797e-06,4.4391300308090133e-07,0.001099636309160028,9.509424985439063e-05,4.3993951650046175e-09,390.62499999999994,299.19074355635945,6.470203940802446e-10,3.9700577474849734e-09,5.482950679451932e-05,0.0,6.74,3.9700577474849734e-09,0.00894330370281527,0.009424037472688671,6740000.000000001,2477.1381428119184,0.6746746746746072,6.74,3.25
237,type3_Sine_Wave,1000,9.99,16.98458803622888,0.3791373224304905,16.447637091488843,17.522591753467392,1.0749546619785484,1970.1745439959948,859.5201783698683,288619.975869669,390.62499999999994,464.12327237155336,0.3791771542588463,1.0721435640909291,857.4685575989143,0.0,0.0,1.0749546619785484,0.9999999999990696,1.0001050591039162,0.0,1832.7978041119266,0.0,0.0,9.99
238,type4_overdamped_decay_overshoot,1000,9.99,5.992898444152575e-09,1.0355068479819115e-10,5.6976971604648044e-09,6.4689483421095845e-09,7.712511816447801e-10,3.304282409476682e-06,2.08895313204102e-07,3.592555450624853e-14,390.62499999999994,340.83281885044556,1.1551920023792632e-12,7.03386408475968e-12,1.2871982844979076e-07,0.0,3.4,7.801496144163311e-12,0.010102278027658416,0.011049109861012115,3400000.0,4278.766401417544,0.34034034034030625,3.4,6.59
239,type0_Step_Response,1000,9.99,0.4212172442915522,0.08519877352043997,-9.628291149676709e-05,0.4525741992703613,0.45267048218185807,673.6420149652199,61.12807842071843,184.6827978979564,390.62499999999994,348.59152194686266,0.00010946689928075284,0.0005302781686111757,12.439201493920105,3.75,3.75,0.0006212489270261967,0.0013724087420730932,0.0012848412571714529,0.9999997333334044,1488.1509651718345,0.37537537537533777,0.0,6.24
240,type1_HARD,1000,9.99,44.265261024925536,9.940343091688698,-1.994759896185748,47.689907164181655,49.6846670603674,42394.556579487915,5973.265720572765,2058223.7543852753,390.62499999999994,377.325374010527,0.02296787811643026,0.10465918123093587,944.5783948645768,2.65,2.64,0.11297670143419225,0.0022738745797958567,0.002310571969656843,0.9962260391599852,853.2724296607889,0.2642642642642378,-0.009999999999999787,7.35
241,type4_HARD,1000,9.99,0.31880084260219016,0.004966081111731021,0.2845185318141852,0.3259955853615456,0.04147705354736042,100.19796479723286,11.692344367926822,101.65863920547473,390.62499999999994,296.16833678326765,0.00012021113843196545,0.0007076873037389908,8.249586917915913,2.67,2.64,0.0007790462950034716,0.018782585269591,0.024206438780025714,0.9887636746203466,2415.7445195668597,0.2642642642642378,-0.029999999999999805,7.35
242,type2_Triangle_Wave,1000,9.99,0.2416534889060342,0.008442217057070694,0.2373592197059526,0.2808334305841966,0.04347421087824396,238.21038229413503,44.89517774127964,58.46767972929748,781.2499999999999,1278.4937982791478,0.00879548393979368,0.03478721569673643,49.174838537391324,0.0,0.0,0.04347421087824396,0.9999999999769978,1.0418452734978267,0.0,5479.349192922662,0.0,0.0,9.99
243,type2_Triangle_Wave,1000,9.99,2.9538471450093117e-06,6.76580756871322e-08,2.927714735180331e-06,3.292311860096662e-06,3.6459712491633127e-07,0.0069954387412957345,0.0008782633261084286,8.729790571285347e-09,1562.4999999999998,4249.464312824715,5.891230400903648e-08,3.3798114639906135e-07,0.0007937075486822254,0.0,0.0,3.6459712491633127e-07,0.9999972572541337,0.8707228617999102,0.0,19186.710691123448,0.0,0.0,9.99
244,type0_HARD,1000,9.99,0.05114210713236254,0.009504110432160392,0.0013124685878953,0.0542644403277333,0.052951971739838004,183.04964532830022,6.041765665057716,2.7058432370447467,390.62499999999994,346.98358910288016,1.3528913123963984e-05,6.789617034069773e-05,0.8556497245901131,2.2,2.89,6.789617034069773e-05,0.0012822217588610463,0.0014234802109159865,1.313635766529197,3456.899513094568,0.28928928928926034,0.69,7.1
245,type4_overdamped_decay_overshoot,1000,9.99,9.665142769660014e-06,7.648548309012925e-08,9.351693896404748e-06,1.0197945212239256e-05,8.462513158345082e-07,0.006104720336279029,0.00029008551057988576,9.342083478703478e-08,390.62499999999994,554.4584431452248,2.437208487819813e-09,1.3139539525697756e-08,0.00021058947949752487,0.0,1.49,1.4383325939131466e-08,0.016996498171999386,0.03186456468325108,1490000.0,7213.829991424045,0.1491491491491342,1.49,8.5
246,type5_HARD,1000,9.99,30.451471969174104,0.8940360752880944,30.040207740003115,33.33971402699939,3.299506286996273,326432.4941931388,1932.5827508957038,928091.4455933126,390.62499999999994,1387.2414020926828,0.37094193996253727,0.9312409326275599,1335.0734887611718,0.0,0.0,3.299506286996273,0.9999999999996969,0.41490712759279874,0.0,98933.73911107464,0.0,0.0,9.99
247,type4_overdamped_no_overshoot,1000,9.99,20.987993292202255,0.4573411632055035,20.82691993647133,23.639872214452463,2.8129522779811325,4708.446041489011,625.8022542212991,440705.02337308915,390.62499999999994,325.8390121675242,0.0048167438920913574,0.026742899551805976,453.55170879277154,1.89,1.87,0.0293297432694537,0.010426676449162285,0.010532058514742638,0.9894174659166849,1673.8449771592316,0.18718718718716845,-0.019999999999999796,8.120000000000001
248,type4_overdamped_decay_overshoot,1000,9.99,17.864672338833618,0.19214576110142706,17.377469648427194,19.205245789627416,1.8277761412002214,7395.535784251805,460.3005752498242,319183.4377673962,390.62499999999994,307.89305950998283,0.002602313684705852,0.015472058191669191,275.69327882012385,3.3200000000000003,3.3000000000000003,0.015472058191669191,0.008464963429001155,0.01354343530544313,0.9939756042242156,4046.193413702966,0.3303303303302973,-0.020000000000000018,6.6899999999999995
249,type0_Step_Response,1000,9.99,10.42773307758901,3.345384863843869,-1.4534471757366811,11.754167940095238,13.207615115831919,13234.315033966348,1625.7702452379401,119929.21702467964,390.62499999999994,404.7695802019897,0.004998048687842729,0.025506366488574628,258.3381772801943,3.1,3.08,0.02602019142359424,0.0019700900726885933,0.0014940130631482694,0.9935480665973978,1002.021554830245,0.30830830830827743,-0.020000000000000018,6.91
250,type1_HARD,1000,9.99,0.02006044891370089,0.004148866283902326,-0.0003195907182616,0.0213900701781074,0.021709660896369002,20.14859397762008,2.4039160987180086,0.4196347020609047,390.62499999999994,356.3164940319311,5.683979894921793e-06,2.9298365548199867e-05,0.2751518759262033,1.3,1.54,3.309744054279945e-05,0.0015245489415641005,0.0013700079743725958,1.184614473373482,928.0934452579079,0.15415415415413872,0.24,8.45
251,type4_overdamped_no_overshoot,1000,9.99,1.6974662375331083e-09,5.339653999295154e-11,1.678138129816768e-09,1.994385559343677e-09,3.162474295269091e-10,5.466380903237788e-07,6.527188205346944e-08,2.884242818048026e-15,390.62499999999994,335.0892604703831,3.3588571439096047e-13,1.8028365205956231e-12,3.832741042683414e-08,0.0,2.27,2.2505437483182747e-12,0.007093970002134824,0.006174762483688908,2270000.0,1723.0654670360777,0.22722722722720448,2.27,7.720000000000001
252,type0_Step_Response,1000,9.99,4.947532695377736e-09,1.0333227731143605e-09,-6.144082020412732e-11,5.395566979497897e-09,5.457007799702024e-09,1.151144631104717e-05,8.85637936368414e-07,2.5545835725268446e-14,390.62499999999994,433.6046175438084,2.497356414843023e-12,1.3546948486475042e-11,1.4663419935220365e-07,0.0,3.31,1.560715202901245e-11,0.0028594961021976757,0.0024144846074726244,3310000.0,2109.0930488731856,0.33133133133129816,3.31,6.68
253,type3_Sine_Wave,1000,9.99,0.003144889285783506,2.7707489397226203e-05,0.0031051696350389,0.0031856867438564,8.051710881750015e-05,0.21875486874000508,0.07324662486041048,0.009891096324804588,390.62499999999994,411.7738198573504,2.803570576433907e-05,8.034780994320033e-05,0.07172086140819445,0.0,0.0,8.034780994320033e-05,0.9978973428792519,1.0118457270004404,0.0,2716.8743293920293,0.0,0.0,9.99
254,type0_HARD,1000,9.99,1.2682495937857927e-06,1.4603125149945248e-07,5.739872147588571e-08,1.469391725169276e-06,1.4119930036933902e-06,0.005409640384950471,0.00019272222336982805,1.6297821585523242e-09,0.0,261.53366996412296,4.693083175926239e-10,2.285627905778727e-09,3.3196941905425196e-05,0.0,1.38,2.7073265015482097e-09,0.0019173781860734422,0.0032137306161740815,1380000.0,3831.2063442198273,0.13813813813812428,1.38,8.61
255,type0_Step_Response,1000,9.99,17.58458466155934,2.3997558657942575,-0.0014344403769895,18.3020979215318,18.30353236190879,70078.47747226879,2136.771890596171,314976.44593496196,390.62499999999994,304.31012305376294,0.0077209631488675485,0.04090652923416371,380.57715929682195,1.93,1.92,0.04816254578679846,0.002631325190924687,0.0032173952604586677,0.9948181373999289,3828.685965453545,0.19219219219217293,-0.010000000000000009,8.07
256,type4_HARD,1000,9.99,1.4495955178954333e-06,5.715353171653117e-08,1.1965693140325567e-06,1.4701968088831229e-06,2.7362749485056614e-07,0.00030239646312804364,4.551929939996441e-05,2.1045936916902015e-09,390.62499999999994,377.0571079885444,1.856365541810104e-10,1.0385715728751886e-09,2.1252106697566078e-05,0.0,1.61,1.318000287551763e-09,0.004816750858756683,0.0032479761202787974,1610000.0000000002,1105.1351332878846,0.16116116116114504,1.61,8.38
257,type2_Triangle_Wave,1000,9.99,15.930560717842273,0.39032808504955113,15.73160204290448,17.216821859405755,1.4852198165012744,10434.98319031677,2554.9596406743117,253935.12079883774,781.2499999999999,1531.0924713368815,0.3905865983240876,1.4806401630470436,2583.6770336436384,0.0,0.0,1.4852198165012744,0.9999999999993266,1.0006622973940065,0.0,7025.884703647024,0.0,0.0,9.99
258,type0_Step_Response,1000,9.99,11.897651785306804,2.176657547603165,-0.6177314720654744,13.379973531079733,13.997705003145207,40207.41256554511,2011.761910768813,146291.95608395195,0.0,334.04629437391156,0.004199694608426746,0.02191160051524932,214.23154227789962,2.32,2.31,0.0314910391918648,0.0022497287365883683,0.001929423676705289,0.9956892259960233,2872.4289129187864,0.2312312312312081,-0.009999999999999787,7.68
259,type0_HARD,1000,9.99,0.0021607957748996055,0.0005325606969284645,-8.492297312491673e-05,0.0023318210252833,0.002416743998408217,71.37813386567997,0.2828456734987102,0.00495265927673692,390.62499999999994,607.8370688485442,6.813137311015809e-07,3.0476531038001534e-06,0.04446696533875586,1.0,1.11,4.453614787700098e-06,0.0018428161149011417,0.0012793165807235317,1.1099988900011102,29534.834423157015,0.11111111111109999,0.1100000000000001,8.88
260,type5_HARD,1000,9.99,4.348154487330084e-09,2.458675815055651e-10,4.2442646808247795e-09,5.2024977300078965e-09,9.58233049183117e-10,9.559287112470366e-05,7.705327723931303e-07,1.8966898313324145e-14,781.2499999999999,2406.049273420349,3.6007068863819834e-10,9.580436818190707e-10,1.0296111666318227e-06,0.0,0.0,9.58233049183117e-10,0.9989575004730584,1.4585580109070795,0.0,99655.52292647815,0.0,0.0,9.99
261,type0_Step_Response,1000,9.99,24.606365978053685,5.687202084087895,-1.5761603576281875,27.178021596103783,28.75418195373197,42027.21132336508,3495.131725335069,637817.5141911714,390.62499999999994,362.32702722671365,0.012431658857681712,0.061087656048403716,913.6089322040654,3.12,3.11,0.07610511842255718,0.0026467495595949983,0.002185900672047826,0.9967945523094383,1461.6034422745581,0.31131131131128015,-0.010000000000000231,6.880000000000001
262,type0_HARD,1000,9.99,0.0021716074162517413,0.00034378443758034796,-7.204245744239813e-05,0.0023065276957647,0.002378570153207098,3.827393288350001,0.2725567753130618,0.004834066509842001,390.62499999999994,270.96869777908137,6.991412194993304e-07,3.6482870037000785e-06,0.028865367324739842,0.65,1.32,4.240298623500033e-06,0.001782709085119899,0.002033661623505771,2.030766106513682,1609.11515751608,0.1321321321321189,0.67,8.67
263,type4_overdamped_decay_overshoot,1000,9.99,0.06993951812121392,0.0007716429266032151,0.0684185071813823,0.0739244344103291,0.0055059272289468,14.940950500590132,1.9368202453607477,4.892131627833788,390.62499999999994,323.78279023301195,1.742875561487004e-05,9.66465898964014e-05,1.4427592956326838,4.73,4.99,0.00011744076943240311,0.021329880422981517,0.022586555246485777,1.054968064488781,2713.6120541742966,0.4994994994994495,0.2599999999999998,5.0
264,type1_Damped_Osc,1000,9.99,13.850132971041694,0.24925099151746283,12.441264320507724,15.372387192907365,2.9311228723996408,29595.48754462613,934.1861908468085,191888.30937230863,1562.4999999999998,1406.6121330265953,0.0031757027499474655,0.015916462744048232,242.5125487820449,1.6,1.56,0.017113163526508046,0.005838432666076556,0.012740983418363777,0.9749993906253809,10096.979496593709,0.15615615615614054,-0.040000000000000036,8.43
265,type4_overdamped_decay_overshoot,1000,9.99,15.821405050111135,0.16167509776668545,15.51947712701744,17.381264431052582,1.8617873040351416,11103.50239477178,484.4940449815392,250342.99659692004,390.62499999999994,381.72274637888677,0.0027648433068432985,0.01363263255840863,322.15252259257034,1.62,1.61,0.014789311402086724,0.00794360954660352,0.017101231698750313,0.99382654702065,5963.894141237647,0.16116116116114504,-0.010000000000000009,8.38
266,type3_Sine_Wave,1000,9.99,0.3175436080684563,0.0021116151285293277,0.3142480901584539,0.3204022958158192,0.006154205657365297,18.974480942940406,4.3982827383559355,100.8384019435844,390.62499999999994,378.29990073019735,0.0021940290574439586,0.006066209609675521,4.326378351547139,0.0,0.0,0.00610909011467381,0.9926691524144691,1.039028858413702,0.0,3083.1730358488667,0.0,0.0,9.99
267,type5_HARD,1000,9.99,3.533583889810232e-09,1.3625300128004454e-10,3.4816607533966302e-09,4.117115371644784e-09,6.354546182481537e-10,6.313025390709118e-05,4.766508177077696e-07,1.2504779986684226e-14,781.2499999999999,2209.2098685925575,2.139544762345316e-10,6.35105027193752e-10,9.569461209740243e-07,0.0,0.0,6.354546182481537e-10,0.9984287960660062,1.5588327704250997,0.0,99190.50329284702,0.0,0.0,9.99
268,type4_overdamped_decay_overshoot,1000,9.99,1.9424419987409708e-06,2.1203818101111773e-08,1.882572917175906e-06,2.0421613771995835e-06,1.5958846002367752e-07,0.0006228584585381473,4.109238777199358e-05,3.7735305203748825e-09,390.62499999999994,331.05933926062374,4.3472366692290444e-10,2.220603211544407e-09,2.271551603340743e-05,0.0,3.4,2.468911831350518e-09,0.01547039404096121,0.020501174065723854,3400000.0,3902.879666650522,0.34034034034030625,3.4,6.59
269,type5_HARD,1000,9.99,1.4547194219614979e-06,5.3540522688315824e-08,1.4332716067271732e-06,1.6075858500370793e-06,1.7431424330990613e-07,0.017317607554190057,0.0001390955298355927,2.119075184201732e-09,390.62499999999994,1839.9930684993635,4.963374370729717e-08,1.3612261156881823e-07,0.00018874342288240905,0.0,0.0,1.7431424330990613e-07,0.9999942632670499,0.9270140484467126,0.0,99346.48987295949,0.0,0.0,9.99
270,type2_Triangle_Wave,1000,9.99,3.5694045368311397e-06,8.645527252148619e-08,3.536620476083238e-06,4.064190562613896e-06,5.27570086530658e-07,0.012271283460630816,0.0013301906958594996,1.2748123261697492e-08,1953.1249999999998,5224.305960999278,8.662647818305957e-08,4.627859402689392e-07,0.0013231712929987428,0.0,0.0,5.27570086530658e-07,0.9999981045208398,1.0019686907220187,0.0,23259.962067534023,0.0,0.0,9.99
271,type5_Square_Pulse_Wave,1000,9.99,5.912097398312438e-09,2.389910988633884e-10,5.841977381586881e-09,7.086373240733224e-09,1.2443958591463435e-09,0.00012400355725808977,7.322034901189052e-07,3.501001239246863e-14,781.2499999999999,2671.576782298447,1.0060937580131709e-10,3.848106580657313e-10,4.1852699034161513e-07,0.0,0.0,1.2443958591463435e-09,0.9991970424562954,0.41922128061335967,0.0,99569.59174658569,0.0,0.0,9.99
272,type2_HARD,1000,9.99,1.0036897666341989e-08,4.0955974538604093e-10,9.8698948703862e-09,1.1806527982636168e-08,1.9366331122499674e-09,9.556444141775195e-06,1.5815307330454965e-06,1.0090705394966192e-13,390.62499999999994,1052.3451263778525,4.35022772459455e-10,1.936431900153727e-09,1.712471860849038e-06,0.0,0.0,1.9366331122499674e-09,0.9994839064249688,1.0595845728869788,0.0,4932.019421715142,0.0,0.0,9.99
273,type2_Triangle_Wave,1000,9.99,0.07922284692099547,0.0033865732323617916,0.077569166309578,0.0905888521158781,0.0130196858063001,101.84761483937875,24.79366924111529,6.287728352525632,1171.8749999999998,1907.5151753862633,0.0034218969916659553,0.013016395669423503,25.991641657746438,0.0,0.0,0.0130196858063001,0.9999999999231932,1.0104305313572381,0.0,7822.586224183159,0.0,0.0,9.99
274,type4_overdamped_decay_overshoot,1000,9.99,3.794311814760291e-06,6.630441277228594e-08,3.6174443346780393e-06,4.116078091373786e-06,4.986337566957468e-07,0.0017823225264495283,0.00013514709286864196,1.4401198422782609e-08,390.62499999999994,310.76062910826164,7.921652288476914e-10,4.097786942329136e-09,8.242460261215748e-05,0.0,3.24,4.4501148165759785e-09,0.008924598128829026,0.011947218118801868,3240000.0000000005,3574.404917660107,0.32432432432429187,3.24,6.75
275,type0_Step_Response,1000,9.99,5.196434451171077e-09,8.017135767516484e-10,-9.755903616906564e-13,5.4793123205901534e-09,5.480287910951844e-09,1.3658657727388213e-05,6.279204991288363e-07,2.7645675664465577e-14,390.62499999999994,274.41047075481094,3.109967490172037e-12,1.5909201628203244e-11,1.1560379202562307e-07,0.0,3.6,1.5909201628203244e-11,0.002902456847124558,0.003874317789362905,3600000.0000000005,2491.87014973208,0.36036036036032426,3.6,6.390000000000001
276,type4_overdamped_decay_overshoot,1000,9.99,1.9006110135102864e-09,5.1394246343590313e-11,1.8247080674669038e-09,2.272026808260058e-09,4.4731874079315416e-10,1.1032327701593004e-06,7.742493233248274e-08,3.614963593233824e-15,390.62499999999994,268.3452421499578,3.063776490678564e-13,1.674529163140725e-12,3.5624316576340424e-08,0.0,3.99,1.674529163140725e-12,0.0037351308584115633,0.005847543775297329,3990000.0000000005,2460.822334144428,0.3993993993993594,3.99,6.0
277,type0_HARD,1000,9.99,1.0277777716920694e-06,2.3423702330816778e-07,4.6936373174728836e-08,1.122768283959107e-06,1.0758319107843782e-06,0.038243499657398386,0.00013679931591529807,1.1111941310725869e-09,390.62499999999994,701.2965544847702,2.2945020638657453e-10,1.4257616225985007e-09,2.5191474692982896e-05,0.0,2.71,1.642263278076268e-09,0.001526504033864247,0.0009795600353265691,2710000.0,35547.80605244309,0.2712712712712441,2.71,7.28
278,type4_overdamped_decay_overshoot,1000,9.99,1.2248636869869354e-09,1.9560949169506145e-11,1.188678717600234e-09,1.3489289566676695e-09,1.6025023906743552e-10,4.631450893187206e-07,3.864097959673324e-08,1.5006736824316414e-15,390.62499999999994,278.7730304443808,2.1281323319543045e-13,1.3239711562107838e-12,2.460571920599771e-08,0.0,4.5600000000000005,1.4014130528352548e-12,0.008690920775932481,0.01035036035744171,4560000.000000001,2872.2133498669195,0.4564564564564108,4.5600000000000005,5.43
279,type1_HARD,1000,9.99,29.3847767232498,10.263257751615301,-0.0149822999617358,39.05067054467335,39.06565284463509,2772296.802632904,5264.815021728963,968799.5627513349,390.62499999999994,1337.055671979,0.007610555334097597,0.04140728002588645,624.0256874242151,5.0200000000000005,4.98,0.04140728002588645,0.0010599408178474067,0.0007415340741003075,0.9920316748940886,70965.07035626193,0.49849849849844863,-0.040000000000000036,5.01
280,type0_HARD,1000,9.99,0.3298788387960192,0.0587249886252032,0.0031981574781517,0.3506054680552949,0.3474073105771432,406.05267011241114,42.10059060313657,112.26867257444026,390.62499999999994,327.2164407131976,0.0001024880371774936,0.0006191228155665307,7.530311292359734,1.69,1.59,0.0007908555957831798,0.002276450643675475,0.001745220213320965,0.9408278456639968,1168.8086512534016,0.15915915915914322,-0.09999999999999987,8.4
281,type4_overdamped_decay_overshoot,1000,9.99,8.483989457010354,0.06742785328182847,8.286046849644613,9.159012023596654,0.872965173952041,5490.871812745013,259.50377931889005,71982.62362206102,390.62499999999994,507.65426968557705,0.002824071986934853,0.014766380851055416,180.59285375748098,1.77,1.76,0.016329641542458972,0.018705948449826003,0.04188286960715158,0.9943497207063725,6289.909353291545,0.17617617617615855,-0.010000000000000009,8.23
282,type1_HARD,1000,9.99,1.7554831469906192e-06,4.870884040457393e-07,-1.0285132674728418e-08,1.9931449922814663e-06,2.0034301249561945e-06,0.04317655094871595,0.000226742044722136,3.318976192723914e-09,390.62499999999994,584.142144492737,6.456957886681024e-10,3.6205002436542047e-09,2.9039415642151466e-05,0.0,3.0700000000000003,3.6205002436542047e-09,0.0018071498433635286,0.0013256206834001863,3070000.0000000005,21551.30286780386,0.30730730730727657,3.0700000000000003,6.92
283,type2_HARD,1000,9.99,1.070012844035133e-06,3.07161068048695e-08,1.0539202559768404e-06,1.1810129771234885e-06,1.2709272114664806e-07,0.0003370344438787247,8.606763764610286e-05,1.1458709656174022e-09,390.62499999999994,637.4485302075211,2.9091773637264732e-08,9.74727864624752e-08,9.280120512015119e-05,0.0,0.0,1.2709272114664806e-07,0.9999921317906898,0.9470870359656688,0.0,2651.857549200522,0.0,0.0,9.99
284,type1_Damped_Osc,1000,9.99,1.1100498775174734e-09,1.8912732855156597e-11,1.0186269595379687e-09,1.1579290048593795e-09,1.3930204532141078e-10,8.33060677741594e-07,5.193495484658783e-08,1.2325684220406082e-15,781.2499999999999,749.3414486895297,3.094072641428743e-13,1.341153625918579e-12,1.53270333358745e-08,0.0,3.35,1.7003976560747819e-12,0.0121195500192419,0.015538161757779532,3350000.0000000005,5937.62318883647,0.33533533533530174,3.35,6.640000000000001
285,type1_HARD,1000,9.99,12.115491038174023,2.7812943275090736,-0.0481068599880697,13.137911604665144,13.186018464653213,38576.45395905375,1549.644475162652,154520.72123230924,390.62499999999994,386.05287574099646,0.004890537250108585,0.024916254736194077,279.06265294302796,2.27,2.27,0.027715153196970377,0.002101859122316736,0.0017583673909430473,0.9999995594715596,2925.5574047965943,0.22722722722720448,0.0,7.720000000000001
286,type4_overdamped_decay_overshoot,1000,9.99,16.414537554564543,0.12894626936121997,16.33774300323654,17.763050603028617,1.4253075997920774,6978.657738813964,536.974496731174,269453.67027059203,0.0,451.66084958871335,0.0035899950777734647,0.018883145619525976,412.5572730479647,1.38,1.34,0.023221811722660135,0.016292491337330565,0.027841015451861524,0.9710137891204429,4896.246774960792,0.1341341341341207,-0.039999999999999813,8.65
287,type0_Step_Response,1000,9.99,39.48951658487293,6.3666966595187615,0.0094120483610862,41.680360944663605,41.67094889630252,80883.0244132044,5021.333203706868,1599956.7464612816,390.62499999999994,294.9998392852098,0.020215794742151235,0.11343955607636502,1247.1216053206354,3.3000000000000003,3.29,0.11343955607636502,0.002722269568630529,0.003175240760359409,0.996969394857759,1940.9931032403067,0.32932932932929637,-0.010000000000000231,6.7
288,type4_overdamped_decay_overshoot,1000,9.99,1.0196523501315138e-06,1.9276151117472242e-08,9.927337667280802e-07,1.1769822965093409e-06,1.8424852978126066e-07,0.0005629097499234004,4.4023769877787e-05,1.0400624851306232e-09,390.62499999999994,267.8964427992313,2.850937235601573e-10,1.4841978684455847e-09,2.7729876423620375e-05,0.0,3.19,1.495568234320571e-09,0.008117080331744107,0.014789204163148191,3190000.0,3055.148909154241,0.31931931931928736,3.19,6.800000000000001
289,type5_Square_Pulse_Wave,1000,9.99,8.244352172235757,0.3568327402289298,8.10690489241783,9.348169552123542,1.2412646597057115,123461.59631850461,768.7045702855138,68096.67234434775,390.62499999999994,1798.7817053123251,0.447512370073233,1.2411204654806856,1136.0818152236313,0.0,0.0,1.2412646597057115,0.9999999999991943,1.2541236260576107,0.0,99464.36108772835,0.0,0.0,9.99
290,type2_Triangle_Wave,1000,9.99,8.574302545757238,0.27415402298891267,8.467076850815781,9.709977043837837,1.2429001930220558,24103.436917918938,3892.971750238144,73593.82457450007,1562.4999999999998,4573.417892810644,0.2742095129821328,1.21082778554546,3928.222884196151,0.0,0.0,1.2429001930220558,0.9999999999991953,1.0002024044426376,0.0,19392.898201498483,0.0,0.0,9.99
291,type4_overdamped_decay_overshoot,1000,9.99,2.227318831531256e-09,5.4437608655226045e-11,2.182997024843465e-09,2.545209494095629e-09,3.6221246925216397e-10,6.281432554793296e-07,7.160300847797014e-08,4.96391263052986e-15,390.62499999999994,316.2975508452424,3.993158933333543e-13,2.1076984829840474e-12,4.552425707490854e-08,0.0,4.78,2.1076984829840474e-12,0.005802935365417634,0.007202978321391054,4780000.0,1729.4099422650456,0.4784784784784306,4.78,5.21
292,type4_overdamped_decay_overshoot,1000,9.99,0.00768975537808016,0.0001621362630424758,0.0076044557410629,0.0088536470573341,0.0012491913162712004,3.037552212119959,0.28706033905054984,0.05915862594250613,390.62499999999994,284.66564211206804,2.157868500719278e-06,1.1194445802100057e-05,0.18524954823353926,0.77,3.0500000000000003,1.2612094059299798e-05,0.010096206949989313,0.013308981266238924,3.961033816839199,2431.6148936700497,0.3053053053052748,2.2800000000000002,6.9399999999999995
293,type1_HARD,1000,9.99,5.044814255395823e-06,1.0510115156951205e-06,4.772588292464972e-07,5.616050590295282e-06,5.138791761048785e-06,0.055018829616111764,0.0006824145934961394,2.6554776077568667e-08,390.62499999999994,434.99297224571353,1.5677153201576264e-09,7.646998805138865e-09,0.00014098001249992869,0.0,2.16,1.1942240606641356e-08,0.002323938940904876,0.001491623835821563,2160000.0000000005,10706.567120812024,0.21621621621619458,2.16,7.83
294,type4_overdamped_no_overshoot,1000,9.99,1.4144389443541622e-06,4.87469123496407e-08,1.3953676774795805e-06,1.6674592894530554e-06,2.720916119734749e-07,0.0003829651834376534,5.3447525006930086e-05,2.0030137887693408e-09,390.62499999999994,348.77263224546925,3.0162502086032777e-10,1.7674385795551552e-09,3.233535686861595e-05,0.0,2.74,1.8663027493330787e-09,0.006859071754270992,0.006187444883730512,2740000.0000000005,1407.4810067793644,0.27427427427424683,2.74,7.25
295,type1_Damped_Osc,1000,9.99,39.17245461281429,0.9171080728331618,35.444390285083166,40.824067065314765,5.379676780231598,19411.11591812188,2427.26492592392,1535322.2876102515,390.62499999999994,549.7669704358724,0.012338765969537426,0.06452537532518221,1106.6410290897716,4.66,4.71,0.06452537532518221,0.011994284779761872,0.013453993411492532,1.010729396839185,3608.230886555718,0.47147147147142426,0.04999999999999982,5.28
296,type5_HARD,1000,9.99,0.6243332653285399,0.054275623191901025,0.601866561117718,0.7608069963009684,0.1589404351832504,15861.850685819,68.47003462704932,392.7378694686663,390.62499999999994,1298.6683386323011,6.001837241695679e-05,0.00032715818818784825,6.765398663289638,1.13,0.0,0.1589404351832504,0.9999999999937083,0.0011058071540449284,0.0,99797.4534764,0.0,-1.13,9.99
297,type2_HARD,1000,9.99,2.7742866906794315,0.06462123267671757,2.73576114529124,3.0134811802576675,0.2777200349664275,808.0526168934731,194.41151542646267,7700.842545793692,390.62499999999994,598.8690328380089,0.036984581337987314,0.12503623122753327,126.96296640706952,0.0,0.0,0.2777200349664275,0.9999999999963993,0.572328626450671,0.0,2909.5942501528416,0.0,0.0,9.99
298,type4_overdamped_decay_overshoot,1000,9.99,2.7383412147099166,0.08685321542498825,2.5668638258689427,3.0773285646566557,0.510464738787713,1361.1521677929782,121.20012128415699,7506.05608920864,390.62499999999994,304.60834002684294,0.0012360186614327974,0.006576644946141741,76.14615805512447,5.51,5.5200000000000005,0.006904847006106607,0.013526589559332128,0.014231121500459215,1.001814700215118,2666.4959680131287,0.5525525525524972,0.010000000000000675,4.47
299,type4_overdamped_decay_overshoot,1000,9.99,0.8999870174006183,0.0076814944342917385,0.8949812885057761,0.9527519288828016,0.057770640377025506,159.49994860663395,26.571982226491613,810.0356368464047,390.62499999999994,386.7043963597714,0.00025294542945532343,0.0014823361752077657,23.94060648953731,3.3200000000000003,3.21,0.001676801572953801,0.02902515121836202,0.03292919516978296,0.9668671786544641,2760.917094962716,0.32132132132128916,-0.11000000000000032,6.78
300,type1_Damped_Osc,1000,9.99,3.0160744451802544e-09,1.178454705701568e-10,2.626361883796439e-09,3.378458720292711e-09,7.520968364962721e-10,2.585784023459922e-06,2.426752346664448e-07,9.110592613803282e-15,390.62499999999994,426.7052492433126,6.723222047277194e-13,3.717292159761329e-12,7.391035465263664e-08,0.0,5.46,4.8817762288804404e-12,0.006482268935815143,0.005657112563922531,5460000.0,3433.534571052101,0.5465465465464918,5.46,4.53
301,type1_Damped_Osc,1000,9.99,2.0664078208885768e-09,3.2323115587711095e-11,1.910025803153983e-09,2.187018836816778e-09,2.76993033662795e-10,1.7873452000165655e-06,1.2680677808709388e-07,4.271086066030772e-15,1171.8749999999998,1144.4372888897767,3.8834242961275196e-13,1.941059041357912e-12,4.2788374243467424e-08,0.0,2.76,2.574852907873432e-12,0.009262292921328106,0.011653845169146337,2760000.0,6429.460394984616,0.27627627627624857,2.76,7.23
302,type4_HARD,1000,9.99,8.520001769083818,0.2767506551427367,8.385304326726304,9.703418130518791,1.318113803792487,1616.2459333992629,296.4096418277589,72667.0210703133,390.62499999999994,391.7776851686109,0.0029847142958692864,0.01426649976025729,201.9749490657156,3.59,3.51,0.01780275375906548,0.013506234217280599,0.01078484997377552,0.9777156050931461,1226.1808720519894,0.3513513513513162,-0.08000000000000007,6.48
303,type2_HARD,1000,9.99,1.8018357239346545,0.0315793816947135,1.7865529745285111,1.946456709541851,0.15990373501333988,515.2501317648772,103.33569284156218,3247.60923339534,390.62499999999994,705.4831585473474,0.020149115503982514,0.06732283581543075,75.30592562543265,0.0,0.0,0.15990373501333988,0.9999999999937462,0.6380465487934965,0.0,3222.2520113033665,0.0,0.0,9.99
304,type5_HARD,1000,9.99,50.86468170174857,2.5389825200180356,49.675593627018,56.72447176897276,7.048878141954759,702204.9373957173,4979.5641940763935,2593662.2768571526,390.62499999999994,1473.0198562846722,2.5131133098561,7.048878141954759,6642.5463473002355,0.0,0.0,7.048878141954759,0.9999999999998581,0.9898111901287364,0.0,99619.38953322374,0.0,0.0,9.99
305,type1_Damped_Osc,1000,9.99,26.038371300601757,0.41527528601819974,24.036749573329672,27.52033882444544,3.4835892511157667,24051.125606289857,1210.1566179932126,678169.2335511788,781.2499999999999,712.4686941190591,0.00406778341376882,0.027137090112180573,477.7808827846188,2.38,2.31,0.03141937697128938,0.009019254196291075,0.00979539007187813,0.9705878274841061,6904.122120189561,0.2312312312312081,-0.06999999999999984,7.68
306,type1_HARD,1000,9.99,1.5203788962340352e-06,2.1551483748345358e-07,1.683778044524715e-07,1.833574186690953e-06,1.6651963822384815e-06,0.003629538733397235,0.00021644270021054762,2.3579986332893423e-09,390.62499999999994,307.0632257712285,3.8654684525351285e-10,2.2179240784252612e-09,3.0486853395693023e-05,0.0,4.2,2.4605529793030985e-09,0.0014776344267341094,0.0017935890455530459,4200000.0,2179.6447508932188,0.42042042042037836,4.2,5.79
307,type1_HARD,1000,9.99,0.03431107434121617,0.005507661111571642,0.0028725724376154,0.0385699099433408,0.0356973375057254,42.35413388481001,4.914776163676323,1.2075841533683813,390.62499999999994,374.86260417379407,9.231843234540522e-06,5.302318666389888e-05,0.7029475808345892,1.85,2.05,5.85173756798979e-05,0.0016392644316644957,0.0016761821480751893,1.1081075091310761,1186.478792062026,0.20520520520518465,0.19999999999999973,7.94
308,type1_Damped_Osc,1000,9.99,0.16286770603512607,0.0020209737944058195,0.1535682102050349,0.1746833775229562,0.02111516731792132,177.42436523597027,6.726147936823962,26.52997400422192,1171.8749999999998,1087.5756708030285,4.571588163051682e-05,0.00020555110125389242,2.132876389612325,1.89,1.85,0.00023176351894999003,0.010976163032452343,0.022620719642402337,0.9788354609336187,8402.697575452323,0.18518518518516666,-0.039999999999999813,8.14
309,type3_Sine_Wave,1000,9.99,1.4329868544879289e-09,1.1383986249232759e-11,1.4176730467121592e-09,1.4502192165353127e-09,3.2546169823153495e-11,1.0922189173798183e-07,3.077737606022849e-08,2.0535809202781314e-15,390.62499999999994,393.8264440587538,1.1560646805504115e-11,3.252405011628056e-11,3.055721774591474e-08,0.0,0.0,3.2546169823153495e-11,0.9701903375177632,0.9335157979701687,0.0,3255.8677283806364,0.0,0.0,9.99
310,type3_Sine_Wave,1000,9.99,3.6840837808103295,0.027295375604047135,3.641111768709928,3.721116913464564,0.08000514475463572,221.75982881806885,67.1640499520423,13573.218341559097,390.62499999999994,376.93660910245154,0.02732371509182858,0.0797869011114063,65.89132762783588,0.0,0.0,0.08000514475463572,0.9999999999875008,1.0010382523102634,0.0,2771.8196060441182,0.0,0.0,9.99
311,type0_Step_Response,1000,9.99,34.71100889455323,5.821960579647603,-0.0002490864050205,36.61765260725954,36.61790169366456,73645.28780893191,4342.563360832275,1238749.363468724,390.62499999999994,308.3088704357208,0.016092428041415557,0.08747564642355599,854.6879851501429,2.24,2.21,0.09263278745063985,0.0025297131502940314,0.002764090862735943,0.986606702407722,2011.1826293332267,0.22122122122119905,-0.03000000000000025,7.78
312,type5_Square_Pulse_Wave,1000,9.99,1.1368536390863117e-09,4.073698447523666e-11,1.1161676829462872e-09,1.2293352386344972e-09,1.1316755568821003e-10,1.1260763856939207e-05,8.721138136755255e-08,1.2940956986079256e-15,781.2499999999999,1450.3653547871568,4.419220496515539e-11,1.0729362039680551e-10,9.816280722739904e-08,0.0,0.0,1.1316755568821003e-10,0.991240944119615,1.058826015362357,0.0,98633.65987875043,0.0,0.0,9.99
313,type1_Damped_Osc,1000,9.99,0.5320998362396238,0.009901858163961996,0.4949085563089933,0.5680847415407314,0.07317618523173813,326.2175838751213,28.05247082063715,283.2282825213337,390.62499999999994,592.2148489493582,0.00016670117455606245,0.000805882367452937,12.795962024344288,3.64,3.64,0.000948077858975882,0.012956098435037353,0.016835342597204556,0.9999997252748007,4457.9747200210095,0.3643643643643279,0.0,6.35
314,type0_Step_Response,1000,9.99,2.703306501130054e-06,2.736659175729641e-07,-6.091014255753158e-10,2.7594842025423587e-06,2.7600933039679338e-06,0.014537760618073608,0.00035353092997334644,7.382759073493067e-09,0.0,185.29388571793024,1.5753683477488282e-09,8.144067181072617e-09,7.789597464522283e-05,0.0,1.6,9.269095535685529e-09,0.003358253202566377,0.005756517308413097,1600000.0000000002,5267.124604102841,0.16016016016014414,1.6,8.39
315,type5_HARD,1000,9.99,0.003452602127958632,0.00015916292515346007,0.0032140751214422,0.0039732135994613,0.0007591384780190999,57.26356029461996,0.38541127861947894,0.01194579429072788,781.2499999999999,1737.6975870939675,0.00011926959784388923,0.0003161272838902002,0.3346684822018149,0.0,0.0,0.0007591384780190999,0.9999999986827173,0.7493553978072325,0.0,75432.29842414457,0.0,0.0,9.99
316,type0_Step_Response,1000,9.99,1.1457657851263188e-09,2.1650450646712813e-10,3.6641717468198125e-11,1.2350626909160015e-09,1.1984209734478034e-09,1.9049819449230759e-06,1.4131662643912887e-07,1.3596534356867047e-15,390.62499999999994,336.3926960430121,6.123111849680805e-13,2.9913472770426294e-12,3.431947614967681e-08,0.0,3.48,3.0341323047805084e-12,0.0025296642062700666,0.0028151655104241267,3480000.0,1588.2513205076757,0.34834834834831346,3.48,6.51
317,type3_Sine_Wave,1000,9.99,0.001162611543912741,1.446206698845739e-05,0.0011419234710122,0.0011830720360597,4.1148565047500075e-05,0.10298458319000103,0.041071094309129204,0.0013518747534207462,390.62499999999994,432.6815412322733,1.4654278261621877e-05,4.106822167890007e-05,0.03942520509096483,0.0,0.0,4.1148565047500075e-05,0.9999999756978165,1.0132906492569318,0.0,2502.750231226046,0.0,0.0,9.99
318,type1_Damped_Osc,1000,9.99,41.54315481141191,0.9538558199732322,37.76808790254023,44.718796318095215,6.950708415554985,30813.98683129208,2501.4864082922813,1726743.5526102332,390.62499999999994,566.7356043851822,0.009482582069778221,0.05600311892875709,1102.846424790784,3.79,3.5,0.06066666315762603,0.008728126621144318,0.009941315942313365,0.9234826059412649,4433.215291024013,0.35035035035031525,-0.29000000000000004,6.49
319,type4_overdamped_decay_overshoot,1000,9.99,43.75753507448667,0.9094875720852801,41.46986672603846,51.3100816295682,9.840214903529741,46396.406017971254,1864.6166820241256,1915549.0434387084,390.62499999999994,356.16597413901957,0.006535196783105341,0.03803674605858731,729.3983200627672,1.82,1.8,0.04438994329979806,0.004511074578652813,0.007185581181845296,0.9890104455986563,4714.978938246957,0.18018018018016213,-0.020000000000000018,8.19
320,type0_Step_Response,1000,9.99,0.002331970049766308,0.00036869182589110034,-3.438282300291895e-07,0.0024411346311056,0.002441478459335629,5.697504496920671,0.2868765373549714,0.005574017975485992,390.62499999999994,279.1217337554961,8.126605088613807e-07,5.170555343800114e-06,0.05277388169859617,1.21,1.93,6.358478458899815e-06,0.0026043557468148695,0.0022041728337563998,1.5950400040991703,2333.6288193742403,0.19319319319317385,0.72,8.06
321,type0_HARD,1000,9.99,0.0011973174239203192,0.000313267761623774,1.1252173390499553e-05,0.0013047806342774,0.0012935284608869006,72.78645811703998,0.14668717453871868,0.001531705704095959,390.62499999999994,946.4117861694323,2.9401719097985296e-07,1.5768493165999996e-06,0.02271870216381536,1.0,2.35,1.6369633960000834e-06,0.00126550241779157,0.0009385491456807176,2.3499976500023503,56269.69971025195,0.2352352352352117,1.35,7.640000000000001
322,type1_HARD,1000,9.99,1.5329499528701552e-06,2.157430296087076e-07,1.3681586444889377e-07,2.4179536512770912e-06,2.2811377868281976e-06,0.00820403338726848,0.00045982170520702154,2.3964806128293543e-09,1171.8749999999998,1081.1945799731257,2.6401592266626244e-10,1.46791363180873e-09,2.7016369538421836e-05,0.0,3.19,1.46791363180873e-09,0.0006435003605588533,0.001223746136313042,3190000.0,3596.463939257179,0.31931931931928736,3.19,6.800000000000001
323,type2_HARD,1000,9.99,0.002001782369474864,4.3885730834534476e-05,0.0019792751416899,0.0021630362382238,0.0001837610965339004,0.4024021818999773,0.0947362271143647,0.004009058612111282,390.62499999999994,597.5798542169588,5.184615864483164e-05,0.00015408311586480013,0.10080216454333503,0.0,0.0,0.0001837610965339004,0.9999999945581518,1.1813898612950315,0.0,2189.81159396777,0.0,0.0,9.99
324,type0_Step_Response,1000,9.99,1.0612964814157676e-06,1.5552056406155157e-07,-2.1686787891949715e-10,1.110018252635664e-06,1.1102351205145834e-06,0.002914780665310274,0.0001309013992366051,1.1505368673115116e-09,390.62499999999994,269.3472349525082,2.4742878076825127e-10,1.404864336434672e-09,2.678042499064768e-05,0.0,3.03,1.404864336434672e-09,0.0012653743744020247,0.0015909612423285887,3030000.0,2625.370055479101,0.30330330330327293,3.03,6.960000000000001
325,type5_HARD,1000,9.99,2.1031640326802513e-09,4.253386908658852e-11,2.0820738448863877e-09,2.2693690907083903e-09,1.8729524582200265e-10,1.8553276529857755e-05,1.1782807036268777e-07,4.425108078379333e-15,390.62499999999994,1978.1180008960052,3.9618716242940396e-11,8.263269871740495e-11,1.0915759752973772e-07,0.0,0.0,1.8729524582200265e-10,0.9946891914576255,0.9100665085416387,0.0,98532.89948380509,0.0,0.0,9.99
326,type0_Step_Response,1000,9.99,1.0741217579315383e-09,1.7266502788178618e-10,2.8746319590851462e-11,1.1416071053396962e-09,1.1128607857488446e-09,2.179999322118594e-06,1.338241384628992e-07,1.1835507627153562e-15,390.62499999999994,295.7526025397749,5.692722781610336e-13,2.7613436900186657e-12,3.4918073081486835e-08,0.0,3.76,3.0161099622690835e-12,0.0027077979590073844,0.0032779903075738277,3760000.0,1957.1560019082528,0.3763763763763387,3.76,6.23
327,type4_HARD,1000,9.99,48.90943239626726,1.4893402046782156,38.626262340704976,49.4825491262406,10.856286785535623,30763.27611857934,1894.3377636524087,2394350.711570309,390.62499999999994,283.9615176426342,0.012826212310262595,0.07375882538791245,1021.2131628561176,2.98,2.95,0.09678835826436227,0.008915420177855779,0.00861200971407684,0.9899325537139082,2833.68307472901,0.29529529529526577,-0.029999999999999805,7.04
328,type4_HARD,1000,9.99,37.08999154594897,0.25985415726119626,36.9664621795747,38.67277939480625,1.7063172152315502,5316.763813333835,922.9033965137057,1375734.9970616116,390.62499999999994,498.47264691056415,0.0069360745744802286,0.03272255124353762,820.9728102516933,5.76,5.64,0.034989494238480745,0.02050585549165435,0.026692182444022394,0.9791664966724831,3115.929304276066,0.564564564564508,-0.1200000000000001,4.3500000000000005
329,type4_overdamped_decay_overshoot,1000,9.99,1.0172601862874264e-06,1.5871141349219047e-08,9.949131649869697e-07,1.1635121348459508e-06,1.6859896985898112e-07,0.0008403088292255775,3.2678466108508386e-05,1.0350701797332562e-09,390.62499999999994,264.67146153539494,2.891519269425526e-10,1.4603610976726401e-09,1.6507571801449708e-05,0.0,1.95,2.037143381350005e-09,0.012082703117052122,0.018217575094666077,1950000.0,4984.039024018932,0.19519519519517564,1.95,8.040000000000001
330,type1_Damped_Osc,1000,9.99,1.140753024045547e-09,3.0908213010034976e-11,9.782373464176155e-10,1.2433204451379055e-09,2.6508309872029e-10,1.688672425374466e-06,1.0671719460252957e-07,1.3022727795005343e-15,1171.8749999999998,1100.7469186693204,3.0208670958444527e-13,1.88114849639446e-12,2.680575734922234e-08,0.0,2.81,2.2314940748452645e-12,0.008386455530537247,0.009467365329717476,2810000.0,6346.409950485507,0.2812812812812531,2.81,7.18
331,type0_HARD,1000,9.99,5.6394075486238445e-09,7.931494539993694e-10,-2.8199015309352037e-10,6.441615561454377e-09,6.723605714547897e-09,2.0130514773450956e-05,9.082808519855029e-07,3.2432003555855103e-14,0.0,266.3902748938888,1.6597511456093444e-12,9.097069194904568e-12,1.6486704221119142e-07,0.0,2.5500000000000003,9.41252851596578e-12,0.0013997145580748143,0.0020899732880892497,2550000.0000000005,2993.560608304654,0.25525525525522974,2.5500000000000003,7.4399999999999995
332,type4_overdamped_decay_overshoot,1000,9.99,0.17493620794883208,0.0031573687494287138,0.1703966959060032,0.1969887410326776,0.026592045126674402,72.06650492483091,6.056305505208127,30.61264582893689,390.62499999999994,272.43757977821537,4.475410344033985e-05,0.0002620635257850057,3.6789958781460665,4.39,4.28,0.00028383546483720656,0.010673698223451733,0.014174493693289087,0.9749428303091504,2710.077565633759,0.4284284284283856,-0.10999999999999943,5.71
333,type4_overdamped_decay_overshoot,1000,9.99,2.0127320401987338e-09,1.4913009284053708e-11,1.9924235044848504e-09,2.1716898743094547e-09,1.7926636982460432e-10,9.301463945924334e-07,5.3075199166922994e-08,4.051312663488462e-15,0.0,379.6752782402182,3.389693610820845e-13,1.7160308964757724e-12,3.9176218374502544e-08,0.0,1.57,2.1684050016188256e-12,0.012028893707287953,0.021301399064837023,1570000.0000000002,5159.844265447004,0.15715715715714143,1.57,8.42
334,type0_Step_Response,1000,9.99,2.660658539370863e-06,5.176728574113779e-07,-2.642851510120621e-10,2.8485359037481883e-06,2.8488001888992004e-06,0.004112798866803382,0.000339200832879819,7.3470890504275546e-09,390.62499999999994,298.47762681455885,1.098262858984775e-09,6.223957771004136e-09,8.208020486333817e-05,0.0,3.18,6.45720488456036e-09,0.0022666393533258373,0.002121534327571853,3180000.0000000005,1443.6945908438772,0.31831831831828644,3.18,6.8100000000000005
335,type0_HARD,1000,9.99,5.0891012226612565e-09,7.816397275849671e-10,-2.538903447887406e-10,7.989588733550673e-09,8.243479078339414e-09,3.0609151032979856e-05,1.8416717685522635e-06,2.650991191823139e-14,1171.8749999999998,1140.9763960239484,7.47974878053622e-13,5.1351050029429594e-12,8.447276290509246e-08,0.0,3.46,5.353454235768631e-12,0.0006493380824791798,0.0009557077818700665,3460000.0,3712.6846635342654,0.3463463463463117,3.46,6.53
336,type1_Damped_Osc,1000,9.99,4.548956837682487,0.04928837650549815,4.277582042208744,4.759344758241298,0.48176271603255394,4815.666389938045,203.70190483676765,20695.437655156806,1171.8749999999998,933.7200534193682,0.0009973362772639671,0.006190513896163097,104.90245214017624,1.73,1.71,0.006805262577028515,0.014125756000915896,0.020234715524307823,0.9884387350065116,9995.930008005522,0.17117117117115402,-0.020000000000000018,8.280000000000001
337,type0_HARD,1000,9.99,0.0026926226543431057,0.00024132907083083553,0.0002503792821962,0.0033810211225926,0.0031306418403964,20.60364603631,0.44587256394957925,0.007308456479109786,0.0,385.89943829900096,9.58754792887536e-07,5.299766143600226e-06,0.05691912982690883,0.45,1.28,5.499367527399962e-06,0.0017566262146892565,0.003972811007036875,2.844438123470837,6581.284950539054,0.1281281281281153,0.8300000000000001,8.71
338,type4_overdamped_decay_overshoot,1000,9.99,1.9804606947780756e-09,2.3802828231607032e-11,1.9147361734461424e-09,2.084081112286445e-09,1.6934493884030254e-10,6.886998805794013e-07,4.8503125488469016e-08,3.922791138192681e-15,390.62499999999994,326.49769333323013,4.796341376145788e-13,2.636176412370699e-12,3.2159771353935153e-08,0.0,3.19,2.636176412370699e-12,0.015475519439072388,0.019337880871317964,3190000.0,4042.9723669398463,0.31931931931928736,3.19,6.800000000000001
339,type1_Damped_Osc,1000,9.99,2.16848184236995,0.03197607866171649,1.9866350752890207,2.341900004130194,0.3552649288411731,3365.6829614685967,140.34095245869256,4703.335970294753,1562.4999999999998,1515.7354764977972,0.0004113977881111526,0.0025668859504492936,45.442043733667234,2.57,1.65,0.0025668859504492936,0.007225272584082275,0.012865798600590594,0.6420230964890675,9473.727036433156,0.16516516516514862,-0.9199999999999999,8.34
340,type1_Damped_Osc,1000,9.99,45.76784203581132,0.7806294853957396,42.096642896823774,48.15769036654606,6.06104746972229,34087.807729862616,2359.6295173016424,2095304.747008447,781.2499999999999,814.5430717093699,0.012338825747719802,0.06244638866379404,657.0641788601855,3.24,3.62,0.06343473035407499,0.010465968245744663,0.015806251209495165,1.1172836057766649,5624.078659693925,0.3623623623623261,0.3799999999999999,6.37
341,type4_overdamped_no_overshoot,1000,9.99,48.165219982359815,1.7292645852469364,47.53052347309351,57.93643879072692,10.405915317633408,16459.226939081615,2014.3326413411035,2322878.771954902,390.62499999999994,328.76356880082074,0.01417285575290527,0.07887219189155559,1263.9245731742324,2.38,2.43,0.07887219189155559,0.007579553502409793,0.008195886201458991,1.0210079743663973,1581.7183243062673,0.24324324324321892,0.050000000000000266,7.5600000000000005
342,type1_Damped_Osc,1000,9.99,9.78841817441713e-06,1.4687487272108257e-07,8.957777649240842e-06,1.0123114213508108e-05,1.1653365642672666e-06,0.007995527385641377,0.00045082222153270914,9.583470258549643e-08,1171.8749999999998,952.0346753832789,2.0816615689428253e-09,1.1941876149389205e-08,0.000132833490484117,0.0,2.5500000000000003,1.5172274171493136e-08,0.013019638804000162,0.014172930722909833,2550000.0000000005,6861.125592110087,0.25525525525522974,2.5500000000000003,7.4399999999999995
343,type4_overdamped_decay_overshoot,1000,9.99,6.131744478457378,0.09520740843089756,5.883910621883476,6.757754351478988,0.8738437295955128,3693.466496156805,210.88453805435023,37607.35479971267,390.62499999999994,307.52503587169576,0.0019449822067262664,0.01072998990982299,121.3269282233565,2.96,2.96,0.011842019902860379,0.013551644878573764,0.02042889559500534,0.9999996621622762,4226.689934437385,0.29629629629626664,0.0,7.03
344,type4_overdamped_decay_overshoot,1000,9.99,43.327557157326396,0.9754464136973711,40.7366223903646,46.97142955804652,6.234807167681922,20960.906556503996,1360.3089123330135,1878228.704927381,390.62499999999994,309.4544031374632,0.00985897861883768,0.05783983949869054,627.2110105887159,3.64,3.66,0.06572444032997993,0.010541535377493558,0.010107145282802063,1.005494229259827,3361.9173765551795,0.3663663663663297,0.020000000000000018,6.33
345,type3_Sine_Wave,1000,9.99,2.3700611873316993e-06,1.0872644150947326e-08,2.355539143731465e-06,2.387236346553054e-06,3.16972028215892e-08,0.0001279289450549567,3.3535998603302e-05,5.617308246086977e-09,390.62499999999994,372.56992376049,1.1569996483021307e-08,3.1662340006452934e-08,3.315205244257037e-05,0.0,0.0,3.1662340006452934e-08,0.9988686167686502,1.0640403826359641,0.0,4035.842213989056,0.0,0.0,9.99
346,type4_overdamped_decay_overshoot,1000,9.99,4.56550462746791e-06,9.737602447458938e-08,4.253906344157413e-06,4.98029230848873e-06,7.263859643313168e-07,0.003875521545273256,0.00016950279263183615,2.0853314593573375e-08,390.62499999999994,381.1398189993382,1.2574440194642373e-09,6.516350417159573e-09,8.620513724576343e-05,0.0,2.72,7.898647751292205e-09,0.010873884223078518,0.01291314893065323,2720000.0000000005,5335.340163821508,0.27227227227224504,2.72,7.27
347,type0_Step_Response,1000,9.99,26.204090933250757,3.9155312251199037,-0.0063487224377824,27.720073783770943,27.726422506208724,78796.71850002797,3420.4689058799527,701985.7664129636,390.62499999999994,327.88988244267324,0.013634953731858355,0.06852358666903413,545.2058500997344,2.58,2.57,0.06878820264530816,0.002480962072546578,0.003482274293812415,0.9961236449133157,2841.9360082383632,0.2572572572572315,-0.010000000000000231,7.42
348,type2_Triangle_Wave,1000,9.99,0.002033405474771437,4.8454475916863685e-05,0.0020120493034432,0.0022600166834849,0.0002479673800416999,3.312579898889995,0.529967661800512,0.00413708566106683,1562.4999999999998,3211.167086472113,4.389376517232548e-05,0.00024444068579109997,0.43845472071302366,0.0,0.0,0.0002479673800416999,0.9999999959672116,0.9058763599416562,0.0,13358.934086306006,0.0,0.0,9.99
349,type1_HARD,1000,9.99,38.01149027854022,9.304915251662194,-3.713428359980568,41.56951966300052,45.28294802298109,180139.82682452933,5421.453197695957,1531454.8410361733,390.62499999999994,383.5190082090555,0.01114626052912125,0.058423849268173456,1054.081183445813,2.4,2.34,0.07288558559096003,0.00160955919994363,0.0011978895269496332,0.9749995937501692,3978.094066073269,0.23423423423421078,-0.06000000000000005,7.65
350,type4_overdamped_decay_overshoot,1000,9.99,0.001685480193139702,4.2486272548869534e-05,0.001545958320863,0.0019161620657917,0.0003702037449286998,2.063704545589989,0.08361339804131157,0.002842648564821343,390.62499999999994,389.9427106170605,3.3185378655871825e-07,1.923389954399963e-06,0.037707251455140686,1.08,2.43,2.156992413200132e-06,0.0058265007767251565,0.007810847100464242,2.2499979166685957,5574.510167132271,0.24324324324321892,1.35,7.5600000000000005
351,type0_HARD,1000,9.99,3.4343912724802587e-09,5.678965828085311e-10,4.030291478424599e-11,3.718075979430767e-09,3.677773064646521e-09,4.807876436132876e-06,4.2590002270756373e-07,1.2117549941254176e-14,390.62499999999994,314.2347964152967,4.097321188645849e-13,2.3801404336353215e-12,4.584580357000785e-08,0.0,1.86,2.3801404336353215e-12,0.0006469930033218888,0.0007202224995654176,1860000.0000000002,1306.9238987142705,0.18618618618616756,1.86,8.13
352,type3_Sine_Wave,1000,9.99,2.3759619071633717,0.028220795892982636,2.336827815929548,2.4179157027258094,0.08108788679626144,203.2486784650178,79.29343217924661,5645.991397612241,390.62499999999994,432.00202327243943,0.028271107872895652,0.08066905384586232,77.98932750473075,0.0,0.0,0.08075060455006788,0.995840534751672,1.0017827980154077,0.0,2506.523310604785,0.0,0.0,9.99
353,type1_HARD,1000,9.99,16.089245480506317,2.1806732693357844,0.0599739724655479,21.167730449873424,21.107756477407875,66386.36333344596,3244.7106103963242,263619.1560395886,0.0,653.5006568325371,0.0032964928839836326,0.01775390617407524,363.79638131625364,2.86,2.84,0.020048555490184583,0.0009498193477664039,0.0015116858313149342,0.993006645801872,3145.1169812622056,0.2842842842842558,-0.020000000000000018,7.15
354,type4_overdamped_decay_overshoot,1000,9.99,29.619964526656506,0.6314279006791363,27.915792997508305,33.036388609284906,5.120595611776601,21213.602545879694,1000.6850092659595,877740.9997541459,390.62499999999994,307.3714571790327,0.005124173035601774,0.025783886406642864,403.29418184290057,3.59,3.5700000000000003,0.027248050612058705,0.005321265860047015,0.00811521478553976,0.9944286923596958,4142.799813577829,0.3573573573573216,-0.019999999999999574,6.42
355,type0_HARD,1000,9.99,6.065240084682638e-09,9.593174849975387e-10,4.41858251824385e-10,6.332526940284327e-09,5.890668688459942e-09,7.751896990296273e-06,7.471748712730268e-07,3.770742732186306e-14,390.62499999999994,301.7577731106478,2.1264641167078962e-12,1.1739353033178664e-11,1.751082890938686e-07,0.0,1.0,1.3779394872012227e-11,0.0023387932350985787,0.002214334477845466,1000000.0,1315.7387830513917,0.10010010010009007,1.0,8.99
356,type0_Step_Response,1000,9.99,26.289350071780806,3.912883117926607,-0.0083178039210452,27.45983946375322,27.468157267674265,73279.50440169538,3355.32465731388,706440.5814911965,390.62499999999994,273.5009593719101,0.013317969140838304,0.06855399595581702,704.0299071599835,1.75,1.72,0.09337763983510783,0.003399486864923238,0.0034036204863415248,0.9828565812248108,2667.7983414610508,0.17217217217215494,-0.030000000000000027,8.27
357,type0_Step_Response,1000,9.99,28.149964471240892,5.085104744773269,-0.0039248319145138,30.102889854366246,30.10681468628076,49704.276440621135,3681.3739647293896,818278.7899974401,390.62499999999994,329.661878197557,0.012634931001042422,0.07957087998167722,801.541813244271,3.22,3.11,0.0884889097695627,0.0029391654577753416,0.002484694344600623,0.9658382093670156,1650.9310917992598,0.31131131131128015,-0.11000000000000032,6.880000000000001
358,type0_Step_Response,1000,9.99,7.1025425097155206e-09,1.5730270750716003e-09,-6.872949918558895e-14,7.88475654152478e-09,7.884825271023965e-09,1.2138561396055722e-05,8.83655053262996e-07,5.2920524281224366e-14,390.62499999999994,383.943529280482,3.736015275410762e-12,1.8087597034096296e-11,1.534513768978611e-07,0.0,3.9,1.8857975147369516e-11,0.00239137623511164,0.002373539397497858,3900000.0,1539.288657670137,0.3903903903903513,3.9,6.09
359,type4_overdamped_decay_overshoot,1000,9.99,2.012843044965705e-06,3.6820547018510304e-08,1.961938962771793e-06,2.4735257669310584e-06,5.115868041592654e-07,0.0036798756583564986,9.071418100869834e-05,4.052892876349552e-09,0.0,304.5431630173105,3.4298317665451763e-10,1.927061787709457e-09,3.832207335529638e-05,0.0,1.35,2.1202815151507564e-09,0.004144511456122748,0.009314741080327205,1350000.0000000002,7193.048052433429,0.13513513513512163,1.35,8.64
360,type5_Square_Pulse_Wave,1000,9.99,16.648082687113096,0.344587461665029,16.48326155891741,17.54637350417493,1.0631119452575213,105119.34763225204,785.4832494414255,277277.3976756915,390.62499999999994,1384.7628445244939,0.3598810946456025,1.0598545621271533,1124.8860437769301,0.0,0.0,1.0631119452575213,0.9999999999990593,1.0443824418498313,0.0,98878.90743875493,0.0,0.0,9.99
361,type3_Sine_Wave,1000,9.99,1.1925543192680122e-09,1.641922475487827e-11,1.1703458054830675e-09,1.217198827485164e-09,4.685302200209649e-11,1.0897376258532165e-07,4.0981084875013445e-08,1.4224553953463434e-15,390.62499999999994,389.14344313518694,1.6832706717181427e-11,4.6763822548182826e-11,3.953627725675823e-08,0.0,0.0,4.685302200209649e-11,0.9791026781974983,0.9663292686126811,0.0,2277.2597847748757,0.0,0.0,9.99
362,type5_HARD,1000,9.99,0.12639889974107835,0.00917214917749808,0.1043394345164448,0.1549372185834827,0.050597784067037896,2971.55129703813,16.187528098694187,16.06081017628945,390.62499999999994,1505.2352199073578,0.00862491582164472,0.020863917697395304,19.959791463895545,0.0,0.0,0.050597784067037896,0.9999999999802364,0.9403374992922903,0.0,58728.88213923243,0.0,0.0,9.99
363,type0_Step_Response,1000,9.99,5.548587521428515,0.9473377544399825,-0.0003592573794171,5.865016866737257,5.865376124116674,9811.965167779199,674.6100417338744,31684.272303939622,390.62499999999994,307.66252650309093,0.003315068533081036,0.016828488844418565,122.03174575431945,2.27,2.27,0.018072471086441944,0.003081212645874535,0.0034993522822673053,0.9999995594715596,1672.8620569503903,0.22722722722720448,0.0,7.720000000000001
364,type2_Triangle_Wave,1000,9.99,6.848462703860768e-09,2.710938443529587e-10,6.719626630507449e-09,7.783049743087294e-09,1.0634231125798448e-09,6.466582921534782e-06,1.519969241410113e-06,4.6974933278618006e-14,781.2499999999999,1491.1967097978657,2.8546674668806757e-10,1.0628360412314628e-09,1.748941787029356e-06,0.0,0.0,1.0634231125798448e-09,0.9990605239700439,1.049148125224625,0.0,6075.1996505052475,0.0,0.0,9.99
365,type5_HARD,1000,9.99,2.2881908751574363e-06,8.05794093882653e-08,2.2550100333170147e-06,2.588279107443596e-06,3.3326907412658113e-07,0.033165952134135354,0.00016697810038911212,5.242310522371116e-09,390.62499999999994,1920.8367817644553,1.257440070093987e-07,3.33045086823739e-07,0.00021565001511872443,0.0,0.0,3.3326907412658113e-07,0.9999969994305592,1.5604786320148734,0.0,99516.74245296448,0.0,0.0,9.99
366,type0_Step_Response,1000,9.99,11.657284170284713,2.5222746836942953,0.6759528061092411,13.110359807867528,12.434407001758288,12084.267067891607,1395.0981616964693,142254.1438067757,390.62499999999994,358.8836085225093,0.006339066995103403,0.03012576001166778,358.0095243274577,6.54,6.46,0.03716864581389068,0.002989177192658392,0.002513234199304677,0.9877674330630836,971.8410428564755,0.6466466466465819,-0.08000000000000007,3.5300000000000002
367,type5_Square_Pulse_Wave,1000,9.99,47.29655250649103,2.240825426765983,46.2046357348376,51.983434997906784,5.778799263069182,575724.1051112281,5137.591554063267,2241985.1775925034,390.62499999999994,1518.4258402461232,1.8119156370054206,5.77634265790735,7499.3881883534295,0.0,0.0,5.778799263069182,0.9999999999998269,0.8085929476530509,0.0,99626.94305552937,0.0,0.0,9.99
368,type0_Step_Response,1000,9.99,21.28459013120669,4.392903039406777,-0.0055459765767215,23.437573121000344,23.443119097577068,32377.423986290007,2720.5409522128307,472331.3741670907,390.62499999999994,341.0553926164714,0.010914525038926657,0.061642518201995955,613.7409235230214,5.11,5.14,0.061642518201995955,0.002629450370721544,0.0024845813670401617,1.0058706446437093,1381.1056392080077,0.514514514514463,0.02999999999999936,4.8500000000000005
369,type1_Damped_Osc,1000,9.99,3.156469911199365e-06,4.6319169129364646e-08,2.870630496598342e-06,3.2703657707174523e-06,3.997352741191102e-07,0.0029433104559110673,0.00017718552396904562,9.965447765735761e-09,1171.8749999999998,1203.0878031405007,6.193145437910465e-10,3.1172775695791656e-09,6.634610939704912e-05,0.0,2.38,3.4755902407253003e-09,0.008694708150728578,0.013370299708133672,2380000.0,7363.130760142232,0.23823823823821438,2.38,7.61
370,type0_Step_Response,1000,9.99,28.399745822394173,4.301617869869031,-0.7654991228289671,29.993275847550237,30.758774970379203,199224.99544723638,7392.750377247954,825049.4790749718,390.62499999999994,737.2735079532035,0.012888834087273753,0.0761673483782026,694.2915999130288,3.26,3.23,0.09552968478524804,0.003105770138025338,0.0029962759308657916,0.9907972420867356,6477.013328361881,0.32332332332329095,-0.029999999999999805,6.76
371,type4_overdamped_decay_overshoot,1000,9.99,17.692678697167175,0.30265879069857743,16.983031307900795,19.83616872818848,2.853137420287684,10380.468925863794,692.8361329377901,313122.48182478023,390.62499999999994,292.0708248696414,0.005859242963767517,0.03191958413125917,406.93945823391493,2.94,2.94,0.0367801325216881,0.01289111847895733,0.01935923602359024,0.9999996598640613,3638.2646177671613,0.29429429429426485,0.0,7.050000000000001
372,type0_HARD,1000,9.99,0.6176032039350833,0.08112247382915655,0.0299550730077524,0.8673151288018232,0.8373600557940708,2861.432669642261,140.11064137154207,388.0145732710421,1171.8749999999998,852.8880553082424,0.00013641373265026025,0.0008578949076710751,16.023947718662292,3.02,2.79,0.0008578949076710751,0.0010245233239081443,0.0016815775728913937,0.9238407536951146,3417.207030403832,0.27927927927925134,-0.22999999999999998,7.2
373,type0_Step_Response,1000,9.99,26.892709541831092,3.0957636098386874,0.0021444154201385,28.030833917786445,28.02868950236631,158137.28938279927,4085.0568592979234,732801.5788292948,390.62499999999994,460.8235099374649,0.012747387649153424,0.07513309457426587,584.9504459268661,2.43,2.42,0.0766836140747742,0.0027358972337360793,0.0041176876711893195,0.995884363833595,5641.979421458252,0.242242242242218,-0.010000000000000231,7.57
374,type1_HARD,1000,9.99,6.449342041353473e-09,1.7513293769008954e-09,-3.175800868318931e-10,7.131361456378243e-09,7.448941543210136e-09,0.00015208886406908994,8.685634454519861e-07,4.4661167352765464e-14,390.62499999999994,562.5705177301171,2.1514271234741965e-12,1.2394739169651924e-11,1.550111853182475e-07,0.0,1.78,1.4497861393287185e-11,0.0019460369332025848,0.0012277526998258344,1780000.0,20414.772812238167,0.17817817817816034,1.78,8.21
375,type5_Square_Pulse_Wave,1000,9.99,0.1450331568975796,0.011403414935139652,0.1414294937247188,0.1878961238623563,0.046466630137637494,4641.7170437344585,36.3336081484492,21.16465447186091,390.62499999999994,2217.030790917269,0.0029278739188268415,0.04646263288363389,40.22230809085781,0.0,0.0,0.046466630137637494,0.9999999999784792,0.2567541333208736,0.0,99893.5586653361,0.0,0.0,9.99
376,type1_HARD,1000,9.99,2.289544058230859,0.412718470891275,-0.1224713703521902,2.5348585015904037,2.657329871942594,3566.146599346831,402.2112221305023,5412.348530795063,390.62499999999994,424.16269337702454,0.00042172126999831544,0.002423185401016603,47.02998953752551,3.77,3.75,0.0024569249485026923,0.0009245841001688195,0.0010218134145694446,0.9946946963674546,1342.0037297584438,0.37537537537533777,-0.020000000000000018,6.24
377,type2_HARD,1000,9.99,0.015660768020875675,0.00043437915341040594,0.0154767318709151,0.0179050636018553,0.0024283317309402013,12.410310132620129,1.636757770779502,0.24544834025259973,390.62499999999994,1007.5078678107031,0.0004017017447800407,0.0017206658059446978,1.6182911750861366,0.0,0.0,0.0024283317309402013,0.9999999995881946,0.9247721505542339,0.0,5110.632113967589,0.0,0.0,9.99
378,type4_overdamped_decay_overshoot,1000,9.99,0.1569552258934626,0.0019186411605034508,0.1525527813234928,0.1727096035307224,0.020156822207229613,90.11777020218047,4.015823494098481,24.638624119170665,390.62499999999994,287.6434151319891,3.196168756739449e-05,0.00015972310769210574,2.0026682870444428,2.81,2.75,0.00020326338925241716,0.010084098929514243,0.016658501969356924,0.9786473385596659,4470.8322210327005,0.2752752752752477,-0.06000000000000005,7.24
379,type0_HARD,1000,9.99,2.5394489037146093e-06,3.325882077575428e-07,7.854997623470853e-08,3.702062136143761e-06,3.6235121599090526e-06,0.013193504649881243,0.0006216774059532469,6.559415650516705e-09,1171.8749999999998,1030.6624496003585,7.999018551043394e-10,4.2503230877022235e-09,4.755982566414125e-05,0.0,1.98,4.642519985234101e-09,0.0012812206773800223,0.0024050745978729023,1980000.0,3641.0809255105314,0.19819819819817835,1.98,8.01
380,type4_overdamped_no_overshoot,1000,9.99,0.11419511084013638,0.004787651477001993,0.1126987819882551,0.1450786159982907,0.032379834010035594,66.11826569973833,5.18755084380541,13.063444946456274,390.62499999999994,292.6279218719616,1.8989725158008383e-05,0.0001166130082955047,2.2524668337797906,1.97,2.05,0.0001292072706380043,0.0039903623531228815,0.003966396728178984,1.0406086088281172,2041.9581421326654,0.20520520520518465,0.07999999999999985,7.94
381,type1_HARD,1000,9.99,1.0142831914449328e-09,1.217405773554858e-10,-4.523613369770809e-11,1.2468325932273455e-09,1.2920687269250537e-09,5.39043308116568e-06,1.7965003974264782e-07,1.0435911606225653e-15,0.0,457.8971608874299,2.1892742976435756e-13,1.2030358706443336e-12,1.4632392619981354e-08,0.0,1.94,1.4176902921765593e-12,0.0010963765982863558,0.0017836597682793346,1940000.0,4168.7135176366455,0.19419419419417475,1.94,8.05
382,type3_Sine_Wave,1000,9.99,9.57425714478726,0.11473234293874428,9.416688401044803,9.746913915268712,0.33022551422390833,912.6975902024269,322.9320200121385,91679.56338502612,390.62499999999994,431.9454281627872,0.11377881686378907,0.3279415318234733,322.5685107387906,0.0,0.0,0.3291599067410296,0.9967730916056565,0.9916891257380145,0.0,2763.8615155000152,0.0,0.0,9.99
383,type1_HARD,1000,9.99,2.328569775663014e-09,2.813505057930649e-10,-3.386474966700083e-11,3.117901729032993e-09,3.1517664786999936e-09,1.3955606919058944e-05,4.833531564946326e-07,5.501395307241314e-15,0.0,836.5556726042945,7.406427033440825e-13,3.8868636914379775e-12,3.1687168123300096e-08,0.0,1.98,3.8868636914379775e-12,0.0012328422411547208,0.0026231321996883572,1980000.0,4426.463873345094,0.19819819819817835,1.98,8.01
384,type4_overdamped_no_overshoot,1000,9.99,19.363709029506417,0.8708064070022847,19.05577426454962,24.498941165498223,5.443166900948604,8967.126813998404,789.1809636837452,375711.5311778645,390.62499999999994,313.22214241584584,0.004593711335355935,0.03076564652002034,327.3948630912869,2.37,2.31,0.03887599381926776,0.007142164575641715,0.00527523832899246,0.9746831330450915,1647.409858484041,0.2312312312312081,-0.06000000000000005,7.68
385,type4_HARD,1000,9.99,34.509153899910075,0.32289477060949845,34.35840927164882,35.58935452593458,1.2309452542857642,4083.403860214218,835.4169750831873,1190985.9639205658,390.62499999999994,504.2118551125039,0.008122126822042709,0.05237677060823387,745.835370641875,2.23,1.65,0.05237677060823387,0.042550040650331016,0.025154098366740877,0.739909982103147,3317.291200395609,0.16516516516514862,-0.5800000000000001,8.34
386,type1_Damped_Osc,1000,9.99,3.0871030545245124e-06,3.309653886681235e-08,2.882602778070741e-06,3.2327293561858786e-06,3.501265781151375e-07,0.0021734999990773323,0.00015957227068336398,9.531300650139537e-09,1562.4999999999998,1663.4956612648064,4.4037222223601397e-10,2.277134643899859e-09,4.9026637103812436e-05,0.0,1.95,3.313000666392343e-09,0.009462267109113243,0.013305286051875751,1950000.0,6207.737221895126,0.19519519519517564,1.95,8.040000000000001
387,type0_HARD,1000,9.99,40.59407066237616,10.515116080576396,-0.5211750651860313,50.20859283778811,50.72976790297414,2967509.0951771108,6452.629700028302,1758446.2391299848,390.62499999999994,1173.490586105296,0.009212439834629556,0.049295020079334506,531.7108812955105,3.71,3.7,0.056134150128571036,0.0011065327607240826,0.0008761139452988036,0.9973043133950638,58496.40591403289,0.3703703703703333,-0.009999999999999787,6.29
388,type0_HARD,1000,9.99,30.415243115667558,4.349134187074737,-0.834212039672646,36.560575642559584,37.39478768223223,101598.02690717434,4847.192984145176,944001.9819623453,0.0,359.12581373865686,0.00341622284738891,0.018559785945235774,370.95952715353053,2.96,2.85,0.02245707965603927,0.0006005403706760162,0.0007854949285172328,0.9628375125548944,2716.903429711006,0.2852852852852567,-0.10999999999999988,7.140000000000001
389,type0_Step_Response,1000,9.99,1.504953682473545e-06,2.2971968361920206e-07,-5.66850886971867e-10,1.5721036484932483e-06,1.5726704993802202e-06,0.004267663455927547,0.00018821325147864702,2.3176567194327906e-09,390.62499999999994,282.49727312113987,6.724715346769243e-10,4.3522088220653525e-09,3.7466200932851714e-05,0.0,1.63,4.353867797582907e-09,0.002768453424188547,0.0029273443038836285,1630000.0,2713.6394711860717,0.1631631631631468,1.63,8.36
390,type4_overdamped_decay_overshoot,1000,9.99,10.225392370076428,0.10064121116096299,10.090809481760994,10.893027229101689,0.8022177473406948,2228.0467640703346,328.9219527088075,104568.77777540116,390.62499999999994,349.6086469463903,0.0023408145817140976,0.013766975802367298,266.57709153006357,5.49,4.88,0.014413893442629444,0.01796755742489205,0.023259006471484125,0.8888887269783738,2777.359104125286,0.48848848848843957,-0.6100000000000003,5.11
391,type4_HARD,1000,9.99,37.158698554906,0.46199001446871907,36.94875887338576,39.309846978515615,2.361088105129852,4095.25135045925,635.6952056159345,1380982.3130678425,390.62499999999994,386.5624428288062,0.004388573740548575,0.026467723117640674,471.2050299958909,3.8,3.7,0.02818885493577028,0.011938925478686467,0.00949928267515882,0.9736839542936963,1734.4762957214127,0.3703703703703333,-0.09999999999999964,6.29
392,type1_Damped_Osc,1000,9.99,3.2666353732635096e-09,2.454278141402837e-11,3.0828341061040853e-09,3.3498068745532462e-09,2.6697276844916094e-10,2.144623051468141e-06,1.3839466903270085e-07,1.0671509009975966e-14,1953.1249999999998,1699.642234487033,8.56399942538874e-13,4.603231624384903e-12,6.931071967820834e-08,0.0,1.39,5.486871021228565e-12,0.020475479851862332,0.03352806135938391,1390000.0,8003.138019880603,0.1391391391391252,1.39,8.6
393,type2_Triangle_Wave,1000,9.99,1.502484225366787e-09,7.91538803696503e-11,1.4600603686482426e-09,1.7486797179583867e-09,2.8861934931014417e-10,1.5140563821084348e-06,4.2044932124605906e-07,2.2637241842536067e-15,781.2499999999999,1265.451207460719,8.294292730232993e-11,2.850560905206649e-10,4.7628352989136153e-07,0.0,0.0,2.8861934931014417e-10,0.9965471920215899,1.0347961560914734,0.0,5227.745955906696,0.0,0.0,9.99
394,type4_overdamped_decay_overshoot,1000,9.99,2.6286684443667206e-09,3.8182907893488227e-11,2.589768504207501e-09,2.9297093616788423e-09,3.399408574713412e-10,9.453274442151475e-07,7.203314150980249e-08,6.911355724864556e-15,390.62499999999994,264.74132618024186,5.112046687047306e-13,2.7697157757143177e-12,4.350489808287725e-08,0.0,3.28,3.2476520597976395e-12,0.009525558432288013,0.013046624055936573,3280000.0,2772.702137333628,0.32832832832829545,3.28,6.710000000000001
395,type1_HARD,1000,9.99,26.54446665117182,3.7628789324106573,-0.0035358985874534,33.29821084793895,33.3017467465264,91541.09815636814,4741.311621374222,718767.9676551528,0.0,440.2008038891167,0.006720931057138618,0.0383190808963505,622.4934332369519,2.22,2.16,0.05411287790947128,0.00162492611337614,0.001786114083886064,0.9729725346970564,2748.8377367446574,0.21621621621619458,-0.06000000000000005,7.83
396,type1_HARD,1000,9.99,0.004668583179382269,0.0006217256543623222,6.537721568596496e-05,0.007083950990799,0.007018573775113035,28.212415846020015,1.3562363179822765,0.022182211692103312,1171.8749999999998,1193.116811562004,1.2150544481670859e-06,6.19908849659994e-06,0.10437605383470268,1.7,2.2,8.95613946789997e-06,0.0012760625952784358,0.0019543257346505837,1.2941168858135967,4019.67931747586,0.2202202202201982,0.5000000000000002,7.79
397,type4_HARD,1000,9.99,1.3735888545296765e-06,1.845686842350495e-08,1.363133136807007e-06,1.4407894882890322e-06,7.765635148202514e-08,0.00011226894218489961,2.8503585622248897e-05,1.887086997280151e-09,390.62499999999994,455.6526033469107,2.9812972891003467e-10,1.6887719528984594e-09,2.669141276262992e-05,0.0,3.34,2.012642321601315e-09,0.025916958062459406,0.016151904546593522,3340000.0,1445.6962546667048,0.3343343343343008,3.34,6.65
398,type4_overdamped_decay_overshoot,1000,9.99,32.68571792759382,0.2549743529656621,31.91972160125914,33.88557691480064,1.9658553135414962,9304.319154350082,714.9325071088053,1068421.1683628983,390.62499999999994,380.6358728875378,0.008590898587192912,0.05003732204227873,585.4576849876571,2.9,2.88,0.05616025739283259,0.028567848816722474,0.03369318712739776,0.9931031058265152,4732.9623346407825,0.2882882882882594,-0.020000000000000018,7.11
399,type0_Step_Response,1000,9.99,1.3019148603933326e-06,3.0981621026385846e-07,-3.954271690181919e-11,1.4528642174440742e-06,1.452903760160976e-06,0.0011740671326378464,0.00016282984159535108,1.7909683878552498e-09,390.62499999999994,378.28680993949894,7.483110878567701e-10,3.958590560988661e-09,3.406577536020523e-05,0.0,5.21,4.1457508450416084e-09,0.0028534223018047487,0.00241533092115659,5210000.0,808.0826526494169,0.5215215215214692,5.21,4.78
400,type1_HARD,1000,9.99,3.143761297115675e-09,3.8885927139856725e-10,1.3783954040292462e-10,4.455404256948182e-09,4.317564716545258e-09,1.6373710499540987e-05,7.342959177378594e-07,1.0034446626195057e-14,1171.8749999999998,992.9293244195827,5.906448994650475e-13,3.191696649289025e-12,6.543852878733436e-08,0.0,3.79,3.2648509597811207e-12,0.0007560037128245048,0.0015150207851827892,3790000.0,3791.47044776477,0.3793793793793414,3.79,6.2
401,type4_overdamped_decay_overshoot,1000,9.99,5.4080412032698755,0.08326669743432939,5.279391264857786,6.204557702670921,0.925166437813135,3845.3059091168025,229.631844380576,29253.842999166292,390.62499999999994,282.6161272443764,0.0017309219771816508,0.00995683988986329,150.94969608882184,2.44,2.41,0.012725094967390937,0.013754384559664923,0.020787686199828005,0.9877045132358553,4156.3396076083345,0.2412412412412171,-0.029999999999999805,7.58
402,type2_Triangle_Wave,1000,9.99,0.40698968610030467,0.007204386304005839,0.40373874589671,0.433917671132283,0.03017892523557303,204.88906725791844,41.12790381825197,165.69250777404184,781.2499999999999,1422.5979709838293,0.006052678511697467,0.030019746724428698,30.257064400776724,0.0,0.0,0.03017892523557303,0.9999999999668643,0.8401379736525055,0.0,6789.143935769419,0.0,0.0,9.99
403,type2_HARD,1000,9.99,15.663754727292872,0.20896654568553596,15.582768838910551,16.823222972250655,1.2404541333401031,5574.577079417153,715.6562396182013,245396.87917400547,781.2499999999999,984.7080089917122,0.17952979179593112,0.6284362416530289,632.9700438220335,0.0,0.0,1.2404541333401031,0.9999999999991938,0.8591317390355776,0.0,4493.980816849954,0.0,0.0,9.99
404,type2_HARD,1000,9.99,6.786520486093843e-09,1.2326808143348002e-10,6.724997879262942e-09,7.410951874037392e-09,6.8595399477445e-10,3.739299588518439e-06,5.302102514342334e-07,4.60720553280717e-14,390.62499999999994,926.4768640179617,1.5087155960928746e-10,6.853779955621468e-10,6.852941954748626e-07,0.0,0.0,6.8595399477445e-10,0.9985442984426806,1.2140813463032993,0.0,5443.304234290356,0.0,0.0,9.99
405,type0_HARD,1000,9.99,1.2202383167820796e-06,1.1326404089032623e-07,-2.161199886456213e-08,1.501133987417997e-06,1.5227459862825592e-06,0.011710703743568782,0.00022672792750941983,1.5018102927019686e-09,0.0,293.7614878083715,3.008761674126008e-10,2.051151399426527e-09,3.356316376715883e-05,0.0,0.98,2.12555375248776e-09,0.0013958679752023786,0.002656390401200112,980000.0,7690.511850663915,0.09809809809808827,0.98,9.01
406,type0_Step_Response,1000,9.99,5.7859942980193776e-09,8.725222409015632e-10,-5.542701561130471e-13,6.029991560493689e-09,6.030545830649802e-09,1.4429854287819335e-05,7.250856370367839e-07,3.423902507758063e-14,390.62499999999994,266.2900758494964,3.2246190458737475e-12,1.6189577044730495e-11,1.4716679543594447e-07,0.0,1.72,1.8139307072047117e-11,0.0030074059919881096,0.003691513386706233,1720000.0,2392.3973543387215,0.17217217217215494,1.72,8.27
407,type0_Step_Response,1000,9.99,35.95772097444591,5.978375214061043,-0.0002338146288464,38.5697767690852,38.57001058371405,126699.77704427509,5167.983942340769,1328698.6678762063,390.62499999999994,478.7629431090054,0.02493007196275304,0.12196771701475484,1090.162016423301,3.21,3.2,0.12196771701475484,0.003162242249066216,0.004170041369118776,0.9968844246465967,3284.9297971872998,0.3203203203202883,-0.009999999999999787,6.79
408,type0_Step_Response,1000,9.99,27.48577503550967,5.058866065014941,-0.1097783510788861,28.8431643193561,28.952942670434986,55117.64348733656,3498.3338809152424,781059.9551664063,390.62499999999994,275.0478169138878,0.014053894995661956,0.07184140181375298,657.276822991568,1.66,1.66,0.08428645246199906,0.002911153226164622,0.0027780721638096324,0.9999993975907244,1903.6974622830826,0.16616616616614951,0.0,8.33
409,type0_Step_Response,1000,9.99,5.302479811820551e-06,1.4948493192215787e-06,1.1734298606950651e-09,6.274743276244212e-06,6.2735698463835175e-06,0.010527957374605254,0.00103199470087847,3.035086664194172e-08,390.62499999999994,589.6173356055633,2.749125115277561e-09,1.4145679034013243e-08,0.00012985899168923648,0.0,6.890000000000001,1.4145679034013243e-08,0.002254805019404173,0.0018390638045347092,6890000.000000001,1678.1443347649822,0.6896896896896206,6.890000000000001,3.0999999999999996
410,type0_Step_Response,1000,9.99,35.56053767454067,5.179625261885799,0.0017169832074379,37.9240617125726,37.922344729365165,84477.45522276724,4665.371616981637,1291380.3575559915,390.62499999999994,289.94138889053966,0.0050918303040901535,0.03058436605208925,550.5324256699414,2.47,2.44,0.03523672864237426,0.0009291811699366724,0.0009830499402258563,0.9878538510713152,2227.6432490037964,0.24424424424421978,-0.03000000000000025,7.550000000000001
411,type1_HARD,1000,9.99,0.08608158003917447,0.00688166392979392,0.0101583821385677,0.1052012076689759,0.09504282553040819,770.1947132682601,13.292240626427798,7.457395720483428,0.0,261.2326351845957,2.524744798078493e-05,0.00011570189450889334,2.160917892259866,1.51,1.52,0.00015372034014439484,0.0016173797368176502,0.0036687999057623544,1.0066218499193047,8103.659681432122,0.15215215215213693,0.010000000000000009,8.47
412,type4_overdamped_decay_overshoot,1000,9.99,42.35977091633777,0.6267597866977481,40.69871307640478,45.14581327240645,4.447100196001671,16743.341874600046,1107.007776670528,1794743.019914837,390.62499999999994,311.3541498179755,0.008229297980040571,0.04396348874314526,620.7244852498085,3.52,3.47,0.05556831947973251,0.012495405327201928,0.013129907429743863,0.9857951744900073,3765.002166951399,0.3473473473473126,-0.04999999999999982,6.52
413,type4_HARD,1000,9.99,0.0013388658083040709,4.651924870974674e-05,0.0010691698692868,0.0013553899711262,0.0002862201018394002,0.5181832006700016,0.05476662435701674,0.0017947256931462323,390.62499999999994,318.6423787190279,3.750889857687061e-07,1.9837165820999706e-06,0.03219681732843309,0.6,2.11,2.405717138300161e-06,0.008405129878840213,0.008063091905158505,3.5166608055653237,1810.4360788408956,0.21121121121119005,1.5099999999999998,7.880000000000001
414,type0_Step_Response,1000,9.99,31.49640912628427,4.024731959374044,-0.0119427930278531,34.50579363300345,34.517736426031306,103091.6012145429,4404.569536221085,1008222.2551950901,390.62499999999994,245.28464552671528,0.013986608300078095,0.07111200234822945,861.1905038778721,2.11,2.11,0.09630325079662327,0.002789964255129837,0.0034751651641044736,0.9999995260665753,2986.6269312142413,0.21121121121119005,0.0,7.880000000000001
415,type0_Step_Response,1000,9.99,22.064917985468462,3.9460241167956345,-0.0034323276586453,23.81892213322605,23.822354460884696,53719.23721788765,2861.4932411133523,502431.7120357824,390.62499999999994,343.186365030106,0.014529524428967775,0.07200103061324015,695.6005297643055,2.86,2.85,0.07381978753237206,0.0030987611931296696,0.003682066809252747,0.9965031480758224,2254.9927760536902,0.2852852852852567,-0.009999999999999787,7.140000000000001
416,type4_overdamped_decay_overshoot,1000,9.99,2.2729457596877185e-09,3.496628755421287e-11,2.211515149553862e-09,2.4802252872842127e-09,2.687101377303506e-10,6.600038540978438e-07,5.982070509307203e-08,5.167505067747702e-15,390.62499999999994,281.7354554916502,3.008108617963837e-13,1.5924016996308882e-12,3.5873087505148524e-08,0.0,5.21,1.780281733134022e-12,0.006600722346276441,0.008363689506262331,5210000.0,2447.085822030535,0.5215215215214692,5.21,4.78
417,type1_HARD,1000,9.99,23.446366349514733,2.460815783307333,0.8427124626231578,31.12051078410756,30.2777983214844,145757.7080681185,4739.542207365504,555787.7093150313,0.0,814.3755352382603,0.005209402917873243,0.029648463063828956,617.1740716712962,2.59,2.63,0.030367037786831474,0.00100294735648869,0.002116941444056286,1.0154436233808404,4814.012779941384,0.2632632632632369,0.040000000000000036,7.36
418,type0_Step_Response,1000,9.99,13.234468903600417,2.2684928471029453,-0.0032759021104496,14.248388986733136,14.251664888843585,55931.005840953534,2334.9448809654964,180297.22695772361,390.62499999999994,540.3146516184926,0.009177472799722268,0.05010746484405004,356.2598328434651,2.94,2.95,0.05010746484405004,0.0035159025443596693,0.0040456256282397456,1.003401019251354,3924.524346957753,0.29529529529526577,0.010000000000000231,7.04
419,type5_HARD,1000,9.99,3.0341398132351133e-06,2.570732304160778e-07,2.2434326991407745e-06,3.652825897235592e-06,1.4093931980948174e-06,0.07840425269574029,0.0005182546594187322,9.272091052054967e-09,390.62499999999994,1635.3603346691746,2.4709233199254745e-07,6.252697004586526e-07,0.0005731001034554596,0.0,0.0,1.4093931980948174e-06,0.9999992904752969,0.9611711434188697,0.0,55629.754118276585,0.0,0.0,9.99
420,type4_overdamped_decay_overshoot,1000,9.99,30.0687340939195,0.29007938667384,29.627726797638157,33.06272222005883,3.4349954224206733,16747.14283885592,934.9369874767,904212.9160614099,390.62499999999994,323.0585328091996,0.005623996694897751,0.03139014894005854,625.9604068549552,1.91,1.88,0.03163504387048022,0.009209632031526114,0.019387784700475405,0.9842926783807967,4875.448371645624,0.18818818818816935,-0.030000000000000027,8.11
421,type5_HARD,1000,9.99,7.338704302683681e-06,1.8216000406565657e-07,6.630874062015151e-06,7.746138942767763e-06,1.1152648807526114e-06,0.07129135851119268,0.0004869320324335561,5.3889763109309194e-08,781.2499999999999,2396.928870592032,6.827002928170429e-08,2.194968633743313e-07,0.0002675963344656046,0.0,0.0,1.1152648807526114e-06,0.9999991033528262,0.374778507792467,0.0,63923.19512463105,0.0,0.0,9.99
422,type4_HARD,1000,9.99,2.6903726403689516,0.12888113736605394,2.6458049921789164,3.529148518345466,0.8833435261665494,2257.058723327665,146.28762623366924,7254.715291614572,390.62499999999994,309.93066968557787,0.0009706994951302584,0.004814565314742669,75.76981477966048,1.9,1.89,0.005472467845704543,0.006195175131296026,0.0075317421537466935,0.9947363185598324,2555.131335053849,0.18918918918917024,-0.010000000000000009,8.1
423,type0_Step_Response,1000,9.99,8.654349123198914e-09,1.0920698175724532e-09,-1.2493575712850752e-12,8.946393652805484e-09,8.94764301037677e-09,2.562509303219505e-05,1.0411111096169926e-06,7.609037523266653e-14,390.62499999999994,231.7600838651679,3.8395737670708374e-12,1.811178663859107e-11,1.6974756903683862e-07,0.0,2.4,1.887965995298675e-11,0.002109779095120239,0.003512651895921858,2400000.0,2863.5730582257456,0.24024024024021617,2.4,7.59
424,type1_Damped_Osc,1000,9.99,2.2014551883118365,0.07913414253541423,1.8239818567360224,2.421530713304786,0.5975488565687637,2521.832099509735,226.35184880860643,4852.667158659919,781.2499999999999,846.5912404616321,0.00042484510093015955,0.002452029173844572,44.676440032784505,5.3100000000000005,4.05,0.0036565211809747034,0.00611920036457773,0.005368670049525886,0.7627117207699207,4220.294410713699,0.4054054054053648,-1.2600000000000007,5.94
425,type0_Step_Response,1000,9.99,8.265965650380645,1.0962629724676256,-0.0049471820636781,9.517698014118398,9.522645196182076,56530.935055219794,2275.9279019624737,69527.98063807626,390.62499999999994,771.8076137650347,0.005041651136917737,0.024959746539678918,251.59563198679908,3.6,3.59,0.027384287024940335,0.00287570170480747,0.004598943194774396,0.9972219452161262,5936.473940862447,0.35935935935932334,-0.010000000000000231,6.4
426,type5_HARD,1000,9.99,0.11793873037670326,0.002697758905893742,0.1168740244343992,0.1267360178763265,0.009861993441927286,977.2239491317391,4.280444979832369,13.916822025983036,390.62499999999994,1274.9878335582569,1.378213715227326e-05,8.644844332100776e-05,1.5318425237712945,0.0,0.0,0.009861993441927286,0.9999999998986006,0.0051087356683560394,0.0,99089.90051423869,0.0,0.0,9.99
427,type1_Damped_Osc,1000,9.99,1.0457253572023106e-06,1.6297155674452274e-08,9.718318770558066e-07,1.085680435813021e-06,1.1384855875721446e-07,0.000581111940941571,4.620296462482364e-05,1.0938071199789774e-09,781.2499999999999,631.1844608647374,2.1863089025301763e-10,1.2547821700831275e-09,2.05723662655562e-05,0.0,3.64,1.4013776865772906e-09,0.012309030459799543,0.013414455882006727,3640000.0000000005,5104.208986710253,0.3643643643643279,3.64,6.35
428,type4_overdamped_decay_overshoot,1000,9.99,3.433367016176909e-09,4.141378434876509e-11,3.289184654590026e-09,3.6381656126384205e-09,3.4898095804839463e-10,2.2373103746673174e-06,1.2529416834467805e-07,1.1789724169305618e-14,390.62499999999994,457.8675504465955,1.1234338722387734e-12,6.46920061256905e-12,9.02252800794528e-08,0.0,2.06,6.839738335090184e-12,0.01954317278640171,0.02648747074773777,2060000.0000000002,6392.663152713431,0.20620620620618557,2.06,7.93
429,type4_overdamped_decay_overshoot,1000,9.99,36.04569054818018,0.6997889320540174,35.08701861773234,40.786737702371546,5.699719084639206,13111.531270929787,1250.8574609309358,1299781.5116445918,390.62499999999994,287.39647110829594,0.012435456879916418,0.06983204346043692,713.168898703569,4.79,4.73,0.07006469125916226,0.012292656921983214,0.01777029659985926,0.9874736978134243,2300.3820146615963,0.4734734734734261,-0.05999999999999961,5.26
430,type3_Sine_Wave,1000,9.99,1.506666192044764e-09,1.1665750853189788e-11,1.4903647006588986e-09,1.5237176866168863e-09,3.33529859579877e-11,9.90446565577687e-08,2.9244806309958025e-08,2.270179103993638e-15,390.62499999999994,459.28284870497623,1.1474848739272845e-11,3.3294756706789154e-11,2.9478775515020966e-08,0.0,0.0,3.33529859579877e-11,0.970890448905287,0.9059746139237358,0.0,2883.1454907266652,0.0,0.0,9.99
431,type0_Step_Response,1000,9.99,8.978715311884435e-06,1.822498972188014e-06,-1.3410638614620884e-07,9.770668439191086e-06,9.904774825337295e-06,0.013074714743168864,0.001104899361194419,8.393883115549436e-08,390.62499999999994,337.32774528702345,4.2359793591607845e-09,2.2648399046230552e-08,0.00019447542634256604,0.0,4.47,2.268614214915629e-08,0.0022904245940754283,0.00232426854529674,4470000.0,1320.0414601734433,0.4474474474474026,4.47,5.5200000000000005
432,type5_HARD,1000,9.99,45.467407968314845,3.994066832017074,36.45466965068584,54.03090612994133,17.576236479255492,909636.0186913642,6171.042566104365,2083237.7572157988,390.62499999999994,1235.5424301844043,2.9485555870709113,8.547909878212657,7801.573380008851,0.0,0.0,17.576236479255492,0.9999999999999432,0.7382339132220029,0.0,51753.742603822975,0.0,0.0,9.99
433,type5_Square_Pulse_Wave,1000,9.99,40.4676110497857,1.4266557452329238,39.80497742556573,44.01135741474478,4.206379989179048,415797.06254006864,3279.176368616082,1639662.8906921442,390.62499999999994,1424.588918062193,1.4487930188097502,3.6812143466359117,3962.660246208091,0.0,0.0,4.206379989179048,0.9999999999997622,1.0155168993289243,0.0,98849.14430213429,0.0,0.0,9.99
434,type3_Sine_Wave,1000,9.99,49.588545691504564,0.2147431980412123,49.27370205585706,49.90448063627136,0.6307785804143009,2627.4149659634813,646.2712374912172,2459069.9784395406,390.62499999999994,386.94177333870863,0.20406287993322536,0.6172055741976763,624.4324184353816,0.0,0.0,0.6241029392494681,0.989416823314708,0.9502646965940802,0.0,4165.352229039875,0.0,0.0,9.99
435,type0_Step_Response,1000,9.99,5.997079645859246e-09,7.917042651832589e-10,4.0740251845033873e-13,6.233208423376932e-09,6.232801020858481e-09,2.2521108049553578e-05,7.452487814773514e-07,3.659175992228862e-14,390.62499999999994,313.69420280403654,3.078533708070008e-12,1.6233089950842277e-11,1.4483599538577136e-07,0.0,1.48,2.109001021815009e-11,0.0033831702596188577,0.0038835841350724994,1480000.0,3612.7409223036293,0.14814814814813332,1.48,8.51
436,type1_Damped_Osc,1000,9.99,19.414052761810943,0.404474778450563,17.335721364302458,20.92230365893322,3.5865822946307624,21672.013215144758,1386.17346931421,377069.0444847818,1171.8749999999998,1145.35089854916,0.005760052248194924,0.029820370375347238,356.48054155866413,2.5500000000000003,2.28,0.0345898542796057,0.0096442382853945,0.014240819341680427,0.8941172964245894,6042.525009835259,0.22822822822820535,-0.27000000000000046,7.710000000000001
437,type4_HARD,1000,9.99,25.022916702558447,1.291807257672405,24.417451664090304,29.857693953315,5.440242289224695,4554.179390143886,994.8316700110338,627815.1262941537,390.62499999999994,400.8691383151479,0.008381495649826596,0.043187336196119475,648.839066206737,2.64,2.63,0.044819953005823976,0.008238595015260461,0.0064881936527605485,0.9962117438591878,837.1280446761275,0.2632632632632369,-0.010000000000000231,7.36
438,type5_HARD,1000,9.99,35.54081358724918,2.2167871957246796,34.54510562699005,41.3824823357752,6.8373767087851505,680603.0311221242,2807.1611625229752,1268063.5759147247,390.62499999999994,1074.2633328212364,0.00524910583475944,0.030741912236159408,593.5729253007479,0.0,0.0,6.8373767087851505,0.9999999999998538,0.002367888918196819,0.0,99541.54350564555,0.0,0.0,9.99
439,type4_HARD,1000,9.99,0.029749318038071893,0.0007176635193382871,0.0294356781223628,0.0332962924002614,0.0038606142778985983,5.63581627900031,0.780249279738837,0.885536964657339,390.62499999999994,366.6259106869802,8.870161355532962e-06,4.876268959319932e-05,0.5428706714754375,2.13,2.4,6.39113014727008e-05,0.016554697479628597,0.012359777394497925,1.1267600343849604,1459.823715050902,0.24024024024021617,0.27,7.59
440,type5_HARD,1000,9.99,5.75216127131086,0.18733943814513312,5.689270886197084,6.553944479454542,0.8646735932574581,85966.13310196844,349.63261854073346,33122.45535625311,390.62499999999994,1624.6339392982636,0.3387164614797578,0.8645054337070235,799.7730335904333,0.0,0.0,0.8646735932574581,0.9999999999988435,1.8080360698826472,0.0,99420.32897987722,0.0,0.0,9.99
441,type3_Sine_Wave,1000,9.99,7.636028896675469e-06,1.4049224325153413e-07,7.447399700391534e-06,7.852053621417889e-06,4.0465392102635516e-07,0.0009501748399999941,0.00037669909201770664,5.832867538127665e-08,390.62499999999994,422.36017317420635,1.341307364536132e-07,4.0366116607360123e-07,0.00039606982151346514,0.0,0.54,4.0366116607360123e-07,0.9975441916034695,0.9547130762258101,540000.0000000001,2348.111416982148,0.054054054054048645,0.54,9.45
442,type0_HARD,1000,9.99,5.050825490533173e-06,5.560593828340095e-07,4.089819386749713e-07,6.40528418455196e-06,5.996302245876989e-06,0.025786245319564315,0.0008848033066892033,2.5820040173057416e-08,0.0,541.177475130144,1.0117478361339293e-09,5.618687047799891e-09,0.00011128070647384579,0.0,1.67,6.553295677837008e-09,0.0010928893034792733,0.0018194927518077615,1670000.0,4300.357113742493,0.1671671671671504,1.67,8.32
443,type0_HARD,1000,9.99,4.776900791192083e-06,3.827726852501392e-07,1.6016982866441642e-09,5.464195607658052e-06,5.462593909371408e-06,0.04983997257408446,0.0007572016682833494,2.296529609746515e-08,0.0,175.88538491486005,1.1086232277800914e-09,6.811168547763867e-09,0.00011926927944140375,0.0,0.67,7.95132165479341e-09,0.001455594234372467,0.0028962890357930853,670000.0000000001,9123.863914671945,0.06706706706706035,0.67,9.32
444,type4_overdamped_decay_overshoot,1000,9.99,41.844746335193996,0.7285149358312136,40.29002011536274,44.69769962518365,4.407679509820909,12819.852818291365,1156.810443325065,1751513.5298684607,390.62499999999994,294.9041331288845,0.009969922695465547,0.04844808134616585,787.9614645464396,5.69,5.1000000000000005,0.06468277125799204,0.014675016891281537,0.013685268764018517,0.8963091570634171,2908.5265364063066,0.5105105105104595,-0.5899999999999999,4.89
445,type2_Triangle_Wave,1000,9.99,1.7092462770990424e-06,3.330713766662426e-08,1.6942659156978325e-06,1.879652921415192e-06,1.8538700571735954e-07,0.0010544117006070464,0.00017301510007216697,2.9226322011964805e-09,781.2499999999999,1302.5975031984522,3.095132852339907e-08,1.4615801451628662e-07,0.00016014934166926227,0.0,0.0,1.8538700571735954e-07,0.9999946059077763,0.9292422420366424,0.0,5687.593954781469,0.0,0.0,9.99
446,type4_overdamped_decay_overshoot,1000,9.99,17.74271153969034,0.30550116909616004,16.736298418735238,19.574442679546674,2.8381442608114362,15129.693483843452,667.695069649701,314897.14374497987,390.62499999999994,403.31220473209913,0.0031898548276787556,0.016080448469139696,377.44425855735335,2.04,1.99,0.022830228664240337,0.008044069140342093,0.010441383373771217,0.9754897178971971,5330.840187634607,0.19919919919917925,-0.050000000000000044,8.0
447,type4_overdamped_no_overshoot,1000,9.99,10.357118996679615,0.568461386417829,10.012159333763911,12.41670922382431,2.404549890060398,1764.680181781486,335.08272871529874,107593.06225922983,390.62499999999994,394.6568019533273,0.0022574570583364924,0.016578745767761305,168.12628579029038,6.25,6.09,0.016578745767761305,0.006894739774909798,0.003971170447579444,0.9743998440960249,733.8921055767432,0.6096096096095486,-0.16000000000000014,3.9000000000000004
448,type1_HARD,1000,9.99,31.137784361563234,5.948385710329801,-1.2128055056711051,49.48584345881272,50.69864896448382,115471.35488197,10174.78527215961,1004944.9075060677,781.2499999999999,690.7969406334756,0.009052843255023205,0.05120620944590115,408.99658293782113,3.68,3.68,0.05421198762614665,0.0010692984671864328,0.0015218991665756924,0.9999997282609434,2277.602209140907,0.3683683683683315,0.0,6.3100000000000005
449,type2_Triangle_Wave,1000,9.99,0.2508781408053056,0.005816261673148699,0.2480602862699985,0.2772529175831266,0.029192631313128103,169.52067519466206,31.533635435875816,62.973670433777286,781.2499999999999,1391.0349977809972,0.006610385523169677,0.029163241633916093,33.87227908423575,0.0,0.0,0.02916411437347799,0.9990231459321616,1.1365350965123504,0.0,5806.967976628425,0.0,0.0,9.99
450,type1_HARD,1000,9.99,3.4198071738491437e-06,9.64138389969351e-07,-1.7693937921732527e-08,3.921842499692519e-06,3.9395364376142514e-06,0.1189037933410922,0.00045132994282753364,1.262464394132276e-08,390.62499999999994,706.0483461449965,4.727135073902351e-10,2.3538310549149375e-09,5.221102385264786e-05,0.0,2.25,3.056934673974664e-09,0.0007759628439591416,0.0004902958143897244,2250000.0,30182.171187361342,0.22522522522520266,2.25,7.74
451,type0_Step_Response,1000,9.99,15.701450408938504,3.3666654057715366,-0.0001240844717288,17.141460917257003,17.141585001728732,18662.054824216888,2031.8211267065196,257869.980898774,390.62499999999994,362.8934653343408,0.007383055855328824,0.03770192794977234,505.8726668090884,4.16,4.13,0.044605752633422924,0.0026021953412663896,0.002192987709045788,0.9927882228874463,1088.7006552972628,0.413413413413372,-0.03000000000000025,5.86
452,type4_overdamped_no_overshoot,1000,9.99,48.55843619667286,0.8433753289670985,48.26454897112024,53.86686485385491,5.602315882734672,11218.65678006344,1140.1119031017388,2358633.00781186,390.62499999999994,305.3300214306071,0.011301336571946994,0.06517365518489981,729.5261967659998,1.89,1.89,0.06826924638858856,0.012185897371294233,0.013400127065341839,0.9999994708997509,2002.5034315960863,0.18918918918917024,0.0,8.1
453,type0_Step_Response,1000,9.99,0.05365290527563309,0.008386918585563983,7.883427583442207e-06,0.0563561510402115,0.05634826761262806,123.48333935133,6.823349675698886,2.948974647876935,390.62499999999994,293.60534515587665,2.7863909884300348e-05,0.0001451506042578002,1.6275064487808595,2.28,2.3000000000000003,0.00015974364294159965,0.0028349344124816538,0.003322305993161649,1.0087714873809268,2191.430980594425,0.2302302302302072,0.020000000000000462,7.6899999999999995
454,type1_Damped_Osc,1000,9.99,23.91229026584322,0.513646174627147,21.49940344170709,25.284411649596493,3.785008207889401,17999.431024366782,1631.946843194439,572061.4581506494,781.2499999999999,817.220223637655,0.0070550714507891885,0.03813430048678512,591.9553463473028,3.62,3.58,0.040539033923295165,0.01071042166798625,0.013735274979701137,0.9889500030524853,4755.453630680205,0.35835835835832247,-0.040000000000000036,6.41
455,type5_HARD,1000,9.99,25.4690330183957,0.9536530155104953,22.1467863849987,27.085040422649204,4.9382540376505055,346075.38719994185,1510.010411915654,649581.0969661225,390.62499999999994,1386.993981865339,0.0048013715191233515,0.024251402443880465,555.5611580890426,0.0,0.0,4.9382540376505055,0.9999999999997975,0.0050347153954608094,0.0,70080.51521070098,0.0,0.0,9.99
456,type4_overdamped_decay_overshoot,1000,9.99,0.0021346505763701323,3.0905571876369715e-05,0.0020813893832229,0.002383396483853,0.00030200710063010014,0.9674239293699752,0.08310361993092094,0.004557688237570342,390.62499999999994,283.45325035258105,6.070110031659837e-07,3.391093891599948e-06,0.055220286195019584,0.2,2.87,3.892678263300257e-06,0.0128893600259375,0.0196408267723813,14.349928250358747,3203.315167584639,0.28728728728725855,2.67,7.12
457,type0_Step_Response,1000,9.99,0.14866047332360455,0.03002507899584189,7.50790566218825e-06,0.1585885382177886,0.1585810303121264,182.4810317692299,19.630167934867256,23.00144169750469,390.62499999999994,327.9098614068934,9.109612831562014e-05,0.0004909923113760872,4.8808816390774865,1.9,1.89,0.0004909923113760872,0.0030961604323455185,0.0030340012868975918,0.9947363185598324,1150.7116040860103,0.18918918918917024,-0.010000000000000009,8.1
458,type0_HARD,1000,9.99,2.3604407366154327e-09,5.305112959117404e-10,-8.515382327036895e-11,3.5547888062441353e-09,3.639942629514504e-09,5.084081809054758e-06,5.960826319389598e-07,5.853122706163561e-15,390.62499999999994,343.6210211010709,6.935928786247315e-13,4.0124444212741515e-12,5.8516979554302236e-08,0.0,3.71,4.582416035830825e-12,0.00125857957735573,0.0013049447565078756,3710000.0,1396.3641634563978,0.3713713713713342,3.71,6.28
459,type2_HARD,1000,9.99,0.4894334399486551,0.009161122230960463,0.4841727478857094,0.5240002779697772,0.03982753008406781,110.66797165473207,25.332873671262668,239.62901830050436,390.62499999999994,632.2895830201404,0.012830671501140154,0.03982753008406781,34.25715115657512,0.0,0.0,0.03982753008406781,0.9999999999748918,1.4005567414413171,0.0,2778.680260070254,0.0,0.0,9.99
460,type4_HARD,1000,9.99,44.12328233486517,1.9225711702079213,43.02172152330373,49.335190831195206,6.313469307891474,6352.8951537996645,1396.576160307163,1950560.3239067397,390.62499999999994,414.29623497138385,0.011248772327486764,0.07115174873244001,1054.9075979360355,3.35,3.34,0.07812893232046036,0.012374960344353193,0.005850900347301258,0.9970146277568275,1006.2447196595863,0.3343343343343008,-0.010000000000000231,6.65
461,type0_Step_Response,1000,9.99,18.072404712476942,4.723308857872762,-4.650806817072575,20.612910605585743,25.263717422658317,69795.14086968539,5924.149237727886,348921.458658418,1171.8749999999998,727.9856325405668,0.0061292092281338036,0.030556382813490046,327.2191718267165,3.97,3.96,0.04839488365335498,0.0019155883848648917,0.0012976515854804633,0.9974808570577185,2762.66313868304,0.3963963963963567,-0.010000000000000231,6.03
462,type0_Step_Response,1000,9.99,1.7160794881681127,0.4183529064255433,-2.656982575752732e-06,1.924426233185384,1.9244288901679598,1779.36838010895,221.16256868078972,3119.9479640260306,390.62499999999994,375.9999812597533,0.000614806047225105,0.0032118970288355086,47.17626630132488,4.2,4.21,0.003514759983457294,0.0018263911965844097,0.0014695871303407714,1.0023807137188776,924.6215275601719,0.4214214214213792,0.009999999999999787,5.78
463,type2_Triangle_Wave,1000,9.99,7.287682734150063e-09,3.448794591121945e-10,7.141110316016841e-09,9.121952182779878e-09,1.9808418667630373e-09,1.7379133202405924e-05,2.4731590884184645e-06,5.322926147494648e-14,781.2499999999999,2102.5110229018374,3.6483318463358793e-10,1.9799338609847027e-09,2.380003128394425e-06,0.0,0.0,1.9808418667630373e-09,0.9994954188743458,1.0547986445047761,0.0,8769.182594165013,0.0,0.0,9.99
464,type4_HARD,1000,9.99,0.003087663523883326,8.169840535448087e-06,0.0030630872053644,0.0030995696703775,3.648246501310008e-05,0.290098266999975,0.0691072856151445,0.009533732783013976,390.62499999999994,821.7531992083896,7.16014861921449e-07,4.632881145300027e-06,0.06914390692032127,0.0,2.22,4.632881145300027e-06,0.12698925406074407,0.08764121786386378,2220000.0000000005,7951.717597593507,0.22222222222219998,2.22,7.77
465,type1_Damped_Osc,1000,9.99,0.0014194634919122366,1.5806014194570037e-05,0.0013505568601355,0.0014723278800931,0.00012177101995759993,0.8445180828899967,0.05741866809307263,0.002015126434956399,390.62499999999994,616.4385423686955,2.93307945171905e-07,1.9623792734001135e-06,0.033966187052651205,0.0,2.73,1.9623792734001135e-06,0.016115322496009984,0.018556729293330514,2730000.0,6935.296068381112,0.2732732732732459,2.73,7.26
466,type0_Step_Response,1000,9.99,1.2519728648561975e-06,2.934733400260886e-07,-7.430578292808666e-08,1.3794225223970264e-06,1.453728305325113e-06,0.00292449285504542,0.00020930957917482363,1.6535626556423026e-09,390.62499999999994,464.44396511469984,5.587559649040531e-10,3.1432632282624007e-09,3.6507568735208865e-05,0.0,4.38,4.107412464484371e-09,0.0028254314262212564,0.0019039346501448207,4380000.0,2011.7176178073844,0.43843843843839453,4.38,5.61
467,type5_Square_Pulse_Wave,1000,9.99,21.23545687757631,0.4505930595507475,21.09595126858246,23.046728965430344,1.950777696847883,193033.613322563,1531.6313143705238,451147.6629047184,390.62499999999994,2566.8973125169296,0.004197708397806136,0.023671717137368375,489.4579306498691,0.0,0.0,1.950777696847883,0.9999999999994873,0.009315963281773669,0.0,98952.13259530942,0.0,0.0,9.99
468,type1_HARD,1000,9.99,8.63959662398865e-09,1.2343674567071493e-09,1.6074064312857323e-10,1.3511140571688365e-08,1.3350399928559791e-08,5.0499663340652114e-05,2.6834304096472828e-06,7.616629284341376e-14,1171.8749999999998,1139.6405993318417,2.6840736519123596e-12,1.7467316245623238e-11,2.4395313300051933e-07,0.0,2.09,2.131768705916399e-11,0.0015966630595465594,0.002172692535601279,2090000.0,3782.3496869889277,0.20920920920918826,2.09,7.9
469,type0_Step_Response,1000,9.99,2.8798415124759216,0.6312632705720993,-0.0776301003013643,3.107799903780424,3.185430004081788,6674.065821043661,451.219422115705,8691.980453752989,390.62499999999994,427.6280519749552,0.0008035932260568318,0.0039953406024988425,49.07804074434691,3.41,3.42,0.005316070902674941,0.0016688707320083303,0.001272992210250536,1.0029322572046167,2095.1852065465146,0.34234234234230804,0.009999999999999787,6.57
470,type0_Step_Response,1000,9.99,39.90391090480046,10.497640084657032,-7.47423317351928,43.69937634089119,51.17360951441047,99899.37336699128,7373.986079169584,1702522.5528452508,390.62499999999994,382.15449756649923,0.023211488804145943,0.1291752908943593,1143.9503656134675,3.09,3.08,0.14894114286609295,0.0029105068858617106,0.0022111149379248386,0.9967634314681452,1952.1658588272473,0.30830830830827743,-0.009999999999999787,6.91
471,type4_HARD,1000,9.99,4.402751006439526e-06,8.69317204428521e-08,4.224419043296247e-06,4.523708387066843e-06,2.992893437705965e-07,0.0010523251648787324,0.00013754686130512133,1.9391773548723414e-08,390.62499999999994,356.67275864468644,1.3044496034023794e-09,6.788494193176517e-09,0.00011529915033183037,0.0,5.75,7.19206243391456e-09,0.024030385823029476,0.015005277607295168,5750000.0,3516.0678811787216,0.575575575575518,5.75,4.24
472,type4_overdamped_no_overshoot,1000,9.99,3.838880026559264e-09,2.496011251765745e-10,3.7165966823768004e-09,4.884593739742864e-09,1.167997057366064e-09,1.1705983553188684e-06,1.6817407046369018e-07,1.479930058000507e-14,390.62499999999994,379.897886548929,6.489551769397926e-13,4.382665749455952e-12,7.386060372515751e-08,0.0,4.41,4.451328607725834e-12,0.0038078184882307433,0.0025895940270920024,4410000.0,1001.3698049475097,0.44144144144139724,4.41,5.58
473,type4_overdamped_decay_overshoot,1000,9.99,7.3193426762775164,0.08565630193583249,7.0587215129522525,7.68105135736431,0.6223298444120573,3080.374900308058,244.87608931156387,53580.11421483862,390.62499999999994,389.6856381548573,0.0016857763591208695,0.010175850673027398,184.3586729736724,3.08,3.0700000000000003,0.010175850673027398,0.016351217548669267,0.019680704408229655,0.9967529231321678,4949.746389253235,0.30730730730727657,-0.009999999999999787,6.92
474,type1_HARD,1000,9.99,1.4889881071599484,0.24154036487951547,0.0003631377392456,2.1573507959637555,2.15698765822451,5262.970593074389,388.80822033600816,2275.4273311298957,781.2499999999999,693.2266935878653,0.0004387423849496076,0.002222435320375915,34.951810700148165,4.26,4.25,0.002615993901298408,0.0012127996612880524,0.001816435050790138,0.9976523479689324,2439.9632390127254,0.4254254254253828,-0.009999999999999787,5.74
475,type4_overdamped_decay_overshoot,1000,9.99,9.391051130476232,0.12305024711036046,9.043374605341931,10.307088704561483,1.263714099219552,5972.412728123189,315.1970314711347,88206.98269853281,390.62499999999994,351.6278168624357,0.0016845317723829852,0.010351559659898868,187.13717163241927,2.61,2.57,0.010735105510576659,0.008494884655633722,0.013689787805614759,0.9846739522322021,4726.079048897944,0.2572572572572315,-0.040000000000000036,7.42
476,type4_overdamped_decay_overshoot,1000,9.99,40.2648119328852,0.61705664427441,39.94840430660021,45.2351113302165,5.286707023616287,17682.68402825157,1506.655357150084,1621635.8388928575,390.62499999999994,285.7037862101508,0.00920591328179251,0.053750587659322946,1037.448261627852,2.71,2.26,0.07120211557180056,0.013468140990926792,0.01491907326045038,0.8339480317534937,3344.744459879804,0.22622622622620356,-0.4500000000000002,7.73
477,type4_overdamped_no_overshoot,1000,9.99,4.095355269679129e-06,1.639194752402647e-07,4.036665623404604e-06,5.0284526304029045e-06,9.917870069983004e-07,0.0015550705664361523,0.00014287640713591453,1.6798804379251658e-08,390.62499999999994,320.978501524533,1.295343742716074e-09,6.583689502420648e-09,5.517339422951705e-05,0.0,2.22,7.27831946707063e-09,0.00733858386642409,0.007902269321861333,2220000.0000000005,1567.9465323871548,0.22222222222219998,2.22,7.77
478,type5_Square_Pulse_Wave,1000,9.99,5.7819994875623615e-06,2.555460916458918e-07,5.688650287955015e-06,6.736935335065049e-06,1.048285047110034e-06,0.10430375764658392,0.0008327657376900211,3.34968218791269e-08,390.62499999999994,2442.767877805951,1.812735073911524e-07,5.990885844844901e-07,0.0005850200041734014,0.0,0.0,1.048285047110034e-06,0.9999990460619,0.7093546094523381,0.0,99499.32838859544,0.0,0.0,9.99
479,type5_HARD,1000,9.99,42.75583088873778,2.404763704745653,41.800741184601534,49.92536301175111,8.124621827149575,809787.0095626682,4478.578365787071,1833843.9634620063,781.2499999999999,1561.469762986308,3.4952375841786334,8.119899764257141,3945.356002916193,0.0,0.0,8.124621827149575,0.9999999999998769,1.453464046084671,0.0,99670.73259416832,0.0,0.0,9.99
480,type1_HARD,1000,9.99,0.17793781363819836,0.04922050379653688,-0.0001493956642719,0.1983032278382465,0.1984526235025184,4924.500983508947,23.93217347578146,34.08452351632711,390.62499999999994,613.2523115516393,4.2026248109851864e-05,0.0002030071130930955,4.753505601974234,2.53,2.05,0.00025631760839719964,0.0012915808512486372,0.0008538362037642322,0.8102763595745613,24814.491723873023,0.20520520520518465,-0.48,7.94
481,type0_HARD,1000,9.99,32.99125265592366,5.415192981233567,2.07297662053267,36.08315860738097,34.0101819868483,42359.888983284574,4327.569379287959,1117747.066830991,390.62499999999994,315.4525345038819,0.008791767131215177,0.056131024095066095,774.7546736243527,3.41,3.36,0.056131024095066095,0.0016504182223067857,0.0016235371780251517,0.9853369544466408,1245.5060957822527,0.33633633633630267,-0.050000000000000266,6.630000000000001
482,type3_Sine_Wave,1000,9.99,41.22015542373607,0.6332821586917625,40.37410387938915,42.19007356371335,1.8159696843241946,3198.68749353418,906.9559482716718,1699502.2594494754,390.62499999999994,364.55227405495197,0.6611287551402989,1.8137754440448859,860.0548022876279,0.0,0.0,1.8159696843241946,0.9999999999994493,1.0439718631976276,0.0,1761.4211961488752,0.0,0.0,9.99
483,type4_overdamped_decay_overshoot,1000,9.99,4.046272423063949e-09,1.257329516569381e-10,3.937701312898824e-09,4.85653544682179e-09,9.188341339229663e-10,1.8132395494901164e-06,1.898139230464811e-07,1.6388129296780166e-14,390.62499999999994,307.757603134105,1.3426516351472969e-12,8.060892513393777e-12,1.1582426711503697e-07,0.0,4.93,8.775920375260067e-12,0.009540763982993293,0.010594337286342154,4930000.0,1971.2679521436094,0.49349349349344407,4.93,5.0600000000000005
484,type4_HARD,1000,9.99,3.0936448811029166e-06,5.2055976274653555e-08,3.064104143942021e-06,3.295836278008904e-06,2.3173213406688313e-07,0.0003511770354674901,7.690113320851446e-05,9.573348475040188e-09,390.62499999999994,437.16684784621503,7.2344512986008e-10,4.5364908730772375e-09,7.006657450913996e-05,0.0,4.39,4.9019010331111115e-09,0.021153215973406365,0.013897179237671628,4390000.0,1515.4373019705197,0.4394394394393954,4.39,5.6000000000000005
485,type1_Damped_Osc,1000,9.99,39.1244578244562,0.8611242178813595,34.07251736511038,43.08156864796299,9.00905128285261,79911.17468573562,2817.6486747346316,1531464.7349762744,1171.8749999999998,1186.539144686557,0.008989965816146665,0.04731703776154461,608.5577405993519,1.78,1.77,0.06129807950964761,0.006804054898245788,0.010439801400841347,0.9943814638306383,8870.098768094016,0.17717717717715945,-0.010000000000000009,8.22
486,type4_overdamped_decay_overshoot,1000,9.99,12.611347993990385,0.27696512495484166,12.06567082363668,14.542041366415072,2.476370542778392,8097.304657932191,470.56076544620174,159122.80790596656,390.62499999999994,265.91063818059393,0.003332815357303849,0.016398301758231426,237.15723541146272,4.18,4.18,0.018142250078392763,0.007326145164863143,0.012033339424359734,0.9999997607656075,3269.8275633839744,0.4184184184183765,0.0,5.8100000000000005
487,type4_overdamped_decay_overshoot,1000,9.99,41.2875737431767,0.4388800873801866,40.1300869713313,43.660946135048064,3.5308591637167623,12675.768450591106,891.1340390118493,1704856.3613293525,390.62499999999994,308.0826676313222,0.007171981162659539,0.034941987087051984,527.1733169969618,3.5,3.56,0.036667202366963636,0.010384781909102114,0.01634155061683252,1.0171425665306952,3589.995483491433,0.3563563563563207,0.06000000000000005,6.43
488,type0_Step_Response,1000,9.99,2.8144556432024697e-09,5.53955360195613e-10,-5.257055313194295e-13,2.994174767754687e-09,2.9947004732860067e-09,3.7249125892676335e-06,3.5408907626723244e-07,8.22802710864368e-15,390.62499999999994,316.31164459371286,1.618725295649246e-12,8.761857837018953e-12,6.893533221099335e-08,0.0,1.83,1.0518957892419073e-11,0.0035113516809244776,0.002916856763179422,1830000.0000000002,1243.4195683060893,0.18318318318316484,1.83,8.16
489,type1_HARD,1000,9.99,42.383824466727454,8.279298036879249,3.461362455709027,45.75430896407244,42.292946508363414,36655.7453559821,5128.742940130544,1864935.3524098368,390.62499999999994,377.4188916442502,0.010347959990406904,0.05402188784222517,643.9145696462531,2.78,2.77,0.061830197255204666,0.0014619505700076089,0.001249859582818709,0.9964025192796694,866.7106073759267,0.2772772772772495,-0.009999999999999787,7.220000000000001
490,type2_HARD,1000,9.99,0.15491664644067993,0.00657568292082736,0.1516461688263582,0.1786842470391575,0.0270380782127993,70.13121458123993,17.77289135948634,24.042406950301896,390.62499999999994,642.1512295024063,0.007858967812959933,0.026801443975715905,23.920056190679258,0.0,0.0,0.0270380782127993,0.9999999999630151,1.195156139124779,0.0,2593.7943527897405,0.0,0.0,9.99
491,type0_Step_Response,1000,9.99,11.957471212414656,2.7922730479760696,0.3422906674269719,13.322176836669682,12.97988616924271,13334.80120800452,1458.9205064159996,150777.90657017883,390.62499999999994,378.5138765166612,0.006483522145266793,0.032591089493656966,279.0524071705719,3.64,3.63,0.03519071547573027,0.0027111728883351762,0.0023219513399536404,0.9972524732822875,1027.3434631192524,0.363363363363327,-0.010000000000000231,6.36
492,type0_Step_Response,1000,9.99,0.025881185291961564,0.006638940179974336,-0.0016972730424121,0.0289977650534403,0.0306950380958524,57.133190954869974,5.849899815779092,0.7139112788301252,781.2499999999999,593.4571557526791,4.914352323754316e-06,2.843855728270131e-05,0.5993678142525487,5.3500000000000005,5.42,2.843855728270131e-05,0.0009264871147241717,0.0007402314510737287,1.0130839227880517,1861.3168282963838,0.5425425425424882,0.0699999999999994,4.57
493,type0_Step_Response,1000,9.99,9.180985590398858,2.0402060629043555,0.000903285347582,10.225582880457155,10.224679595109574,20237.684827101937,1153.1576442018863,88452.93719022318,390.62499999999994,454.1772200545478,0.005979946128650499,0.02477536852329898,191.90691519143652,4.64,4.61,0.03528012038273509,0.0034504866440612956,0.0029310500725278485,0.993534268634856,1979.2977020795415,0.4614614614614153,-0.02999999999999936,5.38
494,type1_Damped_Osc,1000,9.99,43.51235014781494,0.9045329324955568,37.00844151720815,47.581562054150425,10.573120536942277,88119.74641969726,4296.975841754514,1894142.7952120202,1953.1249999999998,2021.5336522479574,0.01272011429630345,0.07554361899698847,1157.308511167954,1.54,1.52,0.07968497092583249,0.00753656128740869,0.014062632591159826,0.9870123460958792,8334.317774189773,0.15215215215213693,-0.020000000000000018,8.47
495,type4_overdamped_no_overshoot,1000,9.99,4.802841911577634,0.1306410679389426,4.756350066328044,5.563524859261797,0.8071747929337532,1519.4600555147097,173.1932981989399,23084.35751623893,390.62499999999994,325.3185528354521,0.0015353121065986512,0.007770942123872082,114.02338548219456,2.07,2.02,0.007770942123872082,0.009627334986042157,0.011752139896042907,0.9758449392053434,1882.442401341853,0.20220220220218196,-0.04999999999999982,7.970000000000001
496,type1_HARD,1000,9.99,0.009667606613364042,0.002784230251500271,-0.0008198237677248,0.0107676973960886,0.0115875211638134,265.92332969061994,1.3885484415536715,0.1012145557241294,390.62499999999994,599.6669320747786,2.8980221664673773e-06,1.5691654279300846e-05,0.27941601508281677,1.51,2.48,1.80052471383009e-05,0.0015538480475854948,0.0010408701521237044,1.642383018289392,22949.1127488182,0.2482482482482234,0.97,7.51
497,type0_Step_Response,1000,9.99,10.648405064104063,1.6020022761974564,0.6904790083081811,11.2092445925109,10.51876558420272,27933.304278307944,1239.412966951615,115954.94170217888,390.62499999999994,337.8084029308837,0.006143938737491616,0.028386914839213517,250.3863019825713,2.48,2.5,0.029695271270544055,0.0028230756767826585,0.0038351623020606144,1.0080641096515686,2655.568664849424,0.2502502502502252,0.020000000000000018,7.49
498,type5_Square_Pulse_Wave,1000,9.99,3.0003438475990054e-06,4.4627043862749396e-08,2.9755579225558548e-06,3.1030331530342977e-06,1.2747523047844294e-07,0.012319503144129168,0.00012016439206623305,9.004054776869128e-09,390.62499999999994,1192.1179295066293,6.815480924660326e-10,3.5770128932350973e-09,7.18749058106378e-05,0.0,0.0,1.2747523047844294e-07,0.9999921554002951,0.015271744702996366,0.0,96641.57072963085,0.0,0.0,9.99
499,type1_HARD,1000,9.99,3.2702551430845554e-09,7.155787334478298e-10,-2.4552405001934646e-10,3.4998979878712323e-09,3.745422037890579e-09,3.822658959252699e-06,4.253674146648427e-07,1.1206621624633786e-14,390.62499999999994,344.61869849154374,7.653515836823741e-13,3.794214005038936e-12,5.7166209211399976e-08,0.0,1.49,5.50519773432835e-12,0.001469454770084592,0.0010680634910833497,1490000.0,1020.3492613995633,0.1491491491491342,1.49,8.5
500,type5_HARD,1000,9.99,29.890993020254268,1.3616535948925954,29.31706351560453,34.64598918333284,5.328925667728306,531565.5055682604,4877.267344245092,895325.564249373,781.2499999999999,2787.822420741204,1.5381359140639586,4.230112363999265,6748.547888572494,0.0,0.0,5.328925667728306,0.9999999999998124,1.1296088225611844,0.0,99750.97021662236,0.0,0.0,9.99
501,type4_overdamped_no_overshoot,1000,9.99,31.402358319900717,0.5183300808247754,31.244621939123363,35.197657221551715,3.9530352824283526,11102.318731104077,1162.5534373585542,986376.7741241255,390.62499999999994,301.5806710071551,0.00991697982132138,0.05123341013808158,869.2408774285846,1.45,1.42,0.05285513872355807,0.013370773329165872,0.019132557009854,0.9793096694416074,2808.5554359841444,0.1421421421421279,-0.030000000000000027,8.57
502,type1_Damped_Osc,1000,9.99,9.291796273769963,0.09190983183117098,8.796628447156095,9.542065322668362,0.7454368755122669,4639.520712246359,325.8614708720671,86345.92541043262,781.2499999999999,928.6885568662645,0.0018216695437596752,0.009777740738185159,130.01683535744453,2.58,2.26,0.013665666752091354,0.01833242652864728,0.019820181447900775,0.8759686527253282,6223.8948255032865,0.22622622622620356,-0.3200000000000003,7.73
503,type5_Square_Pulse_Wave,1000,9.99,2.3073705509386567e-06,3.885161243122667e-08,2.2921451560147544e-06,2.4284134304119114e-06,1.36268274397157e-07,0.01339305491573811,0.00012521094502440926,5.325468307127466e-09,781.2499999999999,1944.6710708062822,4.053526235316425e-08,1.1412841838221076e-07,0.00014705200681693105,0.0,0.0,1.36268274397157e-07,0.9999926615885758,1.0433085400606215,0.0,98283.74719824245,0.0,0.0,9.99
504,type4_overdamped_decay_overshoot,1000,9.99,7.46228633317534e-06,5.1686435148062405e-08,7.316939475516717e-06,7.75099566980606e-06,4.3405619428934383e-07,0.0017630994926243271,0.0001475277456975484,5.5688388805873783e-08,390.62499999999994,348.0518616828487,1.2716695451275599e-09,6.413191095229953e-09,0.00010978572755083996,0.0,2.96,8.938689468857388e-09,0.020593344809068714,0.0246030692272652,2960000.0,4061.905932721483,0.29629629629626664,2.96,7.03
505,type4_overdamped_decay_overshoot,1000,9.99,1.6570001722828765e-09,1.5316558729725998e-11,1.5976157864586324e-09,1.755001383514029e-09,1.5738559705539672e-10,1.1965858821814676e-06,5.092407697152545e-08,2.7458841679168037e-15,390.62499999999994,505.53226625184845,3.55070392224874e-13,1.8004026406451247e-12,3.207718073862033e-08,0.0,1.75,2.7301202104084506e-12,0.017237174725259694,0.021761352875100805,1750000.0,7554.890750343616,0.17517517517515763,1.75,8.24
506,type1_HARD,1000,9.99,43.92820957130415,10.650671419176767,2.8668194668547486,48.6429229059798,45.77610343912505,878537.8075249013,5602.053777583897,2043124.3978196862,390.62499999999994,549.8310279432441,0.016711326340082096,0.11405845492500077,1209.834960962217,3.63,3.49,0.11405845492500077,0.0024916593234432438,0.0015690397048576128,0.9614322420296855,19192.061829666167,0.3493493493493144,-0.13999999999999968,6.5
507,type1_HARD,1000,9.99,0.002666958245560917,0.0006029564018186813,-0.0002858440843859,0.0030997872889916,0.0033856313733775,3.22813866995,0.5207745694066072,0.007476222706059495,390.62499999999994,457.5099518238237,8.560438587679267e-07,4.566157618900255e-06,0.07325781493996184,2.12,3.73,5.226933372899905e-06,0.001543857790442693,0.0014197442049974432,1.7594331323428618,953.4820283095771,0.373373373373336,1.6099999999999999,6.26
508,type4_overdamped_decay_overshoot,1000,9.99,7.98683616937955e-09,1.907842649676658e-10,7.353644525852232e-09,9.11226737008914e-09,1.7586228442369085e-09,1.004021415307004e-05,3.9270378401937093e-07,6.382595063226865e-14,390.62499999999994,398.9129506114437,2.1995712476483905e-12,1.1757075930272408e-11,1.9552571057181355e-07,0.0,2.3000000000000003,1.3145020997415464e-11,0.007470362777152983,0.011468987030918469,2300000.0000000005,5705.88986495237,0.2302302302302072,2.3000000000000003,7.6899999999999995
509,type2_Triangle_Wave,1000,9.99,1.4946784116614022e-09,2.783036922112174e-11,1.4828211110196542e-09,1.6357551092162963e-09,1.5293399819664208e-10,1.3671922486426014e-06,1.9712650330001493e-07,2.2348380837376366e-15,781.2499999999999,1936.5371991387915,2.917641071022675e-11,1.5290504041444672e-10,2.0226959141593145e-07,0.0,0.0,1.5293399819664208e-10,0.993503709305838,1.0120026728222231,0.0,8881.678281987386,0.0,0.0,9.99
510,type5_Square_Pulse_Wave,1000,9.99,41.903727098571096,1.0365140183838548,41.42011387883834,44.49629860931288,3.0761847304745373,305364.49989567057,2653.483276307253,1756996.7060618284,390.62499999999994,1486.5518357320989,0.5933248808029543,3.0698534287466117,2310.6993045293134,0.0,0.0,3.0761847304745373,0.9999999999996749,0.5724234021721203,0.0,99267.28290094115,0.0,0.0,9.99
511,type2_HARD,1000,9.99,2.212012911095162,0.0650217541366336,2.179886211608891,2.469097748768559,0.28921153715966774,1187.2937768516945,189.02317409236642,4897.228947362699,390.62499999999994,762.8275692965842,0.06015165279579742,0.1882235584437515,177.150654108052,0.0,0.0,0.28921153715966774,0.9999999999965424,0.9251004312875429,0.0,4105.278055322215,0.0,0.0,9.99
512,type0_HARD,1000,9.99,44.155787343529326,7.118310458302064,-4.490550295725164,53.79841506676132,58.288965362486486,145412.25517315508,8012.058665764621,2000403.8997077579,0.0,435.08011736980905,0.0059670301732114624,0.03951263410532846,687.0621870350574,3.89,3.84,0.04220818939472082,0.0007241197220131886,0.0008382649517978377,0.9871462757978724,2494.678954564816,0.38438438438434586,-0.050000000000000266,6.15
513,type0_Step_Response,1000,9.99,4.433919377893853e-06,1.204263355312801e-06,-7.590641927172145e-07,4.918155921796358e-06,5.6772201145135725e-06,0.011179063195021354,0.000924299321804891,2.1109891278611857e-08,390.62499999999994,486.1719824942419,1.9903138280163177e-09,1.020680031486038e-08,0.00010221118919095487,0.0,5.26,1.2797393429232545e-08,0.0022541650520739023,0.0016527216962253647,5260000.0,1969.1082960363403,0.5265265265264738,5.26,4.73
514,type0_Step_Response,1000,9.99,22.435724186259257,4.205352238364873,-0.0049705439064785,24.270457239664488,24.275427783570965,86109.80814717725,4028.3478239392293,521046.7072106189,390.62499999999994,542.5838487025211,0.011094965131443441,0.04865350299833793,601.3991784414759,3.23,3.22,0.057804354849327666,0.002381187897683348,0.0026382962716470933,0.9969037161288805,3547.20044132243,0.3223223223222901,-0.009999999999999787,6.77
515,type0_HARD,1000,9.99,8.111818838240792e-09,1.0266030794459435e-09,-2.631873038209746e-10,9.936335356906097e-09,1.0199522660727071e-08,3.549947544919494e-05,1.379280190363972e-06,6.685551874716608e-14,0.0,442.2085256147578,1.857739150139218e-12,1.0195464081983983e-11,1.1976898615212105e-07,0.0,2.01,1.5082891374324776e-11,0.0014786390733089849,0.0018078372742332204,2009999.9999999998,3480.162402449348,0.20120120120118104,2.01,7.98
516,type0_Step_Response,1000,9.99,0.0013663078319776688,0.0001641662649208178,3.174876386626729e-05,0.0014113579661848,0.0013796092023185325,4.573373875810534,0.171710301952346,0.0018937476542615706,390.62499999999994,245.11372363422308,5.727827494687907e-07,2.669650492900062e-06,0.042901248993414694,0.72,1.74,2.9321897778000067e-06,0.0021253770783399195,0.0034890404935266094,2.416663310189847,3314.9777957480073,0.17417417417415673,1.02,8.25
517,type0_Step_Response,1000,9.99,4.145828285841311e-09,7.691652588655574e-10,-1.5638082184239668e-12,4.407403459403325e-09,4.408967267621749e-09,5.698813596530518e-06,5.462150693275164e-07,1.7779507371127616e-14,390.62499999999994,303.0367034217551,2.051039783683229e-12,1.1014179770229859e-11,1.469381447936688e-07,0.0,2.53,1.3324426014850808e-11,0.0030214342207661184,0.002663116467632391,2530000.0,1292.2575726063906,0.2532532532532279,2.53,7.460000000000001
518,type1_Damped_Osc,1000,9.99,2.1457846173618242,0.017597173415864947,2.003416671008904,2.228139563380098,0.22472289237119414,2157.5185289062215,98.02057944808196,4604.701284618858,2343.7499999999995,2379.9861369300584,0.000257406056389697,0.001384857861223221,30.032403311873164,1.43,1.42,0.0015287043115392862,0.006802619418974864,0.014627693339829325,0.9930062985969941,9600.795478071996,0.1421421421421279,-0.010000000000000009,8.57
519,type4_overdamped_decay_overshoot,1000,9.99,1.7944115356972027e-09,1.3803633228110743e-11,1.7359860317302855e-09,1.8843305587201347e-09,1.4834452698984926e-10,1.1706983382158451e-06,6.035072843797189e-08,3.2201032997334895e-15,390.62499999999994,578.0654859019656,3.936407923504235e-13,2.218259604798252e-12,4.742695158372604e-08,0.0,1.51,2.6678570500255047e-12,0.017863775149971416,0.026590823096247457,1510000.0,7838.91021527301,0.151151151151136,1.51,8.48
520,type0_Step_Response,1000,9.99,1.4634072733675507e-06,2.609253917558077e-07,-3.6788831785335337e-10,1.5422710115866298e-06,1.5426388999044832e-06,0.0019561879262473816,0.00018263480868078655,2.2096429078079716e-09,390.62499999999994,302.9379297199494,8.158258484954799e-10,3.988281390552316e-09,3.255589479773327e-05,0.0,2.18,4.404033292416557e-09,0.0028548680043147105,0.0031266513249414195,2180000.0000000005,1268.0781343517074,0.2182182182181964,2.18,7.8100000000000005
521,type2_HARD,1000,9.99,1.1375417823978002e-09,3.939147275449798e-11,1.1213181845304487e-09,1.3196458733082267e-09,1.983276887777779e-10,1.132624154357341e-06,1.781783187136231e-07,1.2955529948265328e-15,781.2499999999999,1261.2748589077396,4.050838499856565e-11,1.8153830493875841e-10,1.597402444203757e-07,0.0,0.0,1.983276887777779e-10,0.9949831355285775,1.0028944783662201,0.0,5682.221879470325,0.0,0.0,9.99
522,type0_Step_Response,1000,9.99,0.01561396887838923,0.002695445199454485,-1.6351717833603042e-06,0.0167987660082974,0.016800401180080762,34.29607605266,1.971143766246091,0.25106144895856963,390.62499999999994,325.00498369349026,7.372401514722543e-06,4.321617965100111e-05,0.4261952302591634,3.96,4.2,4.768799283940209e-05,0.0028385032193817138,0.0027351331473848797,1.060605792776315,2041.3843504690494,0.42042042042037836,0.2400000000000002,5.79
523,type1_Damped_Osc,1000,9.99,8.783270297884761e-06,2.061502221622527e-07,7.725643861834698e-06,9.313864375814731e-06,1.5882205139800337e-06,0.008450536584507765,0.000595831688015231,7.71883350398022e-08,781.2499999999999,905.9044803030183,1.8662719037575178e-09,9.249021056174063e-09,0.00012613097832233668,0.0,3.16,1.2086942447975949e-08,0.007610363127298563,0.009052926701975387,3160000.0000000005,5320.754384777841,0.31631631631628465,3.16,6.83
524,type2_HARD,1000,9.99,26.399684566761213,0.43786100486867613,26.213940900945687,28.355015290505342,2.1410743895596553,7595.637340330085,1124.8922583745825,697135.067484075,390.62499999999994,648.4015211630325,0.0035802180947359804,0.01942736625925079,393.58698045061175,0.0,0.0,2.1410743895596553,0.9999999999995329,0.0081766086838484,0.0,3547.5821752688826,0.0,0.0,9.99
525,type4_overdamped_no_overshoot,1000,9.99,0.018049892136872824,0.0005704956589297717,0.0178114256457646,0.0207505621835268,0.0029391365377622013,3.5640292076401234,0.6076135048357222,0.3261240714496011,390.62499999999994,369.67449576037563,3.926675285080707e-06,2.064786483909828e-05,0.45361575033329155,2.22,2.86,2.107110296039813e-05,0.007169147360970202,0.0068829187685040105,1.2882877079785098,1212.610969458769,0.28628628628625763,0.6399999999999997,7.130000000000001
526,type4_HARD,1000,9.99,26.448206141638213,0.6764735810123416,23.66194919452147,26.788891062288865,3.126941867767396,3734.5001832598255,798.7260809635059,699965.2246163968,390.62499999999994,403.5159436274537,0.0066229872301422354,0.03700632242825108,661.6612431745078,3.45,3.44,0.04278494400751853,0.013682679696905543,0.009790459547911917,0.9971011602605332,1194.2979246764908,0.3443443443443099,-0.010000000000000231,6.550000000000001
527,type0_Step_Response,1000,9.99,2.181003986841101e-06,2.3302841706294502e-07,-2.0111738453906876e-10,2.2314451711806014e-06,2.2316462885651405e-06,0.010773110868224687,0.0002591888428838844,4.811080633775637e-09,0.0,199.37450841987746,1.2038397328666197e-09,5.75800326581612e-09,3.825891454375305e-05,0.0,1.42,6.7514822387113084e-09,0.003025335712012197,0.00516604190166018,1420000.0,4827.425428483085,0.1421421421421279,1.42,8.57
528,type4_overdamped_decay_overshoot,1000,9.99,7.707529658618584e-06,8.992164506139606e-08,7.419179331079888e-06,8.188999491746448e-06,7.6982016066656e-07,0.003946548968752041,0.000259907244501238,5.941409934073566e-08,390.62499999999994,413.8602839031267,1.795196817849512e-09,1.0592545152865636e-08,0.00019141906422138208,0.0,2.61,1.3981202000508633e-08,0.018161623393676034,0.019963790173474258,2610000.0,5126.578964567391,0.2612612612612351,2.61,7.380000000000001
529,type4_overdamped_decay_overshoot,1000,9.99,1.9382299364106846e-09,2.1847077289196618e-11,1.916525534582202e-09,2.1141709664922223e-09,1.9764543191002016e-10,5.582429913871643e-07,6.181517117346172e-08,3.757212581184646e-15,390.62499999999994,292.42141618808694,6.496276603199936e-13,3.222986777129175e-12,4.650556336965163e-08,0.0,2.92,3.3616140140591653e-12,0.01692268471384666,0.028433731461449296,2920000.0,2810.248320434723,0.292292292292263,2.92,7.07
530,type0_Step_Response,1000,9.99,25.459839720252116,5.845981441901818,-0.3675741537088736,27.375791474781543,27.743365628490416,44672.64289562944,3584.694072018235,682378.9375999878,390.62499999999994,357.4092484951935,0.011845904405187499,0.058287877054773674,640.503177976374,2.65,2.62,0.07580002286995935,0.0027321855568999717,0.0020263328789035216,0.9886788721966521,1610.2099324875091,0.26226226226223603,-0.029999999999999805,7.37
531,type4_HARD,1000,9.99,2.8122561229698904e-06,3.788639404186837e-08,2.653464171798484e-06,2.828579042397274e-06,1.7511487059879022e-07,0.00030610901903279974,7.029384778981425e-05,7.910219880035137e-09,390.62499999999994,428.43745160175456,5.631340926546943e-10,2.9982480155940993e-09,5.894569538667405e-05,0.0,1.84,3.7222506703682305e-09,0.021255929903100088,0.014863363049788792,1840000.0000000002,1748.0369882300918,0.18418418418416574,1.84,8.15
532,type2_Triangle_Wave,1000,9.99,29.114786482351093,0.39185138792327173,28.943438918952637,31.212719831018266,2.2692809120656285,30536.844849755693,4216.5953175904215,847824.3394231114,2734.3749999999995,3082.059242167732,0.3454232896164267,1.640695049195589,3757.9074503108995,0.0,0.0,2.2692809120656285,0.9999999999995592,0.8815160549672021,0.0,13456.617330793948,0.0,0.0,9.99
533,type0_Step_Response,1000,9.99,0.0954836292211794,0.013171210507152009,1.9411311697195797e-06,0.0997946065734707,0.09979266544230098,305.53291316127,12.401204298066782,9.290604235471378,390.62499999999994,252.06380459845914,6.802375825021191e-05,0.0003837219743707959,2.5814904508806036,1.69,1.69,0.0003837219743707959,0.003845192155818451,0.005164579080116457,0.9999994082843738,3061.677046143878,0.16916916916915223,0.0,8.3
534,type1_HARD,1000,9.99,0.3458504830747985,0.08484248224230015,-0.0199642203788644,0.3934896997536953,0.4134539201325597,297.62645239677084,51.103901528646524,126.81080343610651,390.62499999999994,387.5117884508962,0.00010728859742894702,0.0005004608256411469,8.307788128504393,4.53,4.75,0.0005004608256411469,0.0012104391838381433,0.0012645622168535667,1.0485648899415254,719.8539859064038,0.47547547547542784,0.21999999999999975,5.24
535,type1_Damped_Osc,1000,9.99,30.022186642937697,0.42322042300331514,27.692854185680652,31.32959136130858,3.6367371756279283,21763.01944833554,1772.3146914953788,901510.806349834,1171.8749999999998,1130.4405484959047,0.0073707106811129325,0.044452325571395335,823.8842533682734,2.67,2.62,0.04744286810105791,0.013045448656281647,0.017415772681267278,0.9812730407217076,5984.215629927092,0.26226226226223603,-0.04999999999999982,7.37
536,type0_Step_Response,1000,9.99,1.6374225424414854e-06,1.5212984809217199e-07,4.156898467131325e-10,1.6825533727268824e-06,1.6821376828801694e-06,0.010192655778670743,0.00021409104856000088,2.7042960731760856e-09,390.62499999999994,263.0533990021644,9.876761728470276e-10,4.844458445993188e-09,5.192773716382262e-05,0.0,1.32,5.636490478067105e-09,0.0033507882170667803,0.006492280725659409,1320000.0000000002,6059.343312418693,0.1321321321321189,1.32,8.67
537,type4_overdamped_decay_overshoot,1000,9.99,0.5831879838427784,0.004531714637159116,0.5727571848757202,0.6247136303964068,0.05195644552068657,241.1012470680429,13.793612424102458,340.12876093615745,390.62499999999994,340.5815684969285,0.0001359794363031538,0.0006595488290416229,9.299622450307877,2.27,2.14,0.0009285092849280474,0.017870916218479353,0.03000617804972638,0.9427308622331003,4640.449219479564,0.2142142142141928,-0.1299999999999999,7.85
538,type0_Step_Response,1000,9.99,41.62687072043253,10.599463705409876,-11.056741664164347,45.51585810233748,56.57259976650183,148848.01212824532,9117.557428412094,1845144.9968179038,390.62499999999994,426.204633759281,0.021836333079518055,0.13367757766205557,1065.5084411355233,3.82,3.81,0.15145567835547524,0.002677191413875124,0.0020601356527473096,0.9973819378581315,2631.0972580825182,0.3813813813813432,-0.009999999999999787,6.18
539,type0_HARD,1000,9.99,48.25907893461539,10.193195555743243,0.0499121078674985,69.40481948718968,69.35490737932219,1156843.9323064971,10433.815543886436,2432839.9352550623,390.62499999999994,448.0539689181493,0.012801832816050901,0.06731581768887906,752.76446928446,3.56,3.5500000000000003,0.08020950110675074,0.001156507940643053,0.001255919475501144,0.9971907311261992,16680.058787756203,0.3553553553553198,-0.009999999999999787,6.4399999999999995
540,type5_Square_Pulse_Wave,1000,9.99,0.2562811700113051,0.0047617265475828644,0.2547895525663441,0.2768176093997633,0.022028056833419185,2190.4395556520403,18.752138113437955,65.70271214207743,781.2499999999999,3045.4418977355836,0.002845333594289705,0.011452508986936227,13.041031145432765,0.0,0.0,0.022028056833419185,0.9999999999546034,0.597542417704877,0.0,99438.61921717235,0.0,0.0,9.99
541,type1_Damped_Osc,1000,9.99,44.01496181494421,0.628385128187228,40.73861482408158,46.68013399399009,5.94151916990851,38175.532300810744,2784.505790186831,1937711.7314403239,1171.8749999999998,1198.4524606639327,0.011285244362261734,0.07849819345388909,1291.5458557775032,2.53,2.48,0.07849819345388909,0.013211805130822228,0.01795912069847924,0.9802367667048353,6425.214025084457,0.2482482482482234,-0.04999999999999982,7.51
542,type1_Damped_Osc,1000,9.99,19.71106937989888,0.46689172163528153,17.495721411673966,21.138609513208817,3.642888101534851,23462.543224902176,1359.8228358675117,388744.2439789188,781.2499999999999,715.3128752867216,0.006419352406107062,0.03311389232770168,513.4586655136802,3.52,2.86,0.03668442333810873,0.010070148276759443,0.01374912449423953,0.8124997691762018,6440.643404613584,0.28628628628625763,-0.6600000000000001,7.130000000000001
543,type1_Damped_Osc,1000,9.99,38.39644284428322,0.7168127029568447,35.72564231915803,41.154432399870345,5.428790080712318,28638.858841502923,1752.9747084614241,1474800.6435454283,390.62499999999994,550.5686126338284,0.005429870495965782,0.030207209213074293,631.7943115845698,3.74,3.69,0.03295778609075484,0.006070926597041,0.00757501990905023,0.9866307522377666,5275.366778915848,0.3693693693693324,-0.050000000000000266,6.300000000000001
544,type0_HARD,1000,9.99,4.402972056351592e-06,4.6728888629517487e-07,-6.764027231824716e-08,5.343477601117333e-06,5.41111787343558e-06,0.030502327526595974,0.0007532759147848234,1.9604521832267944e-08,0.0,322.76700798926424,1.311034254406771e-09,7.3551334771377965e-09,8.598280487359763e-05,0.0,1.4,8.176012407200075e-09,0.0015109652178106805,0.0028056123037480526,1400000.0,5636.972360067504,0.1401401401401261,1.4,8.59
545,type4_overdamped_no_overshoot,1000,9.99,2.7869060750957538e-06,4.784384400441223e-08,2.7702373826201235e-06,3.0905221142236805e-06,3.2028473160355705e-07,0.0007531263676625103,7.462205699010726e-05,7.769134504814737e-09,390.62499999999994,310.64212665217,5.495319532367156e-10,2.8427417433257615e-09,5.016423505828689e-05,0.0,1.85,4.234524833595383e-09,0.013221084849439343,0.011485708955097398,1850000.0000000002,2351.4202892894223,0.18518518518516666,1.85,8.14
546,type0_Step_Response,1000,9.99,43.72934459930049,7.654613417037756,0.7411349078998583,47.396773420145536,46.65563851224568,172185.70889799565,9723.395029981555,1970848.6856486653,390.62499999999994,674.6026714740628,0.023607372185044426,0.11760255050580071,823.4250640390683,4.5,4.5200000000000005,0.11760255050580071,0.0025206503277182906,0.003084071121409697,1.0044442212346176,3690.5659077583614,0.4524524524524072,0.020000000000000462,5.47
547,type1_Damped_Osc,1000,9.99,0.09814273457515539,0.0010506516172230124,0.0935403497344729,0.1010565252997715,0.0075161755652985995,34.93088261416893,3.0305641850322402,9.633100218710174,781.2499999999999,629.6194140874035,2.0834527617786752e-05,0.00011608453386849349,1.2763313700296963,3.11,3.25,0.00012437125153150208,0.016547145610749707,0.019830100916823978,1.0450157411524947,4647.427711879663,0.32532532532529274,0.14000000000000012,6.74
548,type3_Sine_Wave,1000,9.99,11.930568495683877,0.10022860660622442,11.770184181813368,12.066369043030852,0.29618486121748333,833.1703615146679,202.05339057498307,142348.5104037869,390.62499999999994,374.08118670492803,0.0829995778255249,0.27281826281307353,208.08024333402537,0.0,0.0,0.29389872960116215,0.9922814028782019,0.8281026808123095,0.0,2813.0079237914615,0.0,0.0,9.99
549,type1_HARD,1000,9.99,6.7519299386424775e-06,7.553465832786574e-07,3.1002039962076285e-07,1.020483150726397e-05,9.894811107643207e-06,0.05266328948163748,0.0019660597998317564,4.615910635720736e-08,1562.4999999999998,1551.4516805493563,1.98327711116118e-09,1.0251818968839732e-08,0.00018017297498393545,0.0,2.32,1.0889481631139956e-08,0.0011005243467663646,0.002625648317497196,2320000.0,5322.313239374999,0.23223223223220896,2.32,7.67
550,type4_overdamped_decay_overshoot,1000,9.99,43.06451779349074,0.7357729535979398,42.24505419755698,47.38407610257763,5.139021905020648,10946.137942972455,1585.8899425825714,1855094.0546251263,390.62499999999994,329.0376680718686,0.014399423136907749,0.087097778822681,1202.356144953117,5.55,5.45,0.09308608764932558,0.01811358063260356,0.019570470844945852,0.9819818050483234,2130.004141892511,0.545545545545491,-0.09999999999999964,4.54
551,type4_overdamped_decay_overshoot,1000,9.99,2.1396788947497443e-09,1.8573823350245277e-11,2.118918177187264e-09,2.299949227385875e-09,1.810310501986111e-10,6.128993224311674e-07,5.97251034369535e-08,4.578570759551335e-15,390.62499999999994,303.2004054500371,5.979378918509163e-13,3.175743125149183e-12,4.332304833147536e-08,0.0,2.58,4.543937086171756e-12,0.024962428559380065,0.030547833254223354,2580000.0,3367.0042652747593,0.2582582582582324,2.58,7.41
552,type4_overdamped_decay_overshoot,1000,9.99,26.16596337966253,0.2547393689388238,25.66904989803876,27.827535630633037,2.1584857325942757,5799.455556295996,834.3398483139489,684722.5317319277,390.62499999999994,327.5448218332826,0.009641315025148369,0.048631234225240405,694.7098939069285,4.23,3.63,0.05551076829193491,0.025717458982316744,0.03784776206863378,0.8581558254950766,2686.8167200359326,0.363363363363327,-0.6000000000000005,6.36
553,type4_overdamped_no_overshoot,1000,9.99,34.34347027075229,2.632662801854641,32.83110841759615,44.14076717966475,11.3096587620686,8126.103417011165,1443.4738758800918,1186404.8636663156,390.62499999999994,391.15144528154167,0.005039673476119162,0.033602427796452616,541.1532982254972,6.04,5.92,0.033602427796452616,0.00297112658333677,0.0019142874934712228,0.9801322880575681,718.5100441990821,0.5925925925925333,-0.1200000000000001,4.07
554,type5_HARD,1000,9.99,1.7707343285878799e-06,9.948026435450348e-08,1.5122520022273772e-06,2.0483473692335907e-06,5.360953670062135e-07,0.028554178684961556,0.00015830778245484205,3.1453963854356126e-09,390.62499999999994,1351.1514492582753,1.0701829041400716e-07,2.5066153895824924e-07,0.000236856576152643,0.0,0.0,5.360953670062135e-07,0.9999981346637254,1.0757632716914949,0.0,53263.14528938154,0.0,0.0,9.99
555,type0_Step_Response,1000,9.99,2.110920155454488e-06,3.3307938357873044e-07,8.059084969876673e-08,2.2199701519172005e-06,2.1393793022184336e-06,0.004227149566628006,0.0002538060383860788,4.566925778469189e-09,390.62499999999994,303.5891706627653,8.620929868494504e-10,4.759342621915776e-09,5.294410150778662e-05,0.0,2.37,6.388119171698501e-09,0.002985967088261181,0.0025882430468790333,2370000.0,1975.8757067383754,0.2372372372372135,2.37,7.62
556,type0_HARD,1000,9.99,1.3633688935119495,0.2750693385490192,0.0622874487417016,1.4623153133450126,1.400027864603311,27296.45092854511,161.83606291867864,1934.4378808057922,390.62499999999994,491.33306600890614,0.0001657365190623791,0.0009724974650913154,18.145516460020893,1.66,1.65,0.0010287173141709793,0.0007347834569433551,0.0006025263300374761,0.9939753048341538,19497.076893008758,0.16516516516514862,-0.010000000000000009,8.34
557,type1_Damped_Osc,1000,9.99,2.456075349137261e-09,8.919090859157385e-11,2.082340309153592e-09,2.681572735744065e-09,5.992324265904729e-10,1.6217317558022028e-06,2.2714656525711854e-07,6.040261138815111e-15,781.2499999999999,653.9088014908797,7.49431511217204e-13,3.857340679799118e-12,5.9046284633903e-08,0.0,5.28,3.857340679799118e-12,0.0064264116847371,0.008309390856798844,5280000.000000001,2701.8396273826766,0.5285285285284756,5.28,4.71
558,type2_Triangle_Wave,1000,9.99,2.4167416081310073e-09,2.9059798861430766e-11,2.4011759017532822e-09,2.511325158709801e-09,1.101492569565189e-10,1.3647976769876608e-06,3.4745068230720883e-07,5.841484472381515e-15,1562.4999999999998,2927.8225774417124,2.9705517878306743e-11,1.0490682686071345e-10,3.6071277565434096e-07,0.0,0.0,1.101492569565189e-10,0.9910030887530702,0.9882141266228299,0.0,12278.96356987401,0.0,0.0,9.99
559,type1_HARD,1000,9.99,8.679558948891521e-06,7.948002295651769e-07,6.785095745973005e-07,1.1384755346083114e-05,1.0706245771485813e-05,0.06045393839765071,0.00160904919995338,7.596645095219976e-08,0.0,635.089331721554,2.2365024594857274e-09,1.1173395425617268e-08,0.00021341032334577881,0.0,2.2,1.3005576005130083e-08,0.0012147652004218814,0.002813914191739842,2200000.0000000005,5646.604238439472,0.2202202202201982,2.2,7.79
560,type4_overdamped_decay_overshoot,1000,9.99,6.0544871286542765,0.12915007054403102,5.592863144586544,6.863834591249517,1.2709714466629727,9524.116714601938,309.2233104967516,36673.494131761836,390.62499999999994,450.1592745222952,0.0017759560774728675,0.011570253138272868,170.59729004896212,1.99,1.94,0.012091087537547729,0.00951326449487456,0.013751104199773868,0.9748738819729237,7493.572526432989,0.19419419419417475,-0.050000000000000044,8.05
561,type0_Step_Response,1000,9.99,41.736716684023136,10.469383320114227,-0.0140675090689935,46.538295079333984,46.55236258840298,51114.96499956924,5108.497432861176,1851561.5066659013,390.62499999999994,362.7803990145656,0.028730643678459483,0.1247966298962595,873.1509691597014,4.53,4.55,0.1247966298962595,0.0026807797275437504,0.0027442536776027863,1.0044147893124085,1098.0101150076061,0.45545545545540983,0.019999999999999574,5.44
562,type2_Triangle_Wave,1000,9.99,2.1962308259580793e-09,1.233197679545855e-10,2.138665412737689e-09,2.703481932666275e-09,5.648165199285857e-10,4.089820622481243e-06,8.069496569344014e-07,4.838637606056879e-15,781.2499999999999,1770.2455405122253,1.3169296708073226e-10,5.644259546838608e-10,9.440534464499275e-07,0.0,0.0,5.648165199285857e-10,0.9982326426239265,1.0593083404792085,0.0,7228.174643959562,0.0,0.0,9.99
563,type4_overdamped_decay_overshoot,1000,9.99,1.9774911461214387e-06,2.63043916420542e-08,1.931294550981182e-06,2.1831327424480477e-06,2.518381914668655e-07,0.000990417468550525,7.705966802414724e-05,3.9111631540083395e-09,390.62499999999994,292.02764697612224,6.279279342741741e-10,3.2752470283448232e-09,5.277513820719285e-05,0.0,3.39,3.3290010252747153e-09,0.013218756802245818,0.023870693233485684,3390000.0000000005,3932.737644136037,0.3393393393393054,3.39,6.6
564,type4_overdamped_decay_overshoot,1000,9.99,5.304043808202633e-06,1.1273391938427327e-07,5.213312906531071e-06,5.931612646120576e-06,7.182997395895048e-07,0.001149655030681587,0.00012224816918234827,2.814558965591243e-08,390.62499999999994,324.43636445173394,5.574372263360371e-10,3.347882352313488e-09,5.8596831497812145e-05,0.0,5.9,3.347882352313488e-09,0.004660836565791007,0.004944672239804703,5900000.000000001,1600.5204607454432,0.5905905905905315,5.9,4.09
565,type5_HARD,1000,9.99,0.13400933338387835,0.009541195240765427,0.1148128757189473,0.1647406368709995,0.04992776115205219,3153.1596102517988,16.91456846589394,18.049535840613864,390.62499999999994,1596.936680641138,0.0028014468147059646,0.018395331966706396,10.36483314674646,0.0,0.0,0.04992776115205219,0.9999999999799711,0.2936159195698009,0.0,63154.43627816345,0.0,0.0,9.99
566,type0_Step_Response,1000,9.99,33.53017340660948,7.837684868079786,-2.719333074119338,36.39459262720104,39.11392570132038,68521.99839543154,4837.981474976746,1185701.832768628,390.62499999999994,319.65707218026046,0.01730972435215109,0.10558157384723899,906.8209049568568,2.97,2.95,0.10953868539251488,0.0028005034889355108,0.002208525175928606,0.9932656588331115,1751.8568429738737,0.29529529529526577,-0.020000000000000018,7.04
567,type1_HARD,1000,9.99,32.889166990131145,4.883142367611615,0.0202338827174074,39.702749309213424,39.68251542649602,98791.77170051515,5192.641752693371,1105542.3846870959,0.0,344.7938197020261,0.004300929157187718,0.02797229689395664,479.849280166933,2.78,2.77,0.02797229689395664,0.0007049023126008496,0.0008807707892593057,0.9964025192796694,2489.5541685986313,0.2772772772772495,-0.009999999999999787,7.220000000000001
568,type1_HARD,1000,9.99,1.136078170711164e-09,2.7020214035031505e-10,-8.388330905255738e-11,1.2308071141005975e-09,1.314690423153155e-09,4.181137685319549e-06,1.44584909933799e-07,1.3636828066163164e-15,390.62499999999994,373.4681132360436,3.136482876781824e-13,1.4567236325392395e-12,1.565005821625448e-08,0.0,1.82,1.834857866444486e-12,0.0013945969615307419,0.001156511107445683,1820000.0000000002,3177.9038683728695,0.18218218218216395,1.82,8.17
569,type2_Triangle_Wave,1000,9.99,9.036977450049529e-06,4.17043792878989e-07,8.88260179790817e-06,1.1406884549421532e-05,2.5242827515133616e-06,0.027698188822835455,0.0032573424023968683,8.184088695788257e-08,781.2499999999999,2537.3342426133536,5.101878478430751e-07,2.5239216986100817e-06,0.004117776531638877,0.0,0.0,2.5242827515133616e-06,0.9999996038480226,1.2233406496244466,0.0,10972.692276068332,0.0,0.0,9.99
570,type4_overdamped_decay_overshoot,1000,9.99,29.263254678407872,0.4273412165369442,28.117081446019725,31.63542522990308,3.5183437838833562,12819.031259930467,854.4756175969749,856520.6948887114,390.62499999999994,307.5728685652031,0.00652010238815907,0.034101476641929196,459.2769050029493,2.81,2.78,0.03668409243638848,0.010426523014726023,0.015257368434949785,0.9893234913439531,3643.484561869015,0.2782782782782504,-0.03000000000000025,7.210000000000001
571,type0_Step_Response,1000,9.99,0.09136163377750685,0.015158563197982906,-7.983493734170447e-06,0.0966842173060604,0.09669220079979457,249.48654579354087,11.065594450409323,8.576730164722523,390.62499999999994,360.7021140238816,5.206249488679879e-05,0.0002666876524343026,1.7572265125035753,2.15,2.15,0.000285441522406199,0.0029520635588206963,0.0034345270197040853,0.9999995348839372,2580.2137476168677,0.21521521521519366,0.0,7.84
572,type0_HARD,1000,9.99,21.236058237643427,2.9136708339803805,0.0065644006749613,26.78020933474156,26.7736449340666,74764.48698415261,3756.493444027513,459459.64720137115,0.0,466.8442008323458,0.004685114653238155,0.03207408286257163,414.1690111428963,2.11,2.1,0.03207408286257163,0.0011979722201275478,0.0016079766453358042,0.9952601918198143,2792.4657687911595,0.21021021021018918,-0.009999999999999787,7.890000000000001
573,type0_HARD,1000,9.99,14.786893582266082,2.1040833284445775,0.2518150292176825,22.688296740122244,22.436481710904562,80306.92900386249,4414.6148043360545,223079.38846630027,1171.8749999999998,1079.8332336051703,0.003022299709395348,0.01795626229283087,348.7035674150732,2.62,2.46,0.022056968824641032,0.0009830850089976423,0.0014363973463104793,0.938930939339336,3579.3013378219725,0.24624624624622157,-0.16000000000000014,7.53
574,type4_overdamped_decay_overshoot,1000,9.99,5.964762678591735e-06,6.2151419393866e-08,5.799951213707852e-06,6.6654040482830674e-06,8.654528345752152e-07,0.006780619155191197,0.00021723558758603539,3.5582256610853516e-08,390.62499999999994,566.7886475169655,1.135951396513454e-09,6.361222378018732e-09,0.0001214855492736035,0.0,1.42,7.241432649770896e-09,0.008367208463898202,0.018276865286849384,1420000.0,7834.755459277942,0.1421421421421279,1.42,8.57
575,type4_overdamped_no_overshoot,1000,9.99,9.060649744138003e-09,2.886945194869541e-10,8.963641653612174e-09,1.0851629131922707e-08,1.887987478310533e-09,3.577125575353928e-06,3.261024308064282e-07,8.217871831152988e-14,390.62499999999994,303.3742413315478,2.9379179970676105e-12,1.329045474067032e-11,1.619744286103904e-07,0.0,1.91,1.6565747545707937e-11,0.008769643915545678,0.010141434509256966,1910000.0,1893.6735242698524,0.19119119119117203,1.91,8.08
576,type1_Damped_Osc,1000,9.99,30.14100128424331,0.4642643605094437,27.447894825922443,32.4021170617803,4.954222235857859,44463.76722070546,2117.387642681728,908695.4998131959,1562.4999999999998,1472.6805994027975,0.007483774758350387,0.04409572796852501,737.8079514201291,2.13,2.08,0.04789064037582236,0.009666631429891857,0.01611964086608375,0.9765253631336324,8974.92383342736,0.20820820820818736,-0.04999999999999982,7.91
577,type2_Triangle_Wave,1000,9.99,2.527581933395688e-09,5.0075755865050293e-11,2.504845867154842e-09,2.70949465142184e-09,2.04648784266998e-10,2.554111191157477e-06,5.263676493407298e-07,6.391178011353741e-15,1171.8749999999998,2969.5189705331786,5.43902296181953e-11,2.0353811664681763e-10,6.257505844989367e-07,0.0,0.0,2.04648784266998e-10,0.9951373405704083,1.0648932883519597,0.0,12419.772867907754,0.0,0.0,9.99
578,type0_Step_Response,1000,9.99,25.822404234364612,7.332635799960888,-3.289620284202306,29.67702364500876,32.96664392921107,62513.094197326594,5829.607607607079,720564.1082177993,390.62499999999994,611.5384605468095,0.01695208037100614,0.08849724033355955,811.9968236338561,5.0600000000000005,5.05,0.08849724033355955,0.0026844479687888785,0.00231186722393798,0.9980235181771702,1896.2529013131702,0.5055055055054549,-0.010000000000000675,4.94
579,type0_HARD,1000,9.99,0.06091839633360294,0.007374802779493524,0.0027000328370285,0.0770938305028729,0.07439379766584439,273.20800468728993,11.042624448574989,3.7654387278943524,0.0,526.3446780250321,2.1587904659461348e-05,0.00011642031662620345,1.6075706283687181,1.63,1.63,0.00013377596931410385,0.0017982140112431002,0.0029272517926257923,0.9999993865034439,3672.4567538652814,0.1631631631631468,0.0,8.36
580,type2_Triangle_Wave,1000,9.99,1.09903075478264,0.029656446920631883,1.0871436502928662,1.2534037329611871,0.16626008266832093,1681.400726839932,228.8064331555462,1208.7481048020554,781.2499999999999,2373.1216988935607,0.024669788220173676,0.13830359834167893,175.76851272337873,0.0,0.0,0.16626008266832093,0.9999999999939853,0.831852456410722,0.0,10113.075248399307,0.0,0.0,9.99
581,type5_Square_Pulse_Wave,1000,9.99,31.6894820792914,0.35234824250937685,31.581930217061217,33.18856543779172,1.6066352207305066,159623.40529948342,990.4410277076695,1004347.4237377302,390.62499999999994,2009.4047406590091,0.0041014612413269435,0.022333981270222125,469.6077559715952,0.0,0.0,1.6066352207305066,0.9999999999993775,0.011640362421294476,0.0,99352.61174394417,0.0,0.0,9.99
582,type4_overdamped_decay_overshoot,1000,9.99,1.1459894565191168e-06,1.2431007775002747e-08,1.1097502260657768e-06,1.219074690698513e-06,1.0932446463273612e-07,0.0004906781540745494,3.266157042712227e-05,1.3134463644072828e-09,390.62499999999994,358.4759742252614,2.822030560635011e-10,1.5830758031223646e-09,2.1407586631913043e-05,0.0,2.98,2.156505050270388e-09,0.019725551201770514,0.022699716825381307,2980000.0,4488.23296313366,0.2982982982982684,2.98,7.01
583,type1_Damped_Osc,1000,9.99,5.227439859347332e-06,1.7786697265440362e-07,4.6405019818281e-06,5.719810014325284e-06,1.079308032497184e-06,0.0033811065112445537,0.0003552952318721433,2.735776414305449e-08,390.62499999999994,446.98048572692556,7.23708662531321e-10,3.854314479870585e-09,7.999617791412477e-05,0.0,6.0600000000000005,5.2298300752025165e-09,0.004845535354320461,0.004068796938150762,6060000.000000001,3132.6584040733255,0.6066066066065459,6.0600000000000005,3.9299999999999997
584,type4_overdamped_decay_overshoot,1000,9.99,0.012603366092367984,0.00011946195617761385,0.0123670538711947,0.0136066491197052,0.0012395952485105,5.145955646650157,0.4082637547739459,0.15885910801722483,390.62499999999994,321.6220231886786,3.457918296053263e-06,1.6386325921800143e-05,0.26002205760968206,1.96,3.09,2.0539196942800583e-05,0.016569276907854594,0.028945769663827736,1.5765298078929553,4151.319270287804,0.3093093093092783,1.13,6.9
585,type1_Damped_Osc,1000,9.99,14.359744829466306,0.2489625664340511,12.86144546335932,15.026583614176806,2.1651381508174854,17251.764832822046,833.2024884195639,206264.25392686974,1171.8749999999998,1209.0266525590248,0.0024704760968032617,0.01282424248459968,186.5994427103401,2.85,2.21,0.015737526811715696,0.007268601685193368,0.0099230825428037,0.7754383244076054,7967.974157353597,0.22122122122119905,-0.6400000000000001,7.78
586,type0_Step_Response,1000,9.99,1.8776900798793866e-09,4.2454040909285473e-10,-8.46505728025443e-11,2.0589231275255552e-09,2.1435737003280993e-09,2.521567143579845e-06,2.5386864246508497e-07,3.705954595030186e-15,390.62499999999994,358.41337070306326,9.676653104058184e-13,4.232199676547537e-12,5.687114029422948e-08,0.0,3.01,4.795427306809046e-12,0.0022360748460523374,0.0022739680879393753,3010000.0,1175.7894555892713,0.3013013013012711,3.01,6.98
587,type0_Step_Response,1000,9.99,11.512904431874485,2.7274731932459657,5.5803740631600985e-05,12.931567098313051,12.93151129457242,27927.394108363078,1636.6811992703433,139986.0784773505,390.62499999999994,460.1018690490007,0.008031752243728183,0.0384194960996318,267.4463020385396,4.28,4.2700000000000005,0.04288276033767602,0.0033161445217676404,0.002944759370546425,0.9976633183029631,2159.6388443849196,0.42742742742738465,-0.009999999999999787,5.72
588,type0_Step_Response,1000,9.99,4.425758152178919e-09,6.436808506720072e-10,-2.613296821943529e-13,4.60455742860029e-09,4.604818758282484e-09,1.0507071436942903e-05,5.154261233061436e-07,2.0001660259099996e-14,390.62499999999994,267.03099031790225,1.7536593393849635e-12,7.548058961265135e-12,6.237469178460083e-08,0.0,1.65,8.774573057601222e-12,0.001905106023076182,0.002720197656804869,1650000.0,2281.2602901597897,0.16516516516514862,1.65,8.34
589,type4_overdamped_decay_overshoot,1000,9.99,3.073296758118028e-09,3.443481559559885e-11,3.0384084560087942e-09,3.3696206439145782e-09,3.31212187905784e-10,1.1736703188137284e-06,1.0549324857577883e-07,9.446338719983883e-15,390.62499999999994,294.23467479170296,8.715147349182769e-13,4.616623193285848e-12,8.214682884016129e-08,0.0,2.43,5.14253124046253e-12,0.015479658566653676,0.024594871463830128,2430000.0000000005,3532.89361902214,0.24324324324321892,2.43,7.5600000000000005
590,type0_HARD,1000,9.99,0.010756937303251257,0.002920328493356659,-0.0001018273423169,0.0131638405139271,0.013265667856244,866.69291906958,1.8273496924460464,0.12424001865518924,390.62499999999994,1239.6655956054062,3.060203934875326e-06,1.7264733238299412e-05,0.35342658113096154,1.97,3.39,1.8310861195199035e-05,0.001380319588297245,0.001047897159784924,1.720811309232838,65333.53076500433,0.3393393393393054,1.4200000000000002,6.6
591,type3_Sine_Wave,1000,9.99,9.707015908125468e-06,1.7247462033717058e-07,9.455955247163891e-06,9.952170806576869e-06,4.962155594129775e-07,0.001102948565806127,0.00042110686165715977,9.425590533526139e-08,390.62499999999994,415.84711679804894,1.7374989577237053e-07,4.941032872451921e-07,0.0004169717624212683,0.0,0.0,4.957910833120769e-07,0.9991425596489486,1.0073881481493379,0.0,2222.7161606837776,0.0,0.0,9.99
592,type4_HARD,1000,9.99,0.1326411230327839,0.004326024851294278,0.1307810834389436,0.1534284819852513,0.022647398546307707,30.016212750810787,4.238189032741374,17.612382010412126,390.62499999999994,360.4519188969924,4.10368112401844e-05,0.00021572624888169245,2.6279219922457404,2.65,2.61,0.0002647348992982912,0.01168941760552726,0.009486032244687824,0.9849052887149853,1325.3713307561798,0.2612612612612351,-0.040000000000000036,7.380000000000001
593,type1_Damped_Osc,1000,9.99,33.588979808639614,0.9532729924679196,30.15355824448682,37.067824080512366,6.914265836025546,29639.823772715343,2537.9327220322125,1129128.2939833677,781.2499999999999,633.1970494634545,0.008926752947251936,0.04621996788767291,910.2824083442754,4.8100000000000005,4.0600000000000005,0.05865331670646867,0.008482942093556422,0.009364319578730731,0.844074668591545,4286.76369633896,0.40640640640636577,-0.75,5.93
594,type0_Step_Response,1000,9.99,46.416473353751705,4.034140287532689,-0.010650967696899,47.37884700897354,47.389497976670434,332345.7123366234,5702.231731129693,2170763.286459036,0.0,223.94455871952212,0.011921258547919528,0.061113733753735744,944.7190424335232,3.6,1.45,0.10239521396363216,0.002160715313212192,0.002955092708292429,0.4027776658950928,7013.06674529931,0.1451451451451306,-2.1500000000000004,8.540000000000001
595,type0_HARD,1000,9.99,0.014531305148396964,0.003639914387423804,-0.0004076035175721,0.01576859589936,0.0161761994169321,649.4747381659599,1.8424811390575357,0.2244078060636029,390.62499999999994,757.0187031224953,2.516215444405003e-06,1.5891291121301193e-05,0.23144944720660973,1.0,1.43,2.1955138272300445e-05,0.0013572494814796927,0.0006912842380050049,1.4299985700014302,40150.020495295445,0.14314314314312881,0.42999999999999994,8.56
596,type5_Square_Pulse_Wave,1000,9.99,1.8051238662428184e-09,5.121724766347866e-11,1.7870010335713361e-09,1.99047963701264e-09,2.0347860344130396e-10,2.025197798307517e-05,1.4886390999874334e-07,3.2610953789376427e-15,781.2499999999999,2130.8727449998282,2.1831464261405186e-11,6.901353557930093e-11,9.766465330911711e-08,0.0,0.0,2.0347860344130396e-10,0.995109512764806,0.4180891417736359,0.0,99042.03981365974,0.0,0.0,9.99
597,type1_HARD,1000,9.99,4.4769851610501565e-09,1.0565032877949656e-09,4.1351246781006926e-11,5.12357022318592e-09,5.082218976404913e-09,5.8187064331035044e-05,6.63185249615798e-07,2.115959532938487e-14,390.62499999999994,469.79803313831394,1.0753456532427239e-12,6.895554448032507e-12,1.22703120280385e-07,0.0,2.72,6.895554448032507e-12,0.0013565330315376972,0.0010168721607333835,2720000.0000000005,11446.893120506018,0.27227227227224504,2.72,7.27
598,type1_Damped_Osc,1000,9.99,2.530606361554751e-09,1.8090798928643948e-11,2.388438346270906e-09,2.595015376457112e-09,2.0657703018620593e-10,1.7356795184144799e-06,8.848038752983831e-08,6.404295834147253e-15,1953.1249999999998,1792.0524759857824,2.8113565304873496e-13,1.4508318264565714e-12,3.1028747440239956e-08,0.0,1.33,1.851563021773361e-12,0.008919883958800383,0.014726238231283101,1330000.0000000002,8361.616489346135,0.1331331331331198,1.33,8.66
599,type1_HARD,1000,9.99,0.5045786598022768,0.11037169940489014,0.0358303291554395,0.5516308879247867,0.5158005587693472,4855.925841079722,65.16111290605556,266.78153595738524,390.62499999999994,427.4170925569508,0.00013952450580410433,0.0008388557549687814,11.364082179885102,2.9,2.66,0.00096322293726403,0.0018674329077120898,0.0012641329847699926,0.9172410630203232,9414.347771658297,0.2662662662662396,-0.23999999999999977,7.33
600,type0_Step_Response,1000,9.99,19.176385910089486,3.1748237120142297,-0.0017449016642007,20.2028444014814,20.2045893031456,41862.11492540564,2467.9072602084275,377813.28217504645,390.62499999999994,288.19907942222625,0.009528632067110587,0.0482135221005251,589.6908895691288,2.95,2.88,0.061500895292549984,0.003043907221760357,0.0030013106022388422,0.9762708555014048,2071.911202812035,0.2882882882882594,-0.07000000000000028,7.11
601,type2_HARD,1000,9.99,33.12920822260882,0.4741628234685876,32.87443886408733,34.9739222197646,2.099483355677272,6814.299765686371,1602.102610823942,1097769.2678401312,390.62499999999994,629.9412539526938,0.3783361082833038,1.5273146324218416,1549.6761479946822,0.0,0.0,2.099483355677272,0.9999999999995236,0.7979033563089324,0.0,3245.703161807111,0.0,0.0,9.99
602,type5_Square_Pulse_Wave,1000,9.99,11.418270561567926,0.285981196153086,11.273171474779938,12.13868912262085,0.8655176478409121,85983.30269314154,789.6620636149305,130458.68786172185,390.62499999999994,1620.0175007099883,0.2942462870812784,0.7529152632140459,839.34135826578,0.0,0.0,0.8655176478409121,0.9999999999988447,1.0289008194886327,0.0,99343.21143830275,0.0,0.0,9.99
603,type4_HARD,1000,9.99,1.3125737168300668e-06,1.40009475240296e-08,1.3062569120591924e-06,1.3819166187958918e-06,7.565970673669941e-08,0.00012535630250066316,2.12000466607347e-05,1.7230457886446665e-09,390.62499999999994,381.0944588517783,2.5629288452515876e-10,1.4577826940647946e-09,1.669721744892551e-05,0.0,2.31,1.7377492670912479e-09,0.02296765840608185,0.018304088348090067,2310000.0,1656.821723023356,0.2312312312312081,2.31,7.68
604,type4_overdamped_no_overshoot,1000,9.99,1.987568474199507e-06,1.3716301230708625e-07,1.908177283134641e-06,2.487013688989264e-06,5.788364058546229e-07,0.00043972667922832206,8.01502514269632e-05,3.969242131576912e-09,390.62499999999994,394.84501634296237,4.3548045708638374e-10,2.7031236910031163e-09,3.847798838219021e-05,0.0,5.46,2.763945099649373e-09,0.0047749939304087535,0.003174888586019335,5460000.0,759.6721890823362,0.5465465465464918,5.46,4.53
605,type0_Step_Response,1000,9.99,9.783771704651157,1.4911569828039344,-0.0035211463633963,10.475231348348652,10.47875249471205,23670.776423229847,1350.2615175086792,97945.73791609753,390.62499999999994,285.57518452921033,0.0043932871884921525,0.0194036384964118,267.7647701467398,2.09,2.09,0.026705740465580163,0.0025485610504737354,0.002946227150563436,0.9999995215313293,2258.930768254399,0.20920920920918826,0.0,7.9
606,type0_Step_Response,1000,9.99,2.329923438997128,0.48668836079579325,-2.9156336631184083e-05,2.511941367368157,2.5119705237047882,3069.9568239956197,297.4170494699245,5665.408792122301,390.62499999999994,355.0949334009489,0.001134551749610855,0.005450465718634501,59.10786184047959,2.25,2.24,0.007016635939949278,0.002793279568264191,0.0023311668020032307,0.9955551130866165,1222.130910782608,0.2242242242242018,-0.009999999999999787,7.75
607,type1_Damped_Osc,1000,9.99,2.8012915644565153e-06,2.8734896333059763e-08,2.6856265932178416e-06,2.91195901056473e-06,2.263324173468884e-07,0.0009195338215270119,0.00010542595534363778,7.848060123362503e-09,781.2499999999999,845.9260036523784,6.436101576434578e-10,4.209933153876483e-09,5.102424715073583e-05,0.0,2.7,4.219406392211602e-09,0.018642436639149742,0.022397427600092088,2700000.0000000005,4062.739971436452,0.27027027027024325,2.7,7.29
608,type2_Triangle_Wave,1000,9.99,5.299504214140334e-06,9.32775195729769e-08,5.258767863198623e-06,5.731550715162815e-06,4.7278285196419253e-07,0.004785160744274528,0.0007630286389388479,2.8093445611348847e-08,1171.8749999999998,2304.4625645966025,9.69698579572653e-08,4.4532197247097263e-07,0.0008326625703473159,0.0,0.0,4.7278285196419253e-07,0.9999978848685381,1.03957329512933,0.0,10121.24404079043,0.0,0.0,9.99
609,type0_HARD,1000,9.99,4.702483375099518e-09,6.759085308843855e-10,-1.0834469964276143e-10,6.504186046876392e-09,6.612530746519153e-09,2.0566711984622978e-05,1.0965634119376656e-06,2.2570202235209636e-14,781.2499999999999,798.678546839492,1.410499708536055e-12,8.676285113020075e-12,1.338354235477012e-07,0.0,2.36,9.460565136327244e-12,0.0014304863013310323,0.0020837375275699773,2360000.0,3109.793055010395,0.23623623623621257,2.36,7.630000000000001
610,type5_HARD,1000,9.99,5.427881921048411e-09,1.249335222466618e-10,5.177957176173935e-09,5.813958903121523e-09,6.360017269475885e-10,4.1007674227451155e-05,3.61963546440249e-07,2.947751053382514e-14,781.2499999999999,1779.7303950466785,7.68937343622671e-11,2.2125082645902262e-10,2.647304175324786e-07,0.0,0.0,6.360017269475885e-10,0.9984301455432596,0.6105898809981499,0.0,64376.080146522436,0.0,0.0,9.99
611,type3_Sine_Wave,1000,9.99,48.268728101878764,1.018806747681634,46.76533015248958,49.70070624427292,2.93537609178334,5151.596060875363,1932.7054399197327,2330908.0797622222,390.62499999999994,379.017983985944,0.8606934921261404,2.724837305129988,2128.0538650323847,0.0,0.0,2.9263781698513256,0.9969346613000637,0.8448054492020824,0.0,1755.0037541335428,0.0,0.0,9.99
612,type4_overdamped_no_overshoot,1000,9.99,5.534039013074855,0.20484107199659063,5.471534986632036,6.951325322254899,1.4797903356228632,3322.7295517383122,278.22367725741304,30667.547663011213,390.62499999999994,279.88186361415103,0.001719701653849741,0.010656948910876096,155.16869644460235,1.76,1.62,0.01203683370407127,0.008134148071048642,0.008395297081192625,0.9204540224693055,2245.405630614209,0.16216216216214593,-0.1399999999999999,8.370000000000001
613,type4_overdamped_decay_overshoot,1000,9.99,5.5106653994747955e-09,5.958687657636636e-11,5.2786188147576645e-09,5.824711304190974e-09,5.460924894333096e-10,4.005132491945503e-06,1.7123936407136262e-07,3.037098374082884e-14,390.62499999999994,484.5636874038061,1.3430640821959588e-12,7.187040357802661e-12,1.071835665932057e-07,0.0,1.93,9.323055837063546e-12,0.017041096372426116,0.022167574202362157,1930000.0,7320.759413265036,0.19319319319317385,1.93,8.06
614,type5_HARD,1000,9.99,49.141163809292124,2.3097299708775387,47.74740060537816,53.911180863770205,6.163780258392045,612494.3282216982,3893.8284134991436,2420188.833070052,390.62499999999994,1274.299088831107,2.9397576826736467,6.052691238877067,5704.73619070973,0.0,0.0,6.163780258392045,0.9999999999998378,1.2727711549569007,0.0,99369.91627624654,0.0,0.0,9.99
615,type4_overdamped_no_overshoot,1000,9.99,1.9750507166597344e-06,6.185708768234957e-08,1.956696963428437e-06,2.392997720363513e-06,4.3630075693507625e-07,0.00096681346895779,7.454234869834463e-05,3.904651632674672e-09,390.62499999999994,282.4928246998883,3.275494249987235e-10,1.703850229347417e-09,3.88462380762536e-05,0.0,1.83,1.947188997071286e-09,0.004462940994668139,0.005295175413128486,1830000.0000000002,2215.928433911066,0.18318318318316484,1.83,8.16
616,type0_Step_Response,1000,9.99,2.441768891286695e-06,4.657333803208165e-07,-4.831024763037529e-11,2.629420784630541e-06,2.629469094878171e-06,0.004582243411076052,0.0002916935720877328,6.1791429000005066e-09,390.62499999999994,374.06039361632975,3.8569952623773535e-10,2.2067256460937526e-09,4.4965938933569174e-05,0.0,3.71,2.292900889281297e-09,0.0008720011281921547,0.0008281534336633041,3710000.0,1742.6489922823623,0.3713713713713342,3.71,6.28
617,type4_overdamped_decay_overshoot,1000,9.99,15.935313365635759,0.2630058031050055,15.2801637354293,17.942536405284894,2.6623726698555945,14123.635905921004,691.9564568642571,254003.38411347652,390.62499999999994,316.2619280322976,0.004753038225732113,0.026532890698687694,450.379927346461,2.79,2.77,0.030815927727340764,0.011574610901110484,0.018071989931782544,0.9928311853651665,5304.905682750175,0.2772772772772495,-0.020000000000000018,7.220000000000001
618,type4_HARD,1000,9.99,1.4963319824322627e-06,4.239719853480738e-08,1.474655041552364e-06,1.664987070384055e-06,1.9033202883169089e-07,0.00022462957190391388,4.9040330987983086e-05,2.2408069240932654e-09,390.62499999999994,407.77665762714827,3.4648423918586945e-10,1.8069480021175104e-09,3.962946234242301e-05,0.0,4.07,1.912412763493115e-09,0.010047718860105135,0.008172145307103518,4070000.0000000005,1180.192283403166,0.40740740740736664,4.07,5.92
619,type2_Triangle_Wave,1000,9.99,4.159121264834015e-06,1.5811965157541123e-07,4.096970245855835e-06,4.804004211469603e-06,7.070339656137682e-07,0.00833727757354058,0.0014161801759347526,1.7323291519808826e-08,1953.1249999999998,2781.5540795232273,1.707425464357747e-07,7.070339656137682e-07,0.0017049046719919989,0.0,0.0,7.070339656137682e-07,0.9999985856427919,1.0798244551524872,0.0,11791.888632131642,0.0,0.0,9.99
620,type0_HARD,1000,9.99,5.045390328235262e-06,1.2032541486081232e-06,1.14736504326052e-07,6.42611042139005e-06,6.311373917063998e-06,0.214176261860372,0.0008499519597927485,2.6903784110392588e-08,390.62499999999994,623.3219714881347,1.0318272298558615e-09,5.038919279202594e-09,0.00012695206061434075,0.0,4.8500000000000005,5.464590433957714e-09,0.0008658320105787344,0.0008575298689138687,4850000.000000001,33934.96103064736,0.4854854854854369,4.8500000000000005,5.14
621,type2_HARD,1000,9.99,2.419878568600103e-06,3.145069040909287e-08,2.403389957734348e-06,2.5583958044381794e-06,1.5500584670383147e-07,0.0004953240163211974,0.00011012492548956991,5.856801432697292e-09,390.62499999999994,672.7176708467061,1.2535901742444693e-08,6.498884003539028e-08,8.54331167326621e-05,0.0,0.0,1.5500584670383147e-07,0.9999935486720667,0.39857640652664217,0.0,3195.4976625490826,0.0,0.0,9.99
622,type0_Step_Response,1000,9.99,9.336623344957655,2.4324403398045846,-0.3403674556719021,10.515282888239623,10.855650343911526,8143.170160917169,1280.9663005003238,93089.30149231688,390.62499999999994,398.85932770905737,0.0035551492978137408,0.02000912893585749,263.1948922933393,3.33,3.3200000000000003,0.02281972004469246,0.0021021052927970335,0.0014615566267487119,0.9969966975985893,750.1319499926209,0.3323323323322991,-0.009999999999999787,6.67
623,type1_Damped_Osc,1000,9.99,32.34407221394899,0.5081270593656703,30.602765157417643,33.59284120060426,2.990076043186619,7744.417101773137,1379.3376777469202,1046397.2004896067,390.62499999999994,416.25730125511143,0.0073644985570581025,0.03961266513726969,809.8203444675822,5.82,5.82,0.043922873944609364,0.0146895508041276,0.014493419355066853,0.9999998281787237,2590.0401828968456,0.5825825825825243,0.0,4.17
624,type3_Sine_Wave,1000,9.99,3.045395035187287e-06,3.2486407371168505e-08,2.996702622942905e-06,3.090017438921909e-06,9.331481597900415e-08,0.00019586820600131136,6.579132388166108e-05,9.275486287007262e-09,390.62499999999994,379.7143181627417,2.913865894357414e-08,9.21777009046775e-08,6.963597026596804e-05,0.0,0.0,9.328318458073511e-08,0.999650312244214,0.8969216475376158,0.0,2098.981870826498,0.0,0.0,9.99
625,type0_HARD,1000,9.99,44.80697779856035,9.82836967266369,-1.4513103434296062,48.83232680408371,50.28363714751332,1128955.108469391,6030.058309146645,2104262.109863215,390.62499999999994,534.134110394909,0.012802015430187472,0.060065111555410056,725.8749869986357,1.48,1.47,0.08628939764536625,0.0017160532240781197,0.0013025573779335226,0.9932425721333973,22451.7392239833,0.14714714714713242,-0.010000000000000009,8.52
626,type0_Step_Response,1000,9.99,1.0773115323476842e-09,2.3445785981446206e-10,-1.3060327465140026e-13,1.179872661031356e-09,1.1800032643060073e-09,1.8091092424362572e-06,1.4035802169875455e-07,1.2155706257580938e-15,390.62499999999994,386.79963060808956,5.761527911180488e-13,2.953435222203847e-12,3.2379464846722236e-08,0.0,3.27,2.953435222203847e-12,0.0025007849778801187,0.002446946521861917,3270000.0,1531.8410178140732,0.3273273273272945,3.27,6.720000000000001
627,type1_Damped_Osc,1000,9.99,5.7850007220184505,0.0760599410226306,5.371933319215787,6.10673106874397,0.734797749528183,5596.203609298644,316.74122484068903,33472.01846838236,1171.8749999999998,1177.1908684915127,0.0011012386543224936,0.0059729939614392435,123.68319560238582,3.06,2.12,0.008311355181950475,0.011311078711490235,0.014478563084611864,0.6928102311077676,7615.978155736562,0.21221221221219097,-0.94,7.87
628,type4_HARD,1000,9.99,30.85102974409652,0.8408905101490648,30.44219191369754,34.353942493227166,3.9117505795296275,4840.636938779141,884.3264520573186,952493.1331211871,390.62499999999994,393.2771474732387,0.007328850746145767,0.04867660834920429,711.0663827380474,3.23,3.2,0.05323618309668632,0.013609298960741548,0.008715582656341151,0.9907117675814961,1237.460528314147,0.3203203203202883,-0.029999999999999805,6.79
629,type4_overdamped_no_overshoot,1000,9.99,1.2183853025173936e-09,2.566728064704885e-11,1.2086558622392362e-09,1.3612423191168343e-09,1.5258645687759806e-10,2.8478113163297423e-07,3.425168624673929e-08,1.4851215546862157e-15,390.62499999999994,338.32727264945225,2.091306702794248e-13,1.2785920970671981e-12,2.4381983040197812e-08,0.0,2.44,1.3489035011931733e-12,0.008782698218425552,0.007842219574142006,2440000.0,1854.2073137342625,0.24424424424421978,2.44,7.550000000000001
630,type0_Step_Response,1000,9.99,0.2710629968805473,0.04303686712349956,-3.280253460655531e-05,0.2910548142167959,0.2910876167514025,938.25091534366,41.854219039387644,75.32732020966938,390.62499999999994,464.3015233351882,0.0001353476624487251,0.0007040081292942757,6.639455444441144,4.57,4.5600000000000005,0.0007040081292942757,0.002418543726279848,0.003144923678045233,0.9978115978530421,3223.2594632898144,0.4564564564564108,-0.009999999999999787,5.43
631,type1_Damped_Osc,1000,9.99,21.33393268405096,0.7617659967968513,17.704502834061824,23.233370821033517,5.528867986971694,22977.663520036273,2120.035710742649,455716.9712014937,781.2499999999999,790.2660185942021,0.007115091063760624,0.041052006070088964,595.7264577827888,4.2700000000000005,4.25,0.04284352809809988,0.007749059698847803,0.009340258154957716,0.9953159261555207,4155.943598974875,0.4254254254253828,-0.020000000000000462,5.74
632,type0_Step_Response,1000,9.99,2.5275594269518465e-09,5.581702977544434e-10,-4.2406840650129223e-13,2.806362798627374e-09,2.806786867033875e-09,3.4213867268520058e-06,3.258402834184203e-07,6.700110738068431e-15,390.62499999999994,349.7939345883594,1.5439191242003446e-12,8.63862646365066e-12,7.2086084670317e-08,0.0,4.5600000000000005,8.853177325024588e-12,0.0031530802529812453,0.0027610892967679557,4560000.000000001,1218.5350558556936,0.4564564564564108,4.5600000000000005,5.43
633,type1_Damped_Osc,1000,9.99,4.080921540868417e-06,4.594164969340609e-08,3.84105289862342e-06,4.225516959221546e-06,3.8446406059812633e-07,0.0016902017985048292,0.00016675088338381655,1.6656031257900413e-08,1171.8749999999998,1020.1428913376518,5.779450587517237e-10,3.0749268770059648e-09,6.615553293983638e-05,0.0,3.01,3.2274817519605705e-09,0.008394733573291313,0.012579706712794868,3010000.0,4396.2429144414855,0.3013013013012711,3.01,6.98
634,type4_overdamped_no_overshoot,1000,9.99,1.645673580474086e-06,8.692148824948457e-08,1.6059512529267948e-06,2.0245881567906264e-06,4.1863690386383155e-07,0.0003777852584182518,6.047484789983355e-05,2.7157968785899038e-09,390.62499999999994,374.97020735802465,2.366206194494376e-10,1.2754625695989768e-09,2.541266585953493e-05,0.0,3.74,1.4235828961171226e-09,0.003400511236508018,0.0027222025532712556,3740000.0000000005,902.415321048264,0.3743743743743369,3.74,6.25
635,type4_overdamped_decay_overshoot,1000,9.99,44.18549253755615,0.6958601521258316,43.855329515390615,48.1364684192345,4.281138903843882,8698.696547943995,1411.3534289388222,1952841.972137747,390.62499999999994,355.5383054869625,0.011141056716879028,0.06268625798822569,1224.0037305953836,4.09,4.09,0.06362000668716661,0.014860533170280837,0.01601048239768785,0.9999997555012823,2031.8650581815305,0.4094094094093684,0.0,5.9
636,type0_Step_Response,1000,9.99,0.05597247339159237,0.009177350364948959,-0.0043141231251641,0.0592786263818245,0.0635927495069886,178.50853733002995,7.419700730193415,3.2171415372935446,390.62499999999994,334.3054895835768,1.3708227552360736e-05,7.607554533809596e-05,0.9007761565412435,4.12,4.2,0.00011287591313879908,0.0017749808588574938,0.0014937021041740814,1.0194172282967893,2807.0580170087705,0.42042042042037836,0.08000000000000007,5.79
637,type0_Step_Response,1000,9.99,29.532821560427763,8.289054944427969,-11.014805975991488,32.90872388061662,43.923529856608106,128624.40522550854,10108.842750684482,940895.9811918127,1171.8749999999998,723.2710510868765,0.016522279396500205,0.09397987253961304,937.5603000676759,4.99,4.98,0.09397987253961304,0.0021396247716523637,0.001993264552746721,0.9979957919848113,2928.371322737729,0.49849849849844863,-0.009999999999999787,5.01
638,type4_overdamped_decay_overshoot,1000,9.99,0.04138947514771394,0.0011221065745838997,0.0403633320620173,0.0483773499105617,0.0080140178485444,15.450878828079938,1.5030184860251663,1.714347776167954,390.62499999999994,312.2889015235398,7.358000221206446e-06,4.285331358740152e-05,0.7329031797478797,5.93,6.98,4.285331358740152e-05,0.005347294502200011,0.0065573096008083144,1.1770655687916411,1927.9815840388135,0.6986986986986288,1.0500000000000007,3.01
639,type0_HARD,1000,9.99,1.2368433404204062e-06,2.0412937343815176e-07,-1.0045340895066157e-08,1.633484733917161e-06,1.6435300748122271e-06,0.00337605890877223,0.0002471422359803483,1.5714502498425611e-09,390.62499999999994,433.0711433356282,4.76195078101658e-10,2.6884733791920858e-09,3.0482671467485963e-05,0.0,3.49,3.0673533573027107e-09,0.0018663190518945038,0.0023327987407319247,3490000.0000000005,2054.14972707951,0.3493493493493144,3.49,6.5
640,type5_Square_Pulse_Wave,1000,9.99,0.003543603591066952,7.26733835510436e-05,0.0035073664596147,0.0037557512289394,0.0002483847693246998,24.616918611170032,0.18934149976282283,0.012562407831299353,781.2499999999999,1442.5020480223839,7.070626101549602e-05,0.00017190756660410023,0.1983893643005249,0.0,0.0,0.0002483847693246998,0.9999999959739883,0.9729319950116548,0.0,99108.00319596763,0.0,0.0,9.99
641,type0_HARD,1000,9.99,5.533139389823407e-09,1.331481143515754e-09,3.806088561721521e-12,6.6707038162539e-09,6.666897727692179e-09,0.00030537077080814806,8.961457166406297e-07,3.238847354275336e-14,390.62499999999994,991.6924376542847,1.3208718458733198e-12,6.344776136633505e-12,9.411992280286773e-08,0.0,2.35,6.985292558412664e-12,0.0010476004347520697,0.0009912874582136276,2350000.0,45797.158756638535,0.2352352352352117,2.35,7.640000000000001
642,type0_HARD,1000,9.99,2.9548547212159437e-06,3.133488466667347e-07,2.9295849150242232e-08,3.818751044363967e-06,3.7894551952137247e-06,0.01801094430375869,0.0005538855185310835,8.829353923199526e-09,0.0,678.2081895025024,4.680210651842652e-10,2.446057982049009e-09,5.6250150259212914e-05,0.0,1.51,2.647854235095197e-09,0.0006987425368419804,0.0014936055343982093,1510000.0,4752.910015560393,0.151151151151136,1.51,8.48
643,type0_Step_Response,1000,9.99,23.851103731410586,3.9250713757082374,0.0010648806222382,25.2569963894486,25.25593150882636,48232.72945599256,3084.418747750388,584281.3345109122,390.62499999999994,285.55557173767556,0.012727849976959275,0.0697888691066133,810.5593195984808,3.21,3.21,0.0697888691066133,0.00276326648582417,0.0032427053570865134,0.9999996884736173,1909.7584834332654,0.32132132132128916,0.0,6.78
644,type4_overdamped_decay_overshoot,1000,9.99,0.236153501653217,0.007844152073755111,0.2293297223599741,0.2939119167199568,0.06458219435998272,181.0373625378392,9.502794526603298,55.83000706483216,390.62499999999994,252.69267672316963,2.7562100605677236e-05,0.00015443525662520163,3.1614723074516022,2.71,2.71,0.00015844645959819936,0.00245340780328029,0.0035137131895212146,0.9999996309964461,2803.2085984246573,0.2712712712712441,0.0,7.28
645,type0_Step_Response,1000,9.99,0.13545728436695725,0.025821669789299062,2.842498677130706e-06,0.1443003152752375,0.14429747277656038,185.55052316783,17.351910526203667,19.01543451877832,390.62499999999994,324.250934062191,7.331060492803604e-05,0.00036434810679011886,3.895866432290265,2.11,2.1,0.0004224106912687209,0.002927360286620416,0.0028391117043708026,0.9952601918198143,1285.888932052626,0.21021021021018918,-0.009999999999999787,7.890000000000001
646,type0_Step_Response,1000,9.99,7.1281186611285685,1.1930163419019337,-0.0001839260208351,7.603447380299156,7.603631306319991,15225.892718014551,864.1183627461397,52233.36363917441,390.62499999999994,283.08495271129976,0.0029994943753024693,0.01648238762814369,150.53144139402804,4.55,4.53,0.01648238762814369,0.0021676994799105635,0.0025142106356381448,0.9956041767902909,2002.4501589598487,0.4534534534534081,-0.019999999999999574,5.46
647,type0_Step_Response,1000,9.99,11.894792474763944,1.7016002031168342,-0.0025701522842101,12.479280371517964,12.481850523802175,51947.79491078265,1586.7452082943587,144381.53126894822,390.62499999999994,430.1126990296614,0.0042819111968575695,0.02213037243045335,180.94844199725452,2.59,2.58,0.029347162957508388,0.0023511868613986906,0.0025164026126770806,0.9961386115294937,4161.866448545992,0.2582582582582324,-0.009999999999999787,7.41
648,type0_HARD,1000,9.99,6.177860169556575e-09,1.1884621941390828e-09,-4.5469849197231476e-10,6.776780561622036e-09,7.231479053594351e-09,1.5914599085399402e-05,8.922407192733674e-07,3.9578398661491466e-14,390.62499999999994,336.0580639376884,1.420932479465425e-12,7.44311163483493e-12,1.1147581217936744e-07,0.0,1.96,9.515205997912165e-12,0.0013156216461053362,0.0011946007922461774,1960000.0,2200.434867141477,0.19619619619617654,1.96,8.030000000000001
649,type4_overdamped_decay_overshoot,1000,9.99,34.12458858330472,0.5473469462662259,32.176243071009026,37.54487901523748,5.368635944228451,39822.17898809494,1524.422730506431,1164787.134659398,390.62499999999994,471.07862539080503,0.008746878816664009,0.044270894056261056,1052.5973354990222,1.76,1.75,0.04739374998929691,0.008827894176776636,0.015980501720737846,0.9943176168649904,7417.55995410684,0.17517517517515763,-0.010000000000000009,8.24
650,type0_HARD,1000,9.99,3.569793127902748e-09,6.681810324253582e-10,-7.457036307282819e-11,4.256376733409974e-09,4.330947096482802e-09,6.7500942177187215e-06,5.479416669360368e-07,1.3189888868114704e-14,390.62499999999994,311.46454640548933,1.263887010348314e-12,5.7838418603474975e-12,5.603879186632659e-08,0.0,3.04,5.7838418603474975e-12,0.0013351598557248122,0.0018887071645882173,3040000.0,1558.2125236938518,0.30430430430427385,3.04,6.95
651,type4_HARD,1000,9.99,0.0166350274336848,0.000690548988210097,0.0141841505469892,0.017070164011734,0.0028860134647448014,2.654648416050044,0.5914735057006555,0.2772009956245639,390.62499999999994,409.1149765555779,6.331132190581009e-06,3.2397046147200625e-05,0.4578173610571583,4.29,5.44,3.789553508430285e-05,0.013130754770932104,0.009168259297320881,1.2680649724790274,919.8323041659654,0.5445445445444901,1.1500000000000004,4.55
652,type2_HARD,1000,9.99,5.0556528882050175e-06,1.4073849979722922e-07,4.98848594292684e-06,5.654391866346535e-06,6.659059234196949e-07,0.0018138375073649365,0.0003620066313197639,2.5579433451340913e-08,390.62499999999994,688.2439442251278,1.4893898729507863e-07,4.786710910569812e-07,0.00041887093980096823,0.0,0.0,6.659059234196949e-07,0.9999984982886273,1.0582600301241858,0.0,2723.8604128789725,0.0,0.0,9.99
653,type5_Square_Pulse_Wave,1000,9.99,22.70916495889401,0.5462863454105266,22.47501566951856,24.180654888318408,1.705639218799849,169054.72431464438,1541.6891094593507,516004.6019014415,390.62499999999994,1950.2056185564857,0.3945553467353014,1.0728607345097032,1174.4280737071122,0.0,0.0,1.705639218799849,0.9999999999994137,0.722250061802435,0.0,99115.17186706015,0.0,0.0,9.99
654,type0_Step_Response,1000,9.99,2.599485383705242e-06,4.1661799212792755e-07,1.928745743703485e-07,2.743776552328794e-06,2.5509019779584456e-06,0.004509525738447291,0.00029998117588649704,6.930894811461895e-09,390.62499999999994,303.8702984684694,1.6995963808803673e-09,7.563678602119191e-09,6.286110482778132e-05,0.0,3.5,7.849261529969907e-09,0.0030770521645836473,0.0040794980857677444,3500000.0,1767.8154666848138,0.35035035035031525,3.5,6.49
655,type1_HARD,1000,9.99,4.570242383535721e-06,1.237127003194025e-06,-1.6921121731420717e-07,5.0568173891431146e-06,5.226028606457322e-06,0.1180520670568623,0.0006221718963515072,2.2417598666298093e-08,390.62499999999994,599.0900392883855,9.28621909003677e-10,4.940973852975756e-09,0.00010682171300414062,0.0,3.0500000000000003,6.103890636150712e-09,0.0011679785794953589,0.0007506271837725401,3050000.0000000005,22589.245746138957,0.3053053053052748,3.0500000000000003,6.9399999999999995
656,type5_Square_Pulse_Wave,1000,9.99,0.2366713525169293,0.0042468686740676454,0.2352434693363075,0.2563735060430511,0.0211300367067436,2080.36680000391,14.608749811846662,56.03136499572741,781.2499999999999,2293.504712198416,0.0033859539734720718,0.011172389608952588,15.241586872435764,0.0,0.0,0.0211300367067436,0.9999999999526741,0.7972824762277677,0.0,98455.42763498896,0.0,0.0,9.99
657,type5_Square_Pulse_Wave,1000,9.99,1.3626620934828998e-06,8.369770921454254e-08,1.3227821573377163e-06,1.5667948335223764e-06,2.440126761846601e-07,0.024265338991602593,0.0001529761571214872,1.863853287542961e-09,390.62499999999994,1411.9897920556305,5.0373143256210784e-08,1.3492613510200777e-07,8.603983873428773e-05,0.0,0.0,2.440126761846601e-07,0.9999959018690443,0.6018389498348263,0.0,99442.53687338215,0.0,0.0,9.99
658,type5_Square_Pulse_Wave,1000,9.99,1.630780412540548e-06,6.046581347993319e-08,1.5969358783418727e-06,1.7432406159608076e-06,1.4630473761893493e-07,0.014552534307909239,0.00012566536727427193,2.66310086852571e-09,390.62499999999994,1206.7873469235317,6.510148586761558e-08,1.460289014864924e-07,0.00015575434252696244,0.0,0.0,1.4630473761893493e-07,0.9999931649980631,1.0766481995817503,0.0,99466.60018086567,0.0,0.0,9.99
659,type0_Step_Response,1000,9.99,0.11045378738005206,0.012017449031015358,7.549258365285783e-05,0.1131415194941014,0.11306602691044854,453.28416091582,14.18403547868365,12.344458227810797,0.0,210.9562042305423,7.19005651622255e-05,0.00037999791544179873,3.270041038978439,1.22,1.19,0.0004000293202989086,0.0035380151865794752,0.005983013946693443,0.9754090365499701,4009.0217486002643,0.11911911911910719,-0.030000000000000027,8.8
660,type0_HARD,1000,9.99,31.614184004207182,4.339363393593472,0.8735010274730259,41.71188925875152,40.83838823127849,112456.83355216762,6013.70549853647,1018286.7049135283,781.2499999999999,597.5171851194981,0.006930745235052811,0.03470147653210276,473.3640465911165,2.67,2.66,0.041049722797232846,0.001005174899772158,0.0015971801866798234,0.9962543085189856,2753.7040128834747,0.2662662662662396,-0.009999999999999787,7.33
661,type4_overdamped_decay_overshoot,1000,9.99,0.009763957236339564,6.369514071254399e-05,0.0096420924434411,0.0102930140195292,0.0006509215760881013,2.735897741959828,0.22288410347780488,0.09533891798401811,390.62499999999994,321.78851852823857,1.705961603954418e-06,1.1439565234401192e-05,0.16950262446446404,1.27,2.5500000000000003,1.2955716428500116e-05,0.019903651813875236,0.026783229585286405,2.0078724347461145,4203.114227982533,0.25525525525522974,1.2800000000000002,7.4399999999999995
662,type0_HARD,1000,9.99,3.5302992651864784e-09,7.258662564237352e-10,-2.3506445359215117e-10,4.524594153117008e-09,4.759658606709159e-09,8.038426269084889e-05,6.721907608991775e-07,1.2989894723990794e-14,390.62499999999994,556.8207583713252,1.3645676221684943e-12,6.563584916421848e-12,8.456967366704995e-08,0.0,3.0,7.369196610387868e-12,0.001547936371661374,0.0018773297152110521,3000000.0,16885.11387427865,0.3003003003002702,3.0,6.99
663,type5_HARD,1000,9.99,1.2751384583074435e-09,4.0339742957604654e-11,1.1533929153149556e-09,1.3613614394833283e-09,2.0796852416837267e-10,1.2497987798539912e-05,7.794641566004825e-08,1.6276053827165692e-15,390.62499999999994,1438.8696003760235,2.867436818889629e-11,6.92958172732429e-11,5.788002830447817e-08,0.0,0.0,2.0796852416837267e-10,0.9952145903122028,0.6936271524064107,0.0,59807.991889103265,0.0,0.0,9.99
664,type0_HARD,1000,9.99,29.368942098836392,5.170585604101744,0.6892125405744133,36.12903015917024,35.439817618595825,41830.35592482262,4803.879059536296,889269.7154941487,390.62499999999994,400.0365096504429,0.00809792057742435,0.04248553990375825,615.0745788772368,3.04,3.0500000000000003,0.04731977506967766,0.001335214971446323,0.0015661515343636959,1.003289143654887,1180.3208576014906,0.3053053053052748,0.010000000000000231,6.9399999999999995
665,type2_Triangle_Wave,1000,9.99,16.04736976568978,0.4883196526900652,15.818920989679375,18.564621901834,2.745700912154623,37133.948109193676,5813.800504019678,257756.53247997773,1562.4999999999998,3303.6957882425118,0.47016821165064826,2.5751401219708683,5880.6124548068865,0.0,0.0,2.745700912154623,0.9999999999996357,0.9628287722183886,0.0,13524.396610277618,0.0,0.0,9.99
666,type0_Step_Response,1000,9.99,33.67514330369409,9.142026469607334,-1.2311579124533791,38.13394213197544,39.365100044428814,46742.28465360244,4876.458812056042,1217591.9244953343,390.62499999999994,389.6386343627201,0.018565941796619412,0.08953042989787718,903.598873188455,2.53,2.53,0.10041095281375334,0.002550760767797453,0.0020308343952339073,0.9999996047432391,1187.4041879951096,0.2532532532532279,0.0,7.460000000000001
667,type5_Square_Pulse_Wave,1000,9.99,49.506186252759306,0.9626689443801048,49.183517187994376,53.30839835159989,4.124881163605515,410518.57619658206,3070.812438875028,2451789.208789368,390.62499999999994,2615.352946783342,0.44296047155801827,1.4076587942521641,1701.3925861683497,0.0,0.0,4.124881163605515,0.9999999999997575,0.4601379052928683,0.0,99522.52196222123,0.0,0.0,9.99
668,type1_HARD,1000,9.99,25.45455809837473,3.5159424173091307,-1.0608219126858147,29.35367047646164,30.414492389147455,94802.4801249975,3923.311780434071,660296.379065368,0.0,278.3619919705557,0.007636901027812527,0.03647171957981499,498.9355402587848,2.19,2.24,0.04257401977943687,0.0013997938625675303,0.002172077958448231,1.022830583182382,3117.016681127381,0.2242242242242018,0.050000000000000266,7.75
669,type5_Square_Pulse_Wave,1000,9.99,2.057249334264738e-06,6.96661753370954e-08,2.02761066320984e-06,2.269275669578728e-06,2.41665006368888e-07,0.02403285274282932,0.00017289677061687277,4.237128199318808e-09,390.62499999999994,1818.9577879519516,4.1121834468879696e-08,1.0857071118251766e-07,0.0001204835530718183,0.0,0.0,2.41665006368888e-07,0.9999958620576597,0.590261256752629,0.0,99446.55892622597,0.0,0.0,9.99
670,type4_HARD,1000,9.99,3.097470868446955,0.06169921649368261,2.8427430186137297,3.227890505578868,0.38514748696513834,784.6816978306581,117.65743685483291,9598.132574193467,390.62499999999994,333.79097889277426,0.0012210063617147072,0.006828107726211119,82.99638967237951,3.93,3.91,0.006828107726211119,0.017728553235533476,0.019789657488113104,0.994910688317891,2037.3538044132333,0.3913913913913522,-0.020000000000000018,6.08
671,type0_Step_Response,1000,9.99,8.612301104634388e-06,1.4873919798298396e-06,-7.035646225543622e-10,9.119555509474876e-06,9.12025907409743e-06,0.01649747393585464,0.0011068378945886619,7.638406521854885e-08,390.62499999999994,303.78574527656,5.724873601943864e-09,2.403200983100758e-08,0.0002582732908816505,0.0,2.64,2.9744419712720828e-08,0.0032613565261366117,0.0038489314388177355,2640000.0000000005,1808.8819618981406,0.2642642642642378,2.64,7.35
672,type0_HARD,1000,9.99,9.632690522138057e-06,1.5910743730912274e-06,7.341802112666555e-07,1.3815941585661151e-05,1.3081761374394496e-05,0.026996440072762286,0.0021580066884075463,9.5320244355996e-08,390.62499999999994,507.25659608469385,1.3256191977926635e-09,7.946180559549728e-09,0.00015327417996063112,0.0,3.96,7.946180559549728e-09,0.0006074243157866202,0.000833159270900648,3960000.0,2063.669962818129,0.3963963963963567,3.96,6.03
673,type1_HARD,1000,9.99,3.0657728803737093e-09,3.958333992832817e-10,6.261663851669228e-11,4.1322184220989675e-09,4.069601783582275e-09,1.3380962709802477e-05,6.47641133634872e-07,9.555647434023066e-15,1171.8749999999998,769.4723068552634,8.585347617341099e-13,4.584902631267225e-12,7.655159330870262e-08,0.0,2.72,5.560776501381583e-12,0.0013660821659857625,0.0021634639707360927,2720000.0000000005,3287.219782532191,0.27227227227224504,2.72,7.27
674,type4_overdamped_decay_overshoot,1000,9.99,17.78632656518698,0.1658058802083741,17.506179115235774,19.46320379433126,1.9570246790954862,12544.561432308397,632.379316969972,316380.90427338774,390.62499999999994,486.6815780815113,0.003978351644714299,0.024157614647045023,416.86805605430413,1.54,1.45,0.02732599769963784,0.01396303173460931,0.02399403229662645,0.9415578301572531,6410.016984609481,0.1451451451451306,-0.09000000000000008,8.540000000000001
675,type4_overdamped_decay_overshoot,1000,9.99,1.0926761291563028e-09,1.3466835983568654e-11,1.0588204358529986e-09,1.2163391915286474e-09,1.575187556756488e-10,7.735380020292923e-07,3.5745805377729785e-08,1.1941224788994098e-15,390.62499999999994,347.47254558140173,3.119924515927139e-13,1.753414283692952e-12,2.053042317502239e-08,0.0,2.08,1.90343583257162e-12,0.012007637988695244,0.02156604608962686,2080000.0000000002,4879.7885066172075,0.20820820820818736,2.08,7.91
676,type1_HARD,1000,9.99,46.04132798627588,7.362785911383039,-0.2018049469484088,72.63249891567077,72.83430386261918,228113.06869046175,15580.109330043095,2174014.499116691,781.2499999999999,969.5654580738886,0.012417543219823256,0.0701739549549103,662.9165955345311,4.2,3.71,0.0740185760288199,0.0010162598130742553,0.0016865278128790568,0.883333123015923,3131.9454788876387,0.3713713713713342,-0.4900000000000002,6.28
677,type5_Square_Pulse_Wave,1000,9.99,1.609164130108515e-06,9.348223617958864e-08,1.57399143552338e-06,1.8912694927750844e-06,3.1727805725170435e-07,0.03164453462636676,0.0002561458560936295,2.59814812610903e-09,781.2499999999999,2188.744482222938,1.0118233461009755e-07,3.1706997971204866e-07,0.0002801595491967317,0.0,0.0,3.1727805725170435e-07,0.9999968482004181,1.0823580648804063,0.0,99737.23100564582,0.0,0.0,9.99
678,type2_Triangle_Wave,1000,9.99,0.0028104941083630162,8.790109348933116e-05,0.0027685257399217,0.0031121933155579,0.00034366757563620036,2.1649062985599694,0.507260501393314,0.007906603735379845,781.2499999999999,1531.7037750411573,9.246135723289448e-05,0.00033884362339790027,0.5709827495294909,0.0,0.0,0.00034366757563620036,0.9999999970902114,1.051879476246076,0.0,6299.419688496527,0.0,0.0,9.99
679,type2_HARD,1000,9.99,4.441348212904853e-06,1.240075527097184e-07,4.385020309893038e-06,5.032260862537653e-06,6.47240552644615e-07,0.004637047900959461,0.0005357278630702414,1.974095182140218e-08,781.2499999999999,1166.5613626125053,7.856128833093592e-08,2.902527892231476e-07,0.0002936230330872066,0.0,0.0,6.47240552644615e-07,0.999998454981767,0.6335150811318127,0.0,7164.323554340081,0.0,0.0,9.99
680,type0_HARD,1000,9.99,0.1477274905976322,0.025255825135697726,0.002119201927355,0.1804310751254463,0.17831187319809128,322.2644958789197,24.299007807207875,22.461268181558445,390.62499999999994,323.24213771096663,4.183986323997829e-05,0.0002244134413297849,3.4286732584930144,3.46,3.42,0.00024854609899530034,0.0013938841790854283,0.001656642101911899,0.9884390206823639,1807.3081174975962,0.34234234234230804,-0.040000000000000036,6.57
681,type3_Sine_Wave,1000,9.99,0.0014594771594338685,2.0293325296473467e-05,0.0014315310136371,0.0014894975944504,5.796658081330002e-05,0.1513712149099969,0.0560377735639638,0.002130485397960742,390.62499999999994,431.39085768288186,2.0447362698702807e-05,5.766678210540003e-05,0.05448399472883657,0.0,0.0,5.791925294069988e-05,0.9991835145161295,1.0075904955145825,0.0,2611.3531309735745,0.0,0.0,9.99
682,type5_HARD,1000,9.99,0.008389767798102838,0.0006036801138943646,0.008131275653699,0.0103237185430787,0.0021924428893796994,218.53284656363005,0.9705057471805145,0.07075263338599484,390.62499999999994,1439.633542646111,0.00032729983691532163,0.0008459583149105984,0.8415484950782148,0.0,0.0,0.0021924428893796994,0.9999999995438877,0.5421742887333542,0.0,99675.50239166472,0.0,0.0,9.99
683,type4_overdamped_decay_overshoot,1000,9.99,39.36860172653012,0.5768641042179997,38.599241779378254,45.118079184900296,6.518837405522042,30084.53661101171,1647.2759771011831,1550219.574096886,390.62499999999994,281.9241012444949,0.013416016477974455,0.07649644413586998,977.124833503171,2.3000000000000003,2.22,0.07962437143693535,0.012214504900747198,0.023256805857487056,0.9652169716447948,4615.015644587605,0.22222222222219998,-0.08000000000000007,7.77
684,type0_Step_Response,1000,9.99,8.608171730171492e-09,1.5951545751986843e-09,-2.350306695578201e-12,9.131100072872157e-09,9.133450379567735e-09,1.2781713862977969e-05,1.0905298826811659e-06,7.664513865490096e-14,390.62499999999994,319.23754403437516,4.250836005992632e-12,2.350427022195279e-11,2.3323965750960656e-07,0.0,2.05,2.8126773976698784e-11,0.0030791971939125927,0.00266317314879325,2050000.0,1399.2865834126774,0.20520520520518465,2.05,7.94
685,type0_Step_Response,1000,9.99,37.64070616864752,3.697358669010353,0.0066462069416621,42.33656483832988,42.32991863138822,283850.1725895383,6914.346437119199,1430493.2220017659,781.2499999999999,681.9379854817465,0.02210520893915378,0.11334816456059826,1256.5195667850444,1.65,1.64,0.1185475648783978,0.002800562077870151,0.005978648791750721,0.9939387915522476,6705.663081030654,0.16416416416414772,-0.010000000000000009,8.35
686,type1_Damped_Osc,1000,9.99,0.0010128089747554637,7.043994963222918e-06,0.0009665179429723,0.0010535677932112,8.704985023889986e-05,0.8554459316799898,0.04254840608531499,0.001025831637210255,2343.7499999999995,2431.5670744260756,2.513938690945347e-07,1.2031723063000554e-06,0.015975026353694098,0.0,1.29,1.3663253666000227e-06,0.015695895480054015,0.03568909897266773,1290000.0,9827.080914042019,0.1291291291291162,1.29,8.7
687,type2_HARD,1000,9.99,39.2059751443015,0.8109723424526447,38.80487311358909,43.06106116156367,4.256188047974582,15938.227462213916,2534.8648941906063,1537766.1631558102,390.62499999999994,729.6563396856516,0.5802082379429939,1.91622631705075,2096.2507258739547,0.0,0.0,4.256188047974582,0.9999999999997651,0.7154476269653532,0.0,3744.7188147137413,0.0,0.0,9.99
688,type3_Sine_Wave,1000,9.99,35.91388232060247,0.5034969919717908,35.19895817304077,36.63347814335336,1.4345199703125857,3433.0646439471475,1180.6786015646599,1290060.4525590078,390.62499999999994,459.74044109631757,0.5035580274551278,1.4276493400076475,1178.0095031999494,0.0,0.0,1.4326850161867597,0.9987208584301375,1.0001212231320349,0.0,2393.1800985640375,0.0,0.0,9.99
689,type2_HARD,1000,9.99,36.59677225338402,0.8728009776391752,36.202623664429055,40.40239958302069,4.199775918591634,23924.703476456696,2992.297582881772,1340085.5209126263,781.2499999999999,863.8446748930487,1.1109152638571904,3.8748417771982986,3819.1380116413206,0.0,0.0,4.199775918591634,0.9999999999997619,1.2728162459909402,0.0,5696.66190296981,0.0,0.0,9.99
690,type3_Sine_Wave,1000,9.99,1.9010178468947613e-09,3.498692895151488e-11,1.846544526026657e-09,1.9477186098573463e-09,1.0117408383068929e-10,1.5143428575949212e-07,5.7648443191524135e-08,3.615092939409852e-15,390.62499999999994,366.5525399998444,3.13018288331453e-11,9.853392367827693e-11,5.916486471815581e-08,0.0,0.0,1.0115334584242464e-10,0.9900098151116667,0.8698110604358098,0.0,1482.120319379922,0.0,0.0,9.99
691,type1_Damped_Osc,1000,9.99,46.04840766432992,0.48038354195634053,43.16845723839018,47.61620183988975,4.447744601499565,38527.962272564764,1865.3312125146958,2120686.616767701,1171.8749999999998,1182.600186556717,0.006259500029203847,0.037400815222511596,712.5599304372405,2.22,2.19,0.040077889388285826,0.009010834249512547,0.013030213324335141,0.9864860421234043,8662.359403362849,0.21921921921919726,-0.03000000000000025,7.800000000000001
692,type0_Step_Response,1000,9.99,1.5744775380159905e-06,4.975572421188025e-07,-2.6618418748370666e-10,1.943293150111883e-06,1.9435593342993664e-06,0.0043332273125099964,0.0003366881997226484,2.726542726901763e-09,390.62499999999994,519.1101989414983,1.1513778050976527e-09,5.696287123538467e-09,3.442685126696181e-05,0.0,6.09,5.696287123538467e-09,0.002930851707051287,0.0023140563408107244,6090000.0,2229.530638199653,0.6096096096095486,6.09,3.9000000000000004
693,type2_Triangle_Wave,1000,9.99,0.02350426124944947,0.0008897413749585434,0.0230179278635086,0.0262383938841343,0.0032204660206257008,38.27983326199005,10.817997727562453,0.553241936596685,1953.1249999999998,3051.672530357772,0.0008712619152857734,0.003191641219723002,10.379081057082315,0.0,0.0,0.0032204660206257008,0.9999999996894859,0.9792305256649871,0.0,11886.42668636705,0.0,0.0,9.99
694,type1_Damped_Osc,1000,9.99,3.785732674134871e-06,8.31858260636591e-08,3.453559040229154e-06,4.030133715162787e-06,5.765746749336331e-07,0.0016744795716739115,0.00021683432592946696,1.4338691761670253e-08,781.2499999999999,698.0384145496851,4.863631335766085e-10,2.8941015233978527e-09,4.560721309296004e-05,0.0,4.5200000000000005,3.4113064121344434e-09,0.005916493810681663,0.005846636499923881,4520000.000000001,2904.180048640888,0.4524524524524072,4.5200000000000005,5.47
695,type4_overdamped_decay_overshoot,1000,9.99,9.309149144776109e-06,2.960923817723775e-07,9.066534850441504e-06,1.1079949340402724e-05,2.0134144899612193e-06,0.003747835048425179,0.00037955285149253334,8.674792849822939e-08,390.62499999999994,310.3010836973517,2.1540518036623585e-09,1.046922827566848e-08,0.00018972035806387994,0.0,5.14,1.2657725032926462e-08,0.006286692983160801,0.007274906959312894,5140000.0,1861.431516302364,0.514514514514463,5.14,4.8500000000000005
696,type4_overdamped_decay_overshoot,1000,9.99,45.64029803151879,1.136465717802521,41.517867694483634,50.79551762282664,9.277649928343003,54567.48651850702,2210.306410822253,2084328.3587335981,390.62499999999994,437.28371940565614,0.010953761453387438,0.060989131239736594,1062.7492835398218,2.04,2.03,0.07668186808054855,0.0082652254259216,0.009638444241466497,0.9950975514227687,5881.606542600703,0.20320320320318283,-0.010000000000000231,7.960000000000001
697,type5_Square_Pulse_Wave,1000,9.99,9.546928478720851e-09,1.0477504932603326e-10,9.492334351927948e-09,9.783236159007002e-09,2.909018070790539e-10,2.8618331235415476e-05,5.054778753048549e-07,9.11548211887725e-14,390.62499999999994,1890.5741903869061,9.27200745499089e-11,2.8120072064406777e-10,4.5138242945431743e-07,0.0,0.0,2.909018070790539e-10,0.99657419044436,0.8765779372422257,0.0,98040.95261275636,0.0,0.0,9.99
698,type5_HARD,1000,9.99,43.58257696384484,0.42578065250684033,43.34774336039722,44.60802294848694,1.2602795880897233,123329.23811352784,1172.1533468067303,1899622.303973508,390.62499999999994,1235.0919918265802,0.006919537647688528,0.04328147540852001,772.0377689367406,0.0,0.0,1.2602795880897233,0.9999999999992064,0.016251413977907584,0.0,97858.63333735893,0.0,0.0,9.99
699,type1_Damped_Osc,1000,9.99,36.543345569987736,0.6020252206447401,34.02765409443264,40.117735707186704,6.090081612754062,59442.32625596157,1818.8133098938874,1335778.5398138345,781.2499999999999,921.7104638350072,0.0051173121323386675,0.034671473047687584,544.1820594318921,2.37,2.08,0.038525305085173045,0.006325909492655349,0.008500162379990945,0.8776367604908183,9760.513903699682,0.20820820820818736,-0.29000000000000004,7.91
700,type1_HARD,1000,9.99,1.0502941772333527e-09,1.8781671190105293e-10,-7.011795300781461e-11,1.452948001578207e-09,1.5230659545860216e-09,3.2049033883618173e-06,2.4629374622045123e-07,1.1383929759996083e-15,781.2499999999999,509.6537743424124,2.5760583050801714e-13,1.4517935049811235e-12,2.610766454136398e-08,0.0,3.75,1.736695647937085e-12,0.0011395147583418196,0.001364316897134679,3750000.0,2102.863972991482,0.37537537537533777,3.75,6.24
701,type2_HARD,1000,9.99,3.407682448680312e-09,1.4518605426660693e-10,3.336701485375693e-09,4.014533997049046e-09,6.778325116733526e-10,1.5272177526556137e-06,3.326441134296768e-07,1.1633378661397351e-14,390.62499999999994,624.3227450079041,7.76362008445972e-11,2.598038670676492e-10,2.44884245182759e-07,0.0,0.0,6.778325116733526e-10,0.9985268825773608,0.5310780240569879,0.0,2249.771079600995,0.0,0.0,9.99
702,type1_HARD,1000,9.99,46.84970060118813,4.465079326243215,0.5997247738996857,59.71001023314364,59.110285459243954,420338.28343867615,8839.041913931245,2214831.3798106117,0.0,419.7820695996373,0.011492054125113338,0.06303589614024929,1013.4834237719838,1.39,1.39,0.06430193106978521,0.0010878298179446244,0.0025737625886212054,0.9999992805760572,7111.08532420282,0.1391391391391252,0.0,8.6
703,type0_HARD,1000,9.99,1.8577872245388282e-06,1.5905104954601745e-07,1.2488822278528722e-07,2.2975841375623903e-06,2.172695914777103e-06,0.013972289091927494,0.00029862008041110907,3.4766706080213718e-09,0.0,326.05012027186314,4.866656364339507e-10,2.3191174304000556e-09,3.283557207301724e-05,0.0,1.97,2.5468092157613657e-09,0.0011721879837172978,0.0030597885272339543,1970000.0,6430.850523558143,0.19719719719717746,1.97,8.02
704,type0_Step_Response,1000,9.99,29.03716112454075,3.742546688624792,-0.0137390956658986,30.38596058772137,30.39969968338727,105223.59301884226,3761.0942710006334,857163.3818890767,390.62499999999994,253.72143811806689,0.017617630959385202,0.10404068737008032,860.1730760421387,2.82,2.8000000000000003,0.10404068737008032,0.003422424841483968,0.0047073910962628866,0.9929074493235996,3461.336595911869,0.28028028028025226,-0.019999999999999574,7.1899999999999995
705,type0_Step_Response,1000,9.99,1.6558092341870282e-06,4.149415443600656e-07,7.103059248229794e-12,1.876568114111921e-06,1.8765610110526726e-06,0.0024422570754364286,0.00020359799315430846,2.913880705254949e-09,390.62499999999994,410.91415015416334,9.415018076363662e-10,4.574114773007815e-09,3.1475803625033895e-05,0.0,5.03,4.574114773007815e-09,0.0024374972668459423,0.002268993190583465,5030000.000000001,1301.4529021966212,0.5035035035034531,5.03,4.96
706,type2_HARD,1000,9.99,0.005279577121027832,0.00016067556338948,0.0051911527873342,0.0058225951565912,0.0006314423692570003,1.9924835738900115,0.4030780853898791,0.027899751213551073,390.62499999999994,517.9981026327133,0.00017074596529559574,0.0006242622348764998,0.5586180475328213,0.0,0.0,0.0006314423692570003,0.9999999984163243,1.0626753728507525,0.0,3155.448015119829,0.0,0.0,9.99
707,type0_Step_Response,1000,9.99,0.0011120239619814088,0.00017654325901602025,-1.1174281200809829e-07,0.0011725761627835,0.0011726879055955083,4.214121447473348,0.14487109969129577,0.001267764814324827,390.62499999999994,360.83001033582815,5.437443100231627e-07,3.0750634869001515e-06,0.03250103662281285,1.17,1.94,3.5093112445000723e-06,0.002992536398442223,0.0030799494128171258,1.6581182409245805,3593.5575218026975,0.19419419419417475,0.77,8.05
708,type2_HARD,1000,9.99,43.207693457413654,1.4527522179947534,42.66734413947155,50.52027656963233,7.852932430160777,40154.40145434894,4527.71716926129,1869015.262916715,781.2499999999999,936.3141403924064,1.8661557926350938,7.843185117568112,4246.326562051479,0.0,0.0,7.852932430160777,0.9999999999998727,1.2845657845284038,0.0,5113.300262220863,0.0,0.0,9.99
709,type0_Step_Response,1000,9.99,23.397084316186632,3.231243311813115,0.0044971818527491,24.26399521081499,24.25949802896224,67676.2308823769,2906.9701342311014,557864.4878388835,390.62499999999994,260.61561048602067,0.015218191712432078,0.07308154434832659,559.2006650797691,1.44,1.43,0.07672879125360765,0.003162835074410926,0.004709701574248873,0.993054865934121,2789.679770025692,0.14314314314312881,-0.010000000000000009,8.56
710,type2_HARD,1000,9.99,0.5593045830826167,0.019358285018495305,0.550115901810488,0.6502020578616504,0.10008615605116244,316.5005358693795,61.97339552225852,313.19635985607704,390.62499999999994,855.6943299087412,0.027268597550793503,0.10004043693057618,76.90150978601535,0.0,0.0,0.10008615605116244,0.9999999999900085,1.408626720979255,0.0,3162.2808623445103,0.0,0.0,9.99
711,type0_HARD,1000,9.99,23.914066442303643,5.325823095666119,1.7333656026611837,34.22144547571201,32.48807987305083,1647878.621702196,4862.145888407743,600246.9654532438,390.62499999999994,1005.816824962169,0.007268210745068279,0.04054675844684752,378.94516192890853,3.58,3.54,0.04054675844684752,0.0012480503189257483,0.0013647112595574964,0.9888265394339275,50722.56126374142,0.3543543543543189,-0.040000000000000036,6.45
712,type5_HARD,1000,9.99,3.827416898916702e-09,7.459277411510739e-11,3.797589537502927e-09,4.1465568932902335e-09,3.4896735578730615e-10,3.473221727288634e-05,2.2482762585318119e-07,1.4654684200063325e-14,390.62499999999994,2195.2879186767245,4.6801876842918984e-11,1.3271271881195623e-10,1.5737273879399264e-07,0.0,0.0,3.4896735578730615e-10,0.9971425906346312,0.6191316219147132,0.0,99244.16291556909,0.0,0.0,9.99
713,type4_HARD,1000,9.99,0.6656438973932859,0.012153437541769613,0.6363877836095994,0.6733301922999914,0.036942408690392003,70.4272594557076,15.247900424515498,443.22950418100504,390.62499999999994,421.776337419943,0.00019551269617518196,0.0011103570363546478,14.560140035576179,3.27,3.26,0.0012821195297905152,0.03470589967484344,0.016087028504252067,0.9969415911493604,1906.4068086095845,0.3263263263262936,-0.010000000000000231,6.73
714,type1_Damped_Osc,1000,9.99,0.012903302180650828,0.0002830741754552594,0.0116136763064801,0.0139843704055816,0.002370694099101501,14.441641643410037,0.7604361029912631,0.16657533815399808,781.2499999999999,706.4356537065133,3.560896509757999e-06,1.7848564462500174e-05,0.24338325522969206,1.64,2.39,1.9630292222499318e-05,0.00828039864850503,0.012579376029098184,1.4573161845633023,6091.73559878169,0.2392392392392153,0.7500000000000002,7.6
715,type4_HARD,1000,9.99,41.91787701641491,0.5310151596572381,40.43324704868296,42.60066243642835,2.167415387745393,6205.8694930669835,1303.1187050412764,1757390.3906630715,390.62499999999994,367.4344955928817,0.014100442406780484,0.07705873500923133,1217.5758287582569,2.71,2.7,0.0865413367392307,0.039928357632088934,0.02655374738426591,0.9963095954577139,2863.258020660101,0.27027027027024325,-0.009999999999999787,7.29
716,type1_Damped_Osc,1000,9.99,0.026653284905478986,0.0002597632029081693,0.0250645458570105,0.027532801822883,0.002468255965872499,21.159251666940172,1.1341883538507853,0.710465073174219,1171.8749999999998,1213.1020810832497,7.305748561409994e-06,4.450164271770085e-05,0.5312444842386512,1.36,1.76,4.615734247040079e-05,0.018700387273401904,0.028124647569378994,1.2941166955024297,8572.551611715877,0.17617617617615855,0.3999999999999999,8.23
717,type2_Triangle_Wave,1000,9.99,1.8655543944049017e-09,6.152664289866365e-11,1.8379453614233639e-09,2.0910685200034803e-09,2.531231585801164e-10,1.771507246458792e-06,3.683987779767685e-07,3.484078726269819e-15,781.2499999999999,1651.7211492246531,6.487676627388185e-11,2.5035261990773706e-10,4.20785941754432e-07,0.0,0.0,2.531231585801164e-10,0.9960649001626323,1.0375859516242862,0.0,6971.057877435817,0.0,0.0,9.99
718,type4_overdamped_decay_overshoot,1000,9.99,1.2075147738486897e-09,3.430899511379397e-11,1.132523595925809e-09,1.3640042839189843e-09,2.3148068799317534e-10,6.2416792832569e-07,4.618117884877434e-08,1.4592690362085707e-15,390.62499999999994,284.860636350074,3.559459347820851e-13,1.8539087914239787e-12,2.188946023447797e-08,0.0,5.16,2.2669955074107723e-12,0.009751328280125022,0.010080885441087777,5160000.0,2684.8162473779885,0.5165165165164648,5.16,4.83
719,type2_Triangle_Wave,1000,9.99,5.044879388297511,0.11033066406938816,4.984430382069408,5.383085328896062,0.39865494682665403,2650.0447233871682,735.8085501353318,25462.980897903064,1171.8749999999998,1585.0245337088559,0.10566472398533613,0.39716424125844974,649.2104400936208,0.0,0.0,0.39865494682665403,0.9999999999974917,0.9577094897020172,0.0,6647.464792485899,0.0,0.0,9.99
720,type4_overdamped_no_overshoot,1000,9.99,0.006381715904732247,0.00024924582611492613,0.0063134602705076,0.0082124487842469,0.001898988513739301,4.836490525460084,0.3179105011858067,0.040788421370548236,390.62499999999994,263.09138450601654,1.364307663722785e-06,7.897987019400005e-06,0.15413675118120806,0.93,1.61,7.897987019400005e-06,0.004159049387660075,0.005473743249846702,1.7311809342140492,2546.877186418398,0.16116116116114504,0.68,8.38
721,type4_overdamped_no_overshoot,1000,9.99,7.053139869286111,0.3073242538497893,6.972214858894182,9.379372586331089,2.407157727436907,6424.328200959017,369.7037932695681,49841.23021271764,390.62499999999994,254.20216801631565,0.0012331360593573345,0.007731338662913423,133.33298993236153,1.56,1.51,0.008125220680579304,0.0033754417452434658,0.004012491835271945,0.9679480974691683,2668.843893248675,0.151151151151136,-0.050000000000000044,8.48
722,type0_HARD,1000,9.99,3.880273684514162e-06,1.055448949247914e-06,-1.0261301270343444e-07,5.385691804116524e-06,5.4883048168199585e-06,0.004624631096386562,0.0008022090478110132,1.6170496351201636e-08,390.62499999999994,393.2510457016918,1.1489657646562724e-09,6.049609530935805e-09,0.00010890440614019363,0.0,7.04,6.049609530935805e-09,0.0011022726744554985,0.0010886027949264627,7040000.0,842.6336379094435,0.7047047047046342,7.04,2.95
723,type0_Step_Response,1000,9.99,0.4249586101010952,0.07607231911435211,0.0001170688646584,0.4597278599054394,0.459610791040781,1093.8465135710298,53.49099562609735,186.37681803449044,390.62499999999994,399.5287120355144,0.00020352439363221502,0.0009722490008124973,11.256433954768795,3.76,3.75,0.001026926199306999,0.0022343387477463425,0.002675406718225603,0.9973401602818723,2379.940886704711,0.37537537537533777,-0.009999999999999787,6.24
724,type0_HARD,1000,9.99,12.440040048790035,3.3528961499281955,0.0063587164151434,13.661633233663164,13.65527451724802,744325.408439544,1578.2083600163523,165996.50900770328,390.62499999999994,904.4461691073246,0.002242176717061512,0.01232100522529933,250.7742642061163,2.22,2.21,0.013110734318646067,0.0009601223543389696,0.0006687283520871533,0.9954950470743029,54508.27132763459,0.22122122122119905,-0.010000000000000231,7.78
725,type0_HARD,1000,9.99,16.33080697708365,4.138450873610117,-1.458387488885641,24.670099224571302,26.128486713456944,30062.882772987363,4305.694893952785,283822.03215604834,390.62499999999994,338.7280073640817,0.006764230648446213,0.030419790812548086,319.50343499080833,5.0200000000000005,5.03,0.030575581139704155,0.0011702009946085265,0.0016344837367959137,1.0019918322725434,1150.5787955757476,0.5035035035034531,0.009999999999999787,4.96
726,type2_HARD,1000,9.99,37.51899440637815,0.8286492447386218,37.14428886728201,41.01064706653352,3.866358199251515,16680.680927259316,2773.581814333473,1408361.6008366412,781.2499999999999,771.8845682596001,0.009004813150069218,0.049520524043785485,1055.111636744099,0.0,0.0,3.866358199251515,0.9999999999997413,0.010866857367255203,0.0,4314.31338422917,0.0,0.0,9.99
727,type0_Step_Response,1000,9.99,0.007753633415268916,0.0017529744469207739,2.5676524009697842e-08,0.008830061760032,0.00883003608350799,11.427194186078518,0.987569429354464,0.0631917505499319,390.62499999999994,339.8341372965193,3.653385006117551e-06,2.1124548763899742e-05,0.20953474443281886,4.7700000000000005,5.63,2.2462554063499077e-05,0.002543880211645895,0.002084106251777303,1.180293253607284,1294.12768834854,0.5635635635635071,0.8599999999999994,4.36
728,type5_HARD,1000,9.99,9.955641642390373e-09,4.867830403828059e-10,8.393306094704374e-09,1.1426717586173749e-08,3.0334114914693743e-09,0.00015714793538583883,1.4787683495380948e-06,9.935175824010157e-14,390.62499999999994,2002.3845196661985,4.15273747563912e-10,1.577792193023338e-09,1.5345636395314643e-06,0.0,0.0,3.0334114914693743e-09,0.9996704468056454,0.8513492950431619,0.0,51788.60409263148,0.0,0.0,9.99
729,type0_Step_Response,1000,9.99,46.909369525821155,5.760056073191957,-0.005767663885038,48.509203634951625,48.51497129883666,216666.5802227887,5803.352237836782,2233667.1952763544,390.62499999999994,303.96316947733834,0.03211564275203809,0.16959828213897055,1078.2049142503574,1.68,1.69,0.16959828213897055,0.003495792692410267,0.00557557814436961,1.0059517821715582,4465.9735834571065,0.16916916916915223,0.010000000000000009,8.3
730,type0_HARD,1000,9.99,1.4408530422968524,0.1414325301156864,0.0647882255894322,1.9100791956891685,1.8452909700997364,9823.047795735827,281.5030296252705,2096.06065007102,0.0,806.9483770964052,0.0004022736671908018,0.0023139382728720737,26.955136998548948,2.04,1.96,0.002601405084130093,0.001409753326863177,0.002844279649518488,0.9607838427530182,5323.305622201997,0.19619619619617654,-0.08000000000000007,8.030000000000001
731,type1_HARD,1000,9.99,46.493396974913594,5.352901370915036,-2.2366381806787463,65.35348158496132,67.59011976564007,334733.3953802561,11083.217708144783,2190289.5153536485,1562.4999999999998,1123.8328761697949,0.011592107608157095,0.06153723940259681,827.6969638752818,1.41,1.42,0.06408954647673681,0.0009482088018035479,0.0021655746678129716,1.0070914843322807,4952.401276116918,0.1421421421421279,0.010000000000000009,8.57
732,type0_Step_Response,1000,9.99,29.079706168358754,3.810038229980513,-0.7670630767891896,30.001163726353187,30.768226803142376,122843.52120464016,3681.231420466827,860145.7021519952,390.62499999999994,229.0197028804554,0.009353692606429305,0.04382042173885736,678.2998414739429,2.1,1.53,0.06450271394581009,0.002096406606675829,0.002455012795626119,0.7285710816328183,3992.544711484319,0.15315315315313782,-0.5700000000000001,8.46
733,type0_Step_Response,1000,9.99,9.413185840532467,1.8795928923995706,0.3705052071704813,10.299077279924916,9.928572072754434,20319.48938402143,1114.8752159938917,92140.93710955992,390.62499999999994,409.90220975436614,0.004343647406145015,0.023454203838417342,205.0378294781948,4.2,4.22,0.02510367365660393,0.0025284273984866198,0.002310951176558991,1.0047616655329366,2046.567143303443,0.4224224224223801,0.019999999999999574,5.7700000000000005
734,type0_Step_Response,1000,9.99,8.095401168118961,1.859912071429664,-0.1444114352523483,8.676815097324202,8.82122653257655,13163.508245023791,1041.277194357857,68994.79298623162,390.62499999999994,336.47060200574526,0.003314421513229976,0.01604800851580812,165.40477020952628,1.69,1.69,0.016827868941552637,0.0019076563649517296,0.0017820312928451976,0.9999994082843738,1492.253735510569,0.16916916916915223,0.0,8.3
735,type4_overdamped_decay_overshoot,1000,9.99,26.519708784552634,0.5326618884075753,25.98189480126999,30.70117191595079,4.7192771146808,16188.361234044989,915.591263675517,703578.6827048402,390.62499999999994,245.70915323356817,0.006238351521327421,0.03667486595908187,494.78982029024513,3.23,3.0700000000000003,0.04324702243526701,0.009163908239404791,0.011711653596929257,0.9504641020234978,3430.2629069360123,0.30730730730727657,-0.1599999999999997,6.92
736,type4_overdamped_decay_overshoot,1000,9.99,18.90016700255227,0.3619626086429469,17.878880407318075,20.813951399126385,2.9350709918083098,11533.298630877907,589.8591570635372,357347.32965442125,390.62499999999994,316.0108352913101,0.004007370335005315,0.018725823965930033,228.02051659353646,3.3200000000000003,2.95,0.033062618595387505,0.011264674240470831,0.011071227356931942,0.8885539492307382,3929.4785928732385,0.29529529529526577,-0.3700000000000001,7.04
737,type1_Damped_Osc,1000,9.99,3.243717164355622e-06,3.6734415664508484e-08,3.049773544744169e-06,3.3763601854525823e-06,3.2658664070841326e-07,0.0015248488684629204,0.00014281470877274544,1.0523050459629492e-08,1171.8749999999998,1138.5416750083518,7.396278235374425e-10,3.94585481915855e-09,5.113764027588272e-05,0.0,2.65,4.332516696078872e-09,0.013266015476522784,0.020133917369880905,2650000.0,4669.034214385195,0.2652652652652387,2.65,7.34
738,type4_HARD,1000,9.99,0.1686916890110021,0.007474807555013687,0.164602200127715,0.1893856433838989,0.024783443256183896,21.060741567399674,4.555908714576214,28.51275868936914,390.62499999999994,408.11597109053355,4.745579051628778e-05,0.0002289695161621086,3.0175518035002393,3.08,3.0700000000000003,0.00026079735547948624,0.010523047696525775,0.006348764186993456,0.9967529231321678,849.7907796284468,0.30730730730727657,-0.009999999999999787,6.92
739,type0_HARD,1000,9.99,7.057210013890495e-09,2.0464220481793125e-09,1.4172697653634068e-10,1.1185483085356351e-08,1.1043756108820011e-08,0.0008783895158557087,2.0030977811591615e-06,5.39920563794307e-14,390.62499999999994,1597.1846833660209,1.8879734036782117e-12,1.0512891046351679e-11,2.2708831612071785e-07,0.0,4.51,1.0512891046351679e-11,0.0009518445625029601,0.000922122239211553,4510000.0,79530.00566071832,0.45145145145140625,4.51,5.48
740,type5_Square_Pulse_Wave,1000,9.99,50.226247911106896,2.119547453385189,49.218062969246056,55.40792526741361,6.189862298167554,615439.8859186159,3844.1001854129395,2527168.4606351214,390.62499999999994,1442.2420347060613,2.6736946097043783,6.189862298167554,5545.400948524648,0.0,0.0,6.189862298167554,0.9999999999998385,1.2614459777406182,0.0,99427.07224694015,0.0,0.0,9.99
741,type5_Square_Pulse_Wave,1000,9.99,37.60414777918927,0.6708897107169703,37.31022286850168,39.70157350094664,2.3913506324449543,235788.8177235402,1367.742180045218,1414522.0232030507,390.62499999999994,1080.7555792375683,0.006051607987409393,0.035612111948502445,693.6052543004828,0.0,0.0,2.3913506324449543,0.9999999999995818,0.009020272469126267,0.0,98600.68804814601,0.0,0.0,9.99
742,type0_Step_Response,1000,9.99,0.4133377243914877,0.06117917712183349,-4.0986466251578325e-05,0.4295510013090022,0.42959198777525376,909.4963654116399,51.314185866600035,174.59096611843813,390.62499999999994,260.824758798603,0.00018941612869020243,0.0009492216410190157,10.012784378794821,1.58,1.57,0.0012714964037163212,0.0029597768112438823,0.003096088205140437,0.9936702571707233,2117.116685810576,0.15715715715714143,-0.010000000000000009,8.42
743,type5_Square_Pulse_Wave,1000,9.99,6.237840922512164e-09,5.310114004891295e-11,6.206224967808745e-09,6.380037040299115e-09,1.738120724903701e-10,1.6604407919765046e-05,2.0172717839843548e-07,3.891347910564189e-14,390.62499999999994,1205.4315784433743,7.81393201496915e-11,1.7311488889685757e-10,2.665919861648004e-07,0.0,0.0,1.738120724903701e-10,0.9942795712804384,1.4443192893725636,0.0,94984.33193554031,0.0,0.0,9.99
744,type0_HARD,1000,9.99,9.273708617755464e-09,1.25922986134323e-09,4.686567034862436e-11,1.1986483814067584e-08,1.1939618143718959e-08,3.664334883747083e-05,1.7199588692342146e-06,8.758733137073046e-14,0.0,562.8193503186361,3.0216424473776798e-12,1.426708411428926e-11,1.692757040899324e-07,0.0,2.22,1.550109642533044e-11,0.001298182073889062,0.0023976915164960685,2220000.0000000005,3068.7983148297967,0.22222222222219998,2.22,7.77
745,type0_Step_Response,1000,9.99,20.720291990370413,3.1747771616936085,-0.0007646085006763,21.998478947700523,21.9992435562012,53053.12838159861,2526.220333773203,439409.71019261965,390.62499999999994,293.42200345859357,0.007227075200048735,0.0344812975808253,357.0326768634732,2.52,2.5,0.04800871366155235,0.002182289292761494,0.002276403927572391,0.9920630983876593,2411.5887551343308,0.2502502502502252,-0.020000000000000018,7.49
746,type1_Damped_Osc,1000,9.99,43.19373944771582,0.41062190032992896,40.571243365021004,44.87155833053109,4.300314965510083,35869.327065258716,2180.50261050624,1865867.7378221927,1562.4999999999998,1536.2826974812135,0.011093009608903557,0.054995597009920516,1031.8778300125553,1.73,1.67,0.07946975160230352,0.018479983963885938,0.027015143614998283,0.9653173610882306,8341.093002008918,0.1671671671671504,-0.06000000000000005,8.32
747,type4_overdamped_decay_overshoot,1000,9.99,0.0017729988233311934,2.698297047124662e-05,0.001692801570762,0.0020652692010199,0.00037246763025790015,2.788261354730011,0.07137677195681641,0.0031442529082292485,390.62499999999994,450.4235452041683,4.6551763364600656e-07,2.4354377499999445e-06,0.030188755657951784,0.09,1.61,2.703303400199879e-06,0.007257821011372894,0.017252274611121603,17.88869012566527,7485.915877611905,0.16116116116114504,1.52,8.38
748,type4_overdamped_decay_overshoot,1000,9.99,0.03530850392124672,0.000523267834009837,0.0339295616600819,0.0380179490456037,0.004088387385521794,14.487433286910349,1.3287118648452358,1.2469642583828044,390.62499999999994,321.6196441221591,8.556712045163978e-06,5.2776791930900235e-05,0.9569264842002551,2.96,3.22,5.603790892149546e-05,0.013706604493066361,0.016352451789824075,1.087837470325179,3543.5568886331903,0.3223223223222901,0.26000000000000023,6.77
749,type0_HARD,1000,9.99,5.3415940395287335e-09,5.572150421331537e-10,2.6479700945860726e-10,6.367984521442445e-09,6.103187511983837e-09,2.6484306685334652e-05,8.426223999949735e-07,2.884311548630834e-14,0.0,299.5185583292481,2.1206992197704034e-12,1.2603932074558708e-11,1.4411533507756055e-07,0.0,1.66,1.4193761219879365e-11,0.002325249870193854,0.0037990721490886352,1660000.0,4338.711193478287,0.16616616616614951,1.66,8.33
750,type4_overdamped_decay_overshoot,1000,9.99,1.6130482825198843e-09,2.046632599202351e-11,1.5628043762512035e-09,1.739756264560983e-09,1.769518883097795e-10,5.899411134831838e-07,5.588807298164319e-08,2.602343632239961e-15,390.62499999999994,308.65738567315844,3.6303952232600575e-13,1.982299690288417e-12,4.2083185822001e-08,0.0,3.16,1.982299690288417e-12,0.011139526020862562,0.016912047383464898,3160000.0000000005,3315.171977586501,0.31631631631628465,3.16,6.83
751,type4_HARD,1000,9.99,0.7020037244519683,0.006252925813766024,0.6963168654300007,0.7133258037847703,0.017008938354769576,47.26949749532805,10.434418917969522,492.84832822566756,390.62499999999994,561.6803979252154,8.967050373877015e-05,0.0006040242198422918,10.239768230974027,6.390000000000001,5.86,0.0006288655371471386,0.03697265073183254,0.014340567343213475,0.9170577594588796,2779.097466673682,0.5865865865865278,-0.5300000000000002,4.13
752,type4_HARD,1000,9.99,33.34407057857285,1.0537655403015087,28.16156103812592,33.71812038418418,5.556559346058261,6630.476179277522,1116.5094753310054,1112937.4645627746,390.62499999999994,354.2667455592169,0.007807655919622906,0.04083220967073231,711.5914095641932,1.61,1.59,0.052990003853480516,0.009536477621005035,0.00740929136606757,0.9875770263496731,1193.270109493186,0.15915915915914322,-0.020000000000000018,8.4
753,type1_Damped_Osc,1000,9.99,2.091511440246847e-06,6.937803230154116e-08,1.755686257832382e-06,2.253667762582266e-06,4.97981504749884e-07,0.002640822673897934,0.00017717880676383483,4.379233416049473e-09,781.2499999999999,762.1522492069049,4.2480151595350794e-10,2.2111403409311028e-09,3.435022426234039e-05,0.0,3.49,3.178606096256326e-09,0.006382967405356557,0.0061229092113478725,3490000.0000000005,5303.043076230781,0.3493493493493144,3.49,6.5
754,type1_Damped_Osc,1000,9.99,0.003704319943267974,7.262833382110646e-05,0.0033286603911519,0.0039323696853708,0.0006037092942188997,2.4903311185999875,0.26421322157079963,0.013727261116966476,1171.8749999999998,997.3095134080561,1.076762518306157e-06,5.4109900032997885e-06,0.10058722796582407,1.55,3.02,6.030342804499815e-06,0.009988818877326156,0.01482565338938819,1.9483858397510712,4125.050149670157,0.302302302302272,1.47,6.970000000000001
755,type0_Step_Response,1000,9.99,44.35968288849578,9.69531835201848,-2.289320774637095,47.53438194852729,49.82370272316439,103123.1761749165,6688.079968482104,2061780.6639148921,390.62499999999994,348.1250806287544,0.02700601921891303,0.12281096826617954,919.7054011695633,2.62,2.63,0.12281096826617954,0.002464910505518871,0.002785470083433395,1.003816410757095,2069.7613894314136,0.2632632632632369,0.009999999999999787,7.36
756,type4_overdamped_decay_overshoot,1000,9.99,25.051563804480303,0.4669764579416188,24.130773680548334,29.26301270935283,5.132239028804495,21837.049312020437,1157.2844951372401,627798.9160622194,390.62499999999994,287.8892576119313,0.005521033083174939,0.02814335525517464,627.253971825747,2.27,2.23,0.03780022802119376,0.0073652508795935,0.011822936658304419,0.982378421859726,4254.877683883502,0.22322322322320087,-0.040000000000000036,7.76
757,type2_HARD,1000,9.99,0.7004225534295017,0.018815603099521683,0.6904539685932616,0.7826575243002039,0.09220355570694228,269.1306816525851,59.390499552856674,490.945780272702,390.62499999999994,697.9129523248607,0.017134420576894682,0.06487753143534603,59.685466145848125,0.0,0.0,0.09220355570694228,0.9999999999891543,0.9106495542744316,0.0,2918.8753035193695,0.0,0.0,9.99
758,type4_overdamped_no_overshoot,1000,9.99,24.35624761470178,1.086942263994388,23.72805176202848,28.28646175676569,4.558409994737211,3627.9438265854224,778.6863559955224,594408.2413539235,390.62499999999994,400.6042863401772,0.005502346976671367,0.034624236937638386,462.0134271086258,4.99,4.98,0.03470220478856234,0.007612787096513745,0.005062225620380066,0.9979957919848113,795.8792277950362,0.49849849849844863,-0.009999999999999787,5.01
759,type5_HARD,1000,9.99,45.767323951238,1.0870954968479278,45.288806419990856,48.848158857852376,3.55935243786152,352171.0407094289,1826.119720834077,2095829.7182768304,390.62499999999994,1252.1109803162637,0.006522499029561,0.03613202050922126,770.9189281965632,0.0,0.0,3.55935243786152,0.999999999999719,0.005999931973287736,0.0,98942.44721686408,0.0,0.0,9.99
760,type0_Step_Response,1000,9.99,1.3612575435654552e-09,2.4331427606957925e-10,-1.713822027377705e-13,1.4407772289395951e-09,1.4409486111423328e-09,2.0811431132252696e-06,1.6204342516570074e-07,1.9122239368531205e-15,390.62499999999994,291.9873439838798,5.650203771377281e-13,2.7944299377375295e-12,2.388535165069103e-08,0.0,2.63,3.4473983110864294e-12,0.002390791380807496,0.0023126785148519674,2630000.0,1443.2852163688117,0.2632632632632369,2.63,7.36
761,type5_Square_Pulse_Wave,1000,9.99,24.51422143514859,0.23577830670519573,24.42841477854566,25.435787604030946,1.0073728254852874,99183.83834895969,819.885741203867,601002.6439814114,781.2499999999999,2297.1433317139563,0.2516899889763258,0.7870925351579388,899.8529812822152,0.0,0.0,1.0073728254852874,0.9999999999990072,1.0674857771794826,0.0,98457.92524836159,0.0,0.0,9.99
762,type2_HARD,1000,9.99,2.556003269295249e-06,7.412241189707478e-08,2.5255733766025517e-06,2.8711570948117537e-06,3.4558371820920204e-07,0.001230775200436056,0.00021226077147795054,6.538646844593442e-09,390.62499999999994,759.7072252283177,5.7130854429530464e-08,2.514629098703205e-07,0.0002283990596455524,0.0,0.0,3.4558371820920204e-07,0.9999971063535299,0.7707531664740473,0.0,3561.4283143475054,0.0,0.0,9.99
763,type1_HARD,1000,9.99,21.084240726740575,2.794979821443514,-1.6659061212030717,33.95500294238476,35.62090906358783,242502.73007853876,9330.773670903827,452357.1192254223,1953.1249999999998,1986.6603652800613,0.004722682852857046,0.02733257122861943,441.1213719847729,2.02,2.0,0.04028781819738114,0.001131016003141895,0.0016897019494102278,0.990098519753208,6807.875948523208,0.20020020020018015,-0.020000000000000018,7.99
764,type0_Step_Response,1000,9.99,0.006357024880786651,0.0008301493612782796,3.679150450514081e-07,0.0065827070508246,0.006582339135779549,24.28541743252,0.7594854236490316,0.041100913296971284,390.62499999999994,267.8081803276963,3.6507770756930794e-06,1.5588673112999774e-05,0.11840350955630265,1.17,1.87,1.6275424046899648e-05,0.0024725897144920583,0.004397735204751358,1.5982892322314257,3689.4813420995797,0.18718718718716845,0.7000000000000002,8.120000000000001
765,type1_HARD,1000,9.99,16.588449897228845,2.8524260413551112,0.5071415473503941,18.06522599627084,17.558084448920447,21113.929526524844,2125.7306714222545,283313.0043142725,390.62499999999994,328.58067036665574,0.004735481360628868,0.024479505545404123,316.3053770955029,1.98,2.0,0.0291639364463947,0.001660997618005316,0.001660159209028083,1.0101004999492424,1202.5189642952098,0.20020020020018015,0.020000000000000018,7.99
766,type0_Step_Response,1000,9.99,36.64689961557382,4.64852494312118,3.135540979553035e-06,43.33696099812117,43.33695786258019,301955.8477913133,11052.66934071024,1364604.035580764,1171.8749999999998,847.5806139273965,0.01516314357248711,0.09142164229623972,860.3827839916416,2.48,2.46,0.10419902591146979,0.0024043917951481145,0.003261925827658954,0.9919350838971436,6967.629078829127,0.24624624624622157,-0.020000000000000018,7.53
767,type3_Sine_Wave,1000,9.99,1.3601930280860733e-09,1.3363409627382464e-11,1.3398259250857636e-09,1.378425268513178e-09,3.85993434274144e-11,9.057877288162015e-08,2.4783561839659953e-08,1.850303654370831e-15,390.62499999999994,366.66643791145833,1.3362905507536969e-11,3.840645933203555e-11,2.4635420892345673e-08,0.0,0.0,3.845746064737941e-11,0.971164098159151,0.9303435503267881,0.0,2287.380674572321,0.0,0.0,9.99
768,type4_overdamped_decay_overshoot,1000,9.99,20.293914406070332,0.424528358211625,19.1081238373528,21.70332289219572,2.5951990548429222,10519.397614970316,647.5961552498818,412023.1862478348,390.62499999999994,335.5743284622577,0.0048231505396609566,0.023055038378970494,368.9960718059646,3.56,3.51,0.027981947447329958,0.010782196993753459,0.011361197541591043,0.9859547792261855,4053.4068457430762,0.3513513513513162,-0.050000000000000266,6.48
769,type0_HARD,1000,9.99,2.1340100618917087e-09,3.1790455245549486e-10,-5.872832269241782e-11,2.703228589203672e-09,2.76195691189609e-09,7.422747966375883e-06,4.030488920841367e-07,4.655062248726982e-15,0.0,465.7069463585391,7.130022577885023e-13,4.019032735358666e-12,5.7949326403015685e-08,0.0,2.7,4.260229537013502e-12,0.0015419095095804093,0.002235785761910709,2700000.0000000005,2686.523244143534,0.27027027027024325,2.7,7.29
770,type1_HARD,1000,9.99,0.004310116490544695,0.000894862103074808,-0.0003919569551528,0.0045775645131204,0.0049695214682732,5.33394955625,0.5590825515170483,0.019377882345584792,390.62499999999994,336.72422053077474,1.5323368016421961e-06,1.0120271185999619e-05,0.07579800984907996,1.06,2.02,1.0120271185999619e-05,0.0020364679473816065,0.0017123719896781962,1.905658579567378,1073.3326315682662,0.20220220220218196,0.96,7.970000000000001
771,type5_Square_Pulse_Wave,1000,9.99,6.010726326080481,0.2887551031350085,5.922127661067004,7.229486370422816,1.3073587093558112,130467.38166316593,765.1252683498739,36212.210476623455,781.2499999999999,2523.8718776418414,0.37680218552609607,1.3073587093558112,1133.9930079635822,0.0,0.0,1.3073587093558112,0.9999999999992351,1.3049195717542554,0.0,99794.63228370789,0.0,0.0,9.99
772,type1_Damped_Osc,1000,9.99,0.6553984567514165,0.016060598986308152,0.577314089251765,0.7285419942550639,0.15122790500329897,1187.6293611783437,47.46759247551529,429.8050799519373,781.2499999999999,855.8562892033586,0.0001707826825743804,0.0009954342254623327,14.468295294321708,2.85,2.28,0.0010969960347098073,0.0072539260176792296,0.010633643409522957,0.799999719298344,7853.242172101656,0.22822822822820535,-0.5700000000000003,7.710000000000001
773,type2_Triangle_Wave,1000,9.99,3.335003493427349,0.04914544387800538,3.311288050191022,3.516154611374793,0.204866561183771,3553.2607539733526,716.3333559661488,11124.663575826587,1953.1249999999998,4027.5649123812673,0.04794645506885867,0.2024377474132013,683.7081181977794,0.0,0.0,0.204866561183771,0.9999999999951188,0.975603256059736,0.0,17344.269037486476,0.0,0.0,9.99
774,type1_HARD,1000,9.99,6.489789410707241,1.0478812758741527,0.7587166834520372,7.181574193248188,6.422857509796151,7118.711581168124,783.9373440706172,43215.42176365548,390.62499999999994,326.6260006185475,0.0007852184168351419,0.0038703480862114503,84.09127502138374,3.89,3.88,0.004579781784108228,0.0007130442761843035,0.0007493391044508889,0.9974290495041003,1108.3402629296302,0.3883883883883495,-0.010000000000000231,6.11
775,type1_HARD,1000,9.99,5.433892135912406,1.2848009180701947,0.1847912115298453,5.915472065447633,5.7306808539177885,60999.97331024162,698.7716143404224,31177.89714380471,390.62499999999994,435.796783934714,0.0017507053995564753,0.010275731056055726,143.69819541477256,1.67,1.65,0.010582351433622073,0.0018466132914007217,0.0013626277619607548,0.9880233604650537,10644.454797814862,0.16516516516514862,-0.020000000000000018,8.34
776,type1_Damped_Osc,1000,9.99,2.977263275972375e-06,7.070918280570778e-08,2.601868138515219e-06,3.223141045620891e-06,6.21272907105672e-07,0.004318897275637171,0.00023292332917229612,8.869096402986811e-09,781.2499999999999,917.2691873133142,7.794719699914787e-10,3.8728175515425875e-09,8.224838967394956e-05,0.0,2.58,5.134739806715958e-09,0.008264856688794744,0.011023475531568828,2580000.0,6951.679808601028,0.2582582582582324,2.58,7.41
777,type2_Triangle_Wave,1000,9.99,1.3691080225637977e-06,1.611628648194913e-08,1.3619349265771542e-06,1.4311545639097564e-06,6.921963733260219e-08,0.000653857123860506,0.00012292228860356983,1.87471651213852e-09,781.2499999999999,2009.3232767421116,1.6109180804195086e-08,6.828606500974406e-08,0.00012423997132827367,0.0,0.0,6.921963733260219e-08,0.9999855534413069,0.9994970817349978,0.0,9445.985316759663,0.0,0.0,9.99
778,type0_Step_Response,1000,9.99,43.15860723160858,10.302046160215532,-5.273789093586689,46.29474431860375,51.56853341219043,100191.39706385651,6756.164740602189,1968797.5332594677,390.62499999999994,331.0335596413432,0.019516297947325092,0.10002979030980441,1143.6945193266051,2.19,2.18,0.12433994322618958,0.0024111591895067176,0.0018944098719622599,0.9954333354185684,1942.8785430645974,0.2182182182181964,-0.009999999999999787,7.8100000000000005
779,type2_HARD,1000,9.99,3.5296848536707767e-06,8.566160116454454e-08,3.486452406294736e-06,3.904633269525115e-06,4.181808632303788e-07,0.001212798001523105,0.00020919301322426016,1.2466013076146966e-08,390.62499999999994,650.6128314604738,1.0128311310375264e-07,3.28048800568831e-07,0.00024090260502823005,0.0,0.0,4.181808632303788e-07,0.9999976086959098,1.1823492600837968,0.0,2900.1688216568296,0.0,0.0,9.99
780,type0_HARD,1000,9.99,28.357077813913513,5.6962377999905796,-0.2957732405653691,30.729806982660435,31.025580223225806,136304.4005573247,3770.907732330581,836570.9872183875,390.62499999999994,349.82372349832355,0.005410919666278943,0.027085684595469672,614.3543708324268,2.48,2.46,0.03547372170321239,0.0011433701303241238,0.0009499111266539717,0.9919350838971436,4393.290941752722,0.24624624624622157,-0.020000000000000018,7.53
781,type0_HARD,1000,9.99,18.2407336339232,2.063063162295449,-1.2034562507174686,20.610355811375072,21.81381206209254,100373.21097973465,2892.845916265768,336980.59311535745,0.0,219.6335496280565,0.005757962243981463,0.030396920282200313,462.2198313467909,1.59,1.58,0.036444038637423404,0.0016706863767637025,0.0027909771979894816,0.9937100668490146,4601.360399274547,0.15815815815814233,-0.010000000000000009,8.41
782,type1_Damped_Osc,1000,9.99,2.602912155356168e-09,5.6604415831086074e-11,2.2798929949353673e-09,2.856591752582594e-09,5.766987576472268e-10,4.418020147277999e-06,2.0991835338049302e-07,6.77835574839247e-15,1562.4999999999998,1482.383618703174,3.6683350290250787e-13,1.827037460401902e-12,3.3446770724668114e-08,0.0,2.04,3.086550317015701e-12,0.005342837034280955,0.006368148997086906,2040000.0000000002,7647.6192631452295,0.20420420420418375,2.04,7.95
783,type0_Step_Response,1000,9.99,37.68468908590349,9.648940108236399,-0.0129411444255657,43.04806606592516,43.06100721035073,54571.86684973667,5007.773016125933,1513237.836713547,390.62499999999994,415.5560769577431,0.025003784748362057,0.12335746334344577,1358.8310739227004,6.2700000000000005,6.2700000000000005,0.13217383498811586,0.0030694552578032054,0.0025913503937096747,0.9999998405103923,1267.3151508777937,0.6276276276275649,0.0,3.7199999999999998
784,type0_Step_Response,1000,9.99,7.015908454346545e-09,8.853849767753334e-10,-7.622973751878041e-13,7.231935904597167e-09,7.232698201972355e-09,2.4644794873508817e-05,8.593426467544464e-07,5.0006877996870785e-14,390.62499999999994,233.5321772878638,2.9924006842746362e-12,1.5031797256342673e-11,1.6096214484873604e-07,0.0,1.59,1.5937308252940427e-11,0.002203203369556519,0.0033759605167959675,1590000.0000000002,3406.9426433617477,0.15915915915914322,1.59,8.4
785,type4_overdamped_decay_overshoot,1000,9.99,0.031220815501162413,0.00043256199103848525,0.0305638692110085,0.0344372333810865,0.003873364170078001,14.363200007879577,1.0649539377025419,0.9749264304337144,390.62499999999994,274.3710544761272,9.074875203957279e-06,4.67403649624977e-05,0.6966795110802576,2.82,3.3000000000000003,5.984298465650309e-05,0.015449873033716865,0.020979363353657486,1.170212350988528,3708.1976735180406,0.3303303303302973,0.4800000000000004,6.6899999999999995
786,type5_Square_Pulse_Wave,1000,9.99,0.5241424544175317,0.008131025493615222,0.5196617683905115,0.5421119919588819,0.022450223568370453,2205.4812211329986,19.07672796735485,274.7914260984121,390.62499999999994,1399.708678280178,0.008512466390443956,0.018777506449062953,22.529215471130087,0.0,0.0,0.022450223568370453,0.9999999999554571,1.0469117820478295,0.0,98238.71973114807,0.0,0.0,9.99
787,type4_overdamped_no_overshoot,1000,9.99,34.36400881317872,2.2708051837073273,32.92273647043098,42.0293789180437,9.106642447612714,5641.43919314759,1154.1702287447522,1186041.6578945771,390.62499999999994,399.30058323888306,0.010713647959139856,0.05830316690021675,478.8059132095397,5.82,5.8100000000000005,0.059671537631381,0.006552528879292632,0.004717995200999138,0.99828161541553,619.4861855618216,0.5815815815815234,-0.009999999999999787,4.18
788,type4_overdamped_decay_overshoot,1000,9.99,25.404781813277797,0.4571536825379936,24.206192838287613,27.894552082464404,3.688359244176791,14796.2179817128,786.1122976051771,645611.9284697082,390.62499999999994,302.0598237883944,0.006565070190904444,0.037159061769312274,416.5571012188259,3.33,3.33,0.0374392251524327,0.010150644954536865,0.014360750972063902,0.9999996996997899,4011.5989257470424,0.33333333333329995,0.0,6.66
789,type0_Step_Response,1000,9.99,32.31012242456938,4.1039021567851925,0.0019649945241102,41.37091020715857,41.368945212634465,149304.40793046507,7802.402581378122,1060786.0240031271,390.62499999999994,533.2272341407853,0.013962657261007204,0.08543049377087897,967.3566080278873,3.68,3.67,0.09800810916151192,0.0023691227479393636,0.00340228804868523,0.9972823376950168,3609.093902758306,0.36736736736733056,-0.010000000000000231,6.32
790,type0_Step_Response,1000,9.99,0.002042228948100442,0.00032175310714465283,-8.758275978756671e-05,0.0021330431973436,0.002220625957131167,3.7896462369200044,0.26898406988195905,0.004274224138416675,390.62499999999994,257.5158719920364,6.945450553046369e-07,3.816409967999888e-06,0.0535352245374317,1.18,2.15,5.5785624702999435e-06,0.002512157641800579,0.002158627337928886,1.8220323542098695,1706.5666656032845,0.21521521521519366,0.97,7.84
791,type0_Step_Response,1000,9.99,24.970447300387516,3.5553835050045404,1.806036920568677,26.267192448707004,24.461155528138327,68070.97810928604,2790.5784787892317,636163.9902490886,390.62499999999994,320.6283966717097,0.011506104149250176,0.057399191101584535,490.58973976505894,3.31,3.3000000000000003,0.06678997248894092,0.0027304504242290552,0.003236248391502915,0.9969785507617671,2782.8193983305237,0.3303303303302973,-0.009999999999999787,6.6899999999999995
792,type1_HARD,1000,9.99,22.89838853389974,3.6722904777281795,2.1991701727897897,26.631484381128157,24.43231420833837,29195.497674168535,3002.5335492599843,537821.9148022442,390.62499999999994,355.5784548538078,0.0041875147827258544,0.019474865031014588,301.3167087445004,5.21,5.39,0.025034496338939505,0.0010246469542535023,0.0011403005312682324,1.034548745767995,1194.9542489185642,0.5395395395394855,0.17999999999999972,4.6000000000000005
793,type0_Step_Response,1000,9.99,1.1787348263881348e-06,2.0329916047590813e-07,7.565162172928161e-11,1.2419614791388053e-06,1.241885827517076e-06,0.001835838600923317,0.00014146356676189567,1.4307463395904752e-09,390.62499999999994,278.62178136027273,5.575072671749561e-10,2.8516459509410603e-09,2.228167522146376e-05,0.0,2.49,3.1318452433373437e-09,0.0025218443210311614,0.002742286409759243,2490000.0000000005,1478.2656198985042,0.24924924924922431,2.49,7.5
794,type5_Square_Pulse_Wave,1000,9.99,2.4979676818749283e-06,6.999085825975895e-08,2.474529692112212e-06,2.732161440535792e-06,2.5763174842358027e-07,0.02556927345114652,0.00013922747918479513,6.244741259931542e-09,390.62499999999994,1600.4567639523152,4.188487724569944e-10,2.2975099689452652e-09,4.3113949643767166e-05,0.0,0.0,2.5763174842358027e-07,0.9999961185058728,0.0059842499237915915,0.0,99246.98473932924,0.0,0.0,9.99
795,type0_Step_Response,1000,9.99,36.09951103255621,5.30778358519792,0.0019714419291466,37.60585111795056,37.603879676021414,92027.76359325883,4315.103128190203,1331347.2633769435,390.62499999999994,276.16900937208663,0.005800395916932247,0.02781150787083675,654.0888633975485,1.54,1.52,0.044459842459900756,0.0011823206233757297,0.0010928094229589553,0.9870123460958792,2447.294385210445,0.15215215215213693,-0.020000000000000018,8.47
796,type4_overdamped_decay_overshoot,1000,9.99,0.001684319541308142,1.6165220157787432e-05,0.001647674064371,0.0017929522522328,0.0001452781878617999,0.4804263423199882,0.052113688219629375,0.002837193631575219,390.62499999999994,319.1813999034967,3.597768335665888e-07,2.1619261932998794e-06,0.040300632633895064,0.01,3.18,2.3148343408999766e-06,0.01593380506073097,0.02225622712209353,317.96820317968206,3306.940608799906,0.31831831831828644,3.1700000000000004,6.8100000000000005
797,type4_overdamped_decay_overshoot,1000,9.99,15.850376674589494,0.289979681827963,15.419593481196747,18.515507178681165,3.095913697484418,12217.828801791697,534.9842816717098,251318.52894224372,390.62499999999994,248.17823163205242,0.002018459553711382,0.010750064920033608,226.2537373788832,3.11,3.14,0.012294239708330323,0.003971118354596262,0.006960693042286728,1.009645977605795,3946.4371412275914,0.31431431431428286,0.03000000000000025,6.85
798,type1_Damped_Osc,1000,9.99,2.0477964408356234e-09,2.3334326040943875e-11,1.922126379893896e-09,2.1154197736693167e-09,1.932933937754205e-10,1.228326048458797e-06,8.284800541284414e-08,4.194014753870832e-15,1171.8749999999998,980.4564135572086,4.2080113915275966e-13,2.126062399400008e-12,2.8704743384378753e-08,0.0,2.52,3.227789764510031e-12,0.016612967130735092,0.0172924920314102,2520000.0,6322.01653690085,0.25225225225222697,2.52,7.470000000000001
799,type0_HARD,1000,9.99,2.551939106351015,0.3044739716171443,-0.1023641325841858,2.908071040005522,3.010435172589708,13302.33635588751,382.2899488225589,6605.097601915935,0.0,243.56651122620573,0.0003029871603892194,0.0017013423511933468,35.71682851628178,3.04,2.97,0.0019966644018274415,0.0006632477656408593,0.0009951167870901308,0.9769733628377096,4418.742006804232,0.29729729729726756,-0.06999999999999984,7.02
800,type5_HARD,1000,9.99,2.1641153671153073e-09,6.78695217890751e-11,2.134997483871642e-09,2.3862541107166312e-09,2.512566268449891e-10,2.4839540501673238e-05,1.4213643943016423e-07,4.6880015941724985e-15,390.62499999999994,1361.9768707595706,4.658036133306753e-11,1.2056076958341505e-10,1.0491017378344942e-07,0.0,0.0,2.512566268449891e-10,0.9960357830337021,0.6763566832325044,0.0,98469.32789177846,0.0,0.0,9.99
801,type4_overdamped_no_overshoot,1000,9.99,0.0070981028837722,0.00047627593395752256,0.0069110525836827,0.0094813604042928,0.0025703078206101,2.9971028027498887,0.3187253699907316,0.05060990331388233,390.62499999999994,348.74477188753906,7.412726398391034e-07,4.2518620868995174e-06,0.08270279667839614,2.05,3.16,4.630849304599997e-06,0.0018016710938922199,0.0015563932280248738,1.5414626627011403,1166.048197632778,0.31631631631628465,1.1100000000000003,6.83
802,type0_HARD,1000,9.99,15.882181530118014,1.9368799950968174,0.1873414995344246,18.980073440494923,18.792731940960497,64430.36944157229,2535.9235817277367,255995.19427102804,0.0,340.47267477145203,0.004646677831516319,0.023548071093149048,320.0412991758376,1.72,1.72,0.026485648519592786,0.0014093559469053809,0.002399053035436844,0.9999994186049892,3428.472754466152,0.17217217217215494,0.0,8.27
803,type1_HARD,1000,9.99,1.1022653947376434e-06,3.2263245756597946e-07,-1.4446952928051045e-07,1.5726140575920634e-06,1.7170835868725737e-06,0.057093407734094444,0.00027122362048017577,1.3190807031111967e-09,390.62499999999994,806.4063918287566,3.076610683161685e-10,1.5438128048236114e-09,2.4908753540087448e-05,0.0,4.87,2.1168724957562648e-09,0.0012328294784893783,0.0009535931909766394,4870000.0,33250.20105042233,0.4874874874874387,4.87,5.12
804,type4_overdamped_no_overshoot,1000,9.99,1.159338920340928e-06,6.126063390538027e-08,1.138955335849794e-06,1.5388072448229863e-06,3.9985190897319237e-07,0.0007391146775295811,6.45946614524014e-05,1.3478195974837574e-09,390.62499999999994,303.14376967605966,3.943456891471075e-10,2.1908397553671157e-09,3.196207185422773e-05,0.0,2.2,2.3113969966786887e-09,0.005780618184357522,0.0064370742993270745,2200000.0000000005,1848.46642588546,0.2202202202201982,2.2,7.79
805,type0_Step_Response,1000,9.99,1.7415447742615938e-06,3.0094758408323976e-07,-8.74102587896539e-10,1.852652953178151e-06,1.8535270557660474e-06,0.0033435146358043494,0.00022322488401787418,3.1235476491234046e-09,390.62499999999994,331.2388042331063,8.508485113487801e-10,4.604236540428661e-09,5.0893214324900176e-05,0.0,2.43,5.756467123354006e-09,0.0031056811389752106,0.002827222177969918,2430000.0000000005,1803.8651346027257,0.24324324324321892,2.43,7.5600000000000005
806,type3_Sine_Wave,1000,9.99,28.51166401111793,0.37743813997867337,27.93337969055391,29.00416768155414,1.0707879910002305,2261.1301655881985,761.0339394443372,813057.4442323879,390.62499999999994,363.93121760906195,0.3993853639432625,1.0652629454173947,709.5361849209875,0.0,0.0,1.0686797415312483,0.9980311233524286,1.0581478701775373,0.0,2111.6506578243834,0.0,0.0,9.99
807,type1_HARD,1000,9.99,0.008083731603244531,0.002437392429662343,-0.0001520264079721,0.0090861599761311,0.0092381863841032,372.2200875798099,1.1436609661086181,0.0712875984894697,390.62499999999994,852.3709768492663,2.781744919557998e-06,1.718132701099967e-05,0.2635936003693697,1.5,3.18,1.718132701099967e-05,0.001859816017427942,0.0011412790507444384,2.119998586667609,40291.46761749945,0.31831831831828644,1.6800000000000002,6.8100000000000005
808,type0_Step_Response,1000,9.99,2.408099468853761e-06,3.3413296470631806e-07,-4.693289579620811e-10,2.520102112103363e-06,2.520571441061325e-06,0.006886785333415233,0.0002959108019695637,5.9105878899971994e-09,390.62499999999994,253.6328875274246,1.1845721904638132e-09,5.533266986285547e-09,5.7880624135707047e-05,0.0,2.86,5.533266986285547e-09,0.002195242198218942,0.0035452013730629716,2860000.0,2732.2306715832574,0.28628628628625763,2.86,7.130000000000001
809,type1_HARD,1000,9.99,7.993610115591857e-06,2.163692423139868e-06,-6.878456846955834e-07,8.960982536748912e-06,9.648828221444495e-06,0.053321173430767775,0.001151370879741923,6.857936758204534e-08,390.62499999999994,412.26654127361587,4.277389520081275e-09,1.8607320360102927e-08,0.00021979098044647144,0.0,3.44,2.2061510103409698e-08,0.0022864442511199242,0.0019768926014823735,3440000.0,5526.180659541742,0.3443443443443099,3.44,6.550000000000001
810,type4_HARD,1000,9.99,1.8296839959307177e-09,1.0808201279526682e-10,1.48037903456e-09,1.8830187683101172e-09,4.026397337501172e-10,3.156431181434603e-07,6.319367105021951e-08,3.3594252464548744e-15,390.62499999999994,404.14535309822264,4.294613674287087e-13,2.2554897813500252e-12,3.485594951857486e-08,0.0,2.7,2.833960241692187e-12,0.00702101404973827,0.0039370502654250935,2700000.0000000005,781.9921869705391,0.27027027027024325,2.7,7.29
811,type0_Step_Response,1000,9.99,35.99742116591797,6.714909967436999,-0.0108053391722772,38.10807252875079,38.11887786792307,68254.91541861375,4735.217261871219,1340904.3464672635,390.62499999999994,295.9327058424057,0.013646413707448351,0.0755935424506049,859.3750873770781,2.45,2.25,0.09303475574755282,0.0024406478089387534,0.002032255648046312,0.9183669720951133,1790.580395758404,0.22522522522520266,-0.20000000000000018,7.74
812,type2_HARD,1000,9.99,2.7470322339688895,0.04501913362072834,2.723545486641949,2.9044800250248044,0.18093453838285534,853.5362303424331,146.47883065004757,7548.2128168560685,390.62499999999994,746.3322053534191,0.053967606749410375,0.16822385774308835,166.55363029671287,0.0,0.0,0.18093453838285534,0.9999999999944731,1.198770442871497,0.0,4717.3758971968255,0.0,0.0,9.99
813,type4_overdamped_decay_overshoot,1000,9.99,6.620502800764916,0.10886850563222693,6.263720589232253,7.042897819432035,0.7791772301997817,4229.356268929596,225.43410712764538,43842.9096864547,390.62499999999994,404.0304821088303,0.001209113859891786,0.007301422194323948,136.2533002187872,2.82,2.81,0.007557703047411657,0.00969959433422375,0.011106185878634505,0.9964535473568982,5427.977236757493,0.2812812812812531,-0.009999999999999787,7.18
814,type1_HARD,1000,9.99,0.033095032792386,0.004366510184543064,-0.0009546039754766,0.0546249331825635,0.0555795371580401,353.1672813488998,14.537418620150314,1.114347606720823,1953.1249999999998,1945.9512387608675,8.855250043494652e-06,5.972767696849762e-05,0.6909017131465544,2.05,2.09,6.387284764659829e-05,0.0011492151772301915,0.0020279925311552484,1.0195116977991718,6354.268124585427,0.20920920920918826,0.040000000000000036,7.9
815,type1_Damped_Osc,1000,9.99,6.061518853606193e-06,1.4367692591935094e-07,5.145838539898304e-06,6.50407968942647e-06,1.3582411495281658e-06,0.008197403378603509,0.0005660831951378751,3.6762653871664965e-08,1562.4999999999998,1418.3807204216998,2.3191139280635977e-09,1.3872210340584934e-08,0.0001708235051954144,0.0,2.31,1.3872210340584934e-08,0.010213355803605377,0.01614105933966056,2310000.0,6035.303337811429,0.2312312312312081,2.31,7.68
816,type0_Step_Response,1000,9.99,39.975715192129705,8.83485121344283,-0.005293831547593,44.3181683342956,44.32346216584319,58952.80654927621,5220.730123883947,1676112.4010859416,390.62499999999994,382.57546698740646,0.01616167628663699,0.10079669068729658,1181.4637394522629,5.04,3.88,0.1488150925398415,0.0033574789799367005,0.0018293093902978313,0.7698411170950163,1330.0587018381755,0.3883883883883495,-1.1600000000000001,6.11
817,type0_Step_Response,1000,9.99,1.0253476849618617e-06,1.2086160519840477e-07,-2.3719669518502234e-10,1.0562391604528455e-06,1.0564763571480305e-06,0.0038341684805912896,0.00013033159339530189,1.0659454026677842e-09,0.0,204.67156500604884,4.049745464402075e-10,2.2094370149124258e-09,2.7926501486608113e-05,0.0,2.91,2.2094370149124258e-09,0.002091324532384508,0.0033507017805500076,2910000.0000000005,3629.200810267869,0.29129129129126213,2.91,7.08
818,type0_Step_Response,1000,9.99,20.266676133205088,3.334165862875261,0.0008051668466319,21.79145839892779,21.79065323208116,68478.10074531475,3056.841597175821,421854.8234893875,390.62499999999994,513.9854781731648,0.015002564925375498,0.06501616705138957,525.5435839015333,3.76,3.79,0.06501616705138957,0.00298367223593219,0.004499645651231442,1.007978455324879,3142.544650496991,0.3793793793793414,0.03000000000000025,6.2
819,type4_HARD,1000,9.99,1.7754299043639853e-06,1.0171296088390652e-07,1.41875985559308e-06,1.8454441915805249e-06,4.2668433598744487e-07,0.00044281660887834635,5.459369739421415e-05,3.162496871721681e-09,390.62499999999994,389.27166109283814,1.959209935954418e-10,1.0340176690924115e-09,2.376562792966867e-05,0.0,5.3500000000000005,1.1288846950225476e-09,0.0026457077377877473,0.001926195695191347,5350000.000000001,1037.8060165896495,0.5355355355354819,5.3500000000000005,4.64
820,type0_Step_Response,1000,9.99,4.013283025178635e-09,4.749450743502928e-10,-9.23751068667389e-13,4.139380968233732e-09,4.1403047193024e-09,1.6496534145801482e-05,5.354969591729769e-07,1.633201346383658e-14,0.0,212.42633696006087,2.2804899501622604e-12,1.4059643404948681e-11,1.1945382835794375e-07,0.0,2.33,1.4784679356458434e-11,0.0035700534876237995,0.004791498164521045,2330000.0,3983.414712013829,0.23323323323320988,2.33,7.66
821,type0_Step_Response,1000,9.99,33.483742004580776,7.264904037796998,-0.0006391651827043,37.01151735020832,37.01215651539103,118739.43957501008,5560.43923187614,1173939.8093077263,390.62499999999994,502.0552724222152,0.018638242325211597,0.08761067484355323,731.1445380689487,3.5500000000000003,3.56,0.09009106601466499,0.002434093943626315,0.002565518034132337,1.002816618924896,3208.1200004012358,0.3563563563563207,0.009999999999999787,6.43
822,type4_overdamped_decay_overshoot,1000,9.99,5.286162171852434e-09,3.189634387011688e-11,5.225655798445638e-09,5.6494359760073855e-09,4.2378017756174776e-10,2.6257279165652024e-06,1.3662773011931417e-07,2.7944527883875924e-14,390.62499999999994,572.4117029155809,1.5146002845833088e-12,7.259649270857377e-12,1.043123365907383e-07,0.0,1.29,1.0105650587959502e-11,0.023790306426176168,0.04604159935108094,1290000.0,6181.380524008835,0.1291291291291162,1.29,8.7
823,type2_Triangle_Wave,1000,9.99,1.6656529889559697e-09,4.7180758294045916e-11,1.6455215572022124e-09,1.878965140529555e-09,2.334435833273425e-10,1.4164071510809834e-06,2.391540002077902e-07,2.776625903571157e-15,781.2499999999999,1376.6184765539315,4.72329934393348e-11,2.333511530296323e-10,2.030799906508562e-07,0.0,0.0,2.334435833273425e-10,0.9957345814894676,0.980328975959097,0.0,6041.569280671338,0.0,0.0,9.99
824,type2_HARD,1000,9.99,39.6190867922204,1.4403120587123812,38.99886322033208,45.83299735605995,6.834134135727865,23187.868350694884,3746.9137913831746,1571746.5370759652,390.62499999999994,779.9608776510863,1.891747963090968,6.387840996620881,5511.02383031891,0.0,0.0,6.834134135727865,0.9999999999998537,1.3134292333710311,0.0,3392.9489662002193,0.0,0.0,9.99
825,type1_HARD,1000,9.99,3.7199876071639873e-09,8.037211105642823e-10,-1.4621558086748612e-10,4.093032388964196e-09,4.239247969831682e-09,3.803493569651798e-06,5.44538235202397e-07,1.4484275421020327e-14,390.62499999999994,378.6844401255788,1.0980086221156776e-12,5.6287372287723585e-12,8.272721748613213e-08,0.0,3.02,6.010042149150305e-12,0.0014173798777595724,0.001364458577886366,3020000.0,896.9979106676582,0.302302302302272,3.02,6.970000000000001
826,type0_HARD,1000,9.99,2.6927471357323352e-09,6.416380303480438e-10,-1.3368720617165497e-11,2.940020615881286e-09,2.9533893364984516e-09,0.00010386694639797518,3.7170488406069267e-07,7.662586498983613e-15,390.62499999999994,703.1225468498426,1.0555658911134197e-12,5.567942731409048e-12,6.520066313194629e-08,0.0,2.49,5.567942731409048e-12,0.0018846340469154904,0.0016425512361005776,2490000.0000000005,35156.82415814515,0.24924924924922431,2.49,7.5
827,type3_Sine_Wave,1000,9.99,6.5486315005795265e-09,9.296804276475843e-11,6.418625853433125e-09,6.6809505952922475e-09,2.6232474185912276e-10,6.551208409894533e-07,2.0865649396386603e-07,4.2893217587357963e-14,390.62499999999994,468.84328893471394,9.241230653592845e-11,2.6232474185912276e-10,2.0957747160697061e-07,0.0,0.0,2.6232474185912276e-10,0.996202407745889,0.9834439860291159,0.0,2487.8818312482736,0.0,0.0,9.99
828,type4_overdamped_decay_overshoot,1000,9.99,39.97999003441954,0.9036522504223479,37.84200702808359,43.33684569502088,5.494838666937284,17302.445437296396,1189.0560135426163,1599216.190541979,390.62499999999994,295.4409259831225,0.005449934106233791,0.033659218453102824,583.0907853895723,4.54,4.53,0.033659218453102824,0.006125606317729741,0.006031008171208091,0.9977971370490888,3148.854131314704,0.4534534534534081,-0.009999999999999787,5.46
829,type0_Step_Response,1000,9.99,35.478718295195215,9.0324812782971,-3.5733558992764705,38.93324043485205,42.506596334128524,71771.82558484317,5872.418059639859,1340325.169912607,390.62499999999994,389.2456975263153,0.01887209661507627,0.08986464147334772,777.2056816618675,4.6000000000000005,4.57,0.10589703733179334,0.0024913083254037485,0.0020893590624338552,0.9934780448960772,1688.4867708689233,0.4574574574574117,-0.03000000000000025,5.42
830,type5_Square_Pulse_Wave,1000,9.99,6.005289752347205e-09,7.666165081004009e-11,5.9782733198582045e-09,6.311897727356304e-09,3.336244074980995e-10,3.27261336089876e-05,3.173454962055611e-07,3.606938201835128e-14,781.2499999999999,2577.701161163362,9.053343782423848e-11,3.3024182443428296e-10,3.6714541697626344e-07,0.0,0.0,3.336244074980995e-10,0.9970115748355695,1.1657418671885138,0.0,97799.60121161654,0.0,0.0,9.99
831,type4_overdamped_decay_overshoot,1000,9.99,0.23255083019359096,0.0027855664080277784,0.2232106264906334,0.2598035512558773,0.036592924765243895,249.36687771238695,9.396894446494905,54.08764800394192,390.62499999999994,517.6813786865957,6.988688152461469e-05,0.00043081546344100885,5.169314085627244,1.57,1.57,0.00043993678205259124,0.012022454746728048,0.02508893031525559,0.9999993630577306,6814.620020272935,0.15715715715714143,0.0,8.42
832,type0_Step_Response,1000,9.99,23.491281295745413,3.385878577816363,0.0082920574805901,24.629671581293454,24.621379523812863,108519.16517242683,3021.638653539179,563304.4706595539,390.62499999999994,388.0800658355382,0.01216967455479201,0.06079649726201097,538.8597349437291,1.56,1.55,0.06910554189709472,0.0028067290799142944,0.0035942442338369202,0.9935891066736496,4407.5176643724135,0.1551551551551396,-0.010000000000000009,8.44
833,type4_overdamped_decay_overshoot,1000,9.99,1.4631269306683035e-09,2.1962836348937475e-11,1.4272114881634403e-09,1.6336941053366494e-09,2.0648261717320909e-10,6.754106213941303e-07,4.3689031713831803e-08,2.1412227814273405e-15,390.62499999999994,265.2616121443023,3.705456891833305e-13,1.965297351627305e-12,2.6461932559887114e-08,0.0,3.01,2.4560867205752162e-12,0.011837554172188045,0.016136756085032858,3010000.0,3255.2636485700828,0.3013013013012711,3.01,6.98
834,type0_HARD,1000,9.99,5.663466124169251e-09,8.387369803582162e-10,-4.681426357260743e-11,6.4369775431399086e-09,6.483791806712516e-09,1.4893988898865653e-05,8.095469409602426e-07,3.2778328261833093e-14,0.0,274.55047744683236,1.4998368977786235e-12,8.079688167023082e-12,1.001230611891289e-07,0.0,2.09,8.737339273862242e-12,0.0013473584864849594,0.0017860793711131084,2090000.0,2296.756679751636,0.20920920920918826,2.09,7.9
835,type0_HARD,1000,9.99,1.6236970809690982e-09,4.1818753571867257e-10,-1.3852957979014383e-11,2.255701398014692e-09,2.2695543559937065e-09,0.00013785173304103676,3.661343416249759e-07,2.8112730257780266e-15,390.62499999999994,1460.219225655974,4.801672458181809e-13,2.576231590618649e-12,3.9757808035924946e-08,0.0,5.11,2.862524811035249e-12,0.0012607162667032771,0.0011454711910624017,5110000.000000001,60712.80904469079,0.5115115115114603,5.11,4.88
836,type5_HARD,1000,9.99,44.3367775606218,2.1327232785253076,43.487995769845504,51.62240137866939,8.134405608823883,808683.1978767861,4648.990329427238,1970298.3530428205,390.62499999999994,1664.6395137429997,2.1086769575453355,5.240080593289655,5169.003127923001,0.0,0.0,8.134405608823883,0.9999999999998771,0.9887250628231582,0.0,99415.1554232136,0.0,0.0,9.99
837,type0_Step_Response,1000,9.99,35.429649268112186,5.400028743846097,-0.0020094386767273,37.81613942042574,37.81814885910247,117083.33811608463,5092.583969578254,1284420.3576958063,390.62499999999994,479.44495358484016,0.014738553207366684,0.07293285115695625,656.1670299520362,3.9,3.9,0.08643418368580313,0.0022855212720174416,0.002729347176931251,0.9999997435898093,3095.956350277591,0.3903903903903513,0.0,6.09
838,type0_HARD,1000,9.99,1.4574160676590875e-09,2.0657360860960136e-10,-1.0233785697426224e-10,1.914942591267369e-09,2.017280448241631e-09,6.73133853379062e-06,3.1191074018908616e-07,2.166734250044871e-15,0.0,668.1348545383887,5.046606734902618e-13,2.5723155242821643e-12,3.748775597348743e-08,0.0,2.07,2.950755777007174e-12,0.0014620147460566917,0.0024312371735051032,2070000.0,3335.1849291584354,0.20720720720718644,2.07,7.92
839,type1_Damped_Osc,1000,9.99,35.76043106948241,1.0308364466506057,31.41424536838896,39.79040145940477,8.376156091015808,47726.308625566104,2680.767365235436,1279871.0540549462,781.2499999999999,669.3700142320205,0.009570648732345317,0.057648757509525694,818.4641918689784,3.82,3.12,0.07146508837470833,0.008531967121691133,0.009284352298012928,0.8167537128916982,5697.877177426436,0.31231231231228107,-0.6999999999999997,6.87
840,type1_HARD,1000,9.99,2.539471757011656e-09,3.5794561704095385e-10,3.269058228863683e-11,3.4890073410714316e-09,3.4563167587827946e-09,1.0432666352103034e-05,5.622614799372407e-07,6.5770418694186944e-15,781.2499999999999,739.2005962969113,8.565642950477898e-13,4.938002527037566e-12,6.961626592455232e-08,0.0,2.4,5.659103252782171e-12,0.0016368483559992205,0.002386334459545888,2400000.0,3017.5616178646087,0.24024024024021617,2.4,7.59
841,type2_Triangle_Wave,1000,9.99,0.0014777153259313786,2.8674893259686606e-05,0.001461764293704,0.0015645748137867,0.00010281052008269983,0.6850906285000039,0.18884315377780733,0.0021844648339959345,1171.8749999999998,1536.4335478840812,3.0828009609781575e-05,0.00010230233932589992,0.22317629004888093,0.0,0.0,0.00010281052008269983,0.999999990273369,1.0750871243184317,0.0,6663.623735054542,0.0,0.0,9.99
842,type1_Damped_Osc,1000,9.99,31.571975793069882,0.30239918310497427,29.293747121924397,33.04624115737997,3.7524940354555696,38773.01260090497,1794.6830833667836,996881.1007441333,2343.7499999999995,2390.2036266743394,0.005723093221436402,0.03391053731630578,648.1234706399987,1.87,1.36,0.03428079314774379,0.009135469057067486,0.018925623947306673,0.7272723383570383,10332.598062660856,0.13613613613612252,-0.51,8.63
843,type4_overdamped_decay_overshoot,1000,9.99,46.558468088655765,1.1222017175000707,43.7622256071307,52.96161255341046,9.199386946279759,32878.82531042641,1983.3257042287357,2168950.2874571364,390.62499999999994,289.92973156768113,0.011291337855178557,0.06706593209560907,1016.4453373485508,3.84,3.79,0.07929474873917997,0.008619568804118868,0.010061772031789627,0.986978909640909,3574.0235194388756,0.3793793793793414,-0.04999999999999982,6.2
844,type4_overdamped_decay_overshoot,1000,9.99,0.3501542163395185,0.004950035093087389,0.3438544886836174,0.4017969957947316,0.057942507111114205,371.21950480904496,13.932892249243407,122.6324780677651,0.0,331.12040330347554,7.42464132899875e-05,0.00039429870945939527,7.925110924779585,1.41,1.4,0.0004185169607933137,0.007222969485657847,0.014999169072290366,0.9929070972290092,6406.686961107229,0.1401401401401261,-0.010000000000000009,8.59
845,type0_Step_Response,1000,9.99,1.547027055350892e-09,4.035890078258132e-10,1.3298776936980478e-13,1.7947047251022584e-09,1.7945717373328887e-09,2.7285589224142464e-06,1.9810032702612088e-07,2.556176797225477e-15,390.62499999999994,417.82311799609244,2.4946990515846586e-13,1.469488948920206e-12,2.7562380792356607e-08,0.0,5.43,1.469488948920206e-12,0.0008183961232888191,0.0006166007981755886,5430000.0,1519.604516869485,0.5435435435434891,5.43,4.5600000000000005
846,type4_overdamped_decay_overshoot,1000,9.99,32.648460830204044,0.2621761789189716,31.876917412249853,35.56006261083088,3.6831451985810304,27667.63430200001,1195.4471700730235,1065990.7309301603,390.62499999999994,646.0180263698403,0.012328384343836549,0.06946021137296299,919.6573449525898,1.38,1.37,0.06946021137296299,0.018858939202208044,0.047023281804712505,0.9927529038022438,7511.958614244081,0.13713713713712342,-0.009999999999999787,8.620000000000001
847,type5_HARD,1000,9.99,0.001694608765097571,0.00011548626520463707,0.001474204738852,0.0019428943081929,0.00046868956934089994,27.43841914232001,0.14047231750932893,0.0028850359441964304,390.62499999999994,1158.6819218805585,9.372061857487659e-05,0.0002542447962443999,0.12295805732084499,0.0,0.0,0.00046868956934089994,0.9999999978663916,0.8115304239623383,0.0,58542.841314695266,0.0,0.0,9.99
848,type4_overdamped_no_overshoot,1000,9.99,1.0111538320468659e-08,3.481657030161635e-10,9.876823133663453e-09,1.123202755190307e-08,1.3552044182396173e-09,1.0569081183324395e-06,2.646976615628509e-07,1.0236442656306287e-13,390.62499999999994,416.3954829284001,2.870873928261243e-12,1.508303978475583e-11,2.1876276152066807e-07,0.0,5.9,1.508303978475583e-11,0.011121509104308877,0.008222095994715567,5900000.000000001,779.3132835419672,0.5905905905905315,5.9,4.09
849,type4_overdamped_decay_overshoot,1000,9.99,1.3828179852157895e-06,9.700563209222809e-09,1.3542764395455867e-06,1.4547965750291265e-06,1.0052013548353979e-07,0.0005279136683128572,2.6375631835040723e-05,1.912279681162832e-09,390.62499999999994,373.7429032265776,1.381006620218662e-10,8.202340422531585e-10,1.427675566070738e-05,0.0,2.66,9.348909451267735e-10,0.009300441550223642,0.014234887620026077,2660000.0000000005,5251.767857310987,0.2662662662662396,2.66,7.33
850,type5_HARD,1000,9.99,0.002105407029671732,6.073174014072868e-05,0.0019627078044531,0.002280728599143,0.0003180207946899003,19.12158995836001,0.12887616404420438,0.004436427104851665,390.62499999999994,1431.5588593987552,7.539685137956218e-05,0.00019305429834460012,0.18808628205060735,0.0,0.0,0.0003180207946899003,0.9999999968555515,1.2414735682425313,0.0,60126.85402185249,0.0,0.0,9.99
851,type4_overdamped_no_overshoot,1000,9.99,1.556165785846952,0.04967331176552349,1.530759291640554,1.7677014790374144,0.23694218739686046,292.3295251250346,52.466138723052566,2424.1193909424173,390.62499999999994,391.6921091975834,0.0005287880201281405,0.0029087614704088605,43.12271164960205,3.99,3.99,0.0033461606769191743,0.014122266337064251,0.010645314381565121,0.9999997493734963,1233.7588689268355,0.3993993993993594,0.0,6.0
852,type4_overdamped_decay_overshoot,1000,9.99,30.01172395322164,0.39546230386298725,29.33073351791059,33.30280208499518,3.9720685670845874,13684.864176878618,1092.328740583646,900859.9650781542,390.62499999999994,285.8128225050291,0.006666734196098553,0.036453858664643235,723.1431894538184,2.89,2.81,0.046933091872514154,0.011815780890950282,0.016858077573915786,0.9723180026581305,3445.273903446125,0.2812812812812531,-0.08000000000000007,7.18
853,type0_Step_Response,1000,9.99,2.517686112911211e-06,4.618923283451244e-07,-6.569194445351074e-10,2.7431871759512964e-06,2.7438440953958315e-06,0.007893454186740253,0.0004667376044801115,6.5520878861300435e-09,390.62499999999994,568.2095285520444,1.382617980427712e-09,6.999159223062014e-09,6.088563790670702e-05,0.0,5.01,7.799542836128228e-09,0.0028425594612523325,0.002993370753765525,5010000.0,2876.7856465313803,0.5015015015014512,5.01,4.98
854,type0_Step_Response,1000,9.99,32.02342853922903,8.824937463897355,-4.594818694665484,36.35462115350272,40.949439848168204,69365.46481477527,6295.096754192018,1103379.4966488075,390.62499999999994,402.71614591168844,0.021341993869335874,0.10797839523907271,797.5754324207631,3.17,3.16,0.10797839523907271,0.0026368711181259364,0.0024183733830005177,0.9968451114053276,1693.9295158118387,0.31631631631628465,-0.009999999999999787,6.83
855,type0_Step_Response,1000,9.99,1.973088397446805e-06,3.3014005287287565e-07,1.0954713574474111e-11,2.075819844292466e-06,2.0758088895788916e-06,0.00300449802396157,0.00023864140496690525,4.002070278650107e-09,390.62499999999994,273.98365433499754,9.991954968658714e-10,4.8167164815674646e-09,4.144274692473946e-05,0.0,2.35,6.328256460453732e-09,0.0030485722667683754,0.0030265714856450234,2350000.0,1447.3859282802996,0.2352352352352117,2.35,7.640000000000001
856,type0_Step_Response,1000,9.99,6.904588823304504,0.9307566807635469,0.0016437580020027,7.148907242883437,7.147263484881434,23963.139713649227,831.4050059844075,48539.65481768746,390.62499999999994,245.48874507364656,0.003177161119551781,0.014396890924586181,137.35235238352723,1.53,1.52,0.017028539426537037,0.002382525768436413,0.003413524914956271,0.9934634029650962,3352.771275934484,0.15215215215213693,-0.010000000000000009,8.47
857,type0_HARD,1000,9.99,8.606010506051006e-06,1.4651053334369461e-06,5.041684990362989e-07,1.1190289755814157e-05,1.0686121256777858e-05,0.017985054588016063,0.0014905351711744924,7.620995046832568e-08,390.62499999999994,344.58186891479784,3.4824447967031055e-09,1.6130520581745093e-08,0.0001473351225026583,0.0,3.33,1.842683903970992e-08,0.00172437097357953,0.002376922901243454,3330000.0,1683.029087245257,0.33333333333329995,3.33,6.66
858,type4_overdamped_decay_overshoot,1000,9.99,0.17924967991026283,0.0025355712457351526,0.1744196002187595,0.1906100645579664,0.0161904643392069,42.895708736320756,5.75004470279056,32.13687686947388,390.62499999999994,328.89281762047915,5.833174292613029e-05,0.00034268027869310824,4.621980208815531,6.04,5.89,0.0003795286197273984,0.023441490728890877,0.02300536535947838,0.9751654014626818,2649.4427729163317,0.5895895895895306,-0.15000000000000036,4.1000000000000005
859,type5_HARD,1000,9.99,25.408357279895426,0.9927148319952149,25.01873865317619,29.27802879924927,4.259290146073081,424515.5659230249,2369.870871349593,646570.1024004782,390.62499999999994,1882.1685677316027,0.7540698594401415,2.4429765121051474,2267.0829534245026,0.0,0.0,4.259290146073081,0.9999999999997652,0.7596037000110185,0.0,99668.14923710092,0.0,0.0,9.99
860,type0_Step_Response,1000,9.99,0.0011285621943421277,0.00024521342699111026,-7.591212436700937e-08,0.0012268319279627,0.001226907840087067,1.1404051947200027,0.1343973001844412,0.0013337822512750432,390.62499999999994,347.16211098680355,3.0121127964144054e-07,1.4127098476000854e-06,0.019470221648635523,1.92,3.79,1.9841086755999996e-06,0.0016171619490523725,0.001228363724242542,1.9739573052305703,929.4954001676108,0.3793793793793414,1.87,6.2
861,type1_HARD,1000,9.99,0.7046105430972401,0.10361188248660555,-0.0301826602043268,0.9559094785476416,0.9860921387519684,2901.367395296561,153.43786901418312,507.2114396362058,781.2499999999999,747.932221743819,0.00015646166330549228,0.0007689597097292333,9.120391244633527,2.61,2.6,0.0013404326656082377,0.0013593381520142483,0.0015100745160595728,0.9961682007018389,2942.288333183233,0.2602602602602342,-0.009999999999999787,7.390000000000001
862,type0_Step_Response,1000,9.99,2.1645601153148846,0.3595676938942584,0.000326882778343,2.318229135648958,2.317902252870615,7457.5325938817505,279.40030514308546,4814.609419304421,390.62499999999994,440.4425739748345,0.0007873448808099354,0.004071065370971461,49.6096318191042,3.86,2.89,0.005740437498692685,0.002476565822213142,0.0021896986135781374,0.7487044692475469,3217.3628480850402,0.28928928928926034,-0.9699999999999998,7.1
863,type2_HARD,1000,9.99,20.037865426730487,0.5352540670951431,19.7810358925681,22.41097621643069,2.6299403238625914,9081.033170792807,1710.2185408026462,401802.54777610296,390.62499999999994,756.3629838494812,0.5831853374800918,2.2105120445157382,2003.0082679531668,0.0,0.0,2.6299403238625914,0.9999999999996197,1.089548633687148,0.0,3452.9426726504757,0.0,0.0,9.99
864,type5_Square_Pulse_Wave,1000,9.99,0.40167826199336587,0.013974163075711594,0.3942607029757533,0.4286433583394778,0.034382655363724535,3417.3891719904314,25.54454674022804,161.54070339167765,390.62499999999994,1392.6922990911385,0.015328394252628727,0.034352804693043526,32.87398282814694,0.0,0.0,0.034382655363724535,0.9999999999709156,1.0969096444977091,0.0,99392.82279799016,0.0,0.0,9.99
865,type5_Square_Pulse_Wave,1000,9.99,31.374765779310728,1.1105429550285777,30.972748145658528,34.864538711265695,3.8917905656071667,387795.3415905402,3481.4794545806303,985609.2333615712,781.2499999999999,2269.6278815427395,0.5576727706174983,1.963246697835725,2295.4880759439206,0.0,0.0,3.8917905656071667,0.999999999999743,0.5021622694483218,0.0,99644.45286894304,0.0,0.0,9.99
866,type1_Damped_Osc,1000,9.99,4.632479678927825e-06,7.15071974005898e-08,4.354919636356572e-06,4.7591814545962646e-06,4.042618182396924e-07,0.0017521077002562648,0.00020871476923499252,2.146498125495933e-08,390.62499999999994,506.18019952448645,1.1339354382016126e-09,6.261647437810734e-09,0.00012544437649647535,0.0,5.14,6.261647437810734e-09,0.015489051070974641,0.015857418861355048,5140000.0,4334.0807544101635,0.514514514514463,5.14,4.8500000000000005
867,type4_overdamped_no_overshoot,1000,9.99,6.721550343105273e-09,2.1851378284204797e-10,6.6298147027304315e-09,7.838732964756705e-09,1.2089182620262737e-09,1.6828845850407384e-06,2.3173901606492144e-07,4.522698728819056e-14,390.62499999999994,351.6421480951023,2.3971884046380305e-12,1.2364258162872081e-11,1.5793767757492365e-07,0.0,2.89,1.3749007723117756e-11,0.011363583933423753,0.010920445967454067,2890000.0000000005,1390.9076653016036,0.28928928928926034,2.89,7.1
868,type5_HARD,1000,9.99,20.246028734484263,1.0751233676583107,18.257390063043733,23.63893465144864,5.381544588404907,372347.49870852893,3001.8344802414586,411057.5697732473,390.62499999999994,2088.98279192064,0.9465252701371566,4.034349357552987,2912.1947865810344,0.0,0.0,5.381544588404907,0.9999999999998141,0.8803875895636706,0.0,69189.7080088718,0.0,0.0,9.99
869,type1_Damped_Osc,1000,9.99,2.1809216730747353e-06,6.263433703824499e-08,1.939361435943316e-06,2.4102076091343943e-06,4.7084617319107824e-07,0.002430788847503487,0.00013691708381324288,4.7603424042633245e-09,390.62499999999994,547.4670675052555,4.164072596568802e-10,2.248500187139987e-09,3.619663286248651e-05,0.0,3.68,2.40600178789208e-09,0.005109942089247038,0.006648120363791176,3680000.0000000005,5162.585624183049,0.3683683683683315,3.68,6.3100000000000005
870,type1_Damped_Osc,1000,9.99,33.14684628540176,0.5172987365991203,30.376999890955243,34.888245577792034,4.511245686836791,23038.964204588552,1754.924508609879,1098981.0166509391,1171.8749999999998,1108.6712206562488,0.00796693529003676,0.040284170497223215,439.9549480018181,3.2,2.7,0.047392481045037016,0.010505409001179298,0.015401033728399226,0.8437497363282074,5107.007200208149,0.27027027027024325,-0.5,7.29
871,type2_HARD,1000,9.99,8.858148940044977e-09,2.646133263923813e-10,8.748791822043272e-09,1.0156633859009585e-08,1.4078420369663122e-09,4.505028344161353e-06,7.916735317867983e-07,7.853682285652439e-14,781.2499999999999,804.8726657748613,4.496321569068845e-11,3.178748961478643e-10,2.4221368692454004e-07,0.0,0.0,1.4078420369663122e-09,0.999290197216039,0.16928072209850595,0.0,3197.6816605090244,0.0,0.0,9.99
872,type0_Step_Response,1000,9.99,2.2219502542057728e-09,3.0329847607319034e-10,-7.432645563778111e-13,2.3295408881396036e-09,2.3302841526959814e-09,1.2429156943296474e-05,3.619726205690593e-07,5.029052897753418e-15,390.62499999999994,473.86176247305974,1.4298342366637808e-12,7.93688620923792e-12,7.330357620844334e-08,0.0,2.82,7.974615713286845e-12,0.0034206965736307653,0.004698788686407601,2820000.0,5331.463746674959,0.282282282282254,2.82,7.17
873,type0_Step_Response,1000,9.99,27.995239442020033,4.550893230254797,0.0002446394957594,29.76458582569768,29.76434118620192,95011.50897591814,3285.327341420092,804444.0606092131,390.62499999999994,396.14142846009986,0.010302064358435411,0.046857434464516956,425.5821832679822,3.38,3.36,0.06601307426081604,0.0022178577327764274,0.0022637455631663657,0.9940825461294241,3192.1253818969176,0.33633633633630267,-0.020000000000000018,6.630000000000001
874,type0_HARD,1000,9.99,12.773712549851684,1.3804018372619906,-0.1988985725330781,14.919353543425157,15.118252115958235,72896.6060900083,2020.3789124189216,165073.24153855466,0.0,248.33282980861395,0.003286742103692416,0.018094720530903885,274.0066878575487,1.21,1.18,0.02234128037028249,0.0014777687393305494,0.002381003860592685,0.9752058056150368,4821.761505951913,0.11811811811810628,-0.030000000000000027,8.81
875,type4_overdamped_no_overshoot,1000,9.99,12.5966120483045,0.6455420209052241,12.189960108726918,14.78698102284517,2.597020914118252,1916.0136676738657,382.6821454077631,159091.35959624447,390.62499999999994,401.3243336864635,0.001988665773654121,0.010964097112800886,226.45796427410096,6.24,6.24,0.010964097112800886,0.0042217977734381185,0.003080613979028653,0.9999998397436154,737.7736764679304,0.6246246246245621,0.0,3.75
876,type0_HARD,1000,9.99,3.6496551710323436e-06,1.0472258882128191e-06,-8.699835444785849e-08,4.668939807154139e-06,4.755938161601998e-06,0.32432786356355375,0.0009342326249698747,1.4416664928386251e-08,390.62499999999994,1704.121181400906,1.4320575532624627e-09,6.960401789307575e-09,8.974851826177274e-05,0.0,3.43,7.979200030975683e-09,0.0016777338312897925,0.0013674759208163472,3430000.0000000005,68194.28351440615,0.34334334334330896,3.43,6.5600000000000005
877,type5_Square_Pulse_Wave,1000,9.99,28.00161986275637,0.34225409002775453,27.869348971535192,29.0058561836512,1.1365072121160082,112176.4830042526,1169.9721695823953,784207.8528004526,781.2499999999999,1984.0337854946656,0.38983766379539964,1.1303130995600377,1386.8552107602736,0.0,0.0,1.1365072121160082,0.99999999999912,1.139029963857108,0.0,98702.83427000686,0.0,0.0,9.99
878,type4_overdamped_no_overshoot,1000,9.99,1.5245033147772139e-06,3.304040708640759e-08,1.50923842846866e-06,1.6757131571712214e-06,1.6647472870256135e-07,0.00019646255470024895,3.9041418104777255e-05,2.3252020252671483e-09,390.62499999999994,381.19070399210653,5.42574052082581e-10,3.0450700770137453e-09,3.097249783482708e-05,0.0,2.92,3.0450700770137453e-09,0.01829137557015478,0.016421033482735135,2920000.0,1180.1273148427806,0.292292292292263,2.92,7.07
879,type0_Step_Response,1000,9.99,46.85823516665148,9.215167927641543,-0.4482556138909152,52.49878276004327,52.947038373934184,123315.94780801608,9510.78310463913,2280613.522867847,390.62499999999994,515.2549452071964,0.01628818785332343,0.08788065849841331,919.9122067199072,3.82,3.81,0.09588005262365584,0.0018108671526915047,0.0017675410780593696,0.9973819378581315,2329.0433534186523,0.3813813813813432,-0.009999999999999787,6.18
880,type1_Damped_Osc,1000,9.99,1.0232697996590552e-09,1.0705479356199984e-11,9.668601773632314e-10,1.047582461702419e-09,8.072228433918759e-11,5.075695254882987e-07,4.220922390948216e-08,1.0471956901825287e-15,781.2499999999999,903.7024996865936,1.8859852127402946e-13,1.049572986211201e-12,2.22703829641565e-08,0.0,2.92,1.1570634698867615e-12,0.014158481731670402,0.016111986150668438,2920000.0,6210.907215731221,0.292292292292263,2.92,7.07
881,type0_HARD,1000,9.99,14.717558096324815,3.6135778159494527,0.3849483625223948,16.324860084099072,15.939911721576678,792657.7083061953,2135.3891608703843,229664.46095061817,390.62499999999994,935.129391718824,0.0029963002130746963,0.015238569256084133,332.0143102775578,3.53,3.45,0.01632981354114804,0.0010244607264068193,0.0008291782730813011,0.977336833615628,49727.860615011035,0.3453453453453108,-0.07999999999999963,6.54
882,type4_HARD,1000,9.99,48.303373962385436,1.0937037714581042,42.66467240838837,48.7422651379044,6.077592729516027,9020.904175914522,1327.610293960084,2334412.1240897565,390.62499999999994,352.1734981256682,0.01193619079552783,0.07464201878647003,932.3017187342517,2.26,2.2,0.09094873760352584,0.014964598921183936,0.010913550000475744,0.9734508967031431,1484.2890232020193,0.2202202202201982,-0.05999999999999961,7.79
883,type3_Sine_Wave,1000,9.99,15.004701351728139,0.2418417368910909,14.624208870316023,15.326627425944128,0.7024185556281051,1139.0781216960022,402.51422089787826,225199.55008025473,390.62499999999994,368.0165178594413,0.2087923466674798,0.668877393755567,411.4449054869785,0.0,0.0,0.7019384038602272,0.9993164306878998,0.8633429008188209,0.0,1621.651524675075,0.0,0.0,9.99
884,type2_HARD,1000,9.99,35.93983992382501,1.204279501113077,35.25940654481713,40.57388159358993,5.314475048772799,16810.771695644886,4598.668247052551,1293122.3828669675,390.62499999999994,745.1973194703846,1.3197145205148333,5.313125671203466,5519.9373908201605,0.0,0.0,5.314475048772799,0.9999999999998118,1.095854010048305,0.0,3163.2045576210976,0.0,0.0,9.99
885,type0_HARD,1000,9.99,14.296137933323891,1.7257310074567855,-0.8782231509898193,21.14177373567158,22.0199968866614,125660.28166044799,4344.155911176638,207357.70731872012,1953.1249999999998,1453.4860712855086,0.004353453809364025,0.023791623483235824,387.10582177488715,1.94,1.84,0.02467623726178303,0.0011206285536184398,0.0025226722997677364,0.9484531193540623,5706.643934021668,0.18418418418416574,-0.09999999999999987,8.15
886,type4_overdamped_decay_overshoot,1000,9.99,5.223116790235654e-09,4.934969414680512e-11,5.087255020206113e-09,5.692411825338262e-09,6.051568051321493e-10,3.5742403995131047e-06,1.8767895796087923e-07,2.728338439675398e-14,390.62499999999994,545.464281356939,1.1139435578880154e-12,5.988104074609508e-12,1.2755391909654791e-07,0.0,1.36,7.789458701762057e-12,0.012850567107076962,0.022124137529814552,1360000.0000000002,5896.560707148835,0.13613613613612252,1.36,8.63
887,type0_HARD,1000,9.99,15.588358008092335,3.5342794748701167,-0.1718607275214836,16.716634496103197,16.88849522362468,507573.89483923843,1980.276478036137,255488.03679494455,390.62499999999994,636.8812470494021,0.004132579037817881,0.023488367075479744,346.94533886303077,1.22,1.0,0.026582578722347705,0.0015740051656680913,0.001169284734611595,0.8196714592856892,30054.417999845387,0.10010010010009007,-0.21999999999999997,8.99
888,type2_HARD,1000,9.99,4.061764577533372e-06,6.389978060318e-08,4.031668457629114e-06,4.39455806251975e-06,3.62889604890636e-07,0.001471413713952663,0.0002548136284992388,1.6502014665265985e-08,390.62499999999994,859.9296804280067,3.468069229164381e-08,1.773282144703981e-07,0.00018154840455880845,0.0,0.0,3.62889604890636e-07,0.9999972443486095,0.5427272087176653,0.0,4054.703246991202,0.0,0.0,9.99
889,type0_HARD,1000,9.99,44.808962163864535,5.033086457162373,0.4187261364924159,67.20732089286437,66.78859475637196,387631.01247763564,12376.473778870126,2033175.0494879144,1953.1249999999998,1559.8115796966154,0.011371938167347035,0.06361257885878757,921.1442210947521,1.44,1.43,0.06577538760475221,0.0009848296381243435,0.002259436285097358,0.993054865934121,5803.850401278999,0.14314314314312881,-0.010000000000000009,8.56
890,type1_Damped_Osc,1000,9.99,7.63490705790795e-06,1.1249089695312522e-07,6.940846877020908e-06,8.040576848940203e-06,1.0997299719192944e-06,0.006948559521581412,0.0004262867178271176,5.830445998478996e-08,1562.4999999999998,1400.5648772976188,1.5661039502939513e-09,7.025715716286104e-09,0.00010038414669484728,0.0,2.14,8.436152465635669e-09,0.007671105644058164,0.01392192675839166,2140000.0,6318.417593945279,0.2142142142141928,2.14,7.85
891,type5_HARD,1000,9.99,1.5641499923735047e-06,9.465425346456376e-08,1.3518304085756528e-06,1.8610466277903464e-06,5.092162192146936e-07,0.029359023329946624,0.00023191451624615984,2.455524626340968e-09,781.2499999999999,1616.9127849057293,6.70516105583037e-08,2.757864838642675e-07,0.00026328327925828957,0.0,0.0,5.092162192146936e-07,0.9999980362015221,0.7083770641785447,0.0,57655.2053271561,0.0,0.0,9.99
892,type0_Step_Response,1000,9.99,0.006780331191882393,0.0014770009964891963,-8.957053802187893e-07,0.0073858306222434,0.007386726327623619,7.783075159939998,0.8548377904734819,0.04815442301524339,390.62499999999994,338.88506548596354,3.3861305304368853e-06,1.7334300988200435e-05,0.17327443630145167,2.73,2.97,1.7873772682300802e-05,0.002419715024914325,0.0022925715935148876,1.0879116894096377,1053.656899373749,0.29729729729726756,0.2400000000000002,7.02
893,type1_Damped_Osc,1000,9.99,0.005636598753096319,0.0001320419087492105,0.0052133242037556,0.0060212760593651,0.0008079518556095002,2.2728589659399936,0.2639189322272672,0.03178868056907311,390.62499999999994,402.8431054845894,1.213555638756193e-06,5.880518007900237e-06,0.09104464886409687,2.71,5.15,6.766336975199544e-06,0.008374678416600079,0.009190685298789759,1.900368302447121,2813.111879559073,0.5155155155154639,2.4400000000000004,4.84
894,type5_Square_Pulse_Wave,1000,9.99,0.0029187379392517,0.00015378731386329002,0.0028649376295969,0.0035308387556759,0.0006659011260790001,66.20340420056998,0.34619032998847804,0.008542681695932548,781.2499999999999,1907.6444301549466,0.00010054381681480343,0.0003444093831667999,0.20932906476526444,0.0,0.0,0.0006659011260790001,0.9999999984982756,0.6537848515281143,0.0,99419.27038173619,0.0,0.0,9.99
895,type5_Square_Pulse_Wave,1000,9.99,4.423521754197577e-09,8.918998447697822e-11,4.380263909296274e-09,4.684614338273368e-09,3.043504289770937e-10,3.0314387947285697e-05,1.7558166875345055e-07,1.957549956319021e-14,390.62499999999994,1288.215400556274,1.3297625679180473e-10,3.0373257570930835e-10,2.9247899181412045e-07,0.0,0.0,3.043504289770937e-10,0.9967250741931166,1.4744015930698833,0.0,99277.37140844093,0.0,0.0,9.99
896,type5_HARD,1000,9.99,44.30750552603119,1.2335018016796886,40.80662724502894,47.63970059718629,6.833073352157349,346494.8658999155,2769.3926458238766,1964676.5726340318,390.62499999999994,1604.6123597913524,0.47573764696026277,1.3090948286264066,1671.839977031909,0.0,0.0,6.833073352157349,0.9999999999998537,0.3856805448618347,0.0,50708.494998150265,0.0,0.0,9.99
897,type0_HARD,1000,9.99,28.365060550669956,4.686622134501151,1.73725921076821,29.72387632114402,27.986617110375807,36777.531171130024,3506.9500110201498,826541.087074769,390.62499999999994,310.4998362067066,0.009489804890470912,0.05291069424102446,735.4978667182986,1.76,1.52,0.0585880930225251,0.0020934324713651068,0.0020248709236890487,0.8636358729341631,1314.1113492239026,0.15215215215213693,-0.24,8.47
898,type0_Step_Response,1000,9.99,14.195972999690948,1.818075480505415,-0.4972463845445242,14.659499949810929,15.156746334355454,62168.405940404286,1870.206733003916,204831.04786076938,390.62499999999994,244.7738138255885,0.007200234300522583,0.039805971907776794,437.01852120463514,1.46,1.44,0.04368855219213508,0.0028824492558211087,0.003960360489827956,0.986300694314593,4101.6986475180665,0.1441441441441297,-0.020000000000000018,8.55
899,type0_Step_Response,1000,9.99,2.041085317759867e-09,5.777005012752078e-10,-6.681455322882906e-11,2.393692910373876e-09,2.460507463602705e-09,2.3727862324750512e-06,2.706681269547981e-07,4.499767143548524e-15,390.62499999999994,401.42112071265507,9.403867358164049e-13,5.36207026906902e-12,5.1162619010527065e-08,0.0,5.29,5.36207026906902e-12,0.002178368478810542,0.0016249972718948673,5290000.0,963.9565459623674,0.5295295295294765,5.29,4.7
900,type2_HARD,1000,9.99,4.367407546766974e-09,9.654961053117384e-11,4.31982984465336e-09,4.808110309801158e-09,4.882804651477988e-10,2.201692440646497e-06,3.887775780435453e-07,1.9083570506850837e-14,390.62499999999994,975.8917263431879,1.0344121595644252e-10,3.443861061485901e-10,3.520299726391359e-07,0.0,0.0,4.882804651477988e-10,0.99795618245315,1.060395991262168,0.0,4499.857642960309,0.0,0.0,9.99
901,type5_HARD,1000,9.99,4.283349205048027e-06,8.82571255781558e-08,3.984517707437051e-06,4.686546750216128e-06,7.020290427790775e-07,0.04197825971748581,0.0003042820964033529,1.8354869732600886e-08,390.62499999999994,2541.424773825804,5.484344774360441e-08,1.5337773155326402e-07,0.00019920544207831242,0.0,0.0,7.020290427790775e-07,0.9999985755595358,0.6213982835499778,0.0,59795.53175717294,0.0,0.0,9.99
902,type2_HARD,1000,9.99,11.811135349906584,0.3268615879992099,11.64779381277185,13.140555733830691,1.4927619210588414,4838.445671293456,926.6175688842217,139609.75675152228,390.62499999999994,648.4144123717601,0.4157338177336739,1.3064734179482898,1004.8217122315077,0.0,0.0,1.4927619210588414,0.9999999999993301,1.2718956065691236,0.0,3241.2708302863343,0.0,0.0,9.99
903,type1_HARD,1000,9.99,4.807412401928918e-06,1.0055432382720658e-06,3.45087527500736e-07,5.686005297215493e-06,5.340917769714757e-06,0.01883853002871105,0.0006981036711456584,2.4122331206254646e-08,390.62499999999994,401.17265600919455,1.2007642582394752e-09,7.0379528543476304e-09,0.000141511087073673,0.0,6.07,7.438002871714347e-09,0.0013926448224397144,0.001194143641360699,6070000.000000001,3527.207741022648,0.6076076076075468,6.07,3.92
904,type0_Step_Response,1000,9.99,6.619774029485122e-09,1.4211794548669271e-09,7.578869186706627e-13,7.2745508369953325e-09,7.273792950076662e-09,8.523925488200429e-06,8.149496690031983e-07,4.584115924438156e-14,390.62499999999994,354.57886143068146,2.628509316548449e-12,1.2620347835584746e-11,1.3532542582897628e-07,0.0,3.6,1.6083221973496277e-11,0.0022108150821428933,0.0018482261908321532,3600000.0000000005,1171.7069539567588,0.36036036036032426,3.6,6.390000000000001
905,type3_Sine_Wave,1000,9.99,1.1950489628813337e-06,1.9397251923522314e-08,1.167302377749011e-06,1.2221944157558034e-06,5.4892038006792375e-08,0.0001237446087713838,5.345375388067792e-05,1.4285182770659355e-09,390.62499999999994,429.9819272734492,1.996724218526866e-08,5.4892038006792375e-08,4.95516135593537e-05,0.0,0.0,5.4892038006792375e-08,0.9999817827535821,1.0293320379583477,0.0,2254.286030881946,0.0,0.0,9.99
906,type5_HARD,1000,9.99,0.22237116844369084,0.013734450393032397,0.1783425077554557,0.2669949041692249,0.08865239641376918,4525.610152806189,28.04385467603511,49.63757168261099,390.62499999999994,1713.8277796801501,0.006975911633041632,0.031556887852627696,16.71454120719344,0.0,0.0,0.08865239641376918,0.9999999999887199,0.5079134172032582,0.0,51048.931961553135,0.0,0.0,9.99
907,type4_overdamped_no_overshoot,1000,9.99,0.15922754089564553,0.0060279221348957706,0.1570096718886308,0.1921053007160085,0.03509562882737771,52.24691558561034,6.7478147392674295,25.389745624938833,390.62499999999994,335.3574041257073,4.660742440016563e-05,0.0002809958344217045,4.354838090821243,2.18,2.16,0.00030388956676019596,0.008658900749328537,0.007731922103409784,0.9908252335664065,1488.7015087008328,0.21621621621619458,-0.020000000000000018,7.83
908,type4_overdamped_decay_overshoot,1000,9.99,40.78913375935908,0.9862682796384338,40.27753338753854,45.9975929943254,5.720059606786862,7845.784135491129,968.0432064771438,1664726.157958308,390.62499999999994,346.5602777639161,0.004761902645953917,0.027514847561093347,551.8824898591639,6.0200000000000005,5.99,0.027514847561093347,0.004810237908787195,0.004828202167968744,0.995016446010557,1371.6262897296942,0.5995995995995396,-0.03000000000000025,4.0
909,type5_HARD,1000,9.99,0.1699369634963077,0.004626718644127467,0.1676543759597583,0.1832993800376464,0.015645004077888103,1555.7907253707592,10.385620978961532,28.899978087757333,390.62499999999994,1334.519093097476,0.004268543432704256,0.009551312895174802,11.568099017092807,0.0,0.0,0.015645004077888103,0.9999999999360819,0.9225854779822378,0.0,99443.29304906963,0.0,0.0,9.99
910,type2_Triangle_Wave,1000,9.99,0.012674749084171317,7.783186788566007e-05,0.0126429000401103,0.0130089988455296,0.00036609880541929943,8.115498884170117,1.2195314381531532,0.16065532214636025,1562.4999999999998,4943.324973801625,7.782715437978798e-05,0.00036418066159569877,1.2261130596485015,0.0,0.0,0.00036609880541929943,0.999999997268497,0.9999394270503896,0.0,22167.509813936114,0.0,0.0,9.99
911,type4_HARD,1000,9.99,1.2675045586131684e-06,5.339079742686283e-08,1.2305989715649954e-06,1.443834155164982e-06,2.1323518359998665e-07,0.00013990637117533035,3.003573746507989e-05,1.6094183833550392e-09,390.62499999999994,401.44206621836264,2.156786160997814e-10,1.2427475639374256e-09,1.5254092789140453e-05,0.0,7.0200000000000005,1.2427475639374256e-09,0.005828033230367303,0.0040395458945772025,7020000.000000001,656.1099003618592,0.7027027027026324,7.0200000000000005,2.9699999999999998
912,type1_HARD,1000,9.99,43.4179263371009,11.4819375014986,-1.4190044883951416,47.86554789198095,49.28455238037609,994592.3710901758,5545.408071771419,2016951.2162022402,390.62499999999994,562.511194166041,0.006780160153446357,0.04204529796646028,781.4744661084434,3.17,2.45,0.04204529796646028,0.0008531131142666286,0.0005905066242139738,0.7728704186528648,20180.61082129617,0.2452452452452207,-0.7199999999999998,7.54
913,type3_Sine_Wave,1000,9.99,26.69556135877336,0.2127732442481883,26.391635748505863,26.99984806773537,0.6082123192295086,2014.1072421985482,531.8491515171888,712698.2687135013,390.62499999999994,469.05117298793795,0.21277250485235674,0.6061998289827386,537.5006223990274,0.0,0.0,0.6082123192295086,0.9999999999983559,0.9999965249539049,0.0,3311.519971753835,0.0,0.0,9.99
914,type2_Triangle_Wave,1000,9.99,4.5218285792951315e-09,6.417155065618523e-11,4.488629703022944e-09,4.825782012676779e-09,3.371523096538352e-10,1.9933593529602853e-06,3.6070165392552565e-07,2.0451051688443845e-14,781.2499999999999,1303.6959363120136,6.238023007859825e-11,2.4545150862819925e-10,3.955850998934326e-07,0.0,0.0,3.371523096538352e-10,0.9970427527139363,0.9571696461188612,0.0,5894.856536691637,0.0,0.0,9.99
915,type2_Triangle_Wave,1000,9.99,8.087126384781952e-06,1.8847887441571114e-07,7.998480629551756e-06,8.752965245055793e-06,7.54484615504037e-07,0.004361787813263492,0.0009769320942582718,6.543713744953744e-08,781.2499999999999,1285.7252551018735,1.5941789465407394e-07,7.449160226187061e-07,0.0007570792873587324,0.0,0.0,7.54484615504037e-07,0.9999986745936841,0.8458085784929052,0.0,5781.1411160563775,0.0,0.0,9.99
916,type0_Step_Response,1000,9.99,0.10615362766957195,0.020627290077860207,-1.2532674161814631e-05,0.114697408653958,0.11470994132811982,163.68827694681997,13.304276450602014,11.694077763366304,390.62499999999994,346.2521115668924,4.56956794443645e-05,0.00024645495116719374,2.6894078665448253,2.92,2.92,0.00024645495116719374,0.0021485055986566843,0.0022153021201362527,0.9999996575343638,1426.9755092732028,0.292292292292263,0.0,7.07
917,type1_HARD,1000,9.99,39.176520420957914,9.348897568196117,-2.3493926356153527,42.47084033777902,44.820232973394376,216912.5938861974,5034.857769271195,1622201.6380343558,390.62499999999994,382.00991497368136,0.008548344012570128,0.047021020004443415,707.2875028262446,1.8,1.79,0.05099504098065211,0.0011377683157274528,0.0009143692023805786,0.9944438919756156,4839.613261603381,0.17917917917916124,-0.010000000000000009,8.2
918,type5_HARD,1000,9.99,2.399949397357921e-09,1.0938126009798988e-10,2.185132787530744e-09,2.7130908956910293e-09,5.279581081602853e-10,3.112767246974545e-05,1.544596560414003e-07,5.771721369939273e-15,390.62499999999994,1182.6229401199244,4.803787379590397e-13,2.5470237440656604e-12,5.20636372571294e-08,0.0,0.0,5.279581081602853e-10,0.9981094911211816,0.0043519954160025735,0.0,58847.14118100467,0.0,0.0,9.99
919,type3_Sine_Wave,1000,9.99,10.298736642155825,0.07949334191918,10.174459329436813,10.40604915537396,0.2315898259371476,769.6674615990772,195.88362658816078,106070.29561589252,390.62499999999994,388.71202399435464,0.07785423408770473,0.23102434071020994,200.39038340129193,0.0,0.0,0.2315898259371476,0.999999999995682,0.9793805645494044,0.0,3323.407919502638,0.0,0.0,9.99
920,type2_HARD,1000,9.99,45.345123818473326,0.9225384615657458,44.803802961718304,48.33703025170784,3.533227289989533,9280.124975543913,2462.631196553816,2057031.3313257447,390.62499999999994,546.6622299080151,0.8602805092497512,2.7353185547233707,2287.678735912854,0.0,0.0,3.533227289989533,0.9999999999997169,0.9325145184610927,0.0,2626.5292928745544,0.0,0.0,9.99
921,type4_overdamped_decay_overshoot,1000,9.99,0.017340892857506233,0.00020433090686570153,0.0170187007810786,0.0188137467344977,0.0017950459534191027,5.819071353710056,0.4633786079805305,0.30074831621501136,390.62499999999994,273.29643176679,4.139782338816168e-06,2.299126975889923e-05,0.30700798699293985,2.28,3.04,2.7091892179097882e-05,0.015092589753706405,0.0202601866847138,1.3333327485382682,3241.7394882757603,0.30430430430427385,0.7600000000000002,6.95
922,type1_HARD,1000,9.99,4.183404956907189e-06,4.214299539123097e-07,4.071552455482145e-07,5.057513681368274e-06,4.65035843582006e-06,0.020115002054482328,0.0006316638410306853,1.7678480239530163e-08,0.0,316.67087367676106,8.252231000769583e-10,4.089027610021055e-09,9.121466905243518e-05,0.0,2.63,4.543725538519645e-09,0.0009770697515381172,0.0019581454385732395,2630000.0,4325.472542948754,0.2632632632632369,2.63,7.36
923,type0_Step_Response,1000,9.99,2.980440541215089e-06,6.796157261060231e-07,-1.6328840895025828e-07,3.2437062103834165e-06,3.406994619333675e-06,0.003227056134992022,0.0003764386317044652,9.344903354889112e-09,390.62499999999994,365.93113228119284,4.2628379410296476e-10,2.3912230327261764e-09,4.800624532155829e-05,0.0,2.83,2.7011546342524955e-09,0.0007928259780917403,0.0006272414696816374,2830000.0,947.1852903712145,0.2832832832832549,2.83,7.16
924,type1_Damped_Osc,1000,9.99,28.628338334511778,0.6519634799809054,24.422103752622807,30.99149480538145,6.569391052758643,42430.73718747183,2682.9142774973197,820006.8121745054,1562.4999999999998,1507.886568584906,0.009647840446547897,0.057209197941528345,748.7830452429594,1.97,2.01,0.05967420861832906,0.009083674291738404,0.014798130175659016,1.0203040506070808,6458.8539252276205,0.20120120120118104,0.039999999999999813,7.98
925,type4_overdamped_decay_overshoot,1000,9.99,7.518225380667763e-06,1.2548261109905376e-07,7.331757770439346e-06,8.265880885406564e-06,9.341231149672175e-07,0.0019369304727870455,0.00022697400865206752,5.6539458760205156e-08,390.62499999999994,309.13517561004676,2.7693326263688437e-09,1.4853914747731848e-08,0.0001658733343931603,0.0,5.5,1.4853914747731848e-08,0.01590143591170766,0.022069277430841538,5500000.0,2073.52582141081,0.5505505505504954,5.5,4.49
926,type0_Step_Response,1000,9.99,17.60441177442648,2.3351117642880856,-0.7350401243315148,18.53952901861704,19.274569142948554,62064.987120734266,2418.1328522089043,315368.0608752823,390.62499999999994,294.6633103066897,0.011458889702960879,0.05831553399732314,609.6876424059145,2.91,2.9,0.05831553399732314,0.00302551686446669,0.0049072125275551794,0.9965632314215699,3220.0453696490035,0.2902902902902612,-0.010000000000000231,7.09
927,type3_Sine_Wave,1000,9.99,0.009095394751910029,7.88285817025185e-05,0.0089936483933651,0.0092255203382031,0.00023187194483799932,0.5533727182299025,0.1493487278150369,0.0827324196383657,390.62499999999994,378.43590871834766,5.3700581812120275e-05,0.00018696758196879923,0.15660579270008496,0.0,0.0,0.00023187194483799932,0.9999999956872747,0.6812323648488557,0.0,2386.544505114579,0.0,0.0,9.99
928,type4_overdamped_no_overshoot,1000,9.99,12.768836237340391,0.2702632826760939,12.63984311606242,14.000907738317323,1.3610646222549043,1747.1480935260074,370.827493909348,163116.22109797996,390.62499999999994,393.2473177765309,0.003656883921567932,0.019207328602051987,286.3431560981997,3.37,3.2,0.02354685377957111,0.017300320201213693,0.01353082033691242,0.9495546143754854,1283.6628510923947,0.3203203203202883,-0.16999999999999993,6.79
929,type4_overdamped_decay_overshoot,1000,9.99,0.009514283945633245,7.205284161193672e-05,0.0093215077420799,0.0100928238007167,0.0007713160586367996,4.555668946600033,0.286312273372683,0.09052679061011888,390.62499999999994,476.79701020803327,3.3817875215494274e-06,1.8426887355101063e-05,0.205767303241898,1.09,1.79,1.8426887355101063e-05,0.02389019018193137,0.04693482448379045,1.6422003282565796,5906.358216818699,0.17917917917916124,0.7,8.2
930,type0_Step_Response,1000,9.99,1.525709587540573e-06,2.4657222371529284e-07,-2.516760243091678e-10,1.5986698354188953e-06,1.5989215114432043e-06,0.0034809462616018643,0.0001914499956404082,2.3885876070211297e-09,390.62499999999994,279.7007422539614,8.270112716781335e-10,4.43323616595131e-09,3.592959225286242e-05,0.0,1.62,5.540791659414136e-09,0.003465328444474122,0.0033540189774744025,1620000.0000000002,2177.0575100978003,0.16216216216214593,1.62,8.370000000000001
931,type1_HARD,1000,9.99,3.5640688292885437e-06,9.576644137685246e-07,5.7229428118668045e-08,3.954443470348834e-06,3.897214042230166e-06,0.11277134142252551,0.00047145737634539874,1.3619707749304825e-08,390.62499999999994,690.5693053765909,1.1834194613810522e-09,6.008815581997954e-09,0.00010128744579736992,0.0,2.37,6.13659651445818e-09,0.0015746107022481719,0.0012357337378658786,2370000.0,28936.391808133983,0.2372372372372135,2.37,7.62
932,type2_HARD,1000,9.99,0.03691963136947248,0.0009108167470834691,0.0364671835342532,0.0412228706629738,0.004755687128720605,20.25852729123992,3.2857939681886132,1.3638887676045046,390.62499999999994,810.560022468508,0.0009564567938463471,0.0033019137239567037,3.2416091966157485,0.0,0.0,0.004755687128720605,0.9999999997897253,1.0501089224137712,0.0,4259.852832755652,0.0,0.0,9.99
933,type1_Damped_Osc,1000,9.99,35.65692491624452,0.5757858246499915,31.78957076725643,38.4975641848044,6.707993417547975,60883.50229788091,2606.3313525080634,1271747.823798567,1953.1249999999998,2052.7485725731376,0.007049410170289278,0.032126490877118385,410.8562310736929,1.67,1.55,0.045923596689675605,0.006846100440339366,0.012243111706618045,0.9281431568005051,9076.261485081637,0.1551551551551396,-0.11999999999999988,8.44
934,type5_Square_Pulse_Wave,1000,9.99,21.33366483801875,0.21965707600573792,21.236680908382493,22.035137475115818,0.798456566733325,78609.51832335594,534.7318910836186,455173.50465195684,390.62499999999994,1251.1314364364168,0.002850707784032038,0.016128891778429022,334.0564886146231,0.0,0.0,0.798456566733325,0.9999999999987476,0.0129779920403957,0.0,98451.84021075517,0.0,0.0,9.99
935,type0_Step_Response,1000,9.99,8.239981633874258,1.3725507850435419,-0.003416672531454,8.723371531959668,8.726788204491122,16979.668425986558,1066.4430117712527,69781.19298410875,390.62499999999994,293.66772465069084,0.004463696479019666,0.023158933870506715,248.11659496939677,2.61,2.6,0.027749108428233527,0.0031797618755030226,0.00325211753740304,0.9961682007018389,1945.695028698675,0.2602602602602342,-0.009999999999999787,7.390000000000001
936,type0_Step_Response,1000,9.99,1.2468284842426684e-06,2.0233496483206828e-07,5.065055026971727e-12,1.3299096655169262e-06,1.3299046004618993e-06,0.0033020946154586578,0.0001583719980184944,1.5955207071124642e-09,390.62499999999994,334.5718624515078,6.362896612512388e-10,3.4119054196899267e-09,3.880973884882534e-05,0.0,3.58,4.143253897240591e-09,0.0031154496197335862,0.0031447185465981633,3580000.0000000005,2482.9541392349824,0.35835835835832247,3.58,6.41
937,type4_HARD,1000,9.99,5.903733257020574e-06,2.489481467199459e-07,4.700204505890671e-06,5.999143834994007e-06,1.2989393291033357e-06,0.001359165726643324,0.00018851436058620746,3.4916041549806065e-08,390.62499999999994,356.6768812736125,6.599915116926872e-10,3.926612209192205e-09,7.204485868660453e-05,0.0,2.66,4.299873316254966e-09,0.0033102931827693636,0.0026511097563035294,2660000.0000000005,1046.3650224653215,0.2662662662662396,2.66,7.33
938,type1_HARD,1000,9.99,26.49543145578433,6.994752982927198,-0.2553707216672825,29.1435382243496,29.398908946016885,277362.78252788616,3502.2278009800552,750934.4573203349,390.62499999999994,434.7051757189237,0.008088174557535804,0.04350994557864496,666.0245295706533,2.67,1.67,0.06181796229867942,0.002102729812599142,0.001156320255665393,0.6254679305363555,9434.45836841014,0.1671671671671504,-1.0,8.32
939,type3_Sine_Wave,1000,9.99,3.177641211510312e-06,3.234845451364964e-08,3.127605689510535e-06,3.2213139374754472e-06,9.370824796491241e-08,0.0002510978526826741,9.002349277213531e-05,1.0098450091598146e-08,390.62499999999994,417.29578733425353,3.1048444718528226e-08,9.353954516704699e-08,9.393017810354246e-05,0.0,0.0,9.365077152256542e-08,0.9993759800274047,0.9597826357605981,0.0,2679.541860977187,0.0,0.0,9.99
940,type5_HARD,1000,9.99,4.144443609234506e-09,2.052273669134691e-10,3.6399670025298236e-09,4.752991435549148e-09,1.1130244330193247e-09,6.132273791528688e-05,2.833883433234769e-07,1.721853110225498e-14,390.62499999999994,1319.4555812495744,5.425479902322034e-13,2.9016604989793462e-12,6.462096271618626e-08,0.0,0.0,1.1130244330193247e-09,0.9991023536195792,0.002630824406829822,0.0,55046.13372714342,0.0,0.0,9.99
941,type0_HARD,1000,9.99,2.213891090299273e-06,4.5357895922228e-07,-3.6200001652138875e-08,2.5970695150509344e-06,2.633269516703073e-06,0.056390050096829236,0.00037772323320794954,5.1070476319556705e-09,390.62499999999994,685.6571986282286,2.676600613948268e-10,1.4497097439658786e-09,3.115128001474789e-05,0.0,3.04,1.6349597410348054e-09,0.0006208855985984379,0.0005901055722430146,3040000.0,21414.453904048994,0.30430430430427385,3.04,6.95
942,type3_Sine_Wave,1000,9.99,1.4982992971157307e-09,2.9468453907120357e-11,1.4606970696416241e-09,1.5464526630634099e-09,8.575559342178576e-11,1.2524144196902783e-07,4.562455543291762e-08,2.2457691735131687e-15,390.62499999999994,372.79543056327685,1.958929124000884e-11,6.689596905973437e-11,4.9143858355307294e-08,0.0,0.0,8.575559342178576e-11,0.9884733656867722,0.6429368322962689,0.0,1443.6123024383307,0.0,0.0,9.99
943,type0_HARD,1000,9.99,42.40871116051048,8.235803127816382,4.094947657674742,45.57717447614329,41.48222681846855,753360.9042844517,5271.05743560082,1866327.2354557565,390.62499999999994,477.00291349622273,0.012759206513213578,0.07032730520403163,1199.9685145745757,1.52,1.51,0.09725025664645415,0.002344383706111805,0.001549236463668962,0.9934203990655269,18161.052625772376,0.151151151151136,-0.010000000000000009,8.48
944,type0_HARD,1000,9.99,40.417882481131855,6.813672457003308,-3.177096945235179,42.09528650115665,45.27238344639183,69063.57463303515,5400.387681951027,1680031.356609911,390.62499999999994,271.7070017896382,0.008899273141894603,0.04737223989640427,1019.6294072114034,2.12,2.12,0.053141273769462316,0.0011738121504556319,0.0013060905404612374,0.9999995283021093,1525.5122300952753,0.21221221221219097,0.0,7.87
945,type0_HARD,1000,9.99,0.001161591383652174,0.00032687989837965834,-4.84553573552973e-07,0.0017227624230895,0.0017232469766630528,127.93016679608999,0.28470728173454,0.001456145010539668,390.62499999999994,1610.7830258573144,1.5587066379508198e-07,8.683699574000073e-07,0.017747799784217536,2.01,4.68,9.527480583999739e-07,0.0005528795760268933,0.00047684383191162283,2.3283570505686315,74237.85937496896,0.46846846846842155,2.67,5.3100000000000005
946,type4_overdamped_no_overshoot,1000,9.99,0.1815404158951962,0.0046399406352087245,0.1797046523562289,0.2061358989253865,0.0264312465691576,40.66879194980777,5.640321415082431,32.978451652499075,390.62499999999994,346.97351220855137,3.332513199162912e-05,0.0002186283563853919,3.9174397063985187,2.76,2.71,0.00023349571184438922,0.0088340786812537,0.007182232404347943,0.9818837022160499,1538.6634089262054,0.2712712712712441,-0.04999999999999982,7.28
947,type4_overdamped_decay_overshoot,1000,9.99,41.852683077634445,1.1960560495270531,41.09293331580359,48.61661702796483,7.523683712161237,11266.31473287034,1450.5831646102504,1753077.6308705183,390.62499999999994,336.4731095186456,0.011694731975105697,0.06364893769637092,918.0790169339673,5.98,5.65,0.07503541673271741,0.00997322848798397,0.009777745766780975,0.9448158955157365,1497.446618424169,0.565565565565509,-0.33000000000000007,4.34
948,type1_HARD,1000,9.99,5.265247303527689,1.3119729565247813,0.1548197990524276,5.758042871966212,5.603223072913784,61905.55520967544,690.4159349326948,29444.102205957977,390.62499999999994,443.17229092848237,0.0019882457450916247,0.010200151343707553,158.48005216696438,1.5,1.49,0.011912126885579077,0.0021259419320927403,0.0015154624454734743,0.9933326711115527,11048.204650091204,0.1491491491491342,-0.010000000000000009,8.5
949,type5_HARD,1000,9.99,41.26413016281997,2.381661001566763,40.16469959762796,47.57657714517244,7.411877547544485,737271.4222185699,5768.786328302596,1708400.7472205325,781.2499999999999,1845.0733102297515,2.929779273773422,7.022466025674369,6555.871693829307,0.0,0.0,7.411877547544485,0.9999999999998651,1.230141179556978,0.0,99471.61397218771,0.0,0.0,9.99
950,type0_HARD,1000,9.99,2.4316764691157843e-09,5.689903420030732e-10,2.9185477685191814e-11,3.04591015249607e-09,3.016724674810878e-09,0.0001410316801172122,3.9455470333586234e-07,6.236800459744183e-15,390.62499999999994,952.9781643946243,4.260784916313191e-13,2.5054694647344325e-12,4.8266812189000775e-08,0.0,3.3200000000000003,2.600960707037289e-12,0.0008618946349703994,0.0007475187915184392,3320000.0000000005,46734.44244082695,0.3323323323322991,3.3200000000000003,6.67
951,type1_Damped_Osc,1000,9.99,3.635194393722052e-09,4.2549384412989564e-11,3.4545298223372006e-09,3.821346601277022e-09,3.668167789398211e-10,2.0492122199900623e-06,1.967102644283868e-07,1.3216448730262162e-14,1171.8749999999998,1096.9650107961384,1.415868752659408e-12,6.7845678875868286e-12,1.0072682077750081e-07,0.0,2.65,9.269775000441963e-12,0.025202153711314516,0.032511797164165974,2650000.0,5571.285317370843,0.2652652652652387,2.65,7.34
952,type1_Damped_Osc,1000,9.99,2.465790687625471e-06,4.1550540836706754e-08,2.2236883520998005e-06,2.6118099679416177e-06,3.8812161584181723e-07,0.0027859823801888875,0.00015832221703623368,6.0818501626243185e-09,1171.8749999999998,1132.1699195342446,6.489131893126463e-10,3.578962285036304e-09,6.120231181247966e-05,0.0,1.9,3.794017186860626e-09,0.009775305617353952,0.015617066810176976,1900000.0,7178.098535037028,0.19019019019017114,1.9,8.09
953,type2_HARD,1000,9.99,8.888759598325959e-06,2.7484267794667485e-07,8.724805833227391e-06,9.717744091104632e-06,9.929382578772403e-07,0.0024859780152907836,0.0006183196707043668,7.908558569445277e-08,390.62499999999994,594.6824440556164,3.1226235522045667e-07,9.445103669775054e-07,0.000746201858789712,0.0,0.0,9.929382578772403e-07,0.9999989928890493,1.1361453083197417,0.0,2503.655682428594,0.0,0.0,9.99
954,type0_Step_Response,1000,9.99,4.039396349408718e-06,7.389599833062102e-07,1.987281713817586e-10,4.322517607893016e-06,4.3223188797216345e-06,0.0068700864225961665,0.0005003217464302848,1.6862784724544397e-08,390.62499999999994,328.4900569886567,2.0955129643347514e-09,9.17996158942852e-09,8.078039472119683e-05,0.0,2.67,1.081096588491039e-08,0.002501195234445868,0.0028357558946605628,2670000.0,1589.4442368385314,0.2672672672672405,2.67,7.32
955,type0_HARD,1000,9.99,0.051635455981212094,0.00513437208926376,0.0021607179710157,0.0649912009847472,0.0628304830137315,312.14933587653013,9.113432665302268,2.692582091138703,0.0,529.2138656176572,1.2472290656494477e-05,7.549968097120274e-05,1.1315109980483742,1.68,1.9,8.065665037439856e-05,0.001283718451686699,0.0024291754546082686,1.1309517077668407,4968.119309274485,0.19019019019017114,0.21999999999999997,8.09
956,type0_Step_Response,1000,9.99,8.059022845411202e-09,1.3329216789602938e-09,-1.8089532682665737e-12,8.562271956099435e-09,8.564080909367702e-09,1.5484631895015896e-05,9.60029977125228e-07,6.672452942510197e-14,390.62499999999994,296.34235878661866,3.4244066670091324e-12,1.9618158737850653e-11,1.6508118343765824e-07,0.0,4.16,2.1622493901727302e-11,0.002524493829133429,0.0025671722118484775,4160000.0000000005,1807.8792318330843,0.4164164164163747,4.16,5.83
957,type0_Step_Response,1000,9.99,3.6487371856391754e-09,7.382899302462467e-10,-2.683732023392294e-13,3.921959377468151e-09,3.92222775067049e-09,4.469160810537528e-06,4.443171551736851e-07,1.3858355070969097e-14,390.62499999999994,341.16558662172486,1.3643979065850567e-12,6.386388146769938e-12,7.506958176541208e-08,0.0,2.62,7.687607450171409e-12,0.0019595108769450294,0.0018455518610007249,2620000.0,1139.154057465498,0.26226226226223603,2.62,7.37
958,type4_HARD,1000,9.99,42.75093976261704,1.7360166976688702,33.01042615792783,43.38350336223563,10.373077204307798,16991.7129999277,1467.93829946631,1830656.604561496,390.62499999999994,321.05448427464614,0.004980319536041768,0.03313176105537252,597.9186101272307,2.54,2.53,0.03478710196539225,0.00335359520422178,0.002868820065340668,0.9960625999753542,1638.0590508735088,0.2532532532532279,-0.010000000000000231,7.460000000000001
959,type3_Sine_Wave,1000,9.99,0.6283386139635504,0.012748979151480093,0.6082586438545498,0.6443947838352275,0.03613613998067777,52.34060837162601,17.751466173985772,394.9719502670405,390.62499999999994,365.62224347905703,0.01271243158811921,0.03575334024625232,16.70412996660705,0.0,0.0,0.03613613998067777,0.9999999999723269,0.9971332948368832,0.0,1448.4283157571463,0.0,0.0,9.99
960,type5_HARD,1000,9.99,23.547503077687107,0.7068181253957537,23.251195374264213,25.478019976792652,2.2268246025284384,220908.9498114519,1193.536144031397,554984.4930560717,390.62499999999994,1332.157784154105,0.003400261750414344,0.02007684685854727,365.4245852722589,0.0,0.0,2.2268246025284384,0.9999999999995509,0.004810660095205817,0.0,99203.56976500196,0.0,0.0,9.99
961,type0_HARD,1000,9.99,4.337632796029761e-09,1.0235619909227052e-09,2.727513691639953e-10,5.279730061837338e-09,5.006978692673343e-09,0.00027195332999728104,6.317969989884515e-07,1.986273742245461e-14,390.62499999999994,1069.9838319574174,6.682159376912759e-13,3.5992905688754845e-12,7.99942149927655e-08,0.0,2.86,4.2503483847916825e-12,0.0008487153491706999,0.0006521966885473572,2860000.0,54304.01099652198,0.28628628628625763,2.86,7.130000000000001
962,type0_Step_Response,1000,9.99,27.340108302954153,6.724705300614033,-0.0147091456297614,30.914378715549752,30.929087861179514,70455.30126617603,4169.21315566809,792703.183397369,390.62499999999994,475.3817716289867,0.017328922685976213,0.08659059009411507,829.1655895510215,3.81,3.8,0.10380986665017033,0.0033563830629633087,0.002576904401207192,0.9973750663057568,2277.962466348882,0.3803803803803423,-0.010000000000000231,6.19
963,type5_Square_Pulse_Wave,1000,9.99,1.0352852409659779e-06,2.5272347458720527e-08,1.0234029838493023e-06,1.102499934410435e-06,7.909695056113261e-08,0.007782191681312262,4.7640458948820386e-05,1.072454221708057e-09,390.62499999999994,1379.879659540238,1.1920565471800947e-08,7.895664051166894e-08,5.236651060289963e-05,0.0,0.0,7.909695056113261e-08,0.9999873574474065,0.47166547649736734,0.0,98386.76762298186,0.0,0.0,9.99
964,type1_Damped_Osc,1000,9.99,39.62514318908265,1.2000119057564897,34.067836065171306,43.43467412732036,9.366838062149057,36260.54986621909,3470.7607447518244,1571592.0013292604,781.2499999999999,885.9326295368387,0.009476092539811055,0.0487992904581418,653.4253321958795,3.53,3.53,0.05312233167054359,0.005671319533664483,0.007896665436689489,0.9999997167139613,3871.1622455332454,0.35335335335331797,0.0,6.460000000000001
965,type4_overdamped_decay_overshoot,1000,9.99,1.787921309876859e-09,2.3906353078018996e-11,1.7244567691321551e-09,1.962076727601462e-09,2.376199584693069e-10,1.0252588648006581e-06,6.575811192901367e-08,3.1972341240292752e-15,390.62499999999994,332.12999463155006,3.931114734330744e-13,2.343620446134911e-12,4.4674721000810215e-08,0.0,2.93,2.343620446134911e-12,0.009821560866780408,0.01578358229330706,2930000.0000000005,4296.618235027204,0.2932932932932639,2.93,7.0600000000000005
966,type1_HARD,1000,9.99,1.818471095730145,0.3287294134568659,0.0743493198099334,1.923052188261268,1.8487028684513345,2105.6903128413574,230.20684893025344,3414.90015327769,390.62499999999994,329.98164843262026,0.0005671638036258581,0.0031943638565088417,54.72811461065199,2.49,1.47,0.004456440981290832,0.0024105771983907827,0.0017253211316259444,0.5903612086902775,1139.0095989866468,0.14714714714713242,-1.0200000000000002,8.52
967,type4_overdamped_no_overshoot,1000,9.99,9.051276216288204e-09,2.6724243205349057e-10,8.973301822661376e-09,1.0974574193320082e-08,2.001272370658706e-09,4.957049440127354e-06,2.953677439391575e-07,8.199701966103436e-14,390.62499999999994,264.9038962833829,2.314015632216688e-12,1.3737217913206555e-11,1.1232002129720478e-07,0.0,1.49,1.3737217913206555e-11,0.006860813800615596,0.008626583104328726,1490000.0,2475.711852577074,0.1491491491491342,1.49,8.5
968,type2_HARD,1000,9.99,0.011701207717327555,0.0002841187485341782,0.0115791072553376,0.0128779562946728,0.0012988490393351995,6.806761426039927,0.9524124410411807,0.13699898550731462,390.62499999999994,822.2739759438193,0.00034989804137428786,0.0012961389030899002,0.806079702668762,0.0,0.0,0.0012988490393351995,0.9999999992300876,1.2315204186557802,0.0,5240.610120698304,0.0,0.0,9.99
969,type2_Triangle_Wave,1000,9.99,16.74462976989837,0.39993280585741414,16.600317482348693,19.10168638216297,2.5013688998142776,36284.696586293205,3920.1323162673357,280542.5723801678,1171.8749999999998,3330.2386165318408,0.30636363048975357,1.4476299540369162,3349.5719684958626,0.0,0.0,2.5013688998142776,0.9999999999996002,0.7660377593485385,0.0,14505.935765401407,0.0,0.0,9.99
970,type1_Damped_Osc,1000,9.99,1.5968003157182853e-06,5.600658504791196e-08,1.3570854875595757e-06,1.786066744032783e-06,4.2898125647320726e-07,0.0022194461149959875,0.00014385572583384455,2.552907985846744e-09,781.2499999999999,695.6128829474692,3.767878502668002e-10,2.010460666216166e-09,3.413086470921446e-05,0.0,3.63,2.6183119836185127e-09,0.006103543780911702,0.006727443255131876,3630000.0,5173.748054855985,0.363363363363327,3.63,6.36
971,type2_HARD,1000,9.99,2.9912061477344793,0.08480456509220069,2.9509163159454874,3.382915095018436,0.4319987790729485,1939.9659435820558,292.11507727703747,8954.50603250502,390.62499999999994,718.9639226097831,0.061025761572652625,0.29816017422208363,290.26826252382943,0.0,0.0,0.4319987790729485,0.9999999999976852,0.7196046758282997,0.0,4490.674598064032,0.0,0.0,9.99
972,type4_overdamped_no_overshoot,1000,9.99,23.54068297237011,1.6115371366327904,22.739541330415577,30.35744159592603,7.617900265510453,6898.32665539427,963.2092173227375,556760.8067483825,390.62499999999994,376.40785690202847,0.004767382748236604,0.024184340836320928,319.9578969343857,4.75,4.75,0.02897194057017316,0.003803139915251704,0.002958282896412058,0.9999997894737285,905.5417391883021,0.47547547547542784,0.0,5.24
973,type4_overdamped_no_overshoot,1000,9.99,1.5415964632929968e-09,6.205628970691532e-11,1.513807730905252e-09,1.8322815980769446e-09,3.184738671716926e-10,3.5865543216414245e-07,5.197992270545831e-08,2.3803706387296637e-15,390.62499999999994,364.755087249765,5.934949093704152e-13,2.939934045514029e-12,2.7408998756303225e-08,0.0,3.3200000000000003,2.939934045514029e-12,0.009202424196824967,0.009412144484380077,3320000.0000000005,1122.644037646412,0.3323323323322991,3.3200000000000003,6.67
974,type4_overdamped_decay_overshoot,1000,9.99,12.997761023969717,0.19587637896696283,12.793998551617843,14.685580576756909,1.8915820251390656,8291.148812351601,464.156513925993,168980.15919206355,0.0,274.6340880133966,0.0036426421253628245,0.019545699190191,282.8383975844016,2.15,1.66,0.022613447213293725,0.011954780132582022,0.01859663806608661,0.7720926641429469,4383.1822792552,0.16616616616614951,-0.49,8.33
975,type1_HARD,1000,9.99,39.10810129580835,5.820223025485698,3.4639200581964915,57.828973450329045,54.36505339213255,149241.55797947058,9469.3603034367,1563318.5830296008,781.2499999999999,755.5608477686004,0.006263256632563042,0.03236198116984923,723.9741432917418,2.96,2.92,0.03675361284567202,0.0006760521797076015,0.0010761196959525956,0.9864861532141374,2745.1744947806,0.292292292292263,-0.040000000000000036,7.07
976,type4_overdamped_decay_overshoot,1000,9.99,31.70636967102727,0.24356475631509067,30.91375763478057,34.24845088052638,3.3346932457458074,23552.942672467478,1054.2423622620033,1005353.2015063566,390.62499999999994,628.9767170903375,0.007266687182242691,0.04321509205048102,680.1964331659757,1.4,1.36,0.049079426215293154,0.014717823379374067,0.029834723595281634,0.9714278775515163,7063.001282803983,0.13613613613612252,-0.039999999999999813,8.63
977,type2_HARD,1000,9.99,2.819528745885188e-06,9.032028391849333e-08,2.7744332233676584e-06,3.1518200186890702e-06,3.773867953214118e-07,0.0009188778696414824,0.000218018766402864,7.957900102560017e-09,390.62499999999994,564.2928445652248,4.70719580720461e-08,1.8573118507722835e-07,0.0001834997497715387,0.0,0.0,3.773867953214118e-07,0.9999973502057767,0.5211613036250041,0.0,2434.8372709268383,0.0,0.0,9.99
978,type5_Square_Pulse_Wave,1000,9.99,2.61206052016401e-09,1.7237490297840122e-10,2.537530003504792e-09,3.078103853199604e-09,5.40573849694812e-10,5.3748968433464946e-05,3.0954059041684215e-07,6.852573268176292e-15,390.62499999999994,1338.0620551584398,2.1107577119862796e-10,5.301368016283073e-10,4.791846478581412e-07,0.0,0.0,5.40573849694812e-10,0.9981535297530272,1.2174528583581874,0.0,99245.87101787428,0.0,0.0,9.99
979,type1_Damped_Osc,1000,9.99,0.017273237510116696,0.00043682232599737115,0.0155228474323378,0.0183114532471232,0.0027886058147853984,7.387405059810017,1.163965934006242,0.2985555478253923,781.2499999999999,600.0210973430956,4.621898718274e-06,2.178535502270207e-05,0.43734853760383113,4.14,5.68,2.4899697417601202e-05,0.008929084661823497,0.010580729126288033,1.3719803449322838,2649.1392286397377,0.5685685685685116,1.54,4.3100000000000005
980,type2_Triangle_Wave,1000,9.99,6.178937723419533e-06,7.470780848945718e-08,6.1431799377880425e-06,6.450407198099166e-06,3.0722726031112324e-07,0.0026206002507679596,0.000563558410671984,3.818485264654626e-08,781.2499999999999,1826.9908178316668,7.462497122168607e-08,3.0126577654425713e-07,0.0005520814648901013,0.0,0.0,3.0722726031112324e-07,0.9999967450910963,0.9988778128112838,0.0,8529.815089647469,0.0,0.0,9.99
981,type4_overdamped_no_overshoot,1000,9.99,33.25487303976136,0.7033714180783811,32.92373805793473,36.44717307527939,3.52343501734466,5280.288104266617,740.1266695933085,1106381.312242416,390.62499999999994,378.008038538896,0.00935598269038244,0.04532893886320721,514.5928635037129,3.25,3.31,0.049885469873522936,0.014158192113077082,0.013301624788692425,1.0184612250888538,1498.6194092617216,0.33133133133129816,0.06000000000000005,6.68
982,type4_overdamped_no_overshoot,1000,9.99,0.06389064201509577,0.003955693080422146,0.0623744090686039,0.0843065301517526,0.021932121083148702,28.84696395226982,3.499671743030038,4.097661644847621,390.62499999999994,345.59163418479955,1.6605338499221326e-05,8.101489557429953e-05,1.6387434416798525,2.49,2.59,0.0001189255558311994,0.005422437500454623,0.004197832884762483,1.0401602248352508,1315.283817811802,0.25925925925923327,0.09999999999999964,7.4
983,type4_HARD,1000,9.99,3.6701189738678344e-09,3.36298100589881e-11,3.654718783724508e-09,3.8371772270054495e-09,1.8245844328094147e-10,4.966712546304972e-07,1.0459933542822945e-07,1.3470904246469285e-14,390.62499999999994,485.59978803440987,9.154006515963036e-13,5.757917806282302e-12,8.243446294532465e-08,0.0,1.74,6.508181828462861e-12,0.03547496485891615,0.02643389178390001,1740000.0,2707.26844591128,0.17417417417415673,1.74,8.25
984,type0_Step_Response,1000,9.99,14.661060549613417,2.2256556322384875,-0.0005963034895051,15.54232127655336,15.542917580042865,46473.19111333258,1788.3470037373415,219900.2394327458,390.62499999999994,434.84046753948115,0.0052255893846546286,0.03253036782238716,225.91384060703157,4.22,4.19,0.03253036782238716,0.002092938320933653,0.002347887655646244,0.992890759978493,2989.9914783696245,0.41941941941937744,-0.02999999999999936,5.8
985,type2_Triangle_Wave,1000,9.99,0.001679572746522984,3.909314732900443e-05,0.0016622862827675,0.0018249650968925,0.00016267881412500014,1.0580132797899897,0.21263147074352326,0.002822492885030848,781.2499999999999,1381.3279652958956,3.287514809780002e-05,0.00016028762747029995,0.15336953916482257,0.0,0.0,0.00016267881412500014,0.9999999938529182,0.8409439889856329,0.0,6503.694282362624,0.0,0.0,9.99
986,type2_Triangle_Wave,1000,9.99,9.813521807309454e-06,1.1519429250445822e-07,9.76459621201802e-06,1.0414377557216035e-05,6.497813451980148e-07,0.007853900007020144,0.0011354687209457512,9.63184799875638e-08,1171.8749999999998,2837.789223329652,1.2683947185899118e-07,5.992367739984964e-07,0.0012907620841915925,0.0,0.0,6.497813451980148e-07,0.9999984610231296,1.101082076371153,0.0,12086.970452585541,0.0,0.0,9.99
987,type1_Damped_Osc,1000,9.99,1.2200587299331381e-09,1.7079744787953047e-11,1.1146759223427731e-09,1.2739755378972864e-09,1.5929961555451324e-10,1.3821120986724609e-06,6.743693974023441e-08,1.488835022168084e-15,1171.8749999999998,1104.068400988993,3.716837121222829e-13,1.8188287972852408e-12,3.263879998406226e-08,0.0,2.03,1.8680103436543995e-12,0.011653242817785446,0.02055801763141836,2030000.0,8622.054980552619,0.20320320320318283,2.03,7.960000000000001
988,type1_Damped_Osc,1000,9.99,1.3181757521934226e-06,1.0939267567491754e-08,1.2639079699553529e-06,1.3604174675131796e-06,9.650949755782677e-08,0.0004953873555716315,4.987529658169278e-05,1.737706981245609e-09,1171.8749999999998,1159.2674390148054,3.119410253081633e-10,1.6955014100420924e-09,2.1534450871348585e-05,0.0,2.54,1.773389513297579e-09,0.018375094504460582,0.028513107507084603,2540000.0,5132.989344240064,0.2542542542542288,2.54,7.45
989,type0_Step_Response,1000,9.99,1.0472886622418049e-09,2.583683110779348e-10,-8.811345104539791e-11,1.162013162074974e-09,1.2501266131203719e-09,1.2034740585711991e-06,1.489318413106583e-07,1.1635677262294939e-15,390.62499999999994,357.3387985645389,5.372865324618707e-13,3.259220882097223e-12,3.180363164204254e-08,0.0,3.14,4.1593184775449084e-12,0.003324458479203285,0.0020715195708716602,3140000.0000000005,961.9122844567066,0.31431431431428286,3.14,6.85
990,type5_HARD,1000,9.99,1.737360127873768e-09,1.0572216499067992e-10,1.423098358017444e-09,2.1262367444170153e-09,7.031383863995712e-10,3.85706165673342e-05,1.7766426893802857e-07,3.0295973900958717e-15,390.62499999999994,1797.0141482987838,3.3401111517153723e-11,7.240401106170116e-11,7.929180075224166e-08,0.0,0.0,7.031383863995712e-10,0.9985798246206783,0.31297258184436805,0.0,54777.04001418674,0.0,0.0,9.99
991,type2_HARD,1000,9.99,0.0022340214730791385,4.4860938940917144e-05,0.0022135882461819,0.0024382564572667,0.00022466821108480016,1.2628855798199872,0.19830317621122154,0.0049928644460213445,781.2499999999999,1018.1272690998776,4.9977478603493296e-05,0.0002132067403839001,0.2501638691508882,0.0,0.0,0.00022466821108480016,0.9999999955489921,1.1140533093892981,0.0,5621.113766389505,0.0,0.0,9.99
992,type0_HARD,1000,9.99,1.514469772568291e-06,3.024139045208275e-07,7.557583853803699e-08,2.221695592429303e-06,2.146119753891266e-06,0.06464461509951533,0.0003488026891148509,2.3850728616705837e-09,390.62499999999994,723.0161209030205,3.943951098181512e-10,2.2041257399584416e-09,4.81767502721098e-05,0.0,3.43,2.447876862141259e-09,0.0011406053726021055,0.0013041523546700358,3430000.0000000005,30121.61127574212,0.34334334334330896,3.43,6.5600000000000005
993,type0_HARD,1000,9.99,1.0348396661573863e-06,1.9609550082700207e-07,2.1791423143898065e-08,1.1232085918111364e-06,1.1014171686672383e-06,0.00799425745810317,0.00016220532169077686,1.1093465800973238e-09,390.62499999999994,408.3782417081221,3.0877568923966817e-10,1.543496093102396e-09,2.7896380462696696e-05,0.0,2.59,1.7701430425970069e-09,0.00160714894029663,0.0015746109080858745,2590000.0,7258.1492529549905,0.25925925925923327,2.59,7.4
994,type4_overdamped_decay_overshoot,1000,9.99,9.074312629707292e-06,3.148570990492101e-07,8.27832249587259e-06,1.0479000595796191e-05,2.2006780999236016e-06,0.007303036169959192,0.000431110713037529,8.244228469448691e-08,390.62499999999994,293.80580724738377,2.9685960738779025e-09,1.5784594452881136e-08,0.00017417338556815145,0.0,3.59,1.5784594452881136e-08,0.007172601608943854,0.009428361801212337,3590000.0,3318.5375233548243,0.35935935935932334,3.59,6.4
995,type5_HARD,1000,9.99,1.0228807557715366e-09,4.050053432287615e-11,1.0063661135673152e-09,1.159850849854357e-09,1.5348473628704182e-10,1.5295742851279684e-05,8.853925346850257e-08,1.0479253338081887e-15,390.62499999999994,1736.2598470772143,2.6754240776365117e-11,6.634530610413304e-11,6.555827353092955e-08,0.0,0.0,1.5348473628704182e-10,0.9935268685823955,0.644672200319539,0.0,99011.35360621833,0.0,0.0,9.99
996,type4_overdamped_no_overshoot,1000,9.99,0.38333151208050176,0.016967649925575888,0.3787177404892999,0.5037159529163768,0.12499821242707693,284.5542362045816,17.51831723436389,147.23094929792074,390.62499999999994,264.79272876748877,8.674018914616119e-05,0.00042345192289078293,5.926887232352289,1.36,1.39,0.0004662867866457865,0.003730347639283918,0.005112092100055813,1.0220580720161234,2276.466444416652,0.1391391391391252,0.029999999999999805,8.6
997,type1_HARD,1000,9.99,12.838982802935444,2.367112490754692,-1.3952619933162669,17.342506568904312,18.73776856222058,39206.156458736084,2887.0134439456015,170442.70095795894,390.62499999999994,474.30215566117647,0.0025507171418523763,0.016403053499180587,289.7520669592724,3.3200000000000003,3.3000000000000003,0.016403053499180587,0.0008754005817027668,0.0010775648186614356,0.9939756042242156,2092.3599482268205,0.3303303303302973,-0.020000000000000018,6.6899999999999995
998,type0_Step_Response,1000,9.99,9.888967473436226,2.9356998869972237,-0.000342931832786,11.385516218303842,11.385859150136628,6336.79373857765,1272.2455035775981,106410.01151719518,390.62499999999994,403.74820788764686,0.004682689229956999,0.026668076554683395,248.50831459371594,5.62,5.54,0.027515093840353444,0.002416602337823655,0.00159508444670926,0.9857649491521442,556.5494579740215,0.554554554554499,-0.08000000000000007,4.45
999,type1_Damped_Osc,1000,9.99,7.1677296697812525e-09,1.4012804414862943e-10,6.2773135556499865e-09,7.836899963620223e-09,1.5595864079702368e-09,1.7264156505498244e-05,5.799804331584797e-07,5.1395984487819376e-14,1562.4999999999998,1537.750161779677,1.394447142036377e-12,8.093691197344989e-12,1.5208758264210494e-07,0.0,1.67,1.0026989271075465e-11,0.006425141997819257,0.009880723214500236,1670000.0,11062.608528003726,0.1671671671671504,1.67,8.32
1000,type1_HARD,1000,9.99,0.1615511216030731,0.04911365943701648,-0.0140819710296719,0.1813872430977299,0.1954692141274018,6277.78415776857,23.00751182668564,28.510916434506164,390.62499999999994,738.7440184293179,5.1003161711513666e-05,0.0002520428142404052,4.079126613491025,2.73,2.71,0.00028639162678792407,0.0014651495278422526,0.0010384720319177563,0.9926736290572786,32116.485379865266,0.2712712712712441,-0.020000000000000018,7.28
1001,type2_HARD,1000,9.99,4.068610144293993e-09,1.4802618615987317e-10,3.996954888934283e-09,4.7190058540624305e-09,7.220509651281477e-10,3.2662382782636016e-06,4.965316112401846e-07,1.657550025804102e-14,781.2499999999999,883.5615558725423,1.9418574190974947e-10,6.977701203561243e-10,6.320015101051581e-07,0.0,0.0,7.220509651281477e-10,0.9986169716268579,1.3030310102778164,0.0,4517.30021228133,0.0,0.0,9.99
1002,type0_Step_Response,1000,9.99,1.243581543065513e-09,2.395004958746063e-10,-3.350259282647195e-13,1.3233260386873303e-09,1.323661064615595e-09,1.9246856535403875e-06,1.6236528246173976e-07,1.6038555417773849e-15,390.62499999999994,313.4185752857698,4.634007146384604e-13,2.303707688761277e-12,3.651924130317439e-08,0.0,1.76,3.756326573216112e-12,0.0028356888215070814,0.0019268181254814179,1760000.0,1452.9646148382221,0.17617617617615855,1.76,8.23
1003,type4_HARD,1000,9.99,2.8552729654872926e-06,7.821650122575732e-08,2.4697085438484424e-06,2.8859948320696785e-06,4.1628628822123607e-07,0.000534461802196996,8.330826284490175e-05,8.158701528506599e-09,390.62499999999994,359.2864029092413,7.891394091209368e-10,4.2466229701286756e-09,5.268831972256545e-05,0.0,2.2,4.866746060698399e-09,0.011690835147750092,0.010089038856448029,2200000.0000000005,1283.8773061764884,0.2202202202201982,2.2,7.79
1004,type0_Step_Response,1000,9.99,17.556844011661433,2.6583496667190363,0.4427882979653054,19.29018144184225,18.847393143876946,47398.16988235333,3174.9908353965866,315309.59460035723,390.62499999999994,353.3242828607364,0.01205347672802349,0.0675635121907483,489.4546419908255,3.78,3.73,0.0675635121907483,0.003584766958219601,0.0045341953614760865,0.9867722257216334,2514.8395600666568,0.373373373373336,-0.04999999999999982,6.26
1005,type1_HARD,1000,9.99,1.1444087936138346e-09,1.488950702878683e-10,9.733634108335269e-11,1.4746977147570936e-09,1.377361373673741e-09,4.028506822670347e-06,2.055405116068432e-07,1.3318412288567017e-15,0.0,467.86610883624735,4.708868799279674e-13,2.774894077144132e-12,3.615845535876553e-08,0.0,3.0700000000000003,2.774894077144132e-12,0.0020131832842560137,0.003141443404533888,3070000.0000000005,2922.678261023221,0.30730730730727657,3.0700000000000003,6.92
1006,type0_HARD,1000,9.99,2.551986429133881e-09,3.23421689814137e-10,9.246023852037784e-12,3.462944345615625e-09,3.4536983217635873e-09,1.2257252891807941e-05,5.639507251236748e-07,6.6172363239257285e-15,1171.8749999999998,860.3350879340228,5.426963841471414e-13,3.4873725988948037e-12,6.391828754733768e-08,0.0,2.51,3.6290274617333604e-12,0.001050461465440137,0.0016728116558977766,2510000.0,3547.995150427706,0.25125125125122605,2.51,7.48
1007,type4_overdamped_decay_overshoot,1000,9.99,17.25082733684075,0.37928502324322594,16.63856589191029,20.33488889038247,3.69632299847218,12907.599716824336,608.8107415180662,297734.9009343487,390.62499999999994,252.78085074204358,0.0029948115868844456,0.015507178907046892,235.26466749588474,3.47,3.14,0.01632370396006877,0.004416200631495546,0.007895939473877017,0.9048988746689122,3492.010769122722,0.31431431431428286,-0.33000000000000007,6.85
1008,type4_overdamped_no_overshoot,1000,9.99,48.99768026020033,2.2240545922106936,48.04538024793222,59.51949377482013,11.474113526887905,12730.119519368087,1995.780624357921,2405719.089709958,390.62499999999994,364.7177756317122,0.013418322394452986,0.08229230408178978,1032.2327174363795,3.25,3.0700000000000003,0.08229230408178978,0.007171996676600997,0.006033270245002952,0.9446150939645865,1109.4643163095611,0.30730730730727657,-0.17999999999999972,6.92
1009,type5_Square_Pulse_Wave,1000,9.99,4.872333896418075e-06,9.519221169848049e-08,4.8345204892746175e-06,5.180123004713625e-06,3.456025154390075e-07,0.034373946275312324,0.00020303213822460263,2.3748699155352595e-08,390.62499999999994,1452.7016355340177,8.481446965846523e-10,4.830873934506054e-09,9.809799864989411e-05,0.0,0.0,3.456025154390075e-07,0.9999971065109141,0.008909718260910308,0.0,99460.63838976974,0.0,0.0,9.99
1010,type0_Step_Response,1000,9.99,0.025088034505012114,0.005194014711110038,-0.0015386534488185,0.0271024982135502,0.0286411516623687,41.799440190719984,3.1693365008833885,0.6563872641439059,390.62499999999994,339.0152436781313,1.3035637084705594e-05,6.146669060549947e-05,0.48316430456638426,3.19,3.3000000000000003,7.49371954090021e-05,0.002616416975468373,0.002509742041028979,1.0344824343315253,1459.4189745582194,0.3303303303302973,0.11000000000000032,6.6899999999999995
1011,type1_HARD,1000,9.99,18.65916795871408,2.379637975876847,-1.6496463048663192,25.01793134772935,26.667577652595668,109177.11316344095,4519.651333056943,353827.2258077375,1171.8749999999998,997.0064686880015,0.004042190525471235,0.02478671503011398,456.23211906827197,3.15,3.08,0.024938598267883805,0.0009351654879480774,0.0016986577649400949,0.9777774673722326,4094.0018844497563,0.30830830830827743,-0.06999999999999984,6.91
1012,type5_HARD,1000,9.99,1.2722942331080232e-09,4.952974746880292e-11,1.125285202282914e-09,1.4409179883761944e-09,3.1563278609328045e-10,1.7912798054986797e-05,1.2664200176168655e-07,1.6211858114842564e-15,390.62499999999994,2070.1534523676614,7.092754017988833e-11,1.8006114378276044e-10,1.7316520380155863e-07,0.0,0.0,3.1563278609328045e-10,0.9968417673597914,1.403678896746496,0.0,56572.78349472522,0.0,0.0,9.99
1013,type0_HARD,1000,9.99,1.5307945519346285e-09,3.16988159741484e-10,3.301361178919034e-11,1.6988154184060124e-09,1.6658018066168222e-09,4.363812685739741e-05,2.1176330997918147e-07,2.4438134536490322e-15,390.62499999999994,615.6481125928839,3.7090304434459913e-13,2.1364881070681328e-12,3.406134187893064e-08,0.0,1.98,2.3151331228337358e-12,0.0013889672507212234,0.0011664052040369476,1980000.0,26180.75327502287,0.19819819819817835,1.98,8.01
1014,type4_HARD,1000,9.99,7.458034661640289e-09,9.715329606367805e-11,7.089025359084576e-09,7.52014623189648e-09,4.3112087281190454e-10,7.034081565594098e-07,1.7079823833624686e-07,5.563171977716402e-14,390.62499999999994,516.0475394365379,2.405295345677151e-12,1.0745211724081541e-11,1.5381354392720315e-07,0.0,3.47,1.7521689167188395e-11,0.04054812037467885,0.024505497442660392,3470000.0000000005,1627.8041650295204,0.3473473473473126,3.47,6.52
1015,type0_Step_Response,1000,9.99,9.699956336483177e-07,2.442144870023983e-07,-3.1608452584683107e-10,1.0912364772513243e-06,1.0915525617771712e-06,0.0010146235054554024,0.00014465780423497917,1.0005322449586462e-09,390.62499999999994,389.5613606200739,4.1638626683083794e-10,2.4449588229706466e-09,2.9077424668062342e-05,0.0,6.1000000000000005,2.4449588229706466e-09,0.002239889006445071,0.0017049953380997042,6100000.000000001,929.5224173914855,0.6106106106105496,6.1000000000000005,3.8899999999999997
1016,type0_HARD,1000,9.99,3.849093662558637e-09,7.8030389075904e-10,-1.0292397710927394e-10,5.565597467259596e-09,5.668521444368869e-09,8.863683835780473e-06,8.837133322466074e-07,1.5424396185082756e-14,390.62499999999994,367.7284434629412,4.2883279334451444e-13,2.521093386771701e-12,4.653258699294289e-08,0.0,3.74,2.588663938572836e-12,0.00045659302358649174,0.0005488681144642728,3740000.0000000005,1563.3918881432464,0.3743743743743369,3.74,6.25
1017,type2_Triangle_Wave,1000,9.99,23.45965641923223,0.7324596116134824,23.124239547009747,26.025365132065154,2.901125585055407,27040.142494660555,5887.611697820932,550891.976391069,1171.8749999999998,2217.1280623905395,0.7864994818101629,2.899841730206461,7130.809397934782,0.0,0.0,2.901125585055407,0.9999999999996553,1.0737786348063154,0.0,9320.569448611031,0.0,0.0,9.99
1018,type0_HARD,1000,9.99,1.3686569385514316e-06,2.8660007321119193e-07,5.5685096042154086e-08,1.4609482018396188e-06,1.4052631057974646e-06,0.034046584398895866,0.00016890727742031465,1.9553614174096383e-09,390.62499999999994,555.7370410456847,3.661732846116556e-10,2.1177136362978574e-09,3.1480810772652984e-05,0.0,1.33,2.72143013263902e-09,0.0019365969154208577,0.0012776410098849426,1330000.0000000002,24227.890158465965,0.1331331331331198,1.33,8.66
1019,type3_Sine_Wave,1000,9.99,13.714768029673007,0.0731517749210345,13.619959119434691,13.83595725776787,0.2159981383331786,750.19843517925,174.52330529761136,188100.21328991486,390.62499999999994,388.55190829321253,0.0557968377180772,0.18793966384191307,178.125063397326,0.0,0.0,0.2159981383331786,0.9999999999953703,0.7627543935543015,0.0,3473.1708382532015,0.0,0.0,9.99
1020,type5_HARD,1000,9.99,9.139298480831265,0.284859028280151,9.026423382856365,9.971146598987804,0.9447232161314396,93878.62863012603,418.4368626452929,83607.92138771738,390.62499999999994,1158.8053311288993,0.0013273264220792118,0.006429012874392015,143.21713861431238,0.0,0.0,0.9447232161314396,0.9999999999989415,0.0046595905002145945,0.0,99371.56939410421,0.0,0.0,9.99
1021,type0_Step_Response,1000,9.99,0.10909559107982554,0.03386839312536492,-6.7901937232554745e-06,0.1278792321611434,0.12788602235486668,59.20901991767063,14.031080293537581,13.048916045950776,390.62499999999994,404.1455861205253,4.483155634880024e-05,0.00027179227209062073,2.252522491908309,4.88,4.53,0.00027757731527522367,0.0021705055029611685,0.0013236989479108478,0.9282784983035864,462.9827312394665,0.4534534534534081,-0.34999999999999964,5.46
1022,type3_Sine_Wave,1000,9.99,2.7082592205723876e-09,2.0862677662157192e-11,2.6777935318065864e-09,2.7372245245429116e-09,5.943099273632519e-11,1.6397087484101345e-07,4.2481354976443675e-08,7.33510325713459e-15,390.62499999999994,365.65867761682426,2.2700500851804268e-11,5.884522065978972e-11,4.182895791183141e-08,0.0,0.0,5.899072268247964e-11,0.9761666987644936,1.0383220757582357,0.0,2713.3572926140305,0.0,0.0,9.99
1023,type1_HARD,1000,9.99,0.015348124188807198,0.003033539666830816,0.00073215437269,0.0163469739813318,0.015614819608641802,15.300107164869981,1.7359156612308524,0.24476727902528467,390.62499999999994,350.62779198360505,3.213567914431197e-06,1.8271567092397606e-05,0.19981598982261742,1.42,1.75,2.3214111552299216e-05,0.0014866717728820268,0.0010593459345560868,1.232393498314438,979.8452718225773,0.17517517517515763,0.33000000000000007,8.24
1024,type1_HARD,1000,9.99,46.35448458444078,9.952791064003861,2.5250905438650237,51.62033606957003,49.095245525705,81343.18346266268,6114.226991085895,2247796.2910528732,390.62499999999994,399.11684593914504,0.013349949530509577,0.06709368839994312,913.498133295059,3.91,3.91,0.07257498856801448,0.0014782488159676196,0.0013413272161203942,0.9999997442455897,1656.844417247528,0.3913913913913522,0.0,6.08
1025,type0_HARD,1000,9.99,11.988158690457455,2.491255406403579,1.0006773614795623,13.184367073382802,12.18368971190324,326824.28463832056,1428.819276794044,149922.30228752567,390.62499999999994,582.6749384706784,0.001561838383725153,0.008963891110456146,182.64052627826172,3.73,3.71,0.009322611382748036,0.000765171438471488,0.000626928246582001,0.9946378030461653,26824.73801996061,0.3713713713713342,-0.020000000000000018,6.28
1026,type5_HARD,1000,9.99,37.33580954206234,1.5210631465264708,31.67810021173657,42.02803980153744,10.349939589800869,568941.673500608,3981.335313575265,1396276.3072568742,390.62499999999994,2189.275117790818,0.8622816383571386,4.657424681610493,2701.994468407933,0.0,0.0,10.349939589800869,0.9999999999999034,0.5668940440281488,0.0,54970.53084843168,0.0,0.0,9.99
1027,type0_Step_Response,1000,9.99,5.8458958683644136e-09,8.248701856718258e-10,-1.3681721877638891e-10,6.125873621711663e-09,6.262690840488052e-09,2.2986062644466678e-05,7.599987965665241e-07,3.485490932697039e-14,390.62499999999994,382.1056629361909,1.1698539655579708e-12,6.6544412660335334e-12,1.3886018853370313e-07,0.0,2.4,8.038208909284187e-12,0.001283302307535004,0.0014165107130079072,2400000.0,3669.731350067025,0.24024024024021617,2.4,7.59
1028,type5_HARD,1000,9.99,0.04009948830830891,0.001157428889420363,0.0396408347548149,0.0446515771526621,0.005010742397847205,497.2213673939296,3.847303938674709,1.609308604222267,390.62499999999994,2085.0630681329844,0.001242477345147555,0.003342632585423902,3.8089095650435443,0.0,0.0,0.005010742397847205,0.9999999998004286,1.0734805009889665,0.0,99231.07751624243,0.0,0.0,9.99
1029,type1_Damped_Osc,1000,9.99,21.70176205941591,0.5866203755757499,19.82894629090671,23.23814668251688,3.4092003916101703,9713.223504995482,1285.3904011851018,471310.5999485444,390.62499999999994,501.6402360990698,0.002785275167132573,0.016953571625517583,305.7967097417133,6.62,6.4,0.016953571625517583,0.004972887973154729,0.004748002768219844,0.9667672255638632,2849.120728982746,0.6406406406405766,-0.21999999999999975,3.59
1030,type0_Step_Response,1000,9.99,1.2135766023376226e-06,2.2390206415621512e-07,1.018113831424414e-07,1.302969336266414e-06,1.2011579531239727e-06,0.0020811503562955234,0.00013532474409149768,1.5229003040747422e-09,390.62499999999994,347.9207731362082,5.644697661076473e-10,2.996825893069225e-09,2.035989989753492e-05,0.0,3.51,2.996825893069225e-09,0.0024949453070096045,0.002521045293573213,3510000.0,1732.618610453571,0.3513513513513162,3.51,6.48
1031,type1_Damped_Osc,1000,9.99,11.422572646592648,0.31231038747036965,10.00471839549083,12.190534977650255,2.1858165821594255,7691.470291320356,827.5450962425301,130572.70364480853,781.2499999999999,725.4028671195416,0.0024762592396026894,0.0161173934338521,203.7518985227635,4.54,4.5200000000000005,0.0161173934338521,0.007373625749477081,0.007928840470699026,0.9955944943624463,3518.80864757565,0.4524524524524072,-0.019999999999999574,5.47
1032,type4_HARD,1000,9.99,0.06619776601799703,0.005443770364318507,0.0624507893217022,0.0842242969974716,0.021773507675769396,13.57643611497039,2.6882584970137637,4.411778861552916,390.62499999999994,398.19353015778654,1.578334649790272e-05,7.688293464540308e-05,1.113867917617881,6.15,6.19,9.907150461249681e-05,0.0045500939069270056,0.0028993409785350592,1.0065039013814794,623.5300401071974,0.6196196196195576,0.040000000000000036,3.8
1033,type0_HARD,1000,9.99,1.8069448422623704e-09,4.1009104730952206e-10,-1.6108166786218334e-10,2.4773913305987388e-09,2.638472998460922e-09,3.3332854984800894e-06,3.7113892778381417e-07,3.4332243300620035e-15,390.62499999999994,329.8458777216808,5.542218064425666e-13,2.55720983372038e-12,2.5958036839979126e-08,0.0,4.15,2.55720983372038e-12,0.0009688334888106415,0.0013481728927686363,4150000.0000000005,1262.8602377913053,0.41541541541537386,4.15,5.84
1034,type1_Damped_Osc,1000,9.99,23.030033192577292,0.7193143875065982,19.318188420285587,25.09378624533937,5.775597825053783,34919.186244061246,1835.2058042646877,530899.8420392858,781.2499999999999,846.7845626160166,0.0023106586192859087,0.013967238098956614,247.84095761939733,4.03,3.01,0.017149209164195156,0.002969252652911734,0.0032123069681565366,0.7468980776927846,6045.9864591991445,0.3013013013012711,-1.0200000000000005,6.98
1035,type0_Step_Response,1000,9.99,32.108671613897705,4.3595058007916645,2.325813030306932,33.51898994627507,31.193176915968138,78115.79777634464,3975.9823047884815,1049972.0836362564,390.62499999999994,263.6053101966421,0.012925751923623855,0.06146390583738537,625.3713501448382,3.64,3.61,0.09083734775528995,0.0029120902946178076,0.002964958074209613,0.9917579692972611,2504.2591200883353,0.3613613613613252,-0.03000000000000025,6.380000000000001
1036,type0_HARD,1000,9.99,31.157664825304412,7.8350263869037455,1.268195377610763,33.97549605556625,32.70730067795549,1752976.2348375232,3841.590690462392,1032187.7158494896,390.62499999999994,915.4721403193902,0.005754426252013579,0.03146024520104618,653.465446214737,2.13,2.12,0.03376217346878008,0.0010322519061175394,0.0007344488669025255,0.9953046970400484,53595.869989325176,0.21221221221219097,-0.009999999999999787,7.87
1037,type1_HARD,1000,9.99,9.544715871353347,1.191754668451325,0.6502302439371748,14.11065764981377,13.460427405876596,53810.35497878912,2461.228877124113,92521.88025463998,1171.8749999999998,1144.4577481710755,0.0021827491015265657,0.012676378374420594,230.23879664573448,2.26,2.23,0.01474593202733665,0.0010955025113762531,0.0018315423126147245,0.9867252271127314,3997.6706055628238,0.22322322322320087,-0.029999999999999805,7.76
1038,type4_overdamped_no_overshoot,1000,9.99,2.141469105430019e-09,5.09072335519744e-11,2.12630981995392e-09,2.5291245237680984e-09,4.028147038141782e-10,1.225166678265953e-06,9.059835095724876e-08,4.58848147593916e-15,390.62499999999994,269.1476948335212,8.433876978378946e-13,5.241747067487992e-12,5.906280053163872e-08,0.0,1.2,5.522743559555874e-12,0.01367643007397089,0.016247980100758317,1200000.0,3033.982335694574,0.12012012012010809,1.2,8.790000000000001
1039,type2_HARD,1000,9.99,0.6873485429528219,0.029250732133674764,0.6751471702629732,0.8166047578382714,0.14145758757529814,539.26498428003,90.80859140124392,473.3036248297232,781.2499999999999,841.8077260390756,0.03595658540646506,0.14130694557910484,126.22293940036141,0.0,0.0,0.14145758757529814,0.9999999999929307,1.229254202626982,0.0,3812.202608001964,0.0,0.0,9.99
1040,type1_Damped_Osc,1000,9.99,0.04930262677701748,0.0005071433940683143,0.0460974552186428,0.0515389590612579,0.005441503842615096,50.34327422466997,2.297745940006253,2.4310062015360283,1562.4999999999998,1606.0146239683636,1.0519852826897998e-05,5.180801032849541e-05,0.6786528800080126,1.36,1.59,6.488393249759472e-05,0.011923897209725884,0.0207433497689168,1.169116787414127,9251.720787396174,0.15915915915914322,0.22999999999999998,8.4
1041,type4_overdamped_decay_overshoot,1000,9.99,32.41392731197683,0.5337978989220663,31.251473873292724,37.98604807222239,6.734574198929664,38953.72207314054,1168.6627888868966,1050947.623983011,390.62499999999994,316.292349662413,0.003913908941389292,0.020866504789928797,450.0033773417678,3.15,2.05,0.025570001860131697,0.0037968253232983575,0.007332192481996608,0.6507934441925574,5784.140306795599,0.20520520520518465,-1.1,7.94
1042,type0_Step_Response,1000,9.99,32.50288694633318,3.8882372627446804,-0.0235194476327539,33.53345105429701,33.55697050192976,167840.59292051502,4098.852601296838,1071556.048857512,390.62499999999994,277.12624983986154,0.007452811512037889,0.04866153487169811,834.6515219616538,1.42,1.41,0.05206775880829184,0.001551622748701228,0.0019167584199260214,0.9929570472133471,5001.661068029308,0.141141141141127,-0.010000000000000009,8.58
1043,type5_Square_Pulse_Wave,1000,9.99,0.05584438032810337,0.0019045398628012237,0.054889431544601,0.0601495203618732,0.005260088817272204,521.8638368471903,6.024724717068011,3.122222086318858,781.2499999999999,1779.5074497684807,0.0023573368888920106,0.005243848484831094,7.590467612215266,0.0,0.0,0.005260088817272204,0.9999999998098891,1.2377461525993267,0.0,99211.98194113543,0.0,0.0,9.99
1044,type1_Damped_Osc,1000,9.99,21.124970413902528,0.2762105067824938,19.149041743237508,22.257154601613628,3.1081128583761206,33885.406944135706,1325.0231412319183,446340.66723231407,1953.1249999999998,1842.5799741005299,0.0037876838991609168,0.02018362811679353,427.9328777214375,1.65,1.62,0.022980137909598852,0.007393598288318839,0.013713033379030268,0.9818175867772203,10902.244702217387,0.16216216216214593,-0.029999999999999805,8.370000000000001
1045,type5_Square_Pulse_Wave,1000,9.99,1.820903623104417e-06,1.359522884885958e-07,1.7763994227393622e-06,2.2823502864889204e-06,5.059508637495582e-07,0.05051363962257653,0.00030631571946407386,3.334173029380079e-09,781.2499999999999,2070.5199953240035,3.080291706668532e-10,1.5986548046214803e-09,3.736720532935422e-05,0.0,0.0,5.059508637495582e-07,0.9999980235273913,0.0022656985652295693,0.0,99838.8250775974,0.0,0.0,9.99
1046,type4_overdamped_decay_overshoot,1000,9.99,0.003928549351385679,5.200303064569631e-05,0.0038429721943419,0.0043423893046752,0.0004994171103333005,1.5640072039199182,0.12429272243449357,0.015436204321469176,390.62499999999994,272.57839710220713,6.96217510664991e-07,3.6768942520007744e-06,0.07946063549237314,0.28,3.11,4.176322367599461e-06,0.008362393423905476,0.013388017748819243,11.107103188917183,3131.6652321833094,0.31131131131128015,2.83,6.880000000000001
1047,type0_Step_Response,1000,9.99,28.126441129295955,7.222037045508924,-6.524617854099052,31.32061841048929,37.84523626458834,92249.78979568518,6837.320094040084,843254.5096864547,390.62499999999994,522.924389119208,0.004168923436945443,0.02455625334323841,433.1538890181957,3.02,2.96,0.030252731309655445,0.0007993801676424472,0.0005772503534217317,0.9801321257840643,2437.553544407399,0.29629629629626664,-0.06000000000000005,7.03
1048,type1_Damped_Osc,1000,9.99,34.75756048914025,0.5894667495774859,32.33755550871021,37.07551047556026,4.737954966850047,31596.50840674075,1501.9530913456122,1208435.482205101,390.62499999999994,597.5033592878992,0.007610537212192908,0.0394637607076902,495.3150937524604,2.76,2.76,0.04619432468953022,0.009749844608639667,0.012910884655724904,0.9999996376812906,6668.807244434513,0.27627627627624857,0.0,7.23
1049,type0_HARD,1000,9.99,2.2170803770483545,0.31952845015860804,0.0254712044153964,3.3640306032763085,3.3385593988609124,11757.40041573765,603.0167719942212,5017.5438287536335,1171.8749999999998,1035.3965277493317,0.0005042119561073518,0.0028251472388052257,44.32990091631637,1.97,1.95,0.003621898845148408,0.0010848687749521796,0.0015779876748236105,0.9898472132755263,3521.698736211089,0.19519519519517564,-0.020000000000000018,8.040000000000001
1050,type2_HARD,1000,9.99,16.33038003536479,0.3960814051309629,16.132336325939562,17.896500284558897,1.764163958619335,6359.985592196437,1342.386323709819,266838.1925789315,390.62499999999994,872.1075632761489,0.5138476708714946,1.764163958619335,1588.5105584836265,0.0,0.0,1.764163958619335,0.9999999999994331,1.2973284385827086,0.0,3605.0989258222153,0.0,0.0,9.99
1051,type2_HARD,1000,9.99,8.044935685691987,0.32991431414778655,7.91179730060366,9.521892864661512,1.6100955640578514,6726.310302136262,833.0695258333792,64829.83364160002,390.62499999999994,782.55523854887,0.15701205689901593,0.5927479663623947,540.3789491191374,0.0,0.0,1.6100955640578514,0.9999999999993788,0.47591768579100147,0.0,4177.58451875991,0.0,0.0,9.99
1052,type0_Step_Response,1000,9.99,2.6054937015267866e-09,3.1084771693850694e-10,2.3001813490645336e-10,2.7225307578277486e-09,2.4925126229212952e-09,7.664372825691794e-06,2.9228492161178286e-07,6.885223731821637e-15,390.62499999999994,238.68500384660186,9.746364426133966e-13,4.86627622490131e-12,4.639560862034744e-08,0.0,2.38,6.575626090023501e-12,0.0026370935641463777,0.003125360198822891,2380000.0,3073.7252962900725,0.23823823823821438,2.38,7.61
1053,type5_Square_Pulse_Wave,1000,9.99,38.40737293400982,0.27371807547232935,38.3141222338994,39.64144255428653,1.3273203203871304,130875.19548262561,988.1093056613558,1475201.2172769504,390.62499999999994,1797.510869661235,0.005855765553952953,0.03255271021377837,671.2454433391005,0.0,0.0,1.3273203203871304,0.9999999999992465,0.02139341928305911,0.0,98601.0637163722,0.0,0.0,9.99
1054,type1_HARD,1000,9.99,1.3015971531396764e-09,2.262989693839517e-10,-7.38014056078584e-11,1.805562825566749e-09,1.8793642311746073e-09,3.992505849686766e-06,3.2224535244889913e-07,1.7453663726055489e-15,781.2499999999999,546.0170152809999,3.8533657099017054e-13,2.033798055635677e-12,4.053527845712959e-08,0.0,5.41,2.033798055635677e-12,0.001081597927634065,0.001695285165764491,5410000.0,2123.26196355733,0.5415415415414874,5.41,4.58
1055,type1_Damped_Osc,1000,9.99,1.5533275751510485e-09,1.3546756932279093e-11,1.4886017490816663e-09,1.5776472375062431e-09,8.904548842457681e-11,5.389464671877214e-07,4.685952090268312e-08,2.4130100703480183e-15,781.2499999999999,675.537325907907,3.073323351731518e-13,1.8139576785083855e-12,2.6534847442724163e-08,0.0,2.59,2.0581875034488596e-12,0.022857197394990227,0.02112720633223648,2590000.0,5985.268963687719,0.25925925925923327,2.59,7.4
1056,type5_HARD,1000,9.99,2.0588861909145163e-09,1.0631160334009269e-10,1.750740102281128e-09,2.3112352875022023e-09,5.604951852210742e-10,2.9815911730892598e-05,1.9020910572092164e-07,4.250314504143228e-15,390.62499999999994,1339.830992426976,1.2163512777684361e-10,2.6285092699829306e-10,2.6202296157503045e-07,0.0,0.0,5.604951852210742e-10,0.9982190408282731,1.1334760081009758,0.0,53100.92146053461,0.0,0.0,9.99
1057,type1_Damped_Osc,1000,9.99,0.006564073051208123,7.983720385025252e-05,0.0062235719979704,0.0067392878047788,0.0005157158068084004,1.9414195153200606,0.2961081527021339,0.04309342900071535,781.2499999999999,628.7962266267838,2.14674922729589e-06,1.159428101810047e-05,0.19629956780277522,1.79,3.9,1.2990829242400491e-05,0.025189899254022607,0.02688908299485763,2.1787697325308755,3764.5142652701857,0.3903903903903513,2.11,6.09
1058,type4_HARD,1000,9.99,1.7574844640771272e-09,7.101453703216582e-11,1.429863612286124e-09,1.785986989899716e-09,3.5612337761359197e-10,3.706403867241283e-07,6.00978315865812e-08,3.0937947059423583e-15,390.62499999999994,377.39815220487503,6.102896982840875e-13,3.1637804479268866e-12,3.090681734385179e-08,0.0,1.84,3.4289517771025587e-12,0.009601588672284259,0.008474534773604074,1840000.0000000002,1037.8496899331014,0.18418418418416574,1.84,8.15
1059,type5_Square_Pulse_Wave,1000,9.99,9.180927189756986e-06,2.784956242968016e-07,9.049098930740916e-06,9.814031668851074e-06,7.649327381101575e-07,0.07566142860192132,0.0004606950274267598,8.436698387637157e-08,390.62499999999994,1185.7341534000377,1.5243914855555567e-09,1.003574430217982e-08,0.0001780033927700129,0.0,0.0,7.649327381101575e-07,0.9999986926972231,0.005473644391218798,0.0,98912.395717896,0.0,0.0,9.99
1060,type0_HARD,1000,9.99,8.38362536119631,1.8942621144790688,-0.4198644010579112,10.702821556870983,11.122685957928894,394397.02004859666,1659.2007907568075,73873.40315524468,390.62499999999994,1008.4898110955456,0.0018399477588314473,0.009860496428030885,210.75641758006876,3.18,3.17,0.01173819046524649,0.0010553377583116758,0.0009713269060108244,0.9968550324355243,35458.793095512345,0.3173173173172855,-0.010000000000000231,6.82
1061,type5_HARD,1000,9.99,0.062116226368194985,0.0019270199393083983,0.0547542730767635,0.0683100869725724,0.013555813895808906,736.4931142222002,4.424634497355027,3.862138984071335,781.2499999999999,1863.6772315845817,0.0010078871439341288,0.0026815676159320997,2.254676426246676,0.0,0.0,0.013555813895808906,0.9999999999262309,0.5230289125979815,0.0,54330.42381878477,0.0,0.0,9.99
1062,type2_Triangle_Wave,1000,9.99,0.013729158857329145,0.0005363518062779978,0.0135289443027343,0.0168935768672769,0.0033646325645425995,25.013421866030072,2.8281322890448597,0.18877747618987695,781.2499999999999,1629.07937256751,0.000641346266556376,0.0033629917027304997,2.835731630150136,0.0,0.0,0.0033646325645425995,0.9999999997027907,1.1957566989682171,0.0,7434.2209375829025,0.0,0.0,9.99
1063,type0_Step_Response,1000,9.99,1.0088007281960787e-06,2.349107888367603e-07,-7.288243358910125e-08,1.1063949426668275e-06,1.1792773762559289e-06,0.001408186483873728,0.000138045174664374,1.0728619879208475e-09,390.62499999999994,338.1942354602078,2.715226132180126e-10,1.4461989361875875e-09,3.093649519021183e-05,0.0,4.2,1.576977573247266e-09,0.0013372394550758963,0.0011558492426563278,4200000.0,1194.1086279768444,0.42042042042037836,4.2,5.79
1064,type1_Damped_Osc,1000,9.99,34.62052648475594,0.42117664634911123,32.47343305830938,36.209679897192615,3.7362468388832326,22689.319969459375,1704.2106935119816,1198758.243849118,1171.8749999999998,1024.5903334924071,0.008278255547803877,0.04756207085848274,761.2939572710496,2.82,2.51,0.05356169559967583,0.014335695126521974,0.019655067819031962,0.8900706063579409,6072.757220782329,0.25125125125122605,-0.31000000000000005,7.48
1065,type0_Step_Response,1000,9.99,9.456959698939565e-10,2.5855235723011036e-10,-2.867209285198873e-10,1.049518623455731e-09,1.3362395519756183e-09,3.4502277009425127e-06,2.3576659193825852e-07,9.611901889029178e-16,390.62499999999994,551.632834485659,4.2415024129647735e-13,2.007770856252153e-12,2.746116324442212e-08,0.0,3.21,3.089174610075933e-12,0.0023101131024071426,0.0016341606210897943,3210000.0,2580.111914761417,0.32132132132128916,3.21,6.78
1066,type1_HARD,1000,9.99,0.9410159107536958,0.07827459806435835,0.0048561047241413,1.2911815574150658,1.2863254526909245,11663.617759798815,211.6791534501019,891.6378569937447,0.0,979.0919956447689,0.00022977882264248154,0.0011825785765627872,16.204321211716458,0.99,0.98,0.0018340843738138268,0.001425832296154596,0.0029355477807834793,0.9898979900020303,9067.392498057221,0.09809809809808827,-0.010000000000000009,9.01
1067,type4_overdamped_decay_overshoot,1000,9.99,12.585931809594127,0.2989530987826951,12.203459881767966,14.768723492088077,2.5652636103201107,7439.54581580919,404.4839966092514,158495.05247102503,390.62499999999994,254.07085167373438,0.0033614922955053335,0.01599120558374345,153.93686634601428,4.36,4.36,0.01599120558374345,0.006233747486770659,0.011244212918955264,0.9999997706422544,2900.109675230583,0.4364364364363928,0.0,5.63
1068,type4_overdamped_decay_overshoot,1000,9.99,15.371835570555042,0.15506599081310576,14.956178762031662,17.198022096995842,2.24184333496418,17517.69578884854,449.2383155459839,236317.37426968815,390.62499999999994,484.71579211819954,0.0018374937029002612,0.011827973742230213,211.86387341896872,1.52,1.51,0.01263769483758459,0.005637189111513395,0.011849753084176027,0.9934203990655269,7813.9696541822,0.151151151151136,-0.010000000000000009,8.48
1069,type1_Damped_Osc,1000,9.99,13.061298116610011,0.1965793732034774,11.990288694564486,13.553870818727654,1.5635821241631689,7514.749188297109,633.2101582061958,170636.1519409293,1171.8749999999998,983.755270493148,0.0029151511523931774,0.017373241013256546,211.89255449707278,2.72,2.72,0.020068305589742153,0.012834826696723652,0.014829384715561705,0.9999996323530763,4806.110962872644,0.27227227227224504,0.0,7.27
1070,type2_Triangle_Wave,1000,9.99,8.609033637472946e-09,2.2154373387284206e-10,8.52047202752358e-09,9.516341853466131e-09,9.958698259425505e-10,1.2551388966379375e-05,2.0767076890527987e-06,7.416454179715898e-14,2734.3749999999995,2832.86254970648,2.3870619478078215e-10,9.87786851715734e-10,2.2795860287790644e-06,0.0,0.0,9.958698259425505e-10,0.9989968599971871,1.072625998614614,0.0,12590.800363038281,0.0,0.0,9.99
1071,type0_Step_Response,1000,9.99,21.85862880918891,2.435553345212052,-0.0041471619637976,22.42149071760628,22.425637879570075,107404.5327574966,2668.6488474877847,483731.573515277,390.62499999999994,217.30939903990398,0.011205098382947387,0.06270162101677101,539.5226490077708,1.34,1.33,0.06442782394703528,0.002872953906284496,0.004600637635373662,0.992536572733901,4789.363554975538,0.1331331331331198,-0.010000000000000009,8.66
1072,type2_Triangle_Wave,1000,9.99,21.70084792980525,0.5108355942138896,21.44223814735961,23.874699224179384,2.4324610768197736,16236.13950827405,3292.1487962056995,471187.7538768485,781.2499999999999,1583.843391625032,0.48862224745498833,1.8577227702854877,3256.140638111924,0.0,0.0,2.4324610768197736,0.9999999999995889,0.9565156637253494,0.0,6674.778751031314,0.0,0.0,9.99
1073,type1_HARD,1000,9.99,3.800259434472745e-09,5.32053394043068e-10,4.277596011619548e-10,4.278441756573698e-09,3.850682155411744e-09,5.863287384182401e-06,6.486819316645318e-07,1.4725052583411857e-14,390.62499999999994,448.2780366228935,1.3301081248447768e-12,6.123666753346274e-12,9.01482077324461e-08,0.0,1.89,7.162107038215188e-12,0.001859475094057848,0.0024952624628393435,1890000.0,1522.2666740411805,0.18918918918917024,1.89,8.1
1074,type1_HARD,1000,9.99,1.508778665923273e-06,3.0129052318740457e-07,-8.313922564342913e-08,1.5994364969049411e-06,1.6825757225483702e-06,0.0019339588584414721,0.00020971091353374162,2.367189042107752e-09,390.62499999999994,337.4898289003999,4.6399020800958587e-10,2.5211167593444144e-09,4.252407465422316e-05,0.0,1.94,2.5833519928490803e-09,0.0015353546487535071,0.0015400041896332479,1940000.0,1149.4030747747227,0.19419419419417475,1.94,8.05
1075,type1_HARD,1000,9.99,5.406874946697398e-06,1.4244654652549549e-06,-3.2983623425154644e-08,6.188370698913409e-06,6.221354322338564e-06,0.1341019519350263,0.0007431635560941906,3.126339855092801e-08,390.62499999999994,582.63379362675,1.0781022912161272e-09,6.387567268425543e-09,0.00012602406231054163,0.0,2.28,6.80292655361513e-09,0.0010934798289350812,0.0007568463824967376,2280000.0,21555.102543896868,0.22822822822820535,2.28,7.710000000000001
1076,type0_Step_Response,1000,9.99,0.0009548342518791988,0.0002464163436597093,-4.617796413806755e-07,0.0011081680195298,0.0011086297991711807,2.247950568645238,0.15840742145966788,0.0009724294629843291,390.62499999999994,491.65368560785106,4.2331495741437845e-07,1.8860545191999069e-06,0.02116794801120527,3.35,5.04,2.2755896299999235e-06,0.002052614524387271,0.0017178850615569303,1.5044771628426379,2027.6836941404042,0.5045045045044539,1.69,4.95
1077,type4_overdamped_decay_overshoot,1000,9.99,3.794947471267453e-06,9.235757460840152e-08,3.6373259608789513e-06,4.669260371268678e-06,1.0319344103897265e-06,0.0045072479082363375,0.0002086753042474228,1.4410156231266783e-08,390.62499999999994,267.12361460457157,1.2901523787786238e-09,6.5119084664337896e-09,0.00011747476118482473,0.0,2.63,6.713584064611689e-09,0.0065058180938632575,0.0139689507362889,2630000.0,4367.761647537713,0.2632632632632369,2.63,7.36
1078,type2_Triangle_Wave,1000,9.99,19.027036172455993,0.9124925116799364,18.636002384479376,23.15548349207314,4.519481107593766,31323.644173729546,5131.03768131793,362860.74809182074,781.2499999999999,1621.377305967249,1.021778207384171,4.202747806707546,6384.577751197899,0.0,0.0,4.519481107593766,0.9999999999997787,1.1197661288221592,0.0,6930.805423899594,0.0,0.0,9.99
1079,type0_Step_Response,1000,9.99,3.1491110371322606e-06,6.494195117845737e-07,-4.8167098168799575e-09,3.3687730004882795e-06,3.3735897103051596e-06,0.006610762041133062,0.00045269496200848536,1.0338646026474733e-08,390.62499999999994,339.18954536348076,1.5823392008459246e-09,7.662117446439786e-09,9.515113899752997e-05,0.0,3.46,1.0613271248967038e-08,0.0031459866238507076,0.002436540226451639,3460000.0,1959.5625577635892,0.3463463463463117,3.46,6.53
1080,type0_HARD,1000,9.99,0.001305258197850332,0.00039688625113027597,-4.741438887847892e-05,0.0016995522989621,0.001746966687840579,130.31586587395,0.39801118440088334,0.0018612176593917412,390.62499999999994,1834.6857332777888,2.3624160721703423e-07,1.191154565999969e-06,0.025022917342771282,2.93,5.59,1.2041076953999991e-06,0.000689256242315151,0.0005952375673105681,1.9078491782084714,74595.50700445102,0.5595595595595035,2.6599999999999997,4.4
1081,type0_HARD,1000,9.99,0.09723837173728955,0.010907360596661917,0.0047708424914962,0.1103580486764581,0.1055872061849619,410.3899500231697,13.338664548823179,9.574271453304927,0.0,218.87389967386326,2.583928440440337e-05,0.00014674715463189325,1.7111332318689652,1.3,1.3,0.00015301468595209367,0.0014491782809614427,0.0023689768182728124,0.9999992307698226,3886.739358368705,0.1301301301301171,0.0,8.69
1082,type1_Damped_Osc,1000,9.99,2.6765023151682446e-06,2.3027848309800974e-08,2.556014694040848e-06,2.793380818902366e-06,2.3736612486151804e-07,0.0019107122850336963,0.00012121449655839188,7.164194924898753e-09,1171.8749999999998,1282.301630113963,9.914953150494144e-10,5.572394547156197e-09,6.696992363421013e-05,0.0,1.69,6.165441976996535e-09,0.025974287638161793,0.04305448981690667,1690000.0,8049.607906522109,0.16916916916915223,1.69,8.3
1083,type0_HARD,1000,9.99,0.09359384982938879,0.016417078762820676,-0.0053054234093581,0.1107897519187186,0.1160951753280767,209.72749199199,14.467845883291012,9.029329200990837,390.62499999999994,309.6028214429111,3.13449033210317e-05,0.00014222148776789345,1.2291548939353132,2.59,2.6,0.00015529174970140003,0.001337624490089437,0.0019092862848479712,1.0038606162700323,1806.5134179565043,0.2602602602602342,0.010000000000000231,7.390000000000001
1084,type2_Triangle_Wave,1000,9.99,0.860346813255173,0.03730917982062968,0.8478205437332823,1.096933881637082,0.24911333790379964,3569.3668274989873,340.1561153858444,741.5886139772198,1953.1249999999998,3262.141046438218,0.04596553659593854,0.24910163385466488,394.8046485877519,0.0,0.0,0.24911333790379964,0.9999999999959858,1.2320168070081887,0.0,14328.284697718775,0.0,0.0,9.99
1085,type0_HARD,1000,9.99,8.219681738373877,1.881013293736722,0.2560286610458637,9.900888246864149,9.644859585818285,434253.7480089632,1293.1262802015613,71101.37889137128,390.62499999999994,983.7091255133786,0.0018887585182883445,0.01095866173801241,219.26677347163414,2.75,2.66,0.012008158319741113,0.0012450319481474418,0.0010041175809742588,0.967272375537318,45024.37222076732,0.2662662662662396,-0.08999999999999986,7.33
1086,type4_HARD,1000,9.99,5.971259518536297,0.11323991932543594,5.874319365459604,6.223838207811463,0.34951884235185915,773.6757195526244,152.1163410355234,35668.76351703916,390.62499999999994,526.3858834330329,0.0016408115785167075,0.00908773302772481,147.72887988262366,6.29,6.28,0.00908773302772481,0.02600069560355841,0.014489692224053526,0.9984100161510309,2213.5450962942787,0.6286286286285657,-0.009999999999999787,3.71
1087,type4_overdamped_decay_overshoot,1000,9.99,4.523883249195302e-09,6.309413757659696e-11,4.4442579164157875e-09,5.058182533510981e-09,6.139246170951933e-10,2.04851322630361e-06,1.7143727199143216e-07,2.046950052254638e-14,390.62499999999994,282.1573133746642,1.4562545395000835e-12,7.755754308543796e-12,1.1716073465149232e-07,0.0,2.79,8.17753581009328e-12,0.013298436235522114,0.022720557519941006,2790000.0,3331.3241482841627,0.27927927927925134,2.79,7.2
1088,type0_Step_Response,1000,9.99,0.8014734840586395,0.16143561022354166,1.4298885923819056e-05,0.8732866540381409,0.873272355152217,1488.69202216697,102.44027668738126,668.4212018973415,390.62499999999994,404.00955347805495,0.00039490727679006256,0.0018926329426248722,21.103277222947995,5.18,5.24,0.0019205051114186134,0.0021992052079578975,0.002446221600307292,1.0115828162967537,1704.7282138065355,0.5245245245244721,0.0600000000000005,4.75
1089,type0_HARD,1000,9.99,1.1376853237511051e-06,1.6606223762855706e-07,4.8262035429304925e-08,1.4892510881973215e-06,1.4409890527680166e-06,0.0035936022514595554,0.00020983770748706849,1.3219045626448602e-09,0.0,468.43938225156705,2.508519017962553e-10,1.3856923124715968e-09,2.817462590364479e-05,0.0,2.01,1.5850330978764946e-09,0.0010999611654721585,0.001510580579895412,2009999.9999999998,2493.8425109573504,0.20120120120118104,2.01,7.98
1090,type1_HARD,1000,9.99,0.4301723697672483,0.084817093549692,0.0228784336510196,0.4658956167959998,0.4430171831449802,423.0030658458797,54.64648916730278,192.2422070693874,390.62499999999994,360.1083886465346,0.00018593209712907557,0.000882731564869399,11.396300270578832,3.31,3.24,0.0009043914074692849,0.0020414364089604074,0.0021921536018910024,0.9788516680206442,954.8231579687834,0.32432432432429187,-0.06999999999999984,6.75
1091,type0_HARD,1000,9.99,2.4623359102264616e-06,3.0324756001025943e-07,6.37575821120713e-08,2.806351147367683e-06,2.7425935652556117e-06,0.009298327204400684,0.0003530759158756932,6.155057217442953e-09,0.0,240.55378626602447,6.054684691486098e-10,3.4107177064119874e-09,4.838892494845417e-05,0.0,1.52,3.733890222251251e-09,0.001361444476538314,0.0019966078952794557,1520000.0,3390.3396886276823,0.15215215215213693,1.52,8.47
1092,type0_Step_Response,1000,9.99,0.21863205753778253,0.03260968581411515,-5.92148014430386e-06,0.2305583122717472,0.2305642337518915,821.6866990533999,26.47440462930772,48.863368192099564,390.62499999999994,363.31961786551085,8.684411928642778e-05,0.00041386248627711675,5.09733755205827,2.76,2.76,0.000506376465621794,0.0021962489904852533,0.002663138791916052,0.9999996376812906,3563.808166075087,0.27627627627624857,0.0,7.23
1093,type0_HARD,1000,9.99,6.043498894835339e-06,1.395703860967808e-06,4.266170241563517e-07,7.375756421424124e-06,6.949139397267772e-06,0.37472096303073227,0.0009554259553601322,3.847186815939642e-08,390.62499999999994,1125.4659025793285,1.8363228606856372e-09,9.773034955333424e-09,0.00017264661802443823,0.0,2.88,9.773034955333424e-09,0.0014063660246634152,0.0013156956832637927,2880000.0,53923.354776090455,0.2882882882882594,2.88,7.11
1094,type0_Step_Response,1000,9.99,35.873154631454746,5.989589241249927,-0.0034385835735956,37.90235976398752,37.90579834756112,83812.76277432023,4371.767720940504,1322758.4024911602,390.62499999999994,303.0483196427904,0.017112292783964377,0.08586658305684836,709.8203150879755,2.03,2.02,0.10539330686820847,0.002780400663292896,0.0028570060641404634,0.9950734014416742,2211.080268138201,0.20220220220218196,-0.009999999999999787,7.970000000000001
1095,type4_overdamped_decay_overshoot,1000,9.99,0.002383574524186285,5.19168849058361e-05,0.0022527661277854,0.0027480703038494,0.000495304176064,2.207008892859963,0.09338903575411461,0.005684122875288201,390.62499999999994,300.5062096239173,3.470087540324564e-07,2.0660337934001564e-06,0.03911730904490095,1.21,2.54,2.1043393253002314e-06,0.00424857980761249,0.006683928513390444,2.0991718188662656,4455.865698412609,0.2542542542542288,1.33,7.45
1096,type2_HARD,1000,9.99,1.0167220084562174e-09,1.679094744497503e-11,1.0088438788395855e-09,1.097995567342525e-09,8.91516885029395e-11,5.152819142263209e-07,8.532235270042427e-08,1.0340055783953445e-15,390.62499999999994,1095.36176118191,1.2724200796997482e-11,5.804100132347724e-11,6.865563143438722e-08,0.0,0.0,8.91516885029395e-11,0.9889075843547025,0.7152064743236243,0.0,5715.721167102926,0.0,0.0,9.99
1097,type5_Square_Pulse_Wave,1000,9.99,3.3410176305005527e-09,2.2699863986239294e-11,3.327351521849586e-09,3.394614988419705e-09,6.726346657011915e-11,6.461978851754533e-06,1.044975361663412e-07,1.1162914091140526e-14,390.62499999999994,1065.2491165542394,7.41643487374817e-13,4.2334982778132464e-12,8.973886878269543e-08,0.0,0.0,6.726346657011915e-11,0.9853508758015854,0.03129315374153341,0.0,94662.33076688087,0.0,0.0,9.99
1098,type5_Square_Pulse_Wave,1000,9.99,36.309819792058924,0.7495590771395333,36.01490030341908,38.92699125072983,2.9120909473107446,288407.2480714529,1874.8378281437901,1318964.852141916,781.2499999999999,1753.262087556215,1.0996687793676474,2.9120909473107446,2938.1421689389476,0.0,0.0,2.9120909473107446,0.9999999999996566,1.467087535731987,0.0,99037.85743288408,0.0,0.0,9.99
1099,type4_overdamped_no_overshoot,1000,9.99,0.025531593233579068,0.001438098059647354,0.0251035425510319,0.0352839976653351,0.010180455114303197,22.418954854920567,1.4157347491143546,0.6539303790741018,390.62499999999994,278.065639444711,7.644180823690378e-06,3.6458726676302095e-05,0.4468310714698583,1.49,1.74,4.633728590789851e-05,0.00455159277096017,0.005315479544037061,1.167784451151375,2202.1564459550077,0.17417417417415673,0.25,8.25
1100,type0_HARD,1000,9.99,2.4450144009928953e-09,2.839823392920784e-10,2.4791605780279548e-11,3.198003962461348e-09,3.1732123566810687e-09,1.2860230062893443e-05,4.650672460628401e-07,6.05874139009245e-15,0.0,744.474413042121,2.970523033026519e-13,1.6313561349580383e-12,3.36820535179006e-08,0.0,2.21,1.6313561349580383e-12,0.0005139404525107991,0.0010423533754426902,2210000.0,4051.4712368960713,0.22122122122119905,2.21,7.78
1101,type0_Step_Response,1000,9.99,1.1936836189581215e-09,2.7173320111969586e-10,-9.641226117460612e-11,1.3589923494544436e-09,1.4554046106290498e-09,3.3263150840706996e-06,2.900211534931977e-07,1.4987195147597154e-15,390.62499999999994,573.7843262813082,6.697271548698912e-13,3.5350151069875335e-12,2.489174053130876e-08,0.0,5.68,3.5350151069875335e-12,0.0024272204861125034,0.002455612855788557,5680000.0,2283.9223796703022,0.5685685685685116,5.68,4.3100000000000005
1102,type1_Damped_Osc,1000,9.99,1.8547624402951138e-06,2.1118825390941266e-08,1.7247809970133782e-06,1.943212236640989e-06,2.1843123962761078e-07,0.0018966188431673934,9.379860022099643e-05,3.440589714715378e-09,1562.4999999999998,1359.1072178898078,3.2519051256627397e-10,1.5392289466384149e-09,3.8394213372535303e-05,0.0,1.9,2.1367783549256017e-09,0.009782339633418765,0.015397405354769408,1900000.0,8682.870470040507,0.19019019019017114,1.9,8.09
1103,type1_HARD,1000,9.99,45.21509599276251,5.454585216212867,-0.9781706687754528,51.15062856512685,52.128799233902306,215729.8676173667,6562.181152646504,2074157.405515656,0.0,221.95562183470847,0.012503284026923545,0.06407907725868256,690.1252174232166,2.08,2.06,0.08167267318177807,0.0015667476401156032,0.002292252028579052,0.9903841392383945,4138.400860710047,0.20620620620618557,-0.020000000000000018,7.93
1104,type2_Triangle_Wave,1000,9.99,0.1465788928602192,0.0027600055812439465,0.1451388554219843,0.155501127237212,0.010362271815227697,62.58784950055884,15.733600856311664,21.49298946293612,781.2499999999999,1362.6743082656114,0.002903081128972831,0.010227234186397899,16.8675292192739,0.0,0.0,0.010362271815227697,0.999999999903496,1.0518388613593168,0.0,6039.973724926224,0.0,0.0,9.99
1105,type0_Step_Response,1000,9.99,1.6608719456536472e-09,2.749378459652583e-10,2.469959723160286e-14,1.7531581890286912e-09,1.7531334894314597e-09,3.416541603226114e-06,1.9954773434576467e-07,2.834086439003347e-15,390.62499999999994,283.77996149691484,1.0383869666133047e-12,5.139547571472898e-12,3.229138546149465e-08,0.0,2.5500000000000003,6.2795214711066345e-12,0.0035798424173190597,0.0037631190566880116,2550000.0000000005,1947.709010637192,0.25525525525522974,2.5500000000000003,7.4399999999999995
1106,type1_HARD,1000,9.99,14.879835127581407,2.884890200747547,-1.3121172699612802,16.18873329048709,17.50085056044837,20664.431700135563,2304.174553688615,229732.0848943749,390.62499999999994,349.08806822343865,0.0016976947178360539,0.009419660642494776,180.27958511235232,2.01,2.0,0.010444919394107188,0.0005968235291210323,0.0005884781047804004,0.9950243805848853,1180.7672792107405,0.20020020020018015,-0.009999999999999787,7.99
1107,type0_HARD,1000,9.99,3.4969724744100227e-09,6.9039023096201e-10,7.178896491003207e-11,4.826176009829551e-09,4.75438704491952e-09,6.921136224439977e-06,7.102998485871051e-07,1.2705455157789133e-14,390.62499999999994,337.2380175062923,1.1626481114803814e-12,6.095511172461791e-12,4.79146578421736e-08,0.0,4.82,6.774365581644739e-12,0.0014245666057576157,0.0016816091107660813,4820000.000000001,1455.4306850447144,0.4824824824824342,4.82,5.17
1108,type4_overdamped_decay_overshoot,1000,9.99,22.57954146177521,0.2288063967114766,21.774970935782832,23.923476813887955,2.148505878105123,12825.198851546558,615.4122237678052,509888.0449912019,390.62499999999994,451.4753321331012,0.004868807031609572,0.028979532919215956,389.9519088966264,1.88,1.86,0.03687907742658325,0.01716498791201429,0.021279156096880573,0.9893611758717151,5969.3571156769585,0.18618618618616756,-0.019999999999999796,8.13
1109,type0_Step_Response,1000,9.99,4.279993864330247e-09,8.232021944310135e-10,2.861765841080572e-13,4.641437976751242e-09,4.641151800167134e-09,7.580235969353145e-06,5.514710972393921e-07,1.8996009331620603e-14,390.62499999999994,361.53746890426174,2.496854283828375e-12,1.3927791893754378e-11,1.4235350482814743e-07,0.0,3.72,1.3927791893754378e-11,0.003000287903823595,0.0030294196020092786,3720000.0000000005,1632.9142810625515,0.3723723723723351,3.72,6.27
1110,type0_Step_Response,1000,9.99,23.4500098072634,4.476596716007979,-0.0090995072974829,25.022098891585127,25.03119839888261,35135.524508068156,2977.276299328032,569942.8781185232,390.62499999999994,330.97055254936987,0.012203888963599675,0.06525319628936899,650.1925654632827,3.4,3.36,0.06525319628936899,0.002606874638981699,0.0027261533119471637,0.988235003460293,1403.6692909451433,0.33633633633630267,-0.040000000000000036,6.630000000000001
1111,type4_overdamped_decay_overshoot,1000,9.99,46.99811292906116,0.3827238528950047,46.76912384480569,49.252719580499615,2.4835957356939247,6550.025626141575,1209.1296019567549,2208969.096440361,390.62499999999994,427.35070075764025,0.010829791135005908,0.0508499189474918,1158.3731120621119,4.63,4.14,0.07771521724993136,0.03129141193672817,0.02829661922835163,0.894168273397781,2637.3155389191547,0.4144144144143729,-0.4900000000000002,5.8500000000000005
1112,type0_Step_Response,1000,9.99,47.59151129388325,6.838106088322603,-0.013411149406039,49.8095079936329,49.82291914303894,153706.86425239366,6124.754797648944,2311711.642110972,390.62499999999994,323.98774353411517,0.032386343703063064,0.15374893947607404,1442.4961609043337,2.41,2.39,0.1912722569302332,0.0038390415539703107,0.004736156954096443,0.9917008333191563,3085.063398455365,0.2392392392392153,-0.020000000000000018,7.6
1113,type2_HARD,1000,9.99,31.178657823078513,0.7757760890560552,30.828729602673725,35.415503933356604,4.5867743306828785,27852.1670834003,2843.844359516305,972710.5321889659,390.62499999999994,940.5795655929841,0.9505731499968381,3.9567360470518125,3533.5463753306526,0.0,0.0,4.5867743306828785,0.999999999999782,1.2253189591757672,0.0,6072.277612848592,0.0,0.0,9.99
1114,type0_Step_Response,1000,9.99,45.87473000776209,5.02801627502349,-0.0006287056359537,47.72002848088129,47.72065718651724,197154.13531164173,6192.063879459542,2129771.8009469695,390.62499999999994,386.33280778053665,0.017904470595264066,0.0893873403444303,998.7846080304112,2.74,2.72,0.11770574678624257,0.002466557539771185,0.003560941257131642,0.992700367627603,4131.421211176038,0.27227227227224504,-0.020000000000000018,7.27
1115,type3_Sine_Wave,1000,9.99,6.836309146884196e-09,7.781588127616467e-11,6.721217000153479e-09,6.944484826468074e-09,2.2326782631459464e-10,6.440843240774783e-07,1.9927655238085257e-07,4.6741178063151295e-14,390.62499999999994,394.6498027995088,7.955378518574208e-11,2.231728779840721e-10,1.9423019758767497e-07,0.0,0.0,2.2326782631459464e-10,0.9955410456487092,1.0093623759276618,0.0,2871.942599443491,0.0,0.0,9.99
1116,type0_HARD,1000,9.99,2.821774961704016e-06,3.515683854458704e-07,-8.010627735235483e-08,3.513834982089192e-06,3.5939412594415467e-06,0.013684745745988615,0.0005272207532891472,8.086014264144718e-09,0.0,485.1356149091349,7.220976102855644e-10,4.2030067765170275e-09,8.10927727998579e-05,0.0,1.93,4.336291993072588e-09,0.0012065558320200707,0.002053926309225644,1930000.0,3807.7255442927044,0.19319319319317385,1.93,8.06
1117,type0_Step_Response,1000,9.99,0.0016823450668843381,0.00029971563762121406,-3.152186163590644e-07,0.0018393804854342,0.001839695704050559,3.2455134935500083,0.26867110484852424,0.002920114387504759,390.62499999999994,380.1293493945471,6.472486146717755e-07,3.1428361569000446e-06,0.028844066995782482,1.52,3.54,4.909716047300002e-06,0.002668765292989077,0.0021595423503735812,2.3289458362198445,1764.1577814418033,0.3543543543543189,2.02,6.45
1118,type4_HARD,1000,9.99,25.91077506252727,0.39293323079516235,25.74679909116764,27.794339600489444,2.047540509321802,3432.730351315527,638.3881598946473,671522.6608647484,390.62499999999994,389.26325009351063,0.0046742241522236844,0.026627973143106942,500.8722123969761,2.42,2.41,0.029280302298445804,0.014300231016249778,0.01189572117062423,0.9958673570796045,1676.5140106804815,0.2412412412412171,-0.009999999999999787,7.58
1119,type0_HARD,1000,9.99,7.991655754444322e-09,1.689243091447989e-09,-7.725884055659104e-10,8.494548916630158e-09,9.267137322196069e-09,8.459301978316542e-05,1.0717546928207193e-06,6.67201039195478e-14,390.62499999999994,373.2731617455696,3.3126413952883274e-12,1.4343006051315354e-11,1.6028695672767032e-07,0.0,1.55,1.611322676303627e-11,0.0017385615040950073,0.0019598609289096223,1550000.0,9127.294605419296,0.1551551551551396,1.55,8.44
1120,type1_Damped_Osc,1000,9.99,18.530297181216717,0.23386323185902524,17.097441352270405,19.32860516562239,2.2311638133519835,15456.085434116672,958.0195435193876,343426.6056354237,1562.4999999999998,1376.49755193063,0.005378635055502978,0.028747290542447956,324.97464481720556,1.94,1.94,0.028972255164323002,0.012985265802058532,0.02299906236959158,0.9999994845363482,6927.364697121603,0.19419419419417475,0.0,8.05
1121,type2_HARD,1000,9.99,0.004092547517870219,0.000136370268019955,0.0040411016355769,0.0048725125832276,0.0008314109476506995,3.165474231679992,0.39553189218704804,0.016767542036025526,781.2499999999999,915.6424826497291,0.00020541490817489657,0.0008312306627309999,0.7101534144199751,0.0,0.0,0.0008314109476506995,0.9999999987972253,1.5063027275016838,0.0,3807.352112474889,0.0,0.0,9.99
1122,type4_overdamped_no_overshoot,1000,9.99,2.256225083222237e-09,5.064253678029104e-11,2.241195428499409e-09,2.6159133350354567e-09,3.747179065360477e-10,9.84760271018364e-07,8.599513252994562e-08,5.093116292692734e-15,390.62499999999994,282.46895063750236,5.920505487972566e-13,3.079027881044486e-12,5.4780244382850405e-08,0.0,1.33,3.9030296047280335e-12,0.010388191610861014,0.011464397097998638,1330000.0000000002,2621.0096827628377,0.1331331331331198,1.33,8.66
1123,type4_overdamped_decay_overshoot,1000,9.99,0.12332586798537043,0.0023653548177696225,0.1209602460271935,0.1429439700600587,0.021983724032865207,79.48864501002016,4.166188867816823,15.214864617758966,390.62499999999994,242.19450000985367,3.248412511832214e-05,0.0001701382116425093,2.0115203908699413,3.0,3.0,0.0001933798675283066,0.008796501776969692,0.013733299063866994,0.9999996666667778,3615.7952532323693,0.3003003003002702,0.0,6.99
1124,type1_Damped_Osc,1000,9.99,44.46909498822638,1.3977633016744826,36.0566020094971,49.176977135473855,13.120375125976757,110543.78153452049,4969.5808878580265,1979454.151319408,1171.8749999999998,1240.8292511633645,0.012022937699146233,0.06761382895700052,1214.3394582575766,2.34,2.18,0.07098135360777746,0.005410009464381666,0.008601554844611014,0.9316235334942166,8425.352207777103,0.2182182182181964,-0.1599999999999997,7.8100000000000005
1125,type1_HARD,1000,9.99,3.546013112746787e-09,7.743334806526679e-10,4.699862570292614e-10,4.6519728688340105e-09,4.181986611804749e-09,6.562747908715851e-05,7.019943660111823e-07,1.3173801335031837e-14,390.62499999999994,606.7570633797699,1.193529794693202e-12,5.948727041581812e-12,1.0698504802006056e-07,0.0,3.86,6.439514550995032e-12,0.0015394537799432986,0.001539376054918331,3860000.0,15689.143948477411,0.3863863863863477,3.86,6.130000000000001
1126,type0_HARD,1000,9.99,0.0534957135557784,0.013344876085548468,0.0011873561910164,0.060828643462903,0.059641287271886605,2043.7981338122997,7.2289261087400805,3.0398770865805367,390.62499999999994,657.1713881937737,1.645417319679445e-05,7.791381598579866e-05,1.0614828116773496,2.64,2.69,9.015181219999835e-05,0.0015115671764010042,0.0012329955774846143,1.0189390079776484,34268.176078443335,0.26926926926924233,0.04999999999999982,7.300000000000001
1127,type0_Step_Response,1000,9.99,2.453710571987554e-06,3.321298691045514e-07,1.3585622855860457e-07,2.5376573003903314e-06,2.401801071831727e-06,0.00649142203601871,0.00028672930320914215,6.131005821034896e-09,390.62499999999994,239.3941253740242,1.35335262535858e-09,6.3646095057331994e-09,5.8240761985416765e-05,0.0,1.59,6.529084969597667e-09,0.002718410915774705,0.004074757125127561,1590000.0000000002,2702.7298011563657,0.15915915915914322,1.59,8.4
1128,type1_Damped_Osc,1000,9.99,0.001284155458677266,3.3738967569251534e-05,0.0011373049653981,0.0013960580445822,0.00025875307918410005,1.454007150350012,0.08426275871241276,0.0016501935599832582,781.2499999999999,700.1938162024943,2.9915242407857e-07,1.5619130779998946e-06,0.016313427280803813,0.86,3.61,2.046811071699942e-06,0.007910286788639028,0.008866673664446476,4.197669537593561,5619.284413215493,0.3613613613613252,2.75,6.380000000000001
1129,type0_Step_Response,1000,9.99,28.61223495908212,7.278500017641225,-0.2890656352684481,31.1680034859484,31.457069121216847,35501.56943601088,3647.7806760490344,871636.5518605241,390.62499999999994,377.381660297694,0.00945828094991295,0.05419249117493763,565.223872253954,2.45,2.44,0.06470393496963212,0.0020568964870916473,0.0012994821634934662,0.9959179608498118,1128.5720643333875,0.24424424424421978,-0.010000000000000231,7.550000000000001
1130,type0_Step_Response,1000,9.99,1.0196676240006946e-06,1.2348388448187585e-07,-3.2508193125853327e-10,1.0492636017626016e-06,1.0495886836938602e-06,0.0036986129997785256,0.00012131735508480076,1.0549703331619551e-09,390.62499999999994,227.10892104862518,5.822302451941112e-10,2.662532648141166e-09,1.9253600330707695e-05,0.0,1.49,2.8650490622177052e-09,0.002729684853736968,0.004714992022198202,1490000.0,3523.8656183832322,0.1491491491491342,1.49,8.5
1131,type3_Sine_Wave,1000,9.99,0.019126990954519328,0.00017071638118538833,0.0188660177301651,0.0193588190126389,0.0004928012824737989,1.4009348390100345,0.4594052171412412,0.36587092705706936,390.62499999999994,398.84663437098254,0.00017068642736629074,0.00048603024328279856,0.46684084327198555,0.0,0.0,0.000490383712437998,0.9950942273957584,0.9998245345952501,0.0,2842.7986817216133,0.0,0.0,9.99
1132,type1_Damped_Osc,1000,9.99,17.234024463538024,0.3022006136970288,16.082840443290984,17.95108980444944,1.8682493611584547,7797.773256774931,720.8076915377925,297102.9244207459,390.62499999999994,497.6503952102383,0.003094531278056323,0.015340671757424929,284.70141024183755,5.3500000000000005,5.17,0.019739175014969135,0.010565599767002623,0.01023999005226543,0.9663549595598205,4173.839648437269,0.5175175175174657,-0.1800000000000006,4.82
1133,type1_Damped_Osc,1000,9.99,3.530778381939076e-09,8.146597691590854e-11,3.1107200851472403e-09,3.7780253123555395e-09,6.673052272082992e-10,3.734707390826756e-06,2.563562432698458e-07,1.247303268776318e-14,1171.8749999999998,1019.1906981941079,7.23126307798182e-13,3.645332131656601e-12,4.9049910095247654e-08,0.0,3.06,3.645332131656601e-12,0.0054545916794399305,0.00876878362255457,3060000.0,5588.325870841516,0.30630630630627564,3.06,6.93
1134,type1_HARD,1000,9.99,1.0197432020336738e-06,8.855951928746958e-08,-4.355956591335093e-09,1.4343687366567689e-06,1.438724693248104e-06,0.01268385555387161,0.00025647808355279633,1.047718986550318e-09,0.0,1299.0181019614308,2.4551259077650036e-10,1.2601521966337967e-09,2.1738031997868677e-05,0.0,1.17,1.529354640370964e-09,0.00106299251313032,0.002772257804626919,1170000.0,8816.03464329341,0.11711711711710539,1.17,8.82
1135,type5_Square_Pulse_Wave,1000,9.99,1.597502119241898e-06,9.445958808212547e-08,1.557753580666815e-06,1.8861093184538567e-06,3.283557377870418e-07,0.03272055637600477,0.00018250409818605147,2.560935634762999e-09,390.62499999999994,1613.9268809389544,2.5325942157804923e-10,1.5204891201764027e-09,2.776272005336605e-05,0.0,0.0,3.283557377870418e-07,0.9999969545318098,0.002681112056573919,0.0,99649.41361192938,0.0,0.0,9.99
1136,type1_HARD,1000,9.99,21.672165442975434,5.1571389580769855,-0.5038285184263884,23.54219172825205,24.046020246678438,188408.02142403417,2700.6031570750265,496278.83722061384,390.62499999999994,408.9389598537779,0.005866077892525321,0.024977983638354573,360.2782210209478,1.73,1.79,0.029499182511990796,0.0012267802409450437,0.0011374674873433214,1.0346814828430735,7835.3099386603,0.17917917917916124,0.06000000000000005,8.2
1137,type2_HARD,1000,9.99,1.6294583187084385e-06,2.4190495107039956e-08,1.6188983968958847e-06,1.7380106094059342e-06,1.1911221251004946e-07,0.0002874267094487311,5.417243151603153e-05,2.655719592461655e-09,390.62499999999994,595.8999480716445,1.810622733426069e-10,1.0583418669831686e-09,1.9891283895769215e-05,0.0,0.0,1.1911221251004946e-07,0.999991604625726,0.007484542503117802,0.0,2413.0548021654713,0.0,0.0,9.99
1138,type5_Square_Pulse_Wave,1000,9.99,0.07513225078276588,0.003543952065116847,0.0739478232149578,0.088464120277509,0.014516297062551198,1444.0899267980296,8.33737309516423,5.657414703924269,390.62499999999994,2045.5417801794722,0.005129594035920924,0.014506476586577402,13.114198747542941,0.0,0.0,0.014516297062551198,0.9999999999311119,1.4474219572448914,0.0,99480.59897616578,0.0,0.0,9.99
1139,type1_HARD,1000,9.99,21.35048609155871,3.2146744787510624,2.449557792522682,24.26519521210827,21.815637419585588,113200.07789828813,3581.4711884430135,466177.38835017546,390.62499999999994,530.7664999537354,0.009012866552304911,0.0373063820409989,297.7906727635073,2.02,2.03,0.04091936706834787,0.0018756897303220444,0.002803663827201474,1.004949997549506,5188.942029108646,0.20320320320318283,0.009999999999999787,7.960000000000001
1140,type2_Triangle_Wave,1000,9.99,0.016857995921600474,0.00037412119878708943,0.0166619397045897,0.0180681875241962,0.0014062478196065,7.411324493150281,1.8685877107380633,0.2843319931640801,781.2499999999999,1117.5199575431034,0.00031794932239577326,0.0013969779687467015,1.3778612032559425,0.0,0.0,0.0014062478196065,0.9999999992888878,0.8498564705146799,0.0,5270.28336296646,0.0,0.0,9.99
1141,type0_Step_Response,1000,9.99,0.24128212050730619,0.03377418477138304,-6.257149886139304e-05,0.2506228295205179,0.2506854010193793,686.40518427708,30.758617525368447,59.35775723347375,390.62499999999994,260.0586143066945,8.615655394836512e-05,0.0005332830374900899,6.5750781103535285,1.73,1.68,0.0005503830491788986,0.00219551296939767,0.0025509588026774474,0.9710977045678009,2738.1139128292484,0.16816816816815133,-0.050000000000000044,8.31
1142,type0_HARD,1000,9.99,48.34460968308469,7.299810153432039,-0.9692624790533354,75.19546293405776,76.1647254131111,259176.1748360369,15016.105736462341,2390488.5136859557,1171.8749999999998,1037.6419854740952,0.014981830852716843,0.08295795329891575,1183.0479158537698,2.26,2.25,0.09065841204477465,0.0011902939523913442,0.00205235897068789,0.9955747807191236,3402.837382138301,0.22522522522520266,-0.009999999999999787,7.74
1143,type2_HARD,1000,9.99,5.273333398814636e-09,9.305328941568087e-11,5.230554675988347e-09,5.717706793817881e-09,4.871521178295333e-10,2.1862013208260355e-06,3.9336641561218957e-07,2.7816704049724994e-14,390.62499999999994,1026.3768516833056,6.085144968760477e-11,2.563866850743654e-10,2.5850702519803e-07,0.0,0.0,4.871521178295333e-10,0.9979514582371448,0.6469890640258609,0.0,4478.524707721282,0.0,0.0,9.99
1144,type0_Step_Response,1000,9.99,37.42876039910392,8.661922765794895,0.0020764627250435,41.70296430752408,41.700887844799034,41970.428248583325,4530.2804371488155,1475941.0110141258,390.62499999999994,351.67440690656105,0.01612899814472335,0.07522716881934599,744.2519154926382,5.57,5.58,0.07946652680006139,0.0019056315322545489,0.0018620574877916667,1.001795152280942,1006.4636610325049,0.5585585585585027,0.009999999999999787,4.41
1145,type3_Sine_Wave,1000,9.99,0.0021089587048310644,1.8430120813371797e-05,0.0020814188657499,0.0021341271093344,5.270824358450006e-05,0.15500122890000148,0.035229035690901266,0.004448046488035917,390.62499999999994,366.2785427982842,1.92604584062428e-05,5.257817797719999e-05,0.03269867541478083,0.0,0.0,5.2629227870300103e-05,0.9985008661391999,1.0450532341174523,0.0,2940.739729085623,0.0,0.0,9.99
1146,type0_Step_Response,1000,9.99,41.71875671184458,5.275418544648728,-0.0077845756824659,43.72347290432812,43.73125748001058,136754.37153169594,5285.224076369243,1768284.7024033007,0.0,275.12675113750754,0.026392250602073643,0.14776010198713152,890.4788008315068,4.0600000000000005,4.09,0.14776010198713152,0.0033788212482723325,0.005002873303548659,1.0073889144362278,3127.153880589937,0.4094094094093684,0.02999999999999936,5.9
1147,type0_Step_Response,1000,9.99,25.05458983453022,4.339171460364319,-0.003965620721183,26.89362832537712,26.8975939460983,64983.757985628414,3010.1609636410735,646560.8807389854,390.62499999999994,387.88619888177055,0.008402226239466643,0.04308646806963523,465.14837923605603,3.03,3.02,0.059723104968249174,0.0022203883770395842,0.00193636649674112,0.9966993410233198,2415.969179840057,0.302302302302272,-0.009999999999999787,6.970000000000001
1148,type0_Step_Response,1000,9.99,4.934500890492735e-06,8.918735649976901e-07,3.4778989528298954e-10,5.324860115409173e-06,5.32451232551389e-06,0.014283836268316145,0.0006700374764778844,2.5144737494215283e-08,390.62499999999994,445.0107364226465,2.0943548556703754e-09,1.2519533288176605e-08,0.00016532174971733865,0.0,3.7,1.50381460623924e-08,0.0028243231151911913,0.0023482616702672756,3700000.0000000005,2682.6557461826906,0.3703703703703333,3.7,6.29
1149,type0_HARD,1000,9.99,3.8840760458167525,0.9961495145022969,0.0386234405521885,4.510361488307006,4.471738047754817,251428.8619963523,528.2527588541061,16078.360584930662,390.62499999999994,1035.9269466842163,0.00045905947911427413,0.002645177056896486,53.376133848222736,2.52,2.48,0.00360909812407062,0.0008070906849925788,0.0004608339134142647,0.984126593600558,56226.205406314926,0.2482482482482234,-0.040000000000000036,7.51
1150,type2_Triangle_Wave,1000,9.99,23.6657098194066,0.6482075866124044,23.37873852217561,26.086712918286533,2.7079743961109237,46572.61323494772,9097.83889998215,560485.9943316999,3515.6249999999995,4128.365297290518,0.631157414000036,2.6626172744872285,8528.672426460531,0.0,0.0,2.7079743961109237,0.9999999999996307,0.9736964315668566,0.0,17198.32111478458,0.0,0.0,9.99
1151,type0_HARD,1000,9.99,29.18960083490591,4.75986321310043,1.8958057241201,30.747647762050985,28.851842037930886,37956.09507233663,3634.2525579989046,874689.0947085664,390.62499999999994,309.97627199080716,0.009684316725304737,0.05325125066381986,763.8298460604603,1.88,1.84,0.07017730361640062,0.002432333558603906,0.0020345787876107123,0.9787228836580407,1315.551881312648,0.18418418418416574,-0.039999999999999813,8.15
1152,type1_HARD,1000,9.99,20.96208089879738,3.000536057426932,-0.8111754329900561,31.28142681840376,32.092602251393814,119708.97075865368,5891.361512109719,448412.0522396453,1171.8749999999998,1081.0056847316382,0.005642267799386226,0.02996827079558173,404.6144259598912,2.22,2.21,0.0327145358537102,0.0010193793447300882,0.0018804199287719254,0.9954950470743029,3730.111064877915,0.22122122122119905,-0.010000000000000231,7.78
1153,type1_Damped_Osc,1000,9.99,0.0024503758180859665,6.16390099920272e-05,0.00216008154836,0.0026180792043249,0.00045799765596489994,2.271239875169988,0.18348730394781848,0.006008141017413264,781.2499999999999,783.3840831118118,6.690735133271417e-07,4.03092160989986e-06,0.059417035615384334,1.36,3.5700000000000003,4.649323321800122e-06,0.010151412897198373,0.010854708772236535,2.6249980698543607,4959.064398323007,0.3573573573573216,2.21,6.42
1154,type0_Step_Response,1000,9.99,0.023812380443889048,0.004408466358070793,1.8325343879360823e-06,0.025463045406823,0.025461212872435062,37.483392720880076,2.900516256022421,0.5864640380347514,390.62499999999994,302.5149094079497,1.2668177948789841e-05,5.9202350188098524e-05,0.5273732602429023,3.2,3.47,7.545346457719926e-05,0.0029634670175482324,0.002873602045918756,1.0843746611329184,1472.1762434180168,0.3473473473473126,0.27,6.52
1155,type5_Square_Pulse_Wave,1000,9.99,6.94582784931577,0.05490677642572763,6.9250445565053225,7.135696299607405,0.21065174310208246,20925.030034962776,183.93786897746307,48247.53926642801,781.2499999999999,1905.6222734387875,0.06112756877050551,0.18437808933244693,231.1579018932813,0.0,0.0,0.21065174310208246,0.9999999999952528,1.1132973514130708,0.0,99334.7110577818,0.0,0.0,9.99
1156,type0_HARD,1000,9.99,0.836002324497922,0.0955711485587596,0.0555291029540598,1.1675453273661194,1.1120162244120595,5047.004031536517,185.43457620483392,708.0337310027696,1562.4999999999998,1045.444212214006,0.00017286743558465358,0.0010437522934103605,17.609193989077923,3.84,2.63,0.0011751880226459344,0.0010568083422220012,0.0018087826523980868,0.6848956549750899,4538.606470602898,0.2632632632632369,-1.21,7.36
1157,type0_Step_Response,1000,9.99,3.6608594674397937e-09,5.226026296530031e-10,-3.566774473122192e-13,3.810873715089939e-09,3.811230392537251e-09,1.0587265375168482e-05,4.4149887756291224e-07,1.3675005548863803e-14,390.62499999999994,250.24052816958428,1.559960814348948e-12,8.328717519695e-12,7.594185620491324e-08,0.0,2.27,1.1536233557097596e-11,0.0030261113230933535,0.0029792837659786972,2270000.0,2777.184032710591,0.22722722722720448,2.27,7.720000000000001
1158,type4_overdamped_decay_overshoot,1000,9.99,0.8276932530672161,0.01668758239038861,0.7803487532001441,0.8947299683469816,0.11438121514683752,490.5312648616488,31.891878525255134,685.3545965790267,390.62499999999994,342.8037874429545,0.00019301736943216365,0.001064961288270383,19.077447388490835,3.51,3.47,0.001213613853327522,0.010610254942290377,0.011566526828461836,0.9886037069505109,4288.564903141115,0.3473473473473126,-0.03999999999999959,6.52
1159,type0_HARD,1000,9.99,3.7063012144105073e-06,4.5656497577826483e-07,-1.2935450434513814e-07,4.202451254222261e-06,4.331805758567399e-06,0.01624908198499628,0.0005838108887142495,1.3945120269048209e-08,0.0,248.18673096987783,8.383158519736499e-10,4.310397816773993e-09,9.890576456606591e-05,0.0,3.23,4.967419945783892e-09,0.0011467316578606336,0.0018361329938015032,3230000.0,3751.1096156030108,0.32332332332329095,3.23,6.76
1160,type0_Step_Response,1000,9.99,27.440828447050094,6.006200733116048,-0.0010841392562647,29.86259857466566,29.863682713921925,27036.00113988309,3483.9880725751727,789073.5131069175,390.62499999999994,362.49924824222796,0.010294478694600649,0.05267686611539091,673.7659332444312,2.73,2.72,0.07686497793621783,0.0025738613242224863,0.0017139751320396025,0.9963366313785234,905.3137015575938,0.27227227227224504,-0.009999999999999787,7.27
1161,type1_HARD,1000,9.99,46.80989032270324,6.290221168700117,4.351283119573095,72.62585754911368,68.27457442954058,245140.57470787162,13173.023912320314,2230732.71437467,1171.8749999999998,1080.9435649741397,0.00891136429000081,0.05383344807741963,774.8817405972385,3.5500000000000003,2.96,0.05463484335781743,0.0008002223933918452,0.0014167012655043,0.8338025820274416,3590.510475621541,0.29629629629626664,-0.5900000000000003,7.03
1162,type5_HARD,1000,9.99,0.1855410522973187,0.013962578148002834,0.1782421169338924,0.2187548141538556,0.04051269721996317,4045.6487413282584,26.822340924316567,34.62043567613544,390.62499999999994,1359.1649278603268,0.01812969959980321,0.040499034537797685,35.66150300922666,0.0,0.0,0.04051269721996317,0.9999999999753164,1.2984492839596373,0.0,99861.25384993744,0.0,0.0,9.99
1163,type1_Damped_Osc,1000,9.99,1.0260754721875915e-06,2.5158957582821196e-08,9.43285284501497e-07,1.1297136694934574e-06,1.8642838499196036e-07,0.0007526277904458455,5.706859342866683e-05,1.053463847771643e-09,390.62499999999994,585.2802243315929,1.78491512939976e-10,8.812814743384835e-10,1.6272661173313482e-05,0.0,3.85,1.1064155394790495e-09,0.005934770098215809,0.007094269231274343,3850000.0000000005,4037.0663159045557,0.3853853853853468,3.85,6.140000000000001
1164,type0_Step_Response,1000,9.99,1.5314021033719817e-09,5.432056840561056e-10,-1.9950769642385203e-10,1.9289551734251768e-09,2.128462869849029e-09,2.4894679833652936e-06,2.67832719687036e-07,2.640264817402991e-15,390.62499999999994,494.19326464560464,2.186767001365855e-13,1.1129820436938892e-12,2.5971440820696373e-08,0.0,7.16,1.2036043155450464e-12,0.0005652149810108582,0.0004018272990218175,7160000.000000001,1169.059117495572,0.7167167167166449,7.16,2.83
1165,type0_HARD,1000,9.99,19.225920970708394,3.636930794995415,0.4569208109632493,27.599810896391077,27.142890085427826,45477.9550334905,4444.682872094608,382863.30277951073,390.62499999999994,397.2230492591268,0.005352970942988213,0.023395243819631872,272.1138792598597,5.3,5.3,0.02688392350270874,0.0009904591374792803,0.0014718374488600875,0.9999998113207903,1675.5015729848358,0.5305305305304774,0.0,4.69
1166,type4_HARD,1000,9.99,3.827851546673534,0.09399076513785785,3.786617266743207,4.485540134168139,0.6989228674249319,1729.5127249516538,161.52588794806957,14661.281727302165,390.62499999999994,292.8048785319553,0.0014348477354835477,0.008136081163470976,111.90531310746152,4.45,4.42,0.008655039361467054,0.012383397031124137,0.015265837376297194,0.9932582037622013,2474.5401897083275,0.4424424424423981,-0.03000000000000025,5.57
1167,type5_HARD,1000,9.99,3.0882010016967596e-06,1.4205541123238973e-07,3.030863527611965e-06,3.5105120677590037e-06,4.796485401470389e-07,0.04775315653571299,0.0002936837480208087,9.557165166741272e-09,390.62499999999994,1729.4789859303987,3.8769637053200155e-10,2.060918139579014e-09,4.5017288458035066e-05,0.0,0.0,4.796485401470389e-07,0.9999979151444621,0.0027291719336607063,0.0,99558.43285302437,0.0,0.0,9.99
1168,type1_Damped_Osc,1000,9.99,0.022779430627401096,0.0002277964151434847,0.021827893336507,0.0234881189935285,0.001660225657021501,8.877040981070117,0.6504220187824837,0.5189543509153314,390.62499999999994,583.4115587879869,3.8017051683518038e-06,2.0875894762999864e-05,0.2952321231154226,1.96,2.94,2.6566199457400685e-05,0.016001559383836867,0.016689047320029744,1.499999234694268,5346.888200516627,0.29429429429426485,0.98,7.050000000000001
1169,type1_Damped_Osc,1000,9.99,8.892376200200686e-09,1.7989975295765903e-10,8.095100238393098e-09,9.522224040708357e-09,1.4271238023152586e-09,9.211004914526064e-06,5.288272278490321e-07,7.910671840700982e-14,781.2499999999999,688.9083582431946,2.328291059273909e-12,1.3244047303085866e-11,2.1229716787347815e-07,0.0,2.99,1.4464064806864683e-11,0.010128018861821153,0.012870614919075447,2990000.0000000005,6449.724386354518,0.29929929929926935,2.99,7.0
1170,type0_Step_Response,1000,9.99,4.347286524422139e-06,9.480022190373837e-07,-3.3353135644703e-07,4.6663284785073065e-06,4.999859834954337e-06,0.010626753578187093,0.0006031795843838238,1.9797608332722122e-08,390.62499999999994,311.1052753682816,2.1040338813275084e-09,1.197774905772669e-08,0.00011157722560219886,0.0,2.72,1.4331667192584596e-08,0.0028664132194222334,0.0022194374861553476,2720000.0000000005,2125.4098721898017,0.27227227227224504,2.72,7.27
1171,type1_HARD,1000,9.99,4.4189679236939006e-06,6.472104887890352e-07,-3.856555004846481e-07,5.398978881731412e-06,5.78463438221606e-06,0.01696922978225818,0.0008198403279005255,1.9946158927434125e-08,0.0,443.5082246201932,1.3751530694848828e-09,6.96195941005359e-09,0.0001142168426871393,0.0,2.65,8.254328577584899e-09,0.001426940166870589,0.002124735257802457,2650000.0,2933.500326473017,0.2652652652652387,2.65,7.34
1172,type0_HARD,1000,9.99,2.210394678636051e-06,5.647336040484138e-07,-8.83440974434107e-08,2.404645081262618e-06,2.4929891787060287e-06,0.09610213055827714,0.00027875538269669004,5.204768678884082e-09,390.62499999999994,727.7291292801457,5.882958585277049e-10,2.889993903029894e-09,3.090437427774994e-05,0.0,1.31,3.1750451617161968e-09,0.0012735891175328195,0.0010417209328247067,1310000.0,38548.940697455284,0.13113113113111802,1.31,8.68
1173,type0_Step_Response,1000,9.99,40.93566697196245,5.882172060291175,-0.0170522019816019,43.24942752645185,43.26647972843345,170977.46839277432,6069.032498793085,1710328.778586287,390.62499999999994,479.67170034533615,0.020098494575447743,0.10866366459104171,1279.4904752418931,2.77,2.76,0.14028303850493273,0.0032423030342526252,0.0034168491450842437,0.9963895319893386,3951.7305190052016,0.27627627627624857,-0.010000000000000231,7.23
1174,type5_Square_Pulse_Wave,1000,9.99,0.030305238007139152,0.0011711119650296233,0.0298755352809358,0.0349857037350629,0.005110168454127099,508.8627963384301,4.2236786652990475,0.9197789539039869,781.2499999999999,2371.128298080315,0.001213530135829458,0.0037414317953177005,6.150789168876592,0.0,0.0,0.005110168454127099,0.9999999998043116,1.036220422154547,0.0,99578.47785387219,0.0,0.0,9.99
1175,type0_HARD,1000,9.99,0.36453194557311397,0.08687145852869366,0.0092333495692794,0.3928696796438153,0.3836363300745359,14925.26537789096,45.69891477691056,140.43018965022227,390.62499999999994,732.5215550923651,9.663810134459745e-05,0.0005605683864874922,8.692208008824776,1.05,1.01,0.0005838456566671368,0.0015218726979068454,0.0011124263708726086,0.9619038458058612,38904.72358275416,0.10110110110109098,-0.040000000000000036,8.98
1176,type1_HARD,1000,9.99,6.5126795664878166e-06,8.988843928456254e-07,3.7056523596869015e-08,8.981968928015904e-06,8.944912404419036e-06,0.028841384302380754,0.0014611015077518172,4.322298828744938e-08,1171.8749999999998,796.3861412913657,2.0067240446140293e-09,1.1172793338119334e-08,0.00017666412294758998,0.0,2.27,1.3338670803233964e-08,0.001491201781410683,0.002232458176076585,2270000.0,3224.333540013066,0.22722722722720448,2.27,7.720000000000001
1177,type1_Damped_Osc,1000,9.99,5.693643662401495e-09,1.3633387309791848e-10,5.079593458487891e-09,6.015224916341781e-09,9.356314578538905e-10,4.769671245696772e-06,3.3750713140902435e-07,3.243616507935859e-14,390.62499999999994,615.6738207610921,1.313278545837254e-12,6.590898730386071e-12,1.1055257369410606e-07,0.0,3.33,8.754840704182214e-12,0.009347156377004711,0.00956267027363957,3330000.0,5092.367126580981,0.33333333333329995,3.33,6.66
1178,type4_overdamped_decay_overshoot,1000,9.99,3.0471972286996525e-09,5.650064136445441e-11,2.8295779544979197e-09,3.49540465066023e-09,6.658266961623102e-10,5.543735918668395e-06,1.2841084351130271e-07,9.288603273069437e-15,390.62499999999994,467.63306360357325,8.51971344629357e-13,4.82535818110209e-12,4.5441369383884806e-08,0.0,1.57,5.386389671410738e-12,0.008077645514809524,0.014816727681858977,1570000.0000000002,8313.608244201147,0.15715715715714143,1.57,8.42
1179,type4_overdamped_decay_overshoot,1000,9.99,1.66629000628565e-06,3.5248566073207265e-08,1.606927632972588e-06,1.8767835087046409e-06,2.6985587573205275e-07,0.0006599320809053195,6.857697674158995e-05,2.7777648464576487e-09,390.62499999999994,295.8555806413508,4.2455137988596146e-10,2.3401006804736047e-09,4.98088356096797e-05,0.0,6.09,2.404022943282307e-09,0.008908510990356673,0.012044159040262837,6090000.0,2445.489221332947,0.6096096096095486,6.09,3.9000000000000004
1180,type1_HARD,1000,9.99,6.321398349928394e-09,5.321444596928845e-10,4.77153068845549e-10,7.528270106918227e-09,7.051117038072678e-09,4.478511245975305e-05,9.448478998011061e-07,4.024325482445925e-14,0.0,232.16264244690706,1.87089236863399e-12,1.1470782010604674e-11,1.1823288566789881e-07,0.0,2.13,1.4000102783662302e-11,0.001985234037960392,0.00350916592045561,2130000.0,6350.591207997404,0.21321321321319187,2.13,7.86
1181,type4_HARD,1000,9.99,5.454547870249559e-09,7.515019371975116e-11,5.228577003966201e-09,5.730248071644846e-09,5.01671067678645e-10,2.206867547712863e-06,1.8994168756183933e-07,2.975774002046012e-14,390.62499999999994,365.15514625132766,1.8524030303860195e-12,9.112672568473025e-12,1.4073435831047918e-07,0.0,2.35,1.346178617000072e-11,0.026780507245359842,0.024325650926158574,2350000.0,4390.281616772307,0.2352352352352117,2.35,7.640000000000001
1182,type2_Triangle_Wave,1000,9.99,0.10604507876062788,0.0021326871042882164,0.1050764710452287,0.1138406821024433,0.008764211057214602,119.63132315927076,24.66853077826718,11.250107083632571,1562.4999999999998,3264.388190868153,0.00224541576691465,0.008451604502966004,27.733932364022234,0.0,0.0,0.008764211057214602,0.9999999998858996,1.0528575717210984,0.0,13649.981996627248,0.0,0.0,9.99
1183,type0_Step_Response,1000,9.99,34.43449249326647,7.856546155342376,0.0029352637142265,37.72062966224221,37.71769439852798,36587.27593034356,4506.70407860822,1247459.59075985,390.62499999999994,357.6496474736901,0.018738980515850275,0.09792167261874596,1222.393276658373,4.28,3.86,0.11832935965762914,0.0031372373509194152,0.0023851422934880314,0.9018689481614606,970.0294918283894,0.3863863863863477,-0.4200000000000004,6.130000000000001
1184,type0_Step_Response,1000,9.99,27.739511295406707,5.218200293286755,3.630621935203994e-05,29.298504690239945,29.29846838402059,35653.2541775362,3546.5049006187123,796710.1012088542,390.62499999999994,317.3408398382087,0.011060474191939442,0.059077770693555465,733.1635390006754,1.4,1.38,0.09327817737603539,0.0031837219663982913,0.002119595563659503,0.985713581633156,1216.8982251980208,0.13813813813812428,-0.020000000000000018,8.61
1185,type0_Step_Response,1000,9.99,8.8602749995473,1.5185082873858275,-0.5982117953656625,9.457796718805028,10.05600851417069,35178.64542995464,1214.0276937697172,80810.34048646234,390.62499999999994,431.8288184801531,0.0063184021389434235,0.02662036557654268,199.19009192616042,2.69,2.72,0.027305529890103486,0.0027153447465385954,0.004160927004103905,1.0111520404639256,3498.2712455322826,0.27227227227224504,0.03000000000000025,7.27
1186,type5_HARD,1000,9.99,48.191650453742795,3.0640480836360116,40.51462923434208,57.05501185115276,16.540382616810682,888059.1227824801,4564.4353751370645,2331823.5641145622,390.62499999999994,1380.510630436079,1.4626690443681065,3.4514376644522216,3319.58980482165,0.0,0.0,16.540382616810682,0.9999999999999396,0.477364912182424,0.0,53690.36154459057,0.0,0.0,9.99
1187,type0_Step_Response,1000,9.99,1.0049493472727233,0.1873865282342543,1.347393963119848e-05,1.065984494963771,1.0659710210241398,1541.0524995369399,132.03426763835245,1045.0369015475594,390.62499999999994,324.9749129490131,0.0004004483954521382,0.0021547066830773787,30.14942909395032,1.7,1.68,0.003191443933651117,0.0029939312333105627,0.0021370180622023983,0.9882347128031101,1445.6795439475607,0.16816816816815133,-0.020000000000000018,8.31
1188,type5_HARD,1000,9.99,43.63276121514089,2.5939348650092064,42.61541230690665,52.76518480772619,10.149772500819545,1013263.4656346105,4741.784282843035,1910546.3493414135,390.62499999999994,1513.734626284455,2.472041527699519,10.132634656346106,4994.988743885639,0.0,0.0,10.149772500819545,0.9999999999999014,0.9530083276357798,0.0,99831.15045708607,0.0,0.0,9.99
1189,type4_HARD,1000,9.99,6.289609208232567e-06,2.94521884105857e-07,4.587751502080979e-06,6.403026769768769e-06,1.8152752676877903e-06,0.003385314391552802,0.00031571699289107183,3.964592713250115e-08,390.62499999999994,314.1691057052733,1.525199345095097e-09,9.887601935403813e-09,0.00017726830473297162,0.0,2.88,9.918336255760034e-09,0.005463816407622364,0.005178542746263859,2880000.0,1864.9031289682694,0.2882882882882594,2.88,7.11
1190,type2_Triangle_Wave,1000,9.99,34.77394125154696,0.41181257970071633,34.550925177690985,36.10263887037116,1.551713692680174,8723.28210054718,2191.8575590928685,1209396.5797668388,781.2499999999999,1096.540331874521,0.4559219155142388,1.5503488277210522,2781.7385383065057,0.0,0.0,1.551713692680174,0.9999999999993555,1.107110219518966,0.0,5621.708528893884,0.0,0.0,9.99
1191,type5_Square_Pulse_Wave,1000,9.99,43.29309528074031,3.070529371143397,41.8794549860376,50.8378889357694,8.958433949731798,891753.1559745014,7035.056871890644,1883720.2496063127,781.2499999999999,1561.3434709594828,3.5354871973541657,8.958433949731798,8189.019474166079,0.0,0.0,8.958433949731798,0.9999999999998883,1.1514259497333768,0.0,99543.42030965128,0.0,0.0,9.99
1192,type2_HARD,1000,9.99,2.872722406964099,0.0967539876181544,2.83185310446616,3.353068511401393,0.5212154069352333,2374.4863398745597,340.5640548566352,8261.895361593619,390.62499999999994,952.0705609145697,0.09567219925412952,0.36749854284229455,326.16584974865594,0.0,0.0,0.5212154069352333,0.9999999999980814,0.9888191857344107,0.0,4555.671816825361,0.0,0.0,9.99
1193,type1_Damped_Osc,1000,9.99,1.4175892797522129e-06,2.1783918057101474e-08,1.2937514123599764e-06,1.4701474702780567e-06,1.7639605791808028e-07,0.0011950316298303225,8.10355031853164e-05,2.0100339051543158e-09,1171.8749999999998,1029.8848922434613,3.456718310513544e-10,2.0309127450875013e-09,3.510303264806399e-05,0.0,2.51,2.033168221275899e-09,0.01152608918352886,0.01586748364833403,2510000.0,6774.668715763397,0.25125125125122605,2.51,7.48
1194,type2_Triangle_Wave,1000,9.99,0.26786068614744735,0.006310739195425446,0.2649191833692542,0.2900811006380392,0.025161917268785028,143.36933465547983,32.01400864380502,71.78917261257399,781.2499999999999,1295.5018678515632,0.005685382974882462,0.024886304497230394,29.14935929873658,0.0,0.0,0.025161917268785028,0.9999999999602575,0.900906026682706,0.0,5697.870043776069,0.0,0.0,9.99
1195,type0_HARD,1000,9.99,1.0832246093625685e-06,1.897904213900333e-07,5.4243962608976e-08,1.2411702162766554e-06,1.1869262536676793e-06,0.0018153914661400167,0.00021319598932759845,1.2093959583800956e-09,390.62499999999994,616.2432160904925,2.701524976581981e-10,1.4854708544706648e-09,2.7788877102586056e-05,0.0,3.49,1.895867594127835e-09,0.0015972904727475806,0.0014234178535552338,3490000.0000000005,1529.4884000096415,0.3493493493493144,3.49,6.5
1196,type4_HARD,1000,9.99,8.28324706761453e-09,1.3800725504288318e-10,7.547569335987e-09,8.331712106622347e-09,7.841427706353478e-10,1.058451989890576e-06,1.5671426584898906e-07,6.863122798558919e-14,390.62499999999994,337.61467863943585,8.331152427348177e-13,5.205328315681091e-12,8.796634801439408e-08,0.0,1.75,7.1304163642744056e-12,0.00908168123168781,0.0059933220210542605,1750000.0,1348.1013001419637,0.17517517517515763,1.75,8.24
1197,type2_HARD,1000,9.99,3.462025998219983e-06,1.640890114148524e-07,3.3807910468315714e-06,4.143736537785056e-06,7.629454909534846e-07,0.002380955738965075,0.0003938857521324542,1.2012549216018172e-08,390.62499999999994,726.7093912887714,1.6144361193181353e-07,4.769255668925845e-07,0.0002871928908401507,0.0,0.0,7.629454909534846e-07,0.9999986892920908,0.9838722694926978,0.0,3120.7375185506125,0.0,0.0,9.99
1198,type3_Sine_Wave,1000,9.99,6.998254259447396,0.09962358755886137,6.856062146844768,7.140211213994178,0.2841490671494098,520.371323278379,181.23412779436305,48985.487539071706,390.62499999999994,365.99495650563955,0.09883220640627532,0.2836131450401824,180.9648726693456,0.0,0.0,0.28389046040545285,0.9990898905720496,0.992056287341484,0.0,1831.332154270029,0.0,0.0,9.99
1199,type0_HARD,1000,9.99,9.199518605338265e-06,1.0826595766993059e-06,2.8730415175660097e-07,1.130309847161281e-05,1.101579431985621e-05,0.04397432310495201,0.0014808266645524478,8.580329432898365e-08,0.0,395.0590179946777,1.1119042438734237e-09,5.771354042356802e-09,0.00012938497320302676,0.0,1.59,8.037323379547564e-09,0.0007296180753340719,0.001027010928266431,1590000.0000000002,3991.93356703781,0.15915915915914322,1.59,8.4
1200,type1_Damped_Osc,1000,9.99,1.5253024124370564e-06,2.6286842243306854e-08,1.446463162360989e-06,1.649922867638764e-06,2.0345970527777502e-07,0.0011957143575053336,6.698789312163967e-05,2.327238447461429e-09,390.62499999999994,562.8429941950614,4.067391118792106e-10,2.225804721251903e-09,2.7192589486316297e-05,0.0,3.6,2.323403399710447e-09,0.011419420750254537,0.015472517984345801,3600000.0000000005,5876.881021683685,0.36036036036032426,3.6,6.390000000000001
1201,type0_Step_Response,1000,9.99,0.031423815801471605,0.008123042938649266,-0.0014981651950516,0.0359329103643751,0.0374310755594267,66.87863363571012,6.200627186302814,1.0534400261079564,390.62499999999994,577.035039751626,1.7149298751069854e-05,7.838778614509961e-05,0.7100731448045116,6.390000000000001,6.43,7.838778614509961e-05,0.002094190053891308,0.002111191443709187,1.0062596234335486,1786.7141842543338,0.6436436436435792,0.03999999999999915,3.5600000000000005
1202,type3_Sine_Wave,1000,9.99,3.400414382469409e-09,2.501336396384239e-11,3.3653900119692473e-09,3.437293640838611e-09,7.19036288693636e-11,2.0993175950804123e-07,6.342556607196771e-08,1.15634436408816e-14,390.62499999999994,454.0095838630689,2.446122166331166e-11,7.155225250144062e-11,6.529320064362027e-08,0.0,0.0,7.19036288693636e-11,0.9862832616769749,0.940332888022935,0.0,2879.5790108640417,0.0,0.0,9.99
1203,type5_HARD,1000,9.99,35.795123474304795,1.740898249672909,35.05020773577941,41.41985459386939,6.369646858089979,634279.6077819954,2187.167492651668,1284321.591256441,390.62499999999994,1139.74744911437,0.0039577172154189755,0.01981196852638334,460.3499140594397,1.72,0.0,6.369646858089979,0.999999999999843,0.0022733765262618324,0.0,99578.4573168775,0.0,-1.72,9.99
1204,type3_Sine_Wave,1000,9.99,0.0026987448436542032,4.1726167235640903e-05,0.0026392295028883,0.0027576308815325,0.00011840137864419994,0.2804444947500199,0.11640863820875831,0.007284964804182328,390.62499999999994,431.13174258135405,4.259275099012341e-05,0.00011840137864419994,0.10952689078646778,0.0,0.0,0.00011840137864419994,0.9999999915541525,1.0207683281529383,0.0,2368.591443721052,0.0,0.0,9.99
1205,type0_Step_Response,1000,9.99,0.04297405938638302,0.006678093355704705,-8.367536092123469e-06,0.0448228217910486,0.044831189327140725,91.34751741634999,5.621167182548771,1.8913667110118817,390.62499999999994,252.57116007652303,2.4596775709138568e-05,0.00012683472203850465,1.4241765967542523,1.68,1.74,0.00014781811922150168,0.003297216099701277,0.0036832033329458887,1.0357136692180542,2037.5885356896113,0.17417417417415673,0.06000000000000005,8.25
1206,type0_HARD,1000,9.99,0.785714484716725,0.08820083071775812,0.0206765850602074,0.9000125534208975,0.8793359683606901,3659.490395169068,119.33326767397749,625.1266380329712,0.0,221.40682396820222,0.00023783818450680348,0.0015546056716104761,23.289450784242927,3.13,2.92,0.0015546056716104761,0.001767931402268118,0.0026965526579356943,0.9329070501894408,4161.65211800348,0.292292292292263,-0.20999999999999996,7.07
1207,type2_HARD,1000,9.99,0.5572131010872214,0.009530401756390637,0.5525736090726109,0.6017101917424315,0.04913658266982057,207.8055474685203,38.00328450222309,310.5772685808762,390.62499999999994,894.723049615299,0.008713821034781284,0.0338928435638679,35.22394091616583,0.0,0.0,0.04913658266982057,0.9999999999796486,0.9143183316510124,0.0,4229.141225808612,0.0,0.0,9.99
1208,type5_Square_Pulse_Wave,1000,9.99,38.13279472588297,0.43436596795852445,37.94482874551439,39.42188369965596,1.4770549541415647,144588.28813539454,1921.0300018694447,1454298.7074004484,781.2499999999999,2084.6866937155883,0.4848618546440246,1.4736741703438767,2109.827639215844,0.0,0.0,1.4770549541415647,0.9999999999993229,1.1162519405507514,0.0,97889.57934833813,0.0,0.0,9.99
1209,type4_overdamped_decay_overshoot,1000,9.99,0.003994653492540545,2.2475531733989153e-05,0.0039728410722134,0.0041655104451555,0.0001926693729421003,0.5962334927300285,0.08259123123494552,0.015957761674993097,390.62499999999994,350.06172633319574,6.751096568257224e-07,3.6487543466001346e-06,0.07958441698421612,0.19,3.0500000000000003,4.824589880299615e-06,0.025040772083213748,0.03003753747757765,16.052547091857413,3094.5940215137907,0.3053053053052748,2.8600000000000003,6.9399999999999995
1210,type0_Step_Response,1000,9.99,37.181810066964374,5.772400446557926,-0.0078143127561129,38.87572771479206,38.883542027548174,82989.7009833021,4602.83565144525,1415807.6067712358,390.62499999999994,278.98225600681036,0.019762529392824017,0.11253081516281327,885.711618571316,1.73,1.72,0.11253081516281327,0.002894047437424416,0.0034236241189061927,0.9942190784860818,2134.3143308421722,0.17217217217215494,-0.010000000000000009,8.27
1211,type0_HARD,1000,9.99,39.32110771031513,5.269994743297339,-1.535718805868501,49.46226457448548,50.99798338035398,158577.11580488674,7443.549033613608,1573922.3561605858,0.0,482.9686595761561,0.010704794331891409,0.06257488632619612,1116.5940236399103,1.87,1.85,0.06655903099219529,0.0013051306459665737,0.002031272297852727,0.9893042837945006,3109.478165483157,0.18518518518516666,-0.020000000000000018,8.14
1212,type0_Step_Response,1000,9.99,25.766407274677167,5.794595128699835,-7.619466385206133,27.596940278279934,35.21640666348607,112171.54330889283,6011.821761650472,697485.0765500884,390.62499999999994,364.6630339742721,0.012566819879556563,0.06773677870661388,848.9393216828233,2.22,2.21,0.07434152290182894,0.002110991152851134,0.0021687140517052967,0.9954950470743029,3185.2069514290924,0.22122122122119905,-0.010000000000000231,7.78
1213,type1_Damped_Osc,1000,9.99,38.59600321422031,0.4219714434120203,35.56469184020245,40.195178212344295,4.630486372141846,41525.762549130006,2137.380221219688,1489829.5240111602,1953.1249999999998,1811.1328526873808,0.007458932540189745,0.038751849616417644,764.2697363933723,1.66,1.62,0.044910445958201706,0.009698861490746282,0.017676391747886686,0.9759030265644419,8967.905142524622,0.16216216216214593,-0.039999999999999813,8.370000000000001
1214,type1_HARD,1000,9.99,31.52428426962658,6.884842521009878,2.412616060036201,34.02811506716107,31.615499007124868,251203.41131345433,3587.617640794935,1041181.5552513313,390.62499999999994,409.37655057548307,0.010271099324237566,0.05211815984068835,525.5193501822921,1.5,1.49,0.058356224800085954,0.0018458106508751596,0.0014918423032760225,0.9933326711115527,7945.577934950044,0.1491491491491342,-0.010000000000000009,8.5
1215,type5_Square_Pulse_Wave,1000,9.99,4.629100217878856e-06,3.437452795815158e-08,4.613806337037773e-06,4.745246320401815e-06,1.3143998336404206e-07,0.012774924887664902,0.00015257575846751398,2.1429750435338414e-08,781.2499999999999,1884.151988315104,3.647915930110238e-08,1.0154186944726299e-07,0.00017222370495513295,0.0,0.0,1.3143998336404206e-07,0.9999923920228349,1.0611956082685257,0.0,97191.33683200747,0.0,0.0,9.99
1216,type1_Damped_Osc,1000,9.99,39.25795499077931,0.3991169807286322,36.47553135018671,40.8286161761297,4.353084825942993,45054.81507480411,2059.148494037847,1541346.3244223604,1562.4999999999998,1550.7121428236217,0.010009828893931103,0.05653747842384149,996.4750478913152,2.11,1.55,0.060829887385231984,0.013973972439657353,0.025079937404898115,0.7345968082479581,10350.088931481756,0.1551551551551396,-0.5599999999999998,8.44
1217,type4_overdamped_decay_overshoot,1000,9.99,0.04039098931619263,0.000692937130745917,0.0391737768894834,0.0452291960539973,0.006055419164513902,18.710688579590126,1.6968144914545926,1.6319121798079537,390.62499999999994,282.5858641180846,1.3780889603907851e-05,7.546834941469377e-05,1.159937757495584,3.21,3.42,8.895510786170041e-05,0.014690165194229143,0.019887647771430098,1.0654202288410501,3089.9080754225897,0.34234234234230804,0.20999999999999996,6.57
1218,type4_HARD,1000,9.99,36.941650504764624,0.9792212336356906,36.49588274480994,41.20122768112886,4.705344936318923,5231.123006649341,891.9991971654854,1365644.4162405792,390.62499999999994,381.30123913502206,0.007475002305225148,0.04481955557640305,594.1016790729193,3.12,3.0500000000000003,0.05197083297979077,0.011045063365840603,0.007633619501350104,0.9775637892423753,1111.740600836935,0.3053053053052748,-0.06999999999999984,6.9399999999999995
1219,type1_HARD,1000,9.99,32.04811567743734,8.85082857386394,-2.99261842494238,36.59301372851399,39.585632153456366,793863.5890203773,4865.293466904948,1105418.8849183314,390.62499999999994,571.6183682922643,0.004467805101173644,0.025699231664873423,507.3241265645844,2.76,2.73,0.029169846837795887,0.000736879651806905,0.0005047894741026109,0.9891300764021462,20054.33653157013,0.2732732732732459,-0.029999999999999805,7.26
1220,type1_HARD,1000,9.99,2.5326084334197066e-06,5.659966498965142e-07,-2.568459536545505e-07,3.467813962505177e-06,3.7246599161597275e-06,0.005043768651953495,0.0005569874456049814,6.734457684722698e-09,390.62499999999994,331.53677453397,2.9260864798159847e-10,2.002511467864625e-09,3.293552883318698e-05,0.0,6.07,2.002511467864625e-09,0.000537635911815912,0.0005169785564217421,6070000.000000001,1354.155120556268,0.6076076076075468,6.07,3.92
1221,type1_Damped_Osc,1000,9.99,1.2436816516893403,0.016207744486695676,1.1645553647682665,1.2844247495023793,0.1198693847341128,699.7714962092116,59.01055513118881,1547.0067417300713,781.2499999999999,701.3875073702388,0.00037748976917904566,0.0020143738006461742,34.238747402371914,2.38,2.36,0.0024176951126582136,0.020169412882203683,0.023290703371195296,0.991596222018394,5837.783331878825,0.23623623623621257,-0.020000000000000018,7.630000000000001
1222,type2_Triangle_Wave,1000,9.99,0.7659273814809593,0.012096678733549202,0.7596665894953163,0.8147550207937744,0.055088431298458085,347.927316700225,70.48389102146076,586.7910833386616,781.2499999999999,1353.8472935223226,0.012044628711905548,0.05505773729684915,71.96890424603377,0.0,0.0,0.055088431298458085,0.9999999999818474,0.995697164173254,0.0,6315.796411208529,0.0,0.0,9.99
1223,type4_overdamped_no_overshoot,1000,9.99,43.0377655493829,1.58841039918283,42.42112159235212,51.8548063860378,9.433684793685678,14263.145228250805,1670.3986848351694,1854772.3110798816,390.62499999999994,331.29272200401573,0.016906047850045746,0.09715086826147967,944.0977969880435,2.51,2.51,0.09715086826147967,0.01029829492782037,0.010643375199968818,0.9999996015937842,1511.937863113272,0.25125125125122605,0.0,7.48
1224,type0_Step_Response,1000,9.99,4.470112025504709e-06,9.877892983860874e-07,-1.5841986702409628e-10,4.849183968270984e-06,4.849342388138008e-06,0.004609222718931582,0.0005867490900803703,2.0957629218567894e-08,390.62499999999994,352.20002885466795,2.4080631319883633e-09,1.2109993635441994e-08,0.0001340775722325348,0.0,2.45,1.4208426136379584e-08,0.0029299690698610563,0.002437828287970438,2450000.0000000005,950.4838799838786,0.2452452452452207,2.45,7.54
1225,type2_HARD,1000,9.99,0.25872672944402025,0.00620549929731968,0.2560452198723221,0.2904888985739187,0.03444367870159659,121.61020167832936,16.834582851472188,66.97802875032828,390.62499999999994,688.3047425824645,0.001638479195010953,0.010422617899644493,9.494918733047705,0.0,0.0,0.03444367870159659,0.9999999999709671,0.2640366417339889,0.0,3530.697250092557,0.0,0.0,9.99
1226,type0_Step_Response,1000,9.99,3.410016468816639e-06,5.164554218557088e-07,-4.9630436353922415e-11,3.583817589000066e-06,3.58386721943642e-06,0.009508877284157098,0.00041520559190723913,1.1894938520364856e-08,390.62499999999994,274.2346944897603,1.1667494449098078e-09,6.79014498477312e-09,7.696854976593681e-05,0.0,2.63,9.657223336890024e-09,0.0026946368408625994,0.0022591440352653456,2630000.0,2653.2441211391456,0.2632632632632369,2.63,7.36
1227,type0_HARD,1000,9.99,32.648436793087974,5.738123928804824,1.1889227636500006,42.97087506974412,41.78195230609412,148358.73944577784,6538.117920705541,1098846.4912545828,390.62499999999994,493.68212736655744,0.00794950093597708,0.03765894606037534,893.0342730034624,4.17,4.07,0.04547572235912156,0.0010884058750047349,0.0013853832776371338,0.9760189505949759,3550.785237580566,0.40740740740736664,-0.09999999999999964,5.92
1228,type4_overdamped_decay_overshoot,1000,9.99,1.6823332677985865e-06,3.934897151641852e-08,1.571102338156098e-06,1.8982398750337947e-06,3.271375368776966e-07,0.0015829002639737816,6.352727263931331e-05,2.8317935655012705e-09,390.62499999999994,319.4975945998024,2.256076045703041e-10,1.3697255213564818e-09,2.5577117203784746e-05,0.0,2.88,1.4570738038428807e-09,0.004453996211359286,0.005733361318347353,2880000.0,4838.623657981211,0.2882882882882594,2.88,7.11
1229,type0_Step_Response,1000,9.99,28.6083963371672,9.626932014286119,-14.775099637998826,35.138040521661544,49.91314015966037,125826.17673630024,13527.802182880412,911118.1609921288,781.2499999999999,795.4782306557843,0.017992596081721334,0.09437984107805875,964.7826967553926,4.62,4.62,0.09437984107805875,0.0018908816551344593,0.0018689854727361652,0.9999997835498303,2520.9028390882527,0.4624624624624162,0.0,5.37
1230,type4_overdamped_decay_overshoot,1000,9.99,4.296949301444327e-09,1.045525033042769e-10,4.041772060286463e-09,4.961851046950148e-09,9.200789866636851e-10,3.0928513905587645e-06,1.6959385454011273e-07,1.8474704525130077e-14,390.62499999999994,283.61706406351664,8.695700471925466e-13,4.867714938281222e-12,6.746326468963237e-08,0.0,3.15,5.3159538479198116e-12,0.005771441890315139,0.008238270244390427,3150000.0,3357.856856295932,0.31531531531528373,3.15,6.84
1231,type3_Sine_Wave,1000,9.99,2.432232469611743e-06,2.221193459239659e-08,2.3966729487736964e-06,2.4601742271949687e-06,6.350127842127235e-08,0.000144401248102968,3.856874331277238e-05,5.916248156271974e-09,390.62499999999994,373.40187625539716,2.046786216358965e-08,6.129675714047167e-08,3.7546571395482635e-05,0.0,0.0,6.350127842127235e-08,0.9999842525335333,0.9214389066177564,0.0,2273.9538122555878,0.0,0.0,9.99
1232,type2_HARD,1000,9.99,50.10484873168584,1.473858219824952,49.4375468312956,56.52662686465221,7.089080033356609,23772.708403777186,4427.904226580195,2512668.124477266,390.62499999999994,763.3922875991325,2.1113518654284276,7.085138378834607,6493.073373716688,0.0,0.0,7.089080033356609,0.9999999999998589,1.4325339011765712,0.0,3353.4264378332446,0.0,0.0,9.99
1233,type1_HARD,1000,9.99,0.014666763762808522,0.003658527035084086,-0.0005978845073662,0.0160329480167574,0.0166308325241236,177.78783752927015,1.9531787695426297,0.22849877934047436,390.62499999999994,439.7726759740364,3.8126050048440498e-06,2.1160961945800028e-05,0.3949514121441422,1.5,2.36,2.50299319652994e-05,0.0015050318092908208,0.0010421147547196702,1.5733322844451436,10690.254818013018,0.23623623623621257,0.8599999999999999,7.630000000000001
1234,type1_HARD,1000,9.99,0.05972246249442388,0.01744821908962858,0.002287870682578,0.0686233396899999,0.06633546900742189,2339.6208152282998,8.095282425291677,3.8712128757975455,390.62499999999994,753.7628115806049,1.6820341600205023e-05,9.228916671359666e-05,1.6436409622250039,2.43,2.47,9.42325733726962e-05,0.0014205458223372552,0.0009640148093531914,1.0164604870532974,35269.530014648175,0.24724724724722252,0.040000000000000036,7.52
1235,type1_Damped_Osc,1000,9.99,49.859530095183786,1.0872914535446112,43.501484573776985,55.38325693355475,11.881772359777763,100161.68647414005,4168.5795824396555,2487154.9440174894,1562.4999999999998,1379.2741788003277,0.011844943247958773,0.06189960447039766,1168.0789646429077,2.07,1.59,0.09089088515476362,0.0076496066750479305,0.010893990943580874,0.7681155709586615,8429.860751515445,0.15915915915914322,-0.47999999999999976,8.4
1236,type1_HARD,1000,9.99,4.683650386602411e-06,5.211495411673775e-07,-2.291149925316697e-07,6.430078862554605e-06,6.659193855086275e-06,0.03646208988008303,0.0011157317212161521,2.2208177788179883e-08,0.0,1098.2658205523105,8.223244236094632e-10,4.987723316793279e-09,7.383856924433984e-05,0.0,1.84,7.3626754261273966e-09,0.0011056404845255134,0.001577901889476035,1840000.0000000002,5475.4502118575765,0.18418418418416574,1.84,8.15
1237,type0_HARD,1000,9.99,4.1228887213852925,0.6794197351917012,0.2584334406896859,4.708850080287518,4.450416639597832,7360.011844930314,570.1928584510827,17459.82258549401,390.62499999999994,295.45851660904447,0.0008616213168358488,0.004645599476900131,94.53081397348045,3.53,3.53,0.005479393601514282,0.0012312091305698972,0.001268172342081689,0.9999997167139613,1653.7804077583526,0.35335335335331797,0.0,6.460000000000001
1238,type0_Step_Response,1000,9.99,16.632874234473885,4.720755296662473,-4.259645844823178,18.57634360570715,22.83598945053033,47182.76499237808,3753.6847479430085,298938.0358707921,390.62499999999994,508.28276537546924,0.006532662458746679,0.03367108566435917,254.68794616266308,4.9,4.9,0.03896568612109519,0.001706327908650727,0.0013838172174193868,0.9999997959184089,2066.1581182890354,0.4904904904904414,0.0,5.09
1239,type1_HARD,1000,9.99,30.84456169261079,3.6784917932471974,-1.0005783484037682,44.00023042334039,45.00080877174416,224242.87006329597,8177.7013329405,964918.2878822598,1562.4999999999998,1240.1313629475635,0.00675088905488927,0.03553061172029004,755.1678416477296,2.07,2.06,0.042423571027566,0.0009427290794427378,0.0018352328710588399,0.9951686013678255,4983.085330770594,0.20620620620618557,-0.009999999999999787,7.93
1240,type4_HARD,1000,9.99,19.294806635433314,0.2638898754882862,19.147920336159995,19.997455933486115,0.8495355973261205,1740.1178077754762,406.07414636898545,372359.2009651468,390.62499999999994,425.2649781602597,0.00493249360167047,0.02745212213607573,378.0986235827006,2.44,2.42,0.032338972287483614,0.03806664769461242,0.018691484819282986,0.9918028722119375,2048.3165311146226,0.242242242242218,-0.020000000000000018,7.57
1241,type3_Sine_Wave,1000,9.99,44.889395326400376,0.33094902532163906,44.42136043525044,45.39315244985141,0.9717920146009646,2395.516052246194,656.3029159505244,2015167.340027217,390.62499999999994,380.2217024030419,0.3003621985244686,0.8957403354895632,615.8306341306392,0.0,0.0,0.9624684050493642,0.990405756157176,0.9075784351733575,0.0,2465.0501509084443,0.0,0.0,9.99
1242,type5_HARD,1000,9.99,47.23733222766747,1.9106206834092065,43.07684114520737,54.02886527244964,10.952024127242275,729600.9099072734,5647.8231551584995,2235016.0273829033,390.62499999999994,1891.2917828597624,2.747502782092974,10.952024127242275,9905.581590135213,0.0,0.0,10.952024127242275,0.9999999999999087,1.4380158269767302,0.0,66617.90564288326,0.0,0.0,9.99
1243,type1_HARD,1000,9.99,4.799601170906016e-09,9.263262684889194e-10,3.4992564211108726e-10,5.135241632893619e-09,4.785315990782531e-09,4.6862219620462175e-06,6.069374678295432e-07,2.3894251755455004e-14,390.62499999999994,360.6416294140177,1.5289524861772914e-12,8.407286551644602e-12,1.3622842456360357e-07,0.0,2.01,1.1928569966775069e-11,0.0024922236621541622,0.0016487751270852313,2009999.9999999998,979.0874591378682,0.20120120120118104,2.01,7.98
1244,type1_HARD,1000,9.99,6.09045273438781e-09,1.2757188350823844e-09,3.0472459349076436e-10,6.548228531574319e-09,6.2435039380835544e-09,2.423504427758469e-05,7.574359734409107e-07,3.872107305599591e-14,390.62499999999994,371.69980082996113,1.6440671504228687e-12,8.720166978417665e-12,1.3938843633630866e-07,0.0,1.56,1.1113092687539473e-11,0.0017796598092866436,0.0012877284373397529,1560000.0000000002,3881.0199365527906,0.15615615615614054,1.56,8.43
1245,type5_Square_Pulse_Wave,1000,9.99,0.4295848198184003,0.008821505328272463,0.4261420164308339,0.4541267693466029,0.027984752915769018,2766.913027611373,18.525357927786757,184.6209363746642,781.2499999999999,1403.6171323810381,7.209531300094175e-05,0.00044226799580721066,7.498126382883527,0.0,0.0,0.027984752915769018,0.9999999999642663,0.008172676919630414,0.0,98872.1621320224,0.0,0.0,9.99
1246,type2_Triangle_Wave,1000,9.99,28.037869088663317,0.4384949894738521,27.846494294759,30.37209594421825,2.5256016494592473,20575.781984795325,2972.5125724037093,786314.3808888157,781.2499999999999,1765.9033853974654,0.4131202046547225,1.7059843143398403,2941.82799869146,0.0,0.0,2.5256016494592473,0.999999999999604,0.9421320985890425,0.0,8146.883333400035,0.0,0.0,9.99
1247,type0_Step_Response,1000,9.99,5.086301373936655,1.0705131499458718,-0.0008107394022118,5.552263316699958,5.55307405610217,15387.847251913918,801.677808424066,27016.46007071693,390.62499999999994,504.3049755833058,0.002063389590459451,0.010368116958948015,125.01171528507751,2.98,2.95,0.013437806636114935,0.0024198860847796473,0.001927477108115724,0.9899325537139082,2771.0502500865673,0.29529529529526577,-0.029999999999999805,7.04
1248,type2_Triangle_Wave,1000,9.99,48.02586282421449,1.1195388836174849,47.62839522422585,53.21392271196166,5.58552748773581,70335.46701541553,9558.336443356857,2307736.8673221986,781.2499999999999,2766.0451399046233,1.1191947618407307,5.496429613979849,9614.211002474442,0.0,0.0,5.58552748773581,0.9999999999998209,0.9996926218617419,0.0,12592.448460747732,0.0,0.0,9.99
1249,type5_HARD,1000,9.99,20.035895945301103,1.543746094896808,16.364460181263592,22.87289804510597,6.508437863842378,360831.858273249,2372.350102713808,403820.2783364424,390.62499999999994,1383.54804259585,1.2918469476617045,2.830597472157688,2763.137896490862,0.0,0.0,6.508437863842378,0.9999999999998463,0.8368260505606145,0.0,55440.624282179095,0.0,0.0,9.99
1250,type0_HARD,1000,9.99,19.483537006044546,3.868164901247656,-0.8951591933882928,20.79412283050811,21.6892820238964,23575.139817489708,2737.1604424405764,394570.91396915156,390.62499999999994,336.45208584329004,0.006365579824380837,0.037657944072517324,572.4835203032991,2.6,2.57,0.037657944072517324,0.0017362466876969715,0.0016456330034756292,0.9884611582841697,1086.948834521791,0.2572572572572315,-0.03000000000000025,7.42
1251,type2_Triangle_Wave,1000,9.99,1.4863993783439101e-06,2.0142391786437138e-08,1.478194554162637e-06,1.5710670670459877e-06,9.287251288335077e-08,0.0008965657168143109,0.0001466962934363346,2.209788827888041e-09,781.2499999999999,2042.3976903301605,2.1307176550409804e-08,9.266829492568372e-08,0.00016515241827712773,0.0,0.0,9.287251288335077e-08,0.9999892326674317,1.057775015067535,0.0,9653.621242263102,0.0,0.0,9.99
1252,type5_HARD,1000,9.99,0.011393830769485774,0.0006553874168002721,0.0105286562816237,0.0131054006170754,0.0025767443354517,198.90245988091002,1.0819316114142044,0.13024891226978091,390.62499999999994,1181.9654512857287,0.0001754847715018282,0.000588173732566,0.7524849416571693,0.0,0.0,0.0025767443354517,0.9999999996119134,0.2677573092428619,0.0,77191.38335424002,0.0,0.0,9.99
1253,type4_HARD,1000,9.99,29.534487895010383,0.14295660631881116,29.4394752776648,29.98017004077184,0.5406947631070373,3368.5882797179543,750.0812195309459,872306.4118118049,390.62499999999994,773.2006430508834,0.00953346701777886,0.0492304897968161,699.1277097421557,2.01,1.96,0.06436793756313008,0.11904671906405832,0.06668783810138404,0.9751238929731876,6230.110793665796,0.19619619619617654,-0.04999999999999982,8.030000000000001
1254,type1_Damped_Osc,1000,9.99,17.78286391150167,0.37597425638710696,15.9323643006248,19.854486920673622,3.922122620048823,33557.86209743705,1330.441173437484,316371.60553645424,1171.8749999999998,1197.4898254670895,0.00441142921811834,0.02605405023901497,357.89505961646074,2.35,1.87,0.03078197084817802,0.007848293852624881,0.01173332786265173,0.7957443422364501,8556.046138356267,0.18718718718716845,-0.48,8.120000000000001
1255,type1_HARD,1000,9.99,10.347508408913207,1.922267409686873,-0.4128991454863435,15.768472339474318,16.18137148496066,35067.48351526578,2983.681168405664,110766.04226687379,781.2499999999999,620.7163500131278,0.002327060342914159,0.013451290103787983,161.6184843899748,3.75,3.67,0.014506330619701302,0.0008964833811017147,0.001210580968696761,0.9786664056889585,2167.151501827651,0.36736736736733056,-0.08000000000000007,6.32
1256,type5_Square_Pulse_Wave,1000,9.99,5.244459527126277e-09,8.603250519819213e-11,5.214870553581195e-09,5.637447640668426e-09,4.225770870872308e-10,4.18505015872737e-05,2.453892622106938e-07,2.751175732361625e-14,781.2499999999999,2027.3689160831104,5.894851282831251e-11,1.745668270012001e-10,2.398111592761184e-07,0.0,0.0,4.225770870872308e-10,0.9976391546415397,0.6773160521356223,0.0,98802.56242154825,0.0,0.0,9.99
1257,type1_Damped_Osc,1000,9.99,28.99416371524276,0.5250906788971867,26.36695046782676,30.76264083454105,4.3956903667142875,27573.316155359247,1860.9822545731422,840937.2497673647,781.2499999999999,893.5662425986101,0.006761393601132187,0.037196861918065593,768.3433401991834,3.13,2.95,0.037196861918065593,0.008462120580586123,0.012876620882548932,0.9424917116639899,6272.806739106971,0.29529529529526577,-0.17999999999999972,7.04
1258,type4_HARD,1000,9.99,21.505863072326232,0.037400615471905714,21.47619494793847,21.71498994635972,0.2387949984212483,2182.0433083910016,461.64804809178526,462503.54529168294,390.62499999999994,2159.596045830781,0.004116275814389329,0.023302583459045678,458.52491766522485,1.41,1.38,0.025907821597424885,0.10849398759857391,0.11005903946610987,0.9787227101257375,9137.726178555098,0.13813813813812428,-0.030000000000000027,8.61
1259,type4_overdamped_decay_overshoot,1000,9.99,0.00304579189379565,4.633336756438768e-05,0.0029633057141129,0.0033795752768733,0.00041626956276039984,1.4607542887899814,0.09878061394908914,0.009278995041261149,390.62499999999994,266.52303436831664,7.799942468042201e-07,4.553873079299851e-06,0.060027651715304435,0.24,3.5700000000000003,4.770662027800063e-06,0.011460511272320652,0.016834395403828504,14.87493802109158,3509.154682350919,0.3573573573573216,3.33,6.42
1260,type0_HARD,1000,9.99,2.0492613108258847e-06,3.535428442361195e-07,-4.8562249799671654e-08,2.5021886668878147e-06,2.5507509166874863e-06,0.00799132581552733,0.0004225230817080883,4.324464462758389e-09,0.0,631.7013755312914,3.1680260973862646e-10,1.612679338821705e-09,3.527740234485343e-05,0.0,3.11,1.9760367500739747e-09,0.0007746879408955377,0.0008960772897152896,3110000.0,3132.929456309182,0.31131131131128015,3.11,6.880000000000001
1261,type4_overdamped_no_overshoot,1000,9.99,2.1461699927767363e-06,7.552084287119811e-08,2.1046870228830277e-06,2.439647769729348e-06,3.3496074684632047e-07,0.0003031068079646777,7.31151686326096e-05,4.611749035603272e-09,390.62499999999994,402.29447486339296,6.356552281612501e-10,3.445060784249404e-09,5.819841133939752e-05,0.0,4.54,3.7799818838492164e-09,0.011284816607979604,0.00841683947312243,4540000.0,904.8997708497809,0.45445445445440896,4.54,5.45
1262,type2_HARD,1000,9.99,35.44638134264302,1.013030544940192,34.88894666027184,39.17560167296967,4.286655012697828,9132.61717747602,2387.172566916165,1257472.181173053,390.62499999999994,517.0734159759471,1.0178714774604263,3.433059614358065,3062.211770292172,0.0,0.0,4.286655012697828,0.9999999999997667,1.004778663924211,0.0,2130.4763622035052,0.0,0.0,9.99
1263,type5_Square_Pulse_Wave,1000,9.99,16.735480049404856,0.3181769601468704,16.575248430670705,17.576245250364973,1.0009968196942687,99020.46740081615,756.3914476606551,280177.52906199626,390.62499999999994,1282.3129841192863,0.004095244738071534,0.022438905231545903,461.59005011307437,0.0,0.0,1.0009968196942687,0.9999999999990009,0.01287096569207368,0.0,98921.86014233365,0.0,0.0,9.99
1264,type2_HARD,1000,9.99,0.6377785760476936,0.008347599207449199,0.6342565817377783,0.6767788032624145,0.04252222152463614,179.70032596694716,27.3895647849909,406.8311944779519,390.62499999999994,1045.3266230999147,0.012263811207582418,0.04247518781152382,33.47716131794986,0.0,0.0,0.04252222152463614,0.9999999999764829,1.4691423128184378,0.0,4226.033342557326,0.0,0.0,9.99
1265,type5_Square_Pulse_Wave,1000,9.99,37.37297098370151,1.9975148445282451,36.72123796256615,43.657064308964685,6.935826346398535,692086.2091727215,3247.556350921653,1400729.0257027051,781.2499999999999,1613.258643115734,0.0045170383324883425,0.024382340207331765,492.67241886937785,0.0,0.0,6.935826346398535,0.9999999999998558,0.00226132904336582,0.0,99784.24698190305,0.0,0.0,9.99
1266,type2_HARD,1000,9.99,1.6059847314723772e-09,5.2690846436152825e-11,1.5829530973482111e-09,1.8869101636576077e-09,3.039570663093966e-10,1.1298249046856542e-06,1.8125173806330914e-07,2.5819632830205627e-15,390.62499999999994,894.9957852450511,4.9408975997400686e-11,1.9547156836569326e-10,1.8297897962725775e-07,0.0,0.0,3.039570663093966e-10,0.9967208498819128,0.9202495262606079,0.0,3704.865469617882,0.0,0.0,9.99
1267,type1_HARD,1000,9.99,2.7079383507281046e-09,5.703390116582413e-10,2.961151748485903e-10,4.435922841356888e-09,4.1398076665082975e-09,7.32964810560017e-06,8.912893815220311e-07,7.658216699563348e-15,390.62499999999994,468.5514970025207,8.219533894035118e-13,4.30475758943872e-12,6.314501695809245e-08,0.0,5.76,4.607284170833172e-12,0.0011126535067295764,0.0014386439095378646,5760000.0,1770.1010759045555,0.5765765765765188,5.76,4.23
1268,type0_Step_Response,1000,9.99,9.051828559473167,0.9956667896735317,0.0015500596937328,9.305585196498471,9.304035136804739,39930.62356925165,1060.663813715891,82926.95262615287,390.62499999999994,220.44767595119484,0.003346636190316498,0.02135086090891747,148.63464807451325,1.82,1.8,0.0221162717484642,0.0023770623630788605,0.0033612009811138347,0.9890104455986563,4291.753307260255,0.18018018018016213,-0.020000000000000018,8.19
1269,type0_Step_Response,1000,9.99,0.03847607972092157,0.009670144372763562,-6.192173075462644e-07,0.0431830219577804,0.043183641175087946,38.847064648060005,4.693209239821881,1.5739204028808025,390.62499999999994,378.09263129139475,1.4717918117972756e-05,7.580738604540116e-05,0.6954413311688433,4.76,4.9,8.714479239869954e-05,0.0020180047357135364,0.0015219956961453958,1.029411548442952,899.5782567212227,0.4904904904904414,0.14000000000000057,5.09
1270,type3_Sine_Wave,1000,9.99,13.062682741782641,0.2010187894832323,12.8088422085965,13.391650085186138,0.5828078765896372,932.3158892234673,311.4337031813602,170674.08896619134,390.62499999999994,372.6269367471787,0.1472790868628454,0.5010108512694487,331.0527974614594,0.0,0.0,0.5828078765896372,0.9999999999982843,0.7326632860576341,0.0,1599.696789750705,0.0,0.0,9.99
1271,type0_HARD,1000,9.99,2.1006206268899605,0.23776267821010585,-0.0978890482113576,2.7029376737513937,2.800826721962751,13027.347432363644,440.3670767932128,4469.138109265214,0.0,712.0868408983571,0.0007195701981187332,0.004144597975322739,58.520339205410885,1.67,1.66,0.005000386947982882,0.001785325350108395,0.0030264219915954924,0.9940113808315085,4651.250764713407,0.16616616616614951,-0.010000000000000009,8.33
1272,type0_HARD,1000,9.99,4.3397473161277646e-09,5.374975024837836e-10,-8.849542615823664e-11,5.217619874255386e-09,5.306115300413623e-09,1.8206616137308777e-05,7.023164256218492e-07,1.9122310333014437e-14,0.0,390.75180703289664,1.4112332299618452e-12,7.0721431126191e-12,6.270691608523607e-08,0.0,2.29,7.0721431126191e-12,0.0013325776268828973,0.0026206866762661417,2290000.0,3430.6049721380277,0.22922922922920627,2.29,7.7
1273,type2_HARD,1000,9.99,11.924669551914302,0.23152411111719337,11.819373316959236,12.854084341393625,1.0347110244343884,3627.01026975607,726.0989277070506,142251.34733638068,390.62499999999994,755.309702165576,0.24437939170354725,0.9129209479313118,877.6718671622497,0.0,0.0,1.0347110244343884,0.9999999999990334,1.0555245867191398,0.0,3505.3364505662084,0.0,0.0,9.99
1274,type5_Square_Pulse_Wave,1000,9.99,2.2814258673889916e-06,6.295277472664244e-08,2.2524794512101096e-06,2.4438359615764666e-06,1.9135651036635698e-07,0.019062075830757464,0.00012588883552513765,5.2088670402373955e-09,390.62499999999994,1408.2842678315278,3.388834562883404e-08,8.089343648121917e-08,0.00010421652363390862,0.0,0.0,1.9135651036635698e-07,0.9999947741795027,0.5383052211878293,0.0,99614.98659897289,0.0,0.0,9.99
1275,type1_HARD,1000,9.99,1.2703226838675859e-09,1.6361163508935198e-10,-1.004525932145724e-10,1.5549312628397701e-09,1.6553838560543426e-09,6.2044037957136055e-06,2.492001593975067e-07,1.6404884882851582e-15,0.0,583.114417384856,3.770229484713545e-13,2.1101820887233615e-12,3.520854276627151e-08,0.0,3.48,2.1758219954690837e-12,0.0013135976829984869,0.002290378491573239,3480000.0,3745.7523949147035,0.34834834834831346,3.48,6.51
1276,type1_HARD,1000,9.99,1.6463536843819184e-09,3.998744207867967e-10,-8.627104738597335e-11,1.7873265802020522e-09,1.8735976275880255e-09,8.779103074884433e-06,2.07073187576842e-07,2.870380006477494e-15,390.62499999999994,386.5867453286715,2.1075002688490117e-13,1.1231315958421023e-12,2.2756445746901664e-08,0.0,1.6,1.1856118477996443e-12,0.0006324620443082107,0.0005257258032858815,1600000.0000000002,4683.193313425973,0.16016016016014414,1.6,8.39
1277,type4_overdamped_no_overshoot,1000,9.99,20.927051801557546,0.581292987549342,20.69234007482064,24.03630773197189,3.34396765715125,5745.624487879297,700.6551917249798,438279.39864244696,390.62499999999994,344.5933900830196,0.006642970242710207,0.03244806540747547,457.83493415163065,2.65,2.67,0.03901560734248477,0.01166745953987808,0.011427920833355835,1.007546789604985,1718.205759433785,0.2672672672672405,0.020000000000000018,7.32
1278,type4_overdamped_decay_overshoot,1000,9.99,28.327608236482213,0.793669348856435,25.657401814790227,31.533040021619225,5.875638206828999,33557.77005754703,1381.890876330144,803083.2994349292,390.62499999999994,394.0008414091345,0.010253888499596745,0.05371803997961777,635.3451743581793,2.27,2.26,0.0577814607901459,0.009834073977356058,0.012919597454983268,0.9955942750686011,5711.340432523327,0.22622622622620356,-0.010000000000000231,7.73
1279,type2_HARD,1000,9.99,0.5388332856422061,0.008279041236687414,0.5353223411057539,0.5814290361541278,0.046106695048373836,155.73838705662533,25.670106753178803,290.40985223977395,390.62499999999994,824.5925232904373,0.012462088817723902,0.046100835641189275,42.157178719926726,0.0,0.0,0.046106695048373836,0.9999999999783112,1.5052574881490672,0.0,3377.7824866833603,0.0,0.0,9.99
1280,type1_HARD,1000,9.99,0.7019358536032415,0.09284508609890046,0.0097598780238713,1.050591033019587,1.0408311549957157,4338.376353078365,205.16165631252755,501.3341525864235,1171.8749999999998,1207.4984630315193,0.00019569613138536773,0.0009969017907128785,18.376649795683207,2.9,2.9,0.0011017840086554598,0.0010585617113459064,0.0021077704766712204,0.9999996551725326,4168.184563126432,0.2902902902902612,0.0,7.09
1281,type4_overdamped_no_overshoot,1000,9.99,0.0016305021018505218,5.661216251836058e-05,0.0016076649815082,0.0019197947508101,0.0003121297693018999,0.459016157990013,0.06342317099776848,0.0026617420410839747,390.62499999999994,353.990081909405,5.617028302249937e-07,2.6839920093000777e-06,0.043228822643173785,0.8300000000000001,2.34,3.6992691863000065e-06,0.011851702523351037,0.009921946015061252,2.8192737117184192,1470.5939697646936,0.23423423423421078,1.5099999999999998,7.65
1282,type0_Step_Response,1000,9.99,1.401601594728775e-06,2.551152584633114e-07,3.842261613353544e-10,1.4926640304187884e-06,1.492279804257453e-06,0.0019530551036387829,0.0001789367528544993,2.029570825447047e-09,390.62499999999994,314.77307774778916,8.175391406267041e-10,4.255775228859501e-09,4.412636393814829e-05,0.0,3.47,5.232906543105146e-09,0.0035066500407803596,0.003204574830123089,3470000.0000000005,1308.7718464693428,0.3473473473473126,3.47,6.52
1283,type1_HARD,1000,9.99,6.159420657727914e-09,1.277120420733018e-09,4.3700832953294046e-10,6.595496505244709e-09,6.158488175711768e-09,5.862231584639232e-06,7.764722743482623e-07,3.956949940789866e-14,390.62499999999994,367.7799893812293,2.535740421099294e-12,1.3403899318445752e-11,2.0573029863385204e-07,0.0,1.49,1.3403899318445752e-11,0.002176138493341104,0.0019839604938359525,1490000.0,951.7400500508004,0.1491491491491342,1.49,8.5
1284,type0_Step_Response,1000,9.99,28.010217989122133,8.071001302640628,-8.38001720425395,31.84979312831341,40.22981033256736,82431.07322068592,6354.84720398593,849713.3738253679,390.62499999999994,406.6964372309416,0.017269697623856935,0.08769013018449456,822.195717924734,3.3200000000000003,3.33,0.09229407599118034,0.0022941712930836995,0.002139721823388207,1.0030117460807992,2049.0047688331556,0.33333333333329995,0.009999999999999787,6.66
1285,type5_Square_Pulse_Wave,1000,9.99,6.352038959956137,0.10311104033149286,6.307975558608772,6.687279347972757,0.379303789363985,37445.83133006154,385.8329813698751,40359.03083543887,781.2499999999999,2256.756981335024,0.10648199526789365,0.34723673854748416,396.2600808444722,0.0,0.0,0.379303789363985,0.9999999999973637,1.0326924733232326,0.0,98722.53423239413,0.0,0.0,9.99
1286,type4_overdamped_no_overshoot,1000,9.99,34.98462878564133,1.2650284054735945,34.41698381074082,40.725658780178016,6.308674969437199,6593.2289718084285,939.1634216926514,1225524.5481357789,390.62499999999994,368.87969476747054,0.006727813197661213,0.036824328872278045,429.20626610316924,3.56,3.5500000000000003,0.036824328872278045,0.00583709400954561,0.005318309983037236,0.9971907311261992,1045.1051930474664,0.3553553553553198,-0.009999999999999787,6.4399999999999995
1287,type1_HARD,1000,9.99,3.2148446680636314e-09,7.476338630890199e-10,-4.701335487259752e-11,3.468708316976267e-09,3.5157216718488646e-09,3.2170906942538854e-06,3.882178891333321e-07,1.0894182633014573e-14,390.62499999999994,376.38974114043265,5.573644052121642e-13,2.840774481553179e-12,4.565810327805502e-08,0.0,1.49,4.091548530288867e-12,0.0011634553177868625,0.000744508674657545,1490000.0,914.7982110743917,0.1491491491491342,1.49,8.5
1288,type1_HARD,1000,9.99,39.99721804652262,7.08762273053114,-2.364914381487936,41.84398373969751,44.20889812118544,61513.059302918366,5495.932129100545,1650011.8474314164,390.62499999999994,296.41996630553245,0.01379301846318668,0.07679652152927474,1267.6268691428515,1.74,1.73,0.08172965704172697,0.0018487150893851225,0.0019460711987065794,0.9942523021538494,1391.4180610043109,0.17317317317315584,-0.010000000000000009,8.26
1289,type4_overdamped_no_overshoot,1000,9.99,0.18556559079613946,0.00864563896537017,0.1830362265454401,0.2428036954361184,0.0597674688906783,125.52348537070989,8.923041597915358,34.509335560639805,390.62499999999994,283.1453528189261,2.9586108792905197e-05,0.0001593475904742847,3.4408391347275873,1.67,1.67,0.00017916493713560078,0.002997699927034165,0.003422084695878387,0.9999994011979634,2100.197443499019,0.1671671671671504,0.0,8.32
1290,type0_HARD,1000,9.99,16.3874239677447,2.8820898148997913,-1.180026308886378,21.600547012846533,22.780573321732913,47119.46467900922,3451.6109660718394,276854.1059997626,390.62499999999994,431.9216809371734,0.00536097634695375,0.025726576693593017,479.91334971137087,3.44,3.37,0.025726576693593017,0.0011293208616944008,0.0018601003755111247,0.9796508780084657,2068.4055670387665,0.3373373373373036,-0.06999999999999984,6.62
1291,type1_HARD,1000,9.99,6.21812015621998e-09,1.4675704876918233e-09,-1.9553593894678343e-11,6.751947981882714e-09,6.771501575777392e-09,6.026533639563799e-05,7.910309298989958e-07,4.081878141353321e-14,390.62499999999994,416.8627025229837,1.1335066575491338e-12,5.783422937245862e-12,1.3343899641106892e-07,0.0,1.49,7.255146124944144e-12,0.0010712653284412636,0.0007718435492535909,1490000.0,8898.534126766937,0.1491491491491342,1.49,8.5
1292,type2_Triangle_Wave,1000,9.99,25.11889387285817,0.46332808565370837,24.924240338085475,27.460369950478285,2.536129612392809,17807.412086204266,2684.331340850982,631173.5023108673,781.2499999999999,1536.765335385886,0.49190317298994934,2.536129612392809,2609.3157473243364,0.0,0.0,2.536129612392809,0.9999999999996056,1.061673548873824,0.0,7021.491330404109,0.0,0.0,9.99
1293,type4_overdamped_decay_overshoot,1000,9.99,3.3376355588842878e-09,3.670734497342163e-11,3.2178699652223705e-09,3.5307859255932427e-09,3.129159603708722e-10,1.6353360424287741e-06,1.0401022330791717e-07,1.114115855310383e-14,390.62499999999994,420.912648320273,6.770861298710663e-13,3.9328138338749285e-12,7.837450119447439e-08,0.0,2.68,4.8792977473327015e-12,0.015543324849007722,0.01795634591478972,2680000.0000000005,5209.470842121968,0.2682682682682414,2.68,7.3100000000000005
1294,type5_Square_Pulse_Wave,1000,9.99,21.39610645423911,1.5559940482262358,20.80751379155391,26.451315232158453,5.643801440604545,563422.306130463,1744.2499260693114,460214.4888792479,390.62499999999994,1188.4711837225075,0.0029352428732240298,0.018009590960016197,296.15006233789046,0.0,0.0,5.643801440604545,0.9999999999998228,0.0018864100904294524,0.0,99830.28497012668,0.0,0.0,9.99
1295,type0_Step_Response,1000,9.99,38.62421362903337,4.9469691121188415,-0.0095694024010661,39.86172190700972,39.871291309410786,130738.47863411011,4890.351182432457,1516302.3818574657,390.62499999999994,238.7203075239677,0.02055719462796136,0.1004992736063457,1006.7513303523104,1.35,1.34,0.1278447096820301,0.0032064351437710225,0.004155513034758434,0.992591857339365,3279.0129022796095,0.1341341341341207,-0.010000000000000009,8.65
1296,type3_Sine_Wave,1000,9.99,16.261371283771002,0.13447161439154992,16.067387275955088,16.46062388756677,0.39323661161168033,924.4163099562995,236.13929521482842,264450.27864372917,390.62499999999994,382.86458860539386,0.07685174218480417,0.27361005976536745,242.75669112525551,1.9,0.0,0.39323661161168033,0.999999999997457,0.5715090320880535,0.0,2350.7890228359674,0.0,-1.9,9.99
1297,type1_HARD,1000,9.99,1.5949755005381205e-09,4.131603468717505e-10,-1.5143193026115467e-10,1.7518131329709874e-09,1.903245063232142e-09,1.1057658286453898e-05,2.2199463816601672e-07,2.7146483195440135e-15,390.62499999999994,408.07158192131214,6.361188641298339e-13,3.163675081476412e-12,4.011868590754008e-08,0.0,3.58,3.4359488732403072e-12,0.0018043627574952726,0.0015359241147410363,3580000.0000000005,5806.846240517671,0.35835835835832247,3.58,6.41
1298,type4_overdamped_decay_overshoot,1000,9.99,2.8483623558442748,0.027779170549028846,2.7846160671541837,2.9881376285691514,0.2035215614149677,763.8126536009703,82.14675903172372,8113.939792507139,390.62499999999994,336.48868639108883,0.0005581173495570947,0.0031292934520004145,63.24316442891121,4.99,4.87,0.003427826480371099,0.01684257164952235,0.020091217214421656,0.9759517082261105,3752.9814938862974,0.4874874874874387,-0.1200000000000001,5.12
1299,type0_Step_Response,1000,9.99,1.2870711107861458e-06,2.121321999541739e-07,-4.696949787190372e-10,1.3548111090712404e-06,1.3552808040499595e-06,0.0026452125505566056,0.0001637333795253933,1.701552114477681e-09,390.62499999999994,290.9304840301349,5.200636535015595e-10,2.886331303540477e-09,3.723067567181274e-05,0.0,2.49,3.2937032119636e-09,0.002430271846136425,0.002451590102887744,2490000.0000000005,1951.7804656212263,0.24924924924922431,2.49,7.5
1300,type0_Step_Response,1000,9.99,35.30483361280473,7.419161466137486,-0.0162960238793472,38.78303911788785,38.7993351417672,190034.07792662745,11468.364980451743,1301475.233288446,390.62499999999994,811.6495659784518,0.018945303571405458,0.10267490685088632,1087.2550520764403,5.57,5.5600000000000005,0.11539445545234628,0.0029741348667627556,0.0025535639920863024,0.9982044886526951,4897.869441119681,0.5565565565565008,-0.009999999999999787,4.43
1301,type0_Step_Response,1000,9.99,1.7007614248272966e-06,2.71246883169277e-07,1.235939788953198e-07,1.776397581690787e-06,1.652803602795467e-06,0.0028820259830230938,0.00021517589332952246,2.966164295809624e-09,390.62499999999994,282.8187919079403,7.279982418295307e-10,3.998142899502952e-09,5.3055124738339225e-05,0.0,2.71,4.616436581550415e-09,0.00279309276713195,0.002683885431007071,2710000.0,1743.718512247961,0.2712712712712441,2.71,7.28
1302,type4_overdamped_decay_overshoot,1000,9.99,15.082323365993387,0.27421782336692074,14.370693060389328,16.39503444459733,2.0243413842080002,6734.6513283006,422.3258011540243,227551.67353104218,390.62499999999994,294.0333861434251,0.0017555623337524324,0.010519562106296121,203.5881772832956,3.66,3.65,0.010519562106296121,0.005196535618129735,0.006402072309490172,0.9972674870853859,3326.8357703076476,0.36536536536532876,-0.010000000000000231,6.34
1303,type5_HARD,1000,9.99,9.335844760206306e-09,6.69011333240956e-10,9.046402572192565e-09,1.146096656832984e-08,2.4145639961372754e-09,0.00024000203582345123,1.1525768292327728e-06,8.760557355067636e-14,390.62499999999994,1676.0814410791468,9.752980415657508e-10,2.4144445807702e-09,1.1990882558957502e-06,0.0,0.0,2.4145639961372754e-09,0.9995860180058989,1.4556440961200945,0.0,99356.5213785427,0.0,0.0,9.99
1304,type2_Triangle_Wave,1000,9.99,0.022941267344687957,0.0008775059834637802,0.0224845621701994,0.0257364022072013,0.0032518400370019004,24.24507325924016,6.560420121167944,0.5270717641314606,1171.8749999999998,1899.1320270946492,0.0008044862348147776,0.0032009134599038994,5.4061107706075875,0.0,0.0,0.0032518400370019004,0.9999999996924818,0.9167871775898794,0.0,7455.801323529307,0.0,0.0,9.99
1305,type0_HARD,1000,9.99,45.49455123675182,12.0201920967308,-2.2957873153662582,49.4504682228447,51.74625553821096,2437017.0955217504,5754.813321437488,2214239.210275746,390.62499999999994,844.7316954459455,0.01174170053027847,0.061507619190393825,699.4204384367148,1.79,1.65,0.08130590411172278,0.0015712422718525505,0.0009768313547560484,0.9217871945322935,47095.525466999985,0.16516516516514862,-0.14000000000000012,8.34
1306,type5_Square_Pulse_Wave,1000,9.99,0.003614359284391267,0.0003029419612438881,0.0034802210015684,0.0043719374480319,0.0008917164464635001,88.86409643172003,0.5525337618043331,0.013155366868547645,390.62499999999994,1507.7324846805925,0.00024619331810718336,0.0008383578460165997,0.3956095345168331,0.0,0.0,0.0008917164464635001,0.9999999988785673,0.8126748644645724,0.0,99655.10525738893,0.0,0.0,9.99
1307,type1_Damped_Osc,1000,9.99,3.868701940975851e-09,1.1192578780246142e-10,3.3155893369362803e-09,4.158784311042758e-09,8.431949741064776e-10,3.511044309951998e-06,3.063190813991781e-07,1.497938209008551e-14,781.2499999999999,846.3234515432019,5.414250406602661e-13,3.5486464425141857e-12,6.177168239437932e-08,0.0,3.59,3.5486464425141857e-12,0.004203586317568621,0.004794520819348801,3590000.0,4159.044317538371,0.35935935935932334,3.59,6.4
1308,type0_HARD,1000,9.99,21.124494252317312,4.793035727453381,-0.5466782991484255,22.637065622618277,23.183743921766702,633071.0844617613,2625.452181577305,469217.4489008317,390.62499999999994,598.6402709070121,0.003090211139420159,0.015641753803652847,349.8959763673336,1.29,1.18,0.018715786486509955,0.0008072805906442623,0.0006447294189191021,0.9147279730790906,27306.680344556327,0.11811811811810628,-0.1100000000000001,8.81
1309,type0_HARD,1000,9.99,48.38547810504165,7.661535143009383,1.4062002868248786,56.72524798224686,55.319047695421986,106031.61555405904,7124.526569613958,2399853.612201032,390.62499999999994,301.7839774847357,0.01836449438721369,0.10045143677767499,1017.3433250805331,2.32,2.31,0.10966203624886361,0.0019823558216808725,0.0023969731972015578,0.9956892259960233,1916.7288659387377,0.2312312312312081,-0.009999999999999787,7.68
1310,type1_Damped_Osc,1000,9.99,4.6609674273540165,0.0981020606409194,4.101086777262067,5.200709051095868,1.099622273833801,9004.22606322504,374.14282737982126,21734.241373157114,1562.4999999999998,1420.3695258767905,0.0008610252805230803,0.0048015121635467395,103.73984638991978,2.19,1.51,0.0064174742038476396,0.0058360714915927136,0.008776831749395085,0.6894974020559808,8188.471875732272,0.151151151151136,-0.6799999999999999,8.48
1311,type5_HARD,1000,9.99,0.19086623771028638,0.004562802203807401,0.1885831501839979,0.2042179422238427,0.015634792039844803,1549.1479433645898,10.825844347550094,36.45073986163063,390.62499999999994,1380.4520945192714,0.002109738672849118,0.01161773751621889,10.764418705024147,0.0,0.0,0.015634792039844803,0.9999999999360402,0.4623778498717919,0.0,99083.37375499138,0.0,0.0,9.99
1312,type3_Sine_Wave,1000,9.99,0.18563346248444343,0.0022443702018429203,0.1822317677582717,0.1886221691028938,0.006390401344622099,15.605123008841092,5.776966710966002,34.4648195915662,390.62499999999994,396.2547910353064,0.0022523283576930354,0.006376340209507614,5.823047610075314,0.0,0.0,0.006390401344622099,0.9999999998435153,1.0035458298457334,0.0,2441.9629010518665,0.0,0.0,9.99
1313,type4_HARD,1000,9.99,0.014259096069630368,0.0006260333779850469,0.0120949183279693,0.0147024608872466,0.002607542559277299,2.15292545103999,0.4600327369828419,0.2037137385132996,390.62499999999994,403.12435663341614,3.305991726467694e-06,2.0363771682499823e-05,0.29076315730783553,5.25,6.7700000000000005,2.0363771682499823e-05,0.007809564450727217,0.005280855362420954,1.2895235639002736,825.6530435349969,0.6776776776776099,1.5200000000000005,3.2199999999999998
1314,type0_HARD,1000,9.99,1.7360834170468533e-09,4.0769172248227433e-10,7.503132405273123e-12,1.946593338762912e-09,1.939090206357639e-09,5.930800893383942e-05,2.3329284662294492e-07,3.1801981715256422e-15,390.62499999999994,653.6098950276994,6.538268893156326e-13,3.4291855138878646e-12,3.159866568243706e-08,0.0,1.86,4.015387841227854e-12,0.0020696913102645972,0.0015998045797073618,1860000.0000000002,30569.717191235854,0.18618618618616756,1.86,8.13
1315,type4_overdamped_no_overshoot,1000,9.99,11.866955195439187,0.421428380495646,11.744168553540238,14.706150488984038,2.9619819354438004,6289.399541454798,524.3002014652055,141002.22749044833,390.62499999999994,282.5336806361853,0.0023071566605253825,0.013711125832005067,246.14291258194945,1.64,1.62,0.013954272165857873,0.00471112669489065,0.0054746115052964365,0.9878042757291003,2123.375388010366,0.16216216216214593,-0.019999999999999796,8.370000000000001
1316,type0_HARD,1000,9.99,19.70885552706349,1.868874988872228,0.999966585081683,27.80827567889141,26.808309093809726,168569.13918495007,4516.295915245321,391931.6799106932,1953.1249999999998,1490.178712634074,0.0024694790980152636,0.012606431381790628,268.19679498159724,1.83,1.6,0.018006376601757523,0.0006716714783743926,0.0013213720086778776,0.8743164621221519,6287.94373397716,0.16016016016014414,-0.22999999999999998,8.39
1317,type0_Step_Response,1000,9.99,0.0011267795657001923,0.00033269102267450613,-5.56691163740644e-06,0.0012675061130911,0.0012730730247285064,1.0524635935799986,0.14206459789708983,0.0013803155062477226,390.62499999999994,410.1080342935033,5.381470272423339e-07,2.6943639195001375e-06,0.020799818784137565,1.86,3.06,3.2352310119999807e-06,0.00254127685263667,0.0016175580011104811,1.645160405827739,826.7110937942734,0.30630630630627564,1.2,6.93
1318,type4_overdamped_decay_overshoot,1000,9.99,0.02387878673318508,0.000548661364823921,0.0223908475260973,0.0267631986265168,0.004372351100419499,17.18349823612991,0.8297414111436566,0.5704974851421862,390.62499999999994,306.65834408145525,6.516957308402338e-06,3.537142915250105e-05,0.28142542998129816,2.98,3.28,3.80345570688001e-05,0.008698879890146984,0.011877922730381915,1.1006707715869892,3930.0362293758217,0.32832832832829545,0.2999999999999998,6.710000000000001
1319,type0_Step_Response,1000,9.99,7.567560800876635e-06,1.6357698460813935e-06,-6.370361684752463e-07,8.15954857812854e-06,8.796584746603786e-06,0.009052901017723509,0.0010414986964151552,5.994371946431376e-08,390.62499999999994,330.2987395543468,3.0952780484631483e-09,1.7907528026023882e-08,0.00020197929681784886,0.0,2.28,2.268280918942072e-08,0.002578592404237994,0.0018922442931894215,2280000.0,1029.1380404287747,0.22822822822820535,2.28,7.710000000000001
1320,type0_Step_Response,1000,9.99,3.441729461184855,0.9164340566923413,-0.0004599980734645,4.048074335176635,4.048534333250099,11726.328602084766,1210.45517043004,12685.353064253373,390.62499999999994,510.3219033768568,0.002081072757133224,0.01053551666624708,120.31818137363454,6.55,6.54,0.01053551666624708,0.002602303895441275,0.002270837428982188,0.9984731300041023,2896.4379789927975,0.654654654654589,-0.009999999999999787,3.45
1321,type1_HARD,1000,9.99,4.147529326981899,0.5298655689012307,-0.4228641664963231,5.524185888362701,5.947050054859024,25559.993081508113,933.9093890358348,17482.757039281947,0.0,825.4606290136637,0.0008129530284652701,0.004437341352792501,76.4773416588441,1.67,1.66,0.005276101337618577,0.0008871795745702297,0.00153426279452265,0.9940113808315085,4297.928022418456,0.16616616616614951,-0.010000000000000009,8.33
1322,type1_HARD,1000,9.99,43.04595166903326,11.91789432327769,2.56896943780065,53.386685776204,50.81771633840334,2391195.097144684,6825.311361103387,1994990.160193562,390.62499999999994,1052.087721257866,0.022061568678842767,0.11336263392455947,1300.359622856552,5.97,5.97,0.11936964199450983,0.0023489769040309846,0.0018511297449374838,0.9999998324958405,47054.35957061282,0.5975975975975377,0.0,4.0200000000000005
1323,type0_Step_Response,1000,9.99,44.0419063845393,8.07346504858235,-0.016318297749706,46.60469808548479,46.6210163832345,59836.05281793939,5673.216696698375,2004870.3558752046,390.62499999999994,320.55371414557703,0.01810310337128435,0.08940789855499531,1147.3716397394674,3.33,3.19,0.11150768491093999,0.0023917900887085153,0.002242296617666153,0.9579576702829818,1283.4566352237634,0.31931931931928736,-0.14000000000000012,6.800000000000001
1324,type0_Step_Response,1000,9.99,27.858197867225652,7.082923978024432,-5.5144124941276695,30.26704766982709,35.78146016395476,67304.43472306344,4690.279662176629,826247.000487969,390.62499999999994,329.2973584993954,0.011307471713064106,0.056467229363949656,636.3220718454603,3.06,3.0700000000000003,0.07340890851732951,0.002051590633276546,0.0015964412081994966,1.0032676459909653,1880.9862541848463,0.30730730730727657,0.010000000000000231,6.92
1325,type4_HARD,1000,9.99,0.006049645276112227,0.0003291310004087274,0.0058908771581108,0.0071900009343237,0.0012991237762129005,1.1857377363499488,0.2525831440784793,0.03670653518221704,390.62499999999994,406.00002975797196,2.021279378243108e-06,1.1072238270200437e-05,0.18023850662446197,2.28,2.62,1.3252472966800329e-05,0.010201085685023616,0.006141260986026067,1.1491223030165338,912.7211410861815,0.26226226226223603,0.3400000000000003,7.37
1326,type0_Step_Response,1000,9.99,2.046372313055093e-06,3.8894849569038775e-07,-6.771784973930394e-08,2.165555691602203e-06,2.233273541341507e-06,0.0028888471109717925,0.0002617776969582384,4.338920575938267e-09,390.62499999999994,317.3543871649627,6.692320316537853e-10,3.0750061660483037e-09,3.571076279803488e-05,0.0,2.34,4.351724144677161e-09,0.0019485844951526298,0.0017206142161616494,2340000.0,1293.5476841268649,0.23423423423421078,2.34,7.65
1327,type5_Square_Pulse_Wave,1000,9.99,0.007499641260950634,0.00012422443413091363,0.0074457299479504,0.0079400117586501,0.0004942818106996993,48.76700038329998,0.37910411969459257,0.05626005075298837,390.62499999999994,1438.1999933871125,9.569968726851512e-05,0.0004939824091787998,0.5361107801847482,0.0,0.0,0.0004942818106996993,0.9999999979768627,0.7703773188234846,0.0,98662.34044826304,0.0,0.0,9.99
1328,type4_HARD,1000,9.99,4.231706415039785e-09,8.225670407994615e-11,4.0240547936522535e-09,4.352898101957771e-09,3.2884330830551755e-10,1.558903119431311e-06,9.894654214659837e-08,1.7914105348454972e-14,390.62499999999994,362.26074500518115,5.485783282932233e-13,2.9997469459102255e-12,6.010743893819354e-08,0.0,5.51,3.0098598225149267e-12,0.009125120160773558,0.006588998860277465,5510000.0,4726.192953374625,0.5515515515514963,5.51,4.48
1329,type0_Step_Response,1000,9.99,8.60837207159384,3.1716761887771105,-3.4212763409432303,10.662407100704112,14.083683441647342,28087.12333342802,2924.763064771829,84163.59956945253,781.2499999999999,770.4046460991865,0.0037351980059656723,0.021128664906601813,162.48802231364985,7.08,6.640000000000001,0.023744837193495627,0.0016859820296214038,0.0011776731871877056,0.9378529748795233,1994.302374787027,0.6646646646645982,-0.4399999999999995,3.3499999999999996
1330,type2_HARD,1000,9.99,45.482528036196626,1.0217466740650045,45.0821585704764,50.876934464814205,5.794775894337803,33841.84289114245,4551.541441373866,2069704.3228293748,781.2499999999999,1222.5664952302127,0.8986389012383081,4.136038718825247,4439.415673838445,0.0,0.0,5.794775894337803,0.9999999999998274,0.8795124310629822,0.0,5840.0606871102955,0.0,0.0,9.99
1331,type4_overdamped_decay_overshoot,1000,9.99,2.999329022084772e-09,3.330185978331729e-11,2.9466653236596364e-09,3.2338075809094962e-09,2.8714225724985984e-10,7.019293186318107e-07,6.494304506247551e-08,8.997083596585022e-15,390.62499999999994,279.0981246062196,3.636635916179076e-13,2.465147285860348e-12,4.096034845500748e-08,0.0,3.81,2.465147285860348e-12,0.008555313300411605,0.010601862228903849,3810000.0,2436.0512940076655,0.3813813813813432,3.81,6.18
1332,type4_overdamped_decay_overshoot,1000,9.99,20.24991558562804,0.10733763607505811,19.86695370015483,21.150406558519247,1.2834528583644165,9489.656450536188,467.79889763139823,410070.6025931797,390.62499999999994,575.2281938333252,0.005407726381910976,0.030231693288570227,318.07624397321274,1.61,1.61,0.03251535274327466,0.02533427895800213,0.050380524293260266,0.9999993788823734,7393.848857543588,0.16116116116114504,0.0,8.38
1333,type5_Square_Pulse_Wave,1000,9.99,5.753011589417092e-06,1.658563493094699e-07,5.6959825507072985e-06,6.436411278167546e-06,7.404287274602475e-07,0.07357599721834934,0.0006046241953024683,3.312465067657364e-08,390.62499999999994,2717.0417969233154,1.5420261901382711e-07,5.854491650900234e-07,0.0005511668178876213,0.0,0.0,7.404287274602475e-07,0.9999986494329401,0.9297303957637931,0.0,99369.31823459172,0.0,0.0,9.99
1334,type3_Sine_Wave,1000,9.99,18.714894082134883,0.18804790587112089,18.43567443714645,18.97535383210121,0.53967939495476,1352.5202521041278,482.76213687514763,350282.62252042984,390.62499999999994,391.7734205412408,0.19278537930843107,0.537609008456549,465.0196406766947,0.0,0.0,0.5390546354509915,0.9988423506426075,1.0251929071708559,0.0,2506.1550704840233,0.0,0.0,9.99
1335,type1_HARD,1000,9.99,3.884939536396274e-09,9.137943876589557e-10,5.885495145153642e-11,4.248401601537053e-09,4.1895466500855165e-09,1.781876028771842e-05,4.6439376993739395e-07,1.5927775384371906e-14,390.62499999999994,403.52747376188586,1.0132487355164058e-12,5.1358481309235384e-12,6.10556806178856e-08,0.0,3.67,5.996464919634079e-12,0.0014309505227705097,0.001107624564804561,3670000.0,4252.1326632540395,0.36736736736733056,3.67,6.32
1336,type4_overdamped_decay_overshoot,1000,9.99,3.886757674961386e-09,9.17981686418304e-11,3.801121937803433e-09,4.4810248322665755e-09,6.799028944631423e-10,1.3688243889544065e-06,1.2760250359254664e-07,1.511531212763723e-14,390.62499999999994,291.6116195719947,1.726303290658537e-12,8.65030747385276e-12,7.111223646239878e-08,0.0,4.62,8.65030747385276e-12,0.012704171981341175,0.01860277326507902,4620000.0,2010.3077840984297,0.4624624624624162,4.62,5.37
1337,type1_HARD,1000,9.99,8.80016983745885e-09,1.6862984921041828e-09,3.3733013285901477e-10,1.0312995260807069e-08,9.975665127948054e-09,9.472145514575484e-06,1.7628422655430785e-06,8.028659177259339e-14,390.62499999999994,602.9690783280462,1.8313979848671953e-12,9.721378787805472e-12,1.6546489229114927e-07,0.0,5.18,1.2191022650910098e-11,0.0012219536783648146,0.0010854024900972383,5180000.0,949.4300342948028,0.5185185185184665,5.18,4.8100000000000005
1338,type1_Damped_Osc,1000,9.99,47.876822959348615,0.8359999997646501,42.99199781903853,49.62697734063109,6.634979521592562,38134.65624607915,2831.1832974145364,2292889.0726804174,1171.8749999999998,1059.4550844530931,0.012526812070785478,0.06352753266185829,997.2974077150677,2.46,2.45,0.08591997426584896,0.012949546262535118,0.014984224969254821,0.9959345544981486,5747.516796693913,0.2452452452452207,-0.009999999999999787,7.54
1339,type0_HARD,1000,9.99,20.310390639731793,4.420560669214547,-1.4380472931219204,22.98949569771769,24.42754299083961,64610.263635408664,2913.5673982849125,432053.3245687112,390.62499999999994,347.8819685504684,0.00351856304376497,0.01842401694882767,375.091168329691,5.47,5.47,0.01842401694882767,0.0007542312771995109,0.0007959540219112882,0.9999998171846769,2644.975946194631,0.5475475475474927,0.0,4.5200000000000005
1340,type0_HARD,1000,9.99,45.21317483722086,4.936737727997407,2.4827118394366803,60.32279386394241,57.840082024505726,285420.0384783691,8578.83807639765,2068602.5582561349,0.0,735.7191518450034,0.013859010297702538,0.06647710807295937,660.4749635554232,1.82,1.81,0.07854825164333334,0.0013580245548416167,0.0028073215676623865,0.9945049480742044,4934.640970208811,0.18118118118116305,-0.010000000000000009,8.18
1341,type0_HARD,1000,9.99,24.227114820098404,4.423449674247256,0.91496235005238,28.28526499386686,27.37030264381448,39060.634214236066,3362.8351595451727,606519.9995268299,390.62499999999994,309.69673952442304,0.006055365387672242,0.036200106039569135,393.90693324066984,3.94,3.88,0.0413318667919782,0.0015100990051097386,0.0013689237662009395,0.9847713236621005,1427.1173659478006,0.3883883883883495,-0.06000000000000005,6.11
1342,type4_overdamped_decay_overshoot,1000,9.99,33.642101850962895,0.722610688277911,32.30886643456726,37.17072699874495,4.8618605641776895,12285.724983269118,941.9987519869976,1132313.1831573746,390.62499999999994,283.2062127435567,0.009101549049663458,0.04518319426375683,502.6545655407095,5.8500000000000005,5.83,0.04518319426375683,0.009293395741675203,0.01259537008972454,0.9965810262254655,2526.959549969022,0.5835835835835251,-0.020000000000000462,4.16
1343,type4_HARD,1000,9.99,0.057207614766151736,0.0007636246021351099,0.0546112603217495,0.0576196679004383,0.003008407578688803,3.620859838230489,0.8881493778114655,3.273294309765409,390.62499999999994,426.5317634010419,9.429482150392163e-06,5.169887014550012e-05,0.809368961137338,2.69,2.8000000000000003,7.030579689400185e-05,0.023369771226701423,0.012348321559675812,1.0408918063599233,1203.5802138901138,0.28028028028025226,0.11000000000000032,7.1899999999999995
1344,type0_Step_Response,1000,9.99,8.964417304346196e-09,9.91269987638007e-10,-1.554502335049109e-13,9.314987551033242e-09,9.315143001266748e-09,4.874161541977783e-05,1.1154200629993084e-06,8.13433937948534e-14,390.62499999999994,261.2463518149621,4.395438246349375e-12,2.3761898021906044e-11,1.8238499382548623e-07,0.0,1.97,2.575314471820654e-11,0.0027643569570266146,0.004429679725386279,1970000.0,5231.95225890696,0.19719719719717746,1.97,8.02
1345,type1_Damped_Osc,1000,9.99,16.978804995727824,0.42996537401672263,14.709130774025295,18.865170610189395,4.1560398361640996,21442.873590065403,1754.1302497841752,288464.6893058055,1562.4999999999998,1385.1782277949642,0.005175673311988813,0.02909523034062289,522.6141148123053,2.57,2.5500000000000003,0.032342205656355816,0.0077819768171902125,0.012037418882422561,0.9922175127558317,5159.448521997656,0.25525525525522974,-0.019999999999999574,7.4399999999999995
1346,type5_HARD,1000,9.99,21.35534142084744,0.7345445047605442,21.05470147377197,24.190128378786003,3.1354269050140324,312322.94207217026,1181.2584149242446,456590.1628304363,390.62499999999994,1427.12875516694,0.349023547716825,0.9287726260662588,646.8795007777156,0.0,0.0,3.1354269050140324,0.999999999999681,0.4751564342995511,0.0,99610.97851543532,0.0,0.0,9.99
1347,type0_Step_Response,1000,9.99,3.1561060698892896e-09,6.190563714227963e-10,-6.830658914042416e-14,3.4333602367195804e-09,3.4334285433087207e-09,1.2027544584509322e-05,4.809635468237073e-07,1.0344236315391176e-14,390.62499999999994,498.74974225685213,1.416598522571855e-12,8.503142614114953e-12,6.949785091082737e-08,0.0,3.79,8.972653152473242e-12,0.0026125607329797605,0.0022846286045271878,3790000.0,3502.0511950794626,0.3793793793793414,3.79,6.2
1348,type5_HARD,1000,9.99,1.9768912850728204e-06,8.698285411505553e-08,1.7374228727765514e-06,2.244003117045152e-06,5.065802442686008e-07,0.027361273991904085,0.0001842580378908141,3.915665169906869e-09,781.2499999999999,1629.3810970155157,5.058594962694984e-08,1.9261447734246047e-07,0.00012439130733190375,0.0,0.0,5.065802442686008e-07,0.9999980259829764,0.5815556247949033,0.0,54011.62064617718,0.0,0.0,9.99
1349,type4_overdamped_decay_overshoot,1000,9.99,8.409959326417486e-09,1.480291351215278e-10,8.02947491795185e-09,9.032963565427907e-09,1.003488647476057e-09,4.017886664799645e-06,2.9884915890463423e-07,7.074932849684128e-14,390.62499999999994,319.05362714606105,1.830636980944934e-12,1.1361663056924745e-11,1.989834749376435e-07,0.0,4.18,1.1361663056924745e-11,0.01131089244808569,0.012283752297509588,4180000.0,3999.9323784248286,0.4184184184183765,4.18,5.8100000000000005
1350,type2_Triangle_Wave,1000,9.99,26.65747317785,0.3849426738066231,26.44520252384513,27.897108243875163,1.4519057200300338,10052.55822955462,2388.0132189289943,710769.0570899097,781.2499999999999,1304.1053192217285,0.3068348847888989,1.4103153240302717,1722.2560196833645,0.0,0.0,1.4519057200300338,0.9999999999993112,0.7970924131478369,0.0,6923.69903284061,0.0,0.0,9.99
1351,type2_HARD,1000,9.99,11.842051549798336,0.16966621714084992,11.760367961890587,12.548056052745284,0.7876880908546973,2884.052990946095,544.290410930633,140262.9715333201,390.62499999999994,616.3905458496354,0.008382450502642701,0.06849786018925386,304.02072114156607,0.0,0.0,0.7876880908546973,0.9999999999987305,0.04940553661094789,0.0,3661.414999702525,0.0,0.0,9.99
1352,type0_HARD,1000,9.99,47.559613563182594,6.98698446496632,-1.0567403670179585,58.67285819312197,59.72959856013993,160389.03640029396,8534.549768703571,2310734.7941929423,0.0,424.22691905575454,0.013886728348323543,0.07947866226396627,1116.8188590549132,3.88,3.81,0.08543290195573405,0.0014303277439528211,0.0019875138434830475,0.9819585098045078,2685.2522077274702,0.3813813813813432,-0.06999999999999984,6.18
1353,type5_Square_Pulse_Wave,1000,9.99,1.4937836807066244e-06,6.844336315521825e-08,1.462841855178601e-06,1.65963310922695e-06,1.9679125404834906e-07,0.01963482471882331,0.00013625768897546954,2.236074178705427e-09,390.62499999999994,1458.4483231321174,7.939141077744573e-08,1.9664501719551011e-07,0.00018258562464850333,0.0,0.0,1.9679125404834906e-07,0.9999949184991817,1.1599408208007098,0.0,99774.37787769487,0.0,0.0,9.99
1354,type5_Square_Pulse_Wave,1000,9.99,0.11468489648622913,0.002844884281570463,0.1131698102280489,0.1202401435590826,0.0070703333310336985,700.6195127553293,5.897344431048747,13.160718848632618,390.62499999999994,1291.755867589978,0.0029654813492176624,0.007055608191893992,7.400277411944013,0.0,0.0,0.0070703333310336985,0.9999999998585639,1.0423908513207558,0.0,99092.85458735285,0.0,0.0,9.99
1355,type0_Step_Response,1000,9.99,1.4346693196643285e-09,2.42192179470846e-10,-1.0129089376680464e-13,1.518701453114132e-09,1.5188027440078987e-09,3.1886596883252657e-06,1.7885965507045876e-07,2.1169331085829464e-15,390.62499999999994,305.8222761847351,9.187254491063605e-13,4.706452772389277e-12,3.590036104298357e-08,0.0,2.5500000000000003,4.826302551464792e-12,0.0031756111577593707,0.0037777754659108916,2550000.0000000005,2098.074701402627,0.25525525525522974,2.5500000000000003,7.4399999999999995
1356,type4_overdamped_no_overshoot,1000,9.99,11.052274062149014,0.2020190512891826,10.971230911751334,12.0836964054071,1.1124654936557654,1550.1311938272975,213.9080828156805,122193.57364193563,390.62499999999994,351.685344330295,0.0011653256580219844,0.006837006954969027,131.9458639158851,3.45,3.15,0.006837006954969027,0.006145814853542309,0.005768394864641239,0.9130432136106627,1393.419573610224,0.31531531531528373,-0.30000000000000027,6.84
1357,type0_Step_Response,1000,9.99,5.628629717354714e-09,7.421580768263912e-10,4.1095164129278644e-10,5.854818361458976e-09,5.44386672016619e-09,1.7867532488001934e-05,6.514009416118503e-07,3.2232271106087245e-14,390.62499999999994,317.13270739146753,1.0955799206399647e-12,6.337537077517545e-12,1.2688313801440362e-07,0.0,1.67,8.353692243324135e-12,0.0015342326401460863,0.0014742219115999767,1670000.0,3281.5371626684328,0.1671671671671504,1.67,8.32
1358,type1_HARD,1000,9.99,2.3538845213486948e-06,4.363289028574986e-07,3.5778096614270155e-08,2.560760323406957e-06,2.5249822267926865e-06,0.0028084704315228166,0.00031194899300862323,5.7311552513138035e-09,390.62499999999994,341.04703799471145,8.254205890056414e-10,4.647455481102655e-09,6.044984621434868e-05,0.0,2.25,4.647455481102655e-09,0.0018405886549218784,0.0018917350921860067,2250000.0,1112.2729061017267,0.22522522522520266,2.25,7.74
1359,type5_HARD,1000,9.99,17.771009372770735,0.7292480669060997,17.534765205554326,20.73415378753738,3.1993885819830545,318812.82421009796,1615.090398958373,316340.57687019155,390.62499999999994,1981.1605229348934,0.4604744098686664,2.291012138769741,1619.0245005246347,0.0,0.0,3.1993885819830545,0.9999999999996874,0.6314372718485755,0.0,99648.04713167751,0.0,0.0,9.99
1360,type0_HARD,1000,9.99,10.748687551457587,1.10616149082714,-0.2440388532588543,13.215720497090224,13.459759350349078,70779.95727739399,1907.3643384400284,116757.87732264823,0.0,413.4462307901057,0.0018355726602316523,0.010922196250454874,218.55878098591427,1.42,1.41,0.01161690211185551,0.0008630839385366398,0.0016594074874704148,0.9929570472133471,5258.634678008048,0.141141141141127,-0.010000000000000009,8.58
1361,type1_HARD,1000,9.99,0.4577035523885131,0.08670618010411725,-0.0293769957933377,0.7411709110279213,0.7705479068212591,2058.8817414457226,166.37865751554264,217.01050353731196,781.2499999999999,841.7956951130207,6.70408913308126e-05,0.0004543291010483119,7.277272415645127,3.29,3.28,0.0004543291010483119,0.0005896182405088425,0.0007731962271839947,0.996960183294777,2671.9711042192753,0.32832832832829545,-0.010000000000000231,6.710000000000001
1362,type1_Damped_Osc,1000,9.99,14.046814443597013,0.2289484920972973,12.780156196133884,14.951200257026024,2.1710440608921395,13725.118835169957,973.7561068793831,197365.41342487925,1562.4999999999998,1365.9776522615964,0.0028050791538837094,0.017349258636805587,315.70293056559757,3.0500000000000003,2.35,0.019199435522045505,0.008843411272891028,0.012252009734483727,0.7704915506585079,6321.897875036041,0.2352352352352117,-0.7000000000000002,7.640000000000001
1363,type3_Sine_Wave,1000,9.99,2.1275711198401503,0.01831751883590606,2.0990634198707983,2.1521772555510177,0.053113835680219434,146.9730438475203,35.836452574831654,4526.894401474176,390.62499999999994,370.41123874148104,0.017076373882454903,0.05233133933458767,35.707484679767795,0.0,0.0,0.053113835680219434,0.9999999999811725,0.9322427362842121,0.0,2767.1329317963123,0.0,0.0,9.99
1364,type5_Square_Pulse_Wave,1000,9.99,19.952007818399153,0.12574094533548136,19.889896815352845,20.30162387590053,0.41172706054768327,39101.561954714365,508.5149474214978,398098.4267707948,390.62499999999994,1391.9410199850058,0.08393492424889075,0.4039545423622499,634.6760831395494,0.0,0.0,0.41172706054768327,0.9999999999975713,0.6675226118610913,0.0,94969.61871441272,0.0,0.0,9.99
1365,type0_Step_Response,1000,9.99,22.281667803226462,3.591797357880921,-1.625787915273066,23.67472302578518,25.300510941058246,72536.56150812376,2998.635697514941,509373.72835341893,390.62499999999994,354.91267946257693,0.011494471777234748,0.06458127232811961,647.152752468123,3.06,3.01,0.07564471567669528,0.002989849329640783,0.0032002005213381595,0.9836598092615001,2866.9998672005836,0.3013013013012711,-0.050000000000000266,6.98
1366,type1_Damped_Osc,1000,9.99,26.995429071905995,0.4327079410549851,24.970721686421157,29.07784763034336,4.1071259439222025,29049.391580317515,1634.76325355912,728940.4269385594,1171.8749999999998,1041.1728209911662,0.005455983057062751,0.032400273350923214,636.2689704645528,2.87,2.41,0.03619357011955415,0.008812383796777701,0.012608927499106932,0.8397209617696997,7072.924467606903,0.2412412412412171,-0.45999999999999996,7.58
1367,type1_Damped_Osc,1000,9.99,42.59454054204009,0.4901612140941878,39.6323853363019,45.31707281418917,5.684687477887266,57128.08389360617,2043.2445066530654,1814535.1420032997,1562.4999999999998,1514.417988511082,0.005637059348510215,0.03045330593413098,624.8131812075775,1.75,1.46,0.03267157579311686,0.005747294977991229,0.011500419018089661,0.8342852375512928,10049.467823133167,0.1461461461461315,-0.29000000000000004,8.530000000000001
1368,type4_overdamped_decay_overshoot,1000,9.99,8.48400311923342,0.0950066051572688,8.130957085138526,8.969643899691453,0.8386868145529274,5330.284188943501,223.46652004499148,71987.33518218594,390.62499999999994,454.76761115837434,0.0010543420296141722,0.005567631864586531,123.83880688704123,2.02,2.01,0.006906565200317516,0.008234975297651381,0.011097565562497195,0.9950490123519738,6355.512089192103,0.20120120120118104,-0.010000000000000231,7.98
1369,type0_Step_Response,1000,9.99,40.78521788594788,11.41078128216075,-0.5440931003492733,47.83542858231055,48.37952168265982,151724.66815591612,10835.425052100327,1793639.927473553,390.62499999999994,710.7101358907981,0.015041331127146645,0.07289199359443899,701.3079848920447,5.96,5.96,0.08624859345834324,0.0017827500243611267,0.0013181683843735102,0.9999998322147933,3136.134109616344,0.5965965965965369,0.0,4.03
1370,type4_HARD,1000,9.99,2.695529224051291,0.05665448041399632,2.5633449662281,2.731185281416003,0.16784031518790288,298.7941452528009,64.26499742924243,7269.087527865532,390.62499999999994,384.0354289751717,0.0007754054000065345,0.003972039961093188,58.104680952663195,3.17,3.16,0.004701862112257871,0.028013901826661632,0.01368656802298175,0.9968451114053276,1780.2286948550504,0.31631631631628465,-0.009999999999999787,6.83
1371,type4_overdamped_decay_overshoot,1000,9.99,2.8600392188111356e-06,7.115400088367631e-08,2.730090611503283e-06,3.2026075684124614e-06,4.725169569091783e-07,0.0011050965494933305,0.0001106704143530571,8.184887224979563e-09,390.62499999999994,310.3627590037097,9.925169266475054e-10,5.132535774965827e-09,7.206829267751004e-05,0.0,5.4,5.132535774965827e-09,0.010862096773080608,0.013948660168946733,5400000.000000001,2338.739794614279,0.5405405405404865,5.4,4.59
1372,type1_HARD,1000,9.99,2.3082291354506728e-09,2.8099392498702504e-10,1.0074410480782463e-10,2.8357356855295516e-09,2.734991580721727e-09,9.100911291143694e-06,3.799227491676017e-07,5.406879327622974e-15,0.0,399.58335065638965,5.696464898433987e-13,2.9661118772585674e-12,5.034419304141522e-08,0.0,2.53,4.169948577043773e-12,0.0015241087020976076,0.0020200665311127146,2530000.0,3326.366702028727,0.2532532532532279,2.53,7.460000000000001
1373,type4_overdamped_decay_overshoot,1000,9.99,0.14501969224059635,0.001512179564048705,0.1428041242519952,0.155747710327745,0.012943586075749802,33.94484619741178,4.147124147787986,21.032997824591213,390.62499999999994,307.2892618669235,4.17848667220307e-05,0.00021171576813530657,3.0961506433131065,4.44,3.63,0.00028109905390080736,0.0217172468459678,0.02763221226355143,0.8175673834307694,2622.5225371186693,0.363363363363327,-0.8100000000000005,6.36
1374,type1_HARD,1000,9.99,1.4015499171314396e-06,2.677908023552327e-07,-9.170740645898465e-08,1.509969774840194e-06,1.6016771812991786e-06,0.0019740152096066146,0.00019438564952838726,2.036054084037205e-09,390.62499999999994,319.6253928059512,2.5945946921701717e-10,1.4069328970714704e-09,2.771441910439246e-05,0.0,1.57,1.6910818201437418e-09,0.0010558187280618663,0.0009688850328317278,1570000.0000000002,1232.466816776776,0.15715715715714143,1.57,8.42
1375,type2_HARD,1000,9.99,0.01517918974455299,0.0006834021132418617,0.014843053226197,0.0176085518460642,0.002765498619867201,7.66895417715005,1.713984653981591,0.23087483974952605,781.2499999999999,677.9504119886552,0.000706983777036106,0.0023551297707766015,2.013358952762612,0.0,0.0,0.002765498619867201,0.9999999996384016,1.0345062772016806,0.0,2773.081902584797,0.0,0.0,9.99
1376,type2_Triangle_Wave,1000,9.99,9.242239703272919e-06,1.7417508467678792e-07,9.15771707471144e-06,1.0044357264758873e-05,8.866401900474326e-07,0.00682611341092703,0.0012528489265986938,8.544933169287644e-08,781.2499999999999,1828.3551708897073,1.9182736072341444e-07,7.418297409171556e-07,0.0016616510201194964,0.0,0.0,8.866401900474326e-07,0.9999988721480445,1.10134155948781,0.0,7698.845358810652,0.0,0.0,9.99
1377,type0_Step_Response,1000,9.99,7.576219465235181e-06,2.4573117748334414e-06,-1.6886454106811495e-09,8.877371790870554e-06,8.879060436281236e-06,0.006012688684287865,0.0010175458372187931,6.343748254414352e-08,390.62499999999994,413.2025402809909,4.422514861021488e-09,2.080365564688086e-08,0.00021806505144492206,0.0,6.01,2.080365564688086e-08,0.0023430016557689152,0.001799736242905118,6010000.0,677.1761550966498,0.6016016016015413,6.01,3.9800000000000004
1378,type1_Damped_Osc,1000,9.99,5.938910067661199,0.09997387586906366,5.418217110517922,6.2429921662319305,0.8247750557140083,5898.509550115349,286.38490890410765,35280.64756762383,781.2499999999999,834.959291183937,0.0007090132290122504,0.00379521271354033,83.74224777421225,2.96,2.73,0.005471202221820626,0.006633568976061684,0.007091985009501452,0.9222969857104778,7151.6585149412085,0.2732732732732459,-0.22999999999999998,7.26
1379,type5_Square_Pulse_Wave,1000,9.99,0.09367836033370408,0.00716529403084526,0.0912162496606221,0.116157925373872,0.0249416757132499,2486.0279509751194,10.881470145862915,8.82697663335977,390.62499999999994,1486.5381328213323,1.4360319663899527e-05,7.191845631190907e-05,1.6540115596504905,0.0,0.0,0.0249416757132499,0.9999999999599065,0.0020041493901125154,0.0,99673.65382570426,0.0,0.0,9.99
1380,type2_HARD,1000,9.99,8.060388125354061,0.3365294417054119,7.887754072868152,9.488864585611063,1.6011105127429115,3661.391622908816,785.8456182421177,65083.1087964833,390.62499999999994,618.2634223362315,0.34162484410031807,1.083868060437319,931.0671829439049,0.0,0.0,1.6011105127429115,0.9999999999993754,1.015141030062836,0.0,2286.782576072208,0.0,0.0,9.99
1381,type2_Triangle_Wave,1000,9.99,5.332254192523103,0.03712898332642121,5.314106653171616,5.471332191770126,0.15722553859851018,1707.5754381160377,343.68877332203573,28434.31333508307,781.2499999999999,2158.3747512361037,0.03544427974395074,0.15625857633159868,319.2266344941378,0.0,0.0,0.15722553859851018,0.9999999999936396,0.954625647338255,0.0,10860.674756316957,0.0,0.0,9.99
1382,type4_overdamped_decay_overshoot,1000,9.99,1.6274211362172793e-06,1.7460214671857396e-08,1.6011198956444706e-06,1.8008427553172094e-06,1.9972285967273875e-07,0.0011038376842880007,5.821621449480848e-05,2.6488044137031277e-09,390.62499999999994,349.36594012489735,4.514634216034083e-10,2.4469828955822648e-09,4.054112220056646e-05,0.0,1.89,3.498488076523358e-09,0.017516625616267736,0.02585521282955425,1890000.0,5526.819309904758,0.18918918918917024,1.89,8.1
1383,type3_Sine_Wave,1000,9.99,7.706047534902215e-06,1.2250635262392289e-07,7.519718811101887e-06,7.874081758628848e-06,3.543629475269611e-07,0.0005930556622149623,0.00017360503324542647,5.9398176416605734e-08,390.62499999999994,365.6346223670486,1.2082303779494955e-07,3.4696512320828713e-07,0.00017135186855863306,0.0,0.0,3.543629475269611e-07,0.9999971780424985,0.9862513164075637,0.0,1673.5778748199007,0.0,0.0,9.99
1384,type4_overdamped_decay_overshoot,1000,9.99,24.534596321484823,0.6162572145510926,24.078637530906075,27.892365741019432,3.813728210113357,6271.504173027509,785.2893135207347,602326.1896127029,390.62499999999994,347.20518673600384,0.004556130897566598,0.030554226863593215,500.28121862551757,6.9,6.8,0.030554226863593215,0.008011642461190759,0.007393229304224989,0.9855071035496951,1644.4549342543353,0.6806806806806125,-0.10000000000000053,3.1900000000000004
1385,type1_Damped_Osc,1000,9.99,8.083984080513492,0.17662410217885016,7.403661969545139,8.376717380925648,0.9730554113805088,3317.3769982999697,422.62066484131935,65381.99468746606,390.62499999999994,474.62222299440316,0.0024397316264110737,0.014296353189349631,202.45546255359582,5.19,5.0,0.01727201099255815,0.017750285123059924,0.013813129670868928,0.9633909511770806,3409.237500246855,0.5005005005004504,-0.1900000000000004,4.99
1386,type0_HARD,1000,9.99,31.538018056692426,7.462529682735807,-1.367761107406567,34.4582231730696,35.82598428047616,681292.5845510189,4142.581145319789,1050335.9322099704,390.62499999999994,484.76943543864286,0.009456292438937289,0.04749871404749939,578.8808859035585,1.8,1.79,0.06523593707127162,0.0018209112291388172,0.0012671698259120745,0.9944438919756156,19016.71644852139,0.17917917917916124,-0.010000000000000009,8.2
1387,type4_HARD,1000,9.99,8.214529665828469,0.18706959325742079,7.767111765953983,8.361098782231274,0.5939870162772909,835.8574485093583,161.9975664824271,67513.49266349745,390.62499999999994,447.2972335785841,0.0021689129757288175,0.011231571890311542,152.27414059571262,6.0600000000000005,6.140000000000001,0.011231571890311542,0.018908783496118374,0.01159415027290217,1.0132011529371034,1407.1981804358968,0.6146146146145531,0.08000000000000007,3.8499999999999996
1388,type0_HARD,1000,9.99,4.798657791672189e-09,6.708814336589312e-10,-4.443481996868471e-11,5.427788306421033e-09,5.472223126389718e-09,1.5213972243900805e-05,6.792040509186356e-07,2.347719849960448e-14,0.0,255.27035066173653,1.268130094221446e-12,6.159991701358385e-12,8.232814720798538e-08,0.0,1.72,8.125344676155788e-12,0.001484563024112536,0.0018874313691263419,1720000.0,2779.7098515032294,0.17217217217215494,1.72,8.27
1389,type1_Damped_Osc,1000,9.99,1.3912601869693707e-06,1.907602820646755e-08,1.2583257594647547e-06,1.4729740229473914e-06,2.146482634826367e-07,0.0023089101700214604,8.687434550264656e-05,1.935968802698182e-09,1953.1249999999998,1815.5271883434743,2.9631975304067105e-10,1.8326952995585414e-09,2.2967856038983526e-05,0.0,1.63,1.900132396798076e-09,0.008852266091990484,0.015532804681822079,1630000.0,10756.664768189301,0.1631631631631468,1.63,8.36
1390,type1_HARD,1000,9.99,32.325335781457206,5.316301431590549,-2.572767904816031,42.796463517818346,45.36923142263438,105191.42837694594,6935.643631908018,1073190.3942954894,781.2499999999999,528.3841670375581,0.010810285965008656,0.0591940013670893,793.182299436737,3.16,3.16,0.06076257142110819,0.001339290296877122,0.002033422315139938,0.9999996835444039,2318.563155655848,0.31631631631628465,0.0,6.83
1391,type2_Triangle_Wave,1000,9.99,0.12187047109008833,0.001745563252670205,0.121187912178681,0.1296720979596956,0.008484185781014592,76.5093752308904,11.83309120292186,14.85545871478913,781.2499999999999,1904.8100154855763,0.0014543522454945324,0.008237279043517592,8.822892448595507,0.0,0.0,0.008484185781014592,0.9999999998821336,0.8331707501499158,0.0,9017.880701419888,0.0,0.0,9.99
1392,type4_overdamped_decay_overshoot,1000,9.99,34.999620356960364,0.585901504667871,34.34545989218404,39.39953951407518,5.054079621891141,14009.120975314458,1348.6383038256934,1225316.7057045265,390.62499999999994,276.8258022514812,0.007964187656311846,0.046885310235552424,897.403611676721,3.37,3.37,0.04758284723632755,0.009414740327837085,0.013593048648702307,0.999999703264183,2771.8441384723847,0.3373373373373036,0.0,6.62
1393,type4_overdamped_decay_overshoot,1000,9.99,11.710107760966231,0.09451376658935548,11.606326787077805,12.517353436102196,0.9110266490243912,3168.6069517530054,354.15962022440067,137135.55662551647,390.62499999999994,337.97132139905557,0.0028810182937863372,0.015313819969971831,277.35345399173013,2.7,2.7,0.015604664985664485,0.017128659191647386,0.030482525432229745,0.9999996296297667,3478.061761577178,0.27027027027024325,0.0,7.29
1394,type1_HARD,1000,9.99,1.33578862838119e-06,3.128462727210689e-07,1.6296352735353693e-08,1.456874663843246e-06,1.4405783111078923e-06,0.016394048725546728,0.00017320899987882172,1.882204050067967e-09,390.62499999999994,445.55554397979455,3.230919461829173e-10,1.9385684164226484e-09,3.400944484133226e-05,0.0,2.02,2.147743480215398e-09,0.0014908887443091583,0.0010327465647142862,2020000.0,11380.177820920333,0.20220220220218196,2.02,7.970000000000001
1395,type1_HARD,1000,9.99,0.1313435798289279,0.035117567382455826,-0.018438948262582,0.1439492134829056,0.1623881617454876,1017.29737777278,18.83232751359236,18.48437950113927,390.62499999999994,395.11937729982657,2.8704339287079045e-05,0.00018445178892489977,3.0395431358012197,1.79,1.78,0.00018445178892489977,0.001135869677574507,0.0008173783500904421,0.9944128522833228,6264.6030771684855,0.17817817817816034,-0.010000000000000009,8.21
1396,type4_overdamped_no_overshoot,1000,9.99,22.735824582016594,1.4951047530821304,22.143409022547623,30.093981849359885,7.950572826812262,8660.166433211813,1288.2736827372887,519153.0576469188,390.62499999999994,355.3555586444797,0.006597906332001734,0.04082342142908146,652.9778320893655,2.68,2.67,0.04082342142908146,0.005134651592826708,0.004413006057532665,0.9962682849745204,1089.250626571893,0.2672672672672405,-0.010000000000000231,7.32
1397,type0_HARD,1000,9.99,1.7224997491643498e-09,4.785592333033591e-10,-3.1948958024961793e-11,1.8844176775780094e-09,1.9163666356029713e-09,0.00011442610371945358,2.3608752075593712e-07,3.1960243256511473e-15,390.62499999999994,975.9403024066132,4.712524237652888e-13,2.8000941299765395e-12,5.349631568833099e-08,0.0,3.51,2.8000941299765395e-12,0.0014603853420532527,0.0009826782408486844,3510000.0,59678.781092103956,0.3513513513513162,3.51,6.48
1398,type0_HARD,1000,9.99,0.0035254306427133083,0.0005975461820947943,4.925392927948906e-05,0.0055108112905522,0.005461557361272711,14.260302859950018,1.108804840687188,0.012785722656318034,781.2499999999999,798.4233825127632,4.7224079455259103e-07,2.6503809741999784e-06,0.05358159391827376,2.65,3.97,2.935576701200166e-06,0.0005374980992561777,0.0007903000770698172,1.4981126422216444,2611.03233272934,0.39739739739735763,1.3200000000000003,6.02
1399,type2_HARD,1000,9.99,0.0012069553713896356,3.8655460904939304e-05,0.0011859138459403,0.0013385733933021,0.00015265954736179985,0.3828916529100001,0.09589350214655644,0.0014582355131840669,390.62499999999994,507.80012507851615,4.691363776567794e-05,0.00015233966801149988,0.13935278389803518,0.0,0.0,0.00015265954736179985,0.9999999934494762,1.213635420553167,0.0,2508.140873065831,0.0,0.0,9.99
1400,type0_Step_Response,1000,9.99,0.042896937774988375,0.0074051320839482685,1.6938871356555076e-06,0.0452720317494243,0.045270337862288644,70.15784279309999,5.232302214195136,1.8949832516519443,390.62499999999994,307.03423934672355,7.852327329983474e-06,4.391633980229542e-05,0.8871596710505145,2.2,2.3000000000000003,4.652470647309448e-05,0.0010277083995616266,0.001060389907959127,1.0454540702481498,1549.7530194046446,0.2302302302302072,0.10000000000000009,7.6899999999999995
1401,type0_Step_Response,1000,9.99,46.414280245861605,7.137220422231564,-0.0002616970274326,48.505312697587634,48.50557439461507,97145.51794227817,5640.654093270419,2205225.3260968984,390.62499999999994,280.6947625177963,0.021244399458069253,0.11032420917205599,914.6359296173547,1.79,1.75,0.13141410947376642,0.002709257876314374,0.002976564853159444,0.9776530851100084,2002.7701796076647,0.17517517517515763,-0.040000000000000036,8.24
1402,type1_HARD,1000,9.99,8.544753065127982e-06,2.4439357946335726e-06,-7.674074657303865e-07,9.81212058505916e-06,1.0579528050789547e-05,0.18049280549037042,0.001252866108130891,7.898562711230528e-08,390.62499999999994,526.9550673486807,1.6938802374965598e-09,8.652482697812654e-09,0.00019734379710825535,0.0,3.0700000000000003,9.963325156804177e-09,0.0009417550733093,0.0006930949446876055,3070000.0000000005,17060.57090290804,0.30730730730727657,3.0700000000000003,6.92
1403,type0_Step_Response,1000,9.99,0.0210660114264911,0.0036905074975000897,-4.043155272922891e-06,0.0222761001578631,0.022280143313136023,39.65935658303,2.606002913219476,0.4573966830101579,390.62499999999994,305.6364520534006,8.897782931879078e-06,4.624044268300084e-05,0.4821714816620779,2.06,2.2,4.624044268300084e-05,0.0020754104689112477,0.002410991695720805,1.0679606466210454,1780.0314847107575,0.2202202202201982,0.14000000000000012,7.79
1404,type1_HARD,1000,9.99,4.145582999200973e-06,7.915110987460447e-07,-5.4778291658352467e-08,4.396292789952416e-06,4.451071081610768e-06,0.004824706962030571,0.0005096460756444286,1.7812348222702315e-08,390.62499999999994,330.9068843334455,1.3907984426291043e-09,6.486546664806479e-09,7.134830155152746e-05,0.0,2.14,6.9010687377071974e-09,0.0015504284386268165,0.0017571411035061633,2140000.0,1083.9426712417091,0.2142142142141928,2.14,7.85
1405,type0_Step_Response,1000,9.99,2.8494110261271623e-06,6.770557388861144e-07,-1.0281386947947715e-09,3.1682485662165963e-06,3.169276704911391e-06,0.004698751634667887,0.00037871825650549236,8.577547669373668e-09,390.62499999999994,400.5565028546109,1.879202365245825e-09,1.0766632345159198e-08,9.231612710958862e-05,0.0,3.16,1.0766632345159198e-08,0.0033971880496537995,0.0027755463572188437,3160000.0000000005,1482.5938501338298,0.31631631631628465,3.16,6.83
1406,type5_Square_Pulse_Wave,1000,9.99,1.3783927831482543e-06,5.5504808350250226e-08,1.349248822459172e-06,1.5135559397004335e-06,1.643071172412616e-07,0.016349733789587706,0.00010203463059744228,1.9030474483851887e-09,390.62499999999994,1206.856042727612,5.495871158436564e-08,1.214803220426769e-07,0.00012266419305143587,0.0,0.0,1.643071172412616e-07,0.9999939138734179,0.9901434321534006,0.0,99506.5494273822,0.0,0.0,9.99
1407,type4_overdamped_no_overshoot,1000,9.99,23.75890491926301,1.0282977701111211,23.26883440073711,28.086637271536325,4.817802870799216,5337.00982595775,869.983619129501,565542.9592665955,390.62499999999994,385.1006674343966,0.007350479903509219,0.03680044586615949,532.8983703820674,3.53,3.6,0.03696486843825397,0.007672557269267073,0.00714820173412197,1.019829739425003,1107.7684100161814,0.36036036036032426,0.07000000000000028,6.390000000000001
1408,type0_HARD,1000,9.99,0.003961943736788836,0.0009469361674503417,0.0001603066398817,0.0045448577980942,0.0043845511582125,151.8446588505,0.5473048975664375,0.016593686278705836,390.62499999999994,670.380622306084,6.265331073639478e-07,3.755838196499439e-06,0.07097149424221114,1.87,4.21,4.013462734599529e-06,0.0009153645581638916,0.0006616423875637441,2.2513356944728904,34631.74526575087,0.4214214214213792,2.34,5.78
1409,type0_HARD,1000,9.99,1.3148020976453724e-09,1.9821309518835977e-10,-2.444700559793816e-11,1.7338123450859834e-09,1.7582593506839215e-09,4.591652671416091e-06,2.4718922106316797e-07,1.7679929870768215e-15,0.0,516.2314292985689,2.4892941386910866e-13,1.3264007076390809e-12,1.5682713489820337e-08,0.0,2.12,2.0484158075481833e-12,0.0011643626090444541,0.0012495635070261882,2120000.0,2609.991909169652,0.21221221221219097,2.12,7.87
1410,type0_Step_Response,1000,9.99,18.642834143044265,2.0417361733468335,0.0033163987286746,19.300134801056288,19.296818402327613,110387.12062928958,2922.102076224134,351723.9514866099,390.62499999999994,511.9427181154558,0.0068426301429239614,0.03600804831341975,445.69746446124003,2.24,2.19,0.049439739432699525,0.0025620668859449632,0.0033513782202840166,0.9776781349651181,5720.482948420596,0.21921921921919726,-0.050000000000000266,7.800000000000001
1411,type2_Triangle_Wave,1000,9.99,3.475571058709452e-09,3.2041353336032294e-11,3.457465399690157e-09,3.578318804517149e-09,1.208534048269921e-10,8.888511336453937e-07,2.114703677430536e-07,1.2080620832462345e-14,781.2499999999999,1346.651700340786,3.3617675480212536e-11,1.2052559197452168e-10,2.393800519755998e-07,0.0,0.0,1.208534048269921e-10,0.9917934176610017,1.0174424497180552,0.0,7294.43001537288,0.0,0.0,9.99
1412,type1_HARD,1000,9.99,0.11828265714572979,0.031944604347089955,0.0104815180443511,0.1328904719373456,0.1224089538929945,4834.976085612239,14.503443230710419,15.011244728346384,390.62499999999994,858.4809570949892,2.872930512274683e-05,0.00014874041031140428,1.7324524392645984,3.31,3.31,0.00016599644651441037,0.0013560809175623084,0.000899347658518257,0.9999996978852876,39498.549181290306,0.33133133133129816,0.0,6.68
1413,type2_Triangle_Wave,1000,9.99,0.8757677558472919,0.00878269955150496,0.8715244044104004,0.9067071287418804,0.035182724331480064,239.89327821209991,55.54241390841963,767.046297993214,781.2499999999999,1515.613296739203,0.009253170509399071,0.035182724331480064,63.8777261188869,0.0,0.0,0.035182724331480064,0.999999999971577,1.0535679211251086,0.0,6818.496371829703,0.0,0.0,9.99
1414,type5_HARD,1000,9.99,8.729841100994342e-09,4.373135552216877e-10,8.531121571620528e-09,9.98624104536521e-09,1.4551194737446824e-09,0.00014521448434095437,1.2979801837433135e-06,7.640136879419072e-14,390.62499999999994,1923.1601742247847,3.9310853366283813e-10,1.4546168753283265e-09,1.315498143613264e-06,0.0,0.0,1.4551194737446824e-09,0.9993132431658039,0.8968660197241994,0.0,99727.03954539409,0.0,0.0,9.99
1415,type5_HARD,1000,9.99,50.04457128471486,1.9468615026671072,49.20321623131697,55.85893956286232,6.655723331545346,659878.372511359,4611.56874272608,2508249.3847814742,390.62499999999994,1731.6293545566268,2.369715443675188,6.277333991933581,6170.763602289237,0.0,0.0,6.655723331545346,0.9999999999998498,1.217197751574816,0.0,99144.50160266012,0.0,0.0,9.99
1416,type4_overdamped_decay_overshoot,1000,9.99,1.457920673049699e-06,2.1743323676845488e-08,1.4225975478286634e-06,1.6086691831877343e-06,1.8607163535907095e-07,0.0004935073613019989,4.010624073109432e-05,2.126005461030204e-09,390.62499999999994,277.2203639860463,4.682471420801183e-10,2.2943541358291654e-09,2.2605532122603594e-05,0.0,4.0600000000000005,2.3386443275531044e-09,0.01256844846121591,0.021534224243485334,4060000.0000000005,2652.2296540254843,0.40640640640636577,4.0600000000000005,5.93
1417,type0_HARD,1000,9.99,16.652888669236795,2.739464025024983,-0.9540296043177356,19.15657409996779,20.110603704285527,43197.924058471224,2687.4528950501426,284823.3641744013,390.62499999999994,293.204180699076,0.005688137407079933,0.026939673195421676,541.3887014793692,3.28,3.01,0.03821231135518843,0.001900107620689854,0.0020763687185218586,0.9176826470479734,2148.0172695792166,0.3013013013012711,-0.27,6.98
1418,type1_HARD,1000,9.99,0.035900850494765095,0.008445238039352966,-0.0031010997876476,0.038694509519427,0.041795609307074606,40.03466734163012,4.7988431369111035,1.3601931117888093,390.62499999999994,360.79422385656727,6.437658945378394e-06,4.372041382500608e-05,0.6959950829184043,1.49,1.49,4.372041382500608e-05,0.0010460527923577755,0.000762282710637406,0.9999993288595109,957.8677761708265,0.1491491491491342,0.0,8.5
1419,type2_Triangle_Wave,1000,9.99,8.969940440876151e-06,1.9112560792821183e-07,8.870603538085877e-06,9.870290133171384e-06,9.996865950855077e-07,0.011942648933352083,0.002248957245818681,8.049636051087138e-08,1562.4999999999998,2919.8244694499585,1.9803291586858223e-07,9.996865950855077e-07,0.002803412439187256,0.0,0.0,9.996865950855077e-07,0.9999989996874974,1.036134727734845,0.0,11946.381041499846,0.0,0.0,9.99
1420,type0_Step_Response,1000,9.99,0.002220434518978091,0.0003344855883593826,-9.62442298911808e-05,0.0023139817827605,0.002410226012651681,6.750476625847718,0.29333080102792625,0.005042210061889587,390.62499999999994,259.5367563873952,9.046381282467507e-07,6.142350666900245e-06,0.0670270905918089,1.1,1.8,6.923991607300003e-06,0.0028727561515318697,0.002704565329643475,1.636362148761683,2800.764985363434,0.18018018018016213,0.7,8.19
1421,type0_HARD,1000,9.99,1.1692883915312894e-09,1.7031757867253757e-10,-5.382768229723116e-11,1.834208540101917e-09,1.888036222399148e-09,8.113245401260627e-06,3.937798002251633e-07,1.396243420174706e-15,1171.8749999999998,1277.0959788679245,2.038782616489565e-13,1.277458563310812e-12,2.2389519420102087e-08,0.0,2.17,1.3029536572892209e-12,0.0006897451948456658,0.0011900603734229548,2170000.0,4294.912561791163,0.21721721721719545,2.17,7.82
1422,type4_HARD,1000,9.99,44.44837936245124,2.9241525068536762,43.170792709842765,56.526318370159146,13.355525660316381,10731.846854554306,1939.2296801860289,1984209.0958317202,390.62499999999994,386.08962462882147,0.011938216752088683,0.06384699297996121,811.0093735065489,2.5,2.48,0.07715883867528817,0.005777297025795581,0.004082624529364871,0.9919996032001587,803.5510639945319,0.2482482482482234,-0.020000000000000018,7.51
1423,type0_HARD,1000,9.99,1.6451074477202706e-06,3.4738491356246996e-07,-7.003782232339667e-08,1.9947035232062626e-06,2.0647413455296593e-06,0.04347832197995377,0.0002686692295980869,2.827054792715508e-09,390.62499999999994,551.2061346647606,5.068603293868403e-10,3.2910077047501776e-09,4.0125025467964834e-05,0.0,3.01,3.2910077047501776e-09,0.001593907206812262,0.0014590698977657087,3010000.0,21057.504862089932,0.3013013013012711,3.01,6.98
1424,type5_Square_Pulse_Wave,1000,9.99,4.77837301424454e-09,2.677151533176934e-10,4.682795899266752e-09,5.6928836941938045e-09,1.0100877949270522e-09,0.00010078529610399892,5.700395777679409e-07,2.2904520066576376e-14,781.2499999999999,1727.542251045664,3.0180828217936713e-10,8.539738196672866e-10,7.770061737391702e-07,0.0,0.0,1.0100877949270522e-09,0.999010966203907,1.1231531919695974,0.0,99680.06399609477,0.0,0.0,9.99
1425,type5_Square_Pulse_Wave,1000,9.99,0.280713928210233,0.010820688108538064,0.2764867883945999,0.3249701408386141,0.048483352444014194,4816.761158441928,26.54456802651486,78.9173967823621,390.62499999999994,1780.8310011758333,0.009303310258378179,0.025217659647694513,26.37636964819949,0.0,0.0,0.048483352444014194,0.9999999999793744,0.8597706693142398,0.0,99348.76438061292,0.0,0.0,9.99
1426,type0_Step_Response,1000,9.99,0.5407152208475882,0.10451042069352214,-0.0001203367185697,0.5800418102098368,0.5801621469284065,831.4615920366696,65.7674878478226,303.29537808979296,390.62499999999994,309.7670482167992,0.00026939382994307356,0.0012609075351590615,11.470155664117934,3.44,3.42,0.0016469391884955664,0.002838756711743836,0.0025776743424514195,0.9941857575041402,1433.1538112875899,0.34234234234230804,-0.020000000000000018,6.57
1427,type0_Step_Response,1000,9.99,7.888719688764069,2.4274914101938787,-0.0015116784337543,9.583498812172964,9.585010490606718,21069.127071600687,2182.2264304698665,68124.61287445894,390.62499999999994,717.072430107885,0.004556156198697519,0.02407464643962065,218.21967702477113,7.25,7.26,0.02407464643962065,0.002511697453352943,0.001876898999338478,1.0013791722235623,2198.132917250969,0.726726726726654,0.009999999999999787,2.7300000000000004
1428,type2_Triangle_Wave,1000,9.99,4.6967038431831315e-09,1.0326344334504707e-10,4.657823839957579e-09,5.149090435388507e-09,4.912665954309279e-10,4.827599430916378e-06,7.285140623812933e-07,2.2069690329302674e-14,781.2499999999999,2251.8301386526623,9.232052507540175e-11,4.763137402473399e-10,6.128406994441597e-07,0.0,0.0,4.912665954309279e-10,0.9979685804210936,0.8854544038976183,0.0,9806.880003081093,0.0,0.0,9.99
1429,type4_overdamped_decay_overshoot,1000,9.99,19.414740833601872,0.3978684378221122,18.8989300795876,22.76770628445611,3.86877620486851,13475.60705690256,768.9889607178112,377090.4609297428,390.62499999999994,254.76800195118753,0.0038270380341649092,0.02167191369321486,405.20855386975904,3.44,3.41,0.02249795888085515,0.00581526500616336,0.009618853043744997,0.9912787816050054,3483.170476478124,0.34134134134130717,-0.029999999999999805,6.58
1430,type4_overdamped_decay_overshoot,1000,9.99,2.292082067895859e-09,4.6853591247519934e-11,2.1370807173382413e-09,2.531834407345767e-09,3.947536900075259e-10,2.097554777844009e-06,8.644353458659779e-08,5.25583546498255e-15,390.62499999999994,388.0864832131742,5.819262721707539e-13,3.376693125462635e-12,4.06074989515175e-08,0.0,2.46,3.479737216399257e-12,0.008792684197923926,0.012160555916499012,2460000.0,5300.152167385023,0.24624624624622157,2.46,7.53
1431,type4_overdamped_no_overshoot,1000,9.99,25.03048457005353,1.2761596525709102,24.289532281728825,29.80717983642214,5.5176475546933155,4754.732920577353,962.5488781533895,628153.7412705377,390.62499999999994,397.34671588178384,0.007891694377944217,0.04004832678892711,635.756740089268,5.46,5.76,0.04004832678892711,0.007258224885142349,0.006183939730455886,1.0549448617317103,861.7319017652934,0.5765765765765188,0.2999999999999998,4.23
1432,type1_HARD,1000,9.99,0.20702256622104198,0.019248395492797644,0.0159274793401313,0.2482472741897742,0.23231979484964288,1294.0034992282397,32.671057490671004,43.228843653792865,0.0,280.16338584422,7.350048449789791e-05,0.00037980242080709603,5.849277309416737,1.48,1.47,0.0004272304692403972,0.0018389757511410568,0.0038185252646944917,0.9932425721333973,5569.923561873612,0.14714714714713242,-0.010000000000000009,8.52
1433,type1_HARD,1000,9.99,1.273114094763637e-06,2.2189681498224988e-07,2.4861022574379884e-12,2.030984812413366e-06,2.0309823263111086e-06,0.005619027642014758,0.0004545283968861589,1.6700576947851023e-09,781.2499999999999,858.2958481131878,3.3316945348801863e-10,2.0515002312378607e-09,3.0182616787757912e-05,0.0,4.3,2.060843724513543e-09,0.0010147024339469445,0.001501454412765036,4300000.0,2766.653752997886,0.4304304304303873,4.3,5.69
1434,type4_overdamped_decay_overshoot,1000,9.99,0.009645911777292555,0.0001606953350916968,0.009184601724625,0.0102906168052453,0.0011060150806203005,5.042140910690128,0.3644428259282298,0.09306943700603146,390.62499999999994,351.79247044063965,2.1662364206710785e-06,1.0992021326700421e-05,0.2530776270903238,2.37,3.23,1.4278123152999464e-05,0.012909519400117187,0.013480393851847508,1.362868623262184,4558.835584143612,0.32332332332329095,0.8599999999999999,6.76
1435,type4_HARD,1000,9.99,4.875158163889417,0.06971699235099119,4.682800337334923,5.286279744395814,0.6034794070608909,2222.6379215890543,166.39377756512707,23772.027581960097,390.62499999999994,318.99209913351183,0.0010180482877082593,0.006392588069175531,111.63481326536461,2.41,2.4,0.006392588069175531,0.010592885182774644,0.014602584726665747,0.9958502091907844,3683.038552069612,0.24024024024021617,-0.010000000000000231,7.59
1436,type2_Triangle_Wave,1000,9.99,1.7069976177396119e-09,2.2418990493494988e-11,1.6943965570778102e-09,1.7763780395365119e-09,8.198148245870166e-11,4.891045903400108e-07,1.292017603728028e-07,2.914343478103457e-15,781.2499999999999,1258.826132392693,2.347937295236091e-11,8.198148245870166e-11,1.480183535412718e-07,0.0,0.0,8.198148245870166e-11,0.9879491186422503,1.0025783544718845,0.0,5894.141389718231,0.0,0.0,9.99
1437,type0_Step_Response,1000,9.99,1.177285930825865e-09,1.6262854190633773e-10,8.132108911131424e-14,1.222324232393629e-09,1.2222429113045178e-09,4.01356879232575e-06,1.535135629833584e-07,1.412450205563105e-15,390.62499999999994,250.30435249960487,7.010009908321303e-13,3.6737638183280025e-12,4.0664136208031004e-08,0.0,1.73,3.6737638183280025e-12,0.003003298677946268,0.0042840997216328485,1730000.0,3281.0889441783156,0.17317317317315584,1.73,8.26
1438,type2_Triangle_Wave,1000,9.99,8.779280164884641,0.15596672282159213,8.705685161632191,9.325459144094792,0.6197739824626005,5188.492289691381,1161.597199158177,77100.08583216462,781.2499999999999,1968.6511571329384,0.14866922271438418,0.5987189453368522,1039.7420115208436,0.0,0.0,0.6197739824626005,0.9999999999983865,0.9532111723825302,0.0,8371.587766667993,0.0,0.0,9.99
1439,type1_HARD,1000,9.99,26.081183629686212,3.6550149949993114,1.3539675559998303,31.18409817394572,29.83013061794589,77012.04274323511,4080.1636599100425,693587.2741390821,0.0,327.54677846306686,0.010483320235050365,0.05868352266389465,658.1496067359725,2.28,2.26,0.0606039320873748,0.0020316348213008924,0.002868201703519816,0.9912276354264756,2581.68640726306,0.22622622622620356,-0.020000000000000018,7.73
1440,type5_Square_Pulse_Wave,1000,9.99,1.0450394729100374e-06,2.5908526273369483e-08,1.0330185530635291e-06,1.1032820869128429e-06,7.026353384931374e-08,0.0069616565437565555,4.122158995854728e-05,1.0927787516737462e-09,390.62499999999994,1232.0225898585709,1.2729523787519028e-10,8.390125026055436e-10,1.3876644412892182e-05,0.0,0.0,7.026353384931374e-08,0.9999857680689642,0.004913066975139093,0.0,99077.81582506788,0.0,0.0,9.99
1441,type1_Damped_Osc,1000,9.99,27.860356024386338,0.6487413154268049,25.218839368441483,29.305911151465093,4.08707178302361,13041.190973552828,1733.8826439803408,776620.3030999019,390.62499999999994,591.5984502760259,0.006198549183558261,0.03365113757352134,681.7193540389515,4.86,4.5,0.03922156748856054,0.009596495870580202,0.009554731656747806,0.9259257354062272,3190.8397175010664,0.4504504504504053,-0.3600000000000003,5.49
1442,type5_Square_Pulse_Wave,1000,9.99,9.62916694894137e-09,3.0290181071598914e-10,9.525477336238803e-09,1.0678400815818372e-08,1.1529234795795685e-09,0.00011370720336874287,6.44334954534143e-07,9.281260563751986e-14,390.62499999999994,1632.6793346899215,2.0931025944339537e-12,1.2562873420352098e-11,2.3221072822680282e-07,0.0,0.0,1.1529234795795685e-09,0.9991333914096587,0.006887430481255207,0.0,98539.63922302026,0.0,0.0,9.99
1443,type0_Step_Response,1000,9.99,5.503482215012021e-09,6.839709771043939e-10,2.7336511781701363e-10,5.746422952590131e-09,5.473057834773117e-09,1.7754338415550692e-05,6.429966631666952e-07,3.075613278847476e-14,390.62499999999994,280.64187980292786,3.0243111067254246e-12,1.502333270977251e-11,1.3203633886267882e-07,0.0,2.59,1.815145906199608e-11,0.0033159056060189404,0.004415239780684169,2590000.0,3243.359670548047,0.25925925925923327,2.59,7.4
1444,type1_Damped_Osc,1000,9.99,3.314425259093933,0.12362952904368008,2.820694185609004,3.6555317737662,0.8348375881571957,3303.7326143165565,297.8867993781917,11000.699058571445,781.2499999999999,662.0321861140284,0.0007602547198044148,0.004126218969397133,49.39237377507852,4.75,4.71,0.004722360858931296,0.0056566222291807525,0.006149458998017022,0.9915787386150023,3957.3357275457547,0.47147147147142426,-0.040000000000000036,5.28
1445,type2_HARD,1000,9.99,0.0021890099205588366,3.478163549761622e-05,0.0021752293120074,0.0023742470733862,0.00019901776137879997,0.9672099297600155,0.12695994519754672,0.004792974194472894,390.62499999999994,992.9310758123916,4.3960265142626956e-05,0.00016048872423589985,0.15770033065827666,0.0,0.0,0.00019901776137879997,0.9999999949753229,1.2638929495350169,0.0,4859.917618403722,0.0,0.0,9.99
1446,type4_overdamped_no_overshoot,1000,9.99,49.13869920287952,1.1941042368912245,48.75315045516477,56.54370404405815,7.790553588893381,15510.0616802045,1632.6784825066693,2416037.6442796346,390.62499999999994,304.9281476477264,0.012801595786490845,0.06248032759114608,1110.7097209722526,1.58,1.57,0.0728893425757633,0.009356118502242097,0.01072066859071556,0.9936702571707233,1990.8805585156954,0.15715715715714143,-0.010000000000000009,8.42
1447,type1_Damped_Osc,1000,9.99,7.35663015490744,0.11607966750882234,6.889515244420728,7.88864630866512,0.9991310642443914,5923.799699099152,375.0488575472196,54133.481725302416,781.2499999999999,779.6847519249893,0.0015623803610049973,0.008657963671487856,179.69440888587374,2.9,2.88,0.008876192826601681,0.008883912375705742,0.013459552344710092,0.9931031058265152,5928.951577111849,0.2882882882882594,-0.020000000000000018,7.11
1448,type0_HARD,1000,9.99,4.394446682833478,0.5311994853315698,-0.0225220572981288,4.868720897569494,4.891242954867622,17602.015184051554,594.0423511649583,19593.334541482684,0.0,204.00250122828427,0.0006088837430522483,0.0033986529938667687,67.68710884386364,1.33,1.32,0.003496594903708683,0.0007148683751700085,0.0011462430967361394,0.9924804567816115,3598.6793840471455,0.1321321321321189,-0.010000000000000009,8.67
1449,type1_HARD,1000,9.99,4.35081540751922e-09,1.004787377206939e-09,3.960726946522177e-10,4.751259323145697e-09,4.355186628493479e-09,7.829002836708358e-05,5.402163471868823e-07,1.993919238370103e-14,390.62499999999994,526.4449063950935,1.3727542046884912e-12,7.2063061869338684e-12,1.34361138935222e-07,0.0,1.85,8.38959080324391e-12,0.0019259025195036976,0.001364855272394266,1850000.0000000002,17972.147440836114,0.18518518518516666,1.85,8.14
1450,type0_HARD,1000,9.99,6.508613574724614e-06,7.473719185024536e-07,-1.917057662431128e-07,7.172077083211903e-06,7.363782849455016e-06,0.02947560268468746,0.0009509380527217468,4.292061544965556e-08,0.0,199.38920970246934,1.751910063671092e-09,1.0555860584848219e-08,0.00016969720965297864,0.0,2.5,1.0580048457225839e-08,0.0014367679271314914,0.00234409090870121,2500000.0,4002.7794524236215,0.2502502502502252,2.5,7.49
1451,type1_HARD,1000,9.99,0.005594192899603684,0.0013578134695961034,-0.0003312246891646,0.006336427687847,0.0066676523770116,4.943850020901792,0.9012898771922314,0.03313865161619287,390.62499999999994,417.59985175426516,1.3914319794684232e-06,7.92760157929985e-06,0.16279906157578722,3.27,6.01,7.92760157929985e-06,0.001188964440534314,0.001024759298386958,1.8379199272416122,741.4678721412477,0.6016016016015413,2.7399999999999998,3.9800000000000004
1452,type0_Step_Response,1000,9.99,0.28712035694025767,0.052231375640467356,-1.358600287141416e-06,0.3079495192506537,0.3079508778509409,910.6427399385399,35.2363855553811,85.1662159707966,390.62499999999994,388.4967992365043,0.00011177554432793575,0.0007004345980889393,6.272858896589108,3.73,2.81,0.0008706147661255437,0.002827122209224956,0.0021400076669471305,0.7533510044635376,2957.103893616326,0.2812812812812531,-0.9199999999999999,7.18
1453,type0_Step_Response,1000,9.99,2.130496597032639e-06,2.839838166816046e-07,-4.74017987513065e-10,2.2060719140555238e-06,2.206545932043037e-06,0.008470710249182601,0.00025406716562548746,4.619662558104706e-09,390.62499999999994,253.3126077911186,9.201069497520884e-10,5.220254427868487e-09,4.2462844130478605e-05,0.0,1.44,5.509797041250563e-09,0.0024970223661406805,0.0032399864207658864,1440000.0,3838.8987454436738,0.1441441441441297,1.44,8.55
1454,type0_Step_Response,1000,9.99,3.721555050235713e-09,5.916880002052532e-10,5.871265637655435e-13,3.994643752625698e-09,3.994056626061932e-09,6.297906788921076e-06,5.114766776200732e-07,1.420006668152183e-14,390.62499999999994,303.54981766592397,1.5134639454148861e-12,8.555527844385895e-12,6.881964662934065e-08,0.0,2.31,1.2099470321356676e-11,0.003028610468854242,0.00255355928395844,2310000.0,1576.4249116862065,0.2312312312312081,2.31,7.68
1455,type2_Triangle_Wave,1000,9.99,36.9413988706652,0.6193968074199964,36.6238201131988,39.51020684349175,2.886386730292948,20134.026274001826,4063.6860043292454,1365050.6029266263,781.2499999999999,1577.9133568300156,0.674521338563847,2.8847360115583456,4600.163735606068,0.0,0.0,2.886386730292948,0.9999999999996535,1.0889971186199272,0.0,6975.5123465216975,0.0,0.0,9.99
1456,type5_HARD,1000,9.99,42.678303086935735,2.204128277301849,41.77670860351896,50.87939386221523,9.102685258696269,908145.5116777412,6956.590079895212,1826295.7358431497,390.62499999999994,2292.680155458357,2.258208297321461,4.98003981878022,6801.919451209522,0.0,0.0,9.102685258696269,0.9999999999998901,1.0245357861316442,0.0,99766.77055927455,0.0,0.0,9.99
1457,type4_overdamped_decay_overshoot,1000,9.99,0.02946895704294994,0.0008878719749074005,0.027001963701676,0.0332616530396968,0.006259689338020798,25.486192198349855,1.373725269064774,0.8692077458430546,390.62499999999994,323.9307037306172,7.475959944837692e-06,4.514371054140098e-05,0.645187627240857,3.35,3.6,5.144096608470164e-05,0.008217814542973555,0.008420087746543977,1.0746265448875985,4071.47876164996,0.36036036036032426,0.25,6.390000000000001
1458,type5_HARD,1000,9.99,0.0031915951468454965,0.00016851674630974231,0.0031103839433129,0.003577532986819,0.0004671490435060998,46.39389922495001,0.23846634829974014,0.01021467747515455,390.62499999999994,1203.8397261886278,6.011376078643745e-07,3.4600188260000553e-06,0.06728682405421911,0.0,0.0,0.0004671490435060998,0.9999999978593556,0.0035672276937523196,0.0,99312.84195176006,0.0,0.0,9.99
1459,type0_Step_Response,1000,9.99,1.0236225667455759e-09,2.483350879575981e-10,-6.583026725620669e-14,1.1475416546839558e-09,1.147607484951212e-09,3.6201452680666625e-06,2.0254083634800515e-07,1.109473475061709e-15,390.62499999999994,585.1979129090031,4.0302270973980254e-13,2.1085348442657696e-12,1.915692206268172e-08,0.0,3.59,2.190572675506205e-12,0.001907155145867129,0.0016163898673111766,3590000.0,3151.76882921012,0.35935935935932334,3.59,6.4
1460,type0_HARD,1000,9.99,8.135753843753509e-09,1.8366236082975225e-09,-1.7915614766267508e-10,8.813044682563451e-09,8.992200830226126e-09,0.00021121753070164616,1.0472419596240432e-06,6.956367688470582e-14,390.62499999999994,548.7639733719931,2.1999119690977755e-12,1.1933730613157813e-11,1.8009740211334773e-07,0.0,2.23,1.1933730613157813e-11,0.0013269725471990546,0.001197150471491764,2230000.0,23486.357603818273,0.22322322322320087,2.23,7.76
1461,type2_HARD,1000,9.99,1.3058748593455036e-09,2.4443234099275704e-11,1.2933940864095351e-09,1.4054008638174146e-09,1.1200677740787945e-10,4.1155845566202943e-07,8.042451913313984e-08,1.7059066199638705e-15,390.62499999999994,682.8329234055541,2.947646536165486e-11,9.798749146132351e-11,9.89097374455403e-08,0.0,0.0,1.1200677740787945e-10,0.9911509732164943,1.1585188127673585,0.0,3641.8917971315705,0.0,0.0,9.99
1462,type0_Step_Response,1000,9.99,0.01831323211121454,0.003338019557709992,-5.6580861226322994e-06,0.0198282279170048,0.01983388600312743,34.733381129739584,2.1920712321358127,0.34651684492687373,390.62499999999994,323.9656095234914,9.634884019653056e-06,4.942967251889835e-05,0.3511072630776296,4.01,4.3,5.761812100769925e-05,0.0029050343939512877,0.0028864072993558323,1.072318934583807,1751.2141152022136,0.4304304304303873,0.29000000000000004,5.69
1463,type4_HARD,1000,9.99,37.94466986250818,1.5113387146343908,30.355733353306583,38.61325384093193,8.25752048762535,12796.04119383073,1340.039958378062,1442082.115685089,390.62499999999994,355.246704475444,0.010834473382664427,0.057375649349658886,684.6871350023476,2.75,2.74,0.06584713694758193,0.0079742020678304,0.007168792328117019,0.9963632740497186,1549.622700059324,0.27427427427424683,-0.009999999999999787,7.25
1464,type4_overdamped_decay_overshoot,1000,9.99,6.795768396837458e-09,5.954338568751248e-11,6.750156301791518e-09,7.235061634504042e-09,4.849053327125244e-10,1.4815948297207047e-06,2.0849646384222313e-07,4.6186013518233874e-14,390.62499999999994,369.03107279328697,1.6027140830026359e-12,1.0783861389735878e-11,1.763987039289352e-07,0.0,3.59,1.0783861389735878e-11,0.022193338215771182,0.026472158185451587,3590000.0,3049.142970812504,0.35935935935932334,3.59,6.4
1465,type4_overdamped_decay_overshoot,1000,9.99,4.694935867881944,0.028645556642067062,4.631586945306882,4.943944981519466,0.31235803621258373,1170.8695065236084,110.85300748961966,22043.243371439727,390.62499999999994,367.351913728128,0.0007441719945335705,0.005243284272068216,87.44088963355694,2.52,2.02,0.005243284272068216,0.01678613534528361,0.025978618736797306,0.8015869834972287,3748.4852982075768,0.20220220220218196,-0.5,7.970000000000001
1466,type0_Step_Response,1000,9.99,1.7559097776281002e-09,2.1392495119127744e-10,-7.787624347607639e-13,1.8418954418799602e-09,1.842674204314721e-09,9.72438251413762e-06,2.606702398922341e-07,3.1289830319121547e-15,390.62499999999994,431.93796400525275,6.398496683058624e-13,3.3888151537072395e-12,3.885476111267627e-08,0.0,1.61,4.931352992245132e-12,0.002674742088761868,0.0029770841624452127,1610000.0000000002,5274.458194066937,0.16116116116114504,1.61,8.38
1467,type5_HARD,1000,9.99,1.463900275981905e-06,1.0181170326523133e-07,1.1515302253507836e-06,1.8241701870952332e-06,6.726399617444496e-07,0.03592568858456252,0.00024646459215534446,2.1533696409416657e-09,781.2499999999999,2286.542718918877,1.321048145191727e-07,3.1364221695070564e-07,0.0002697501224404003,0.0,0.0,6.726399617444496e-07,0.9999985133227727,1.2975278161019619,0.0,53409.903095094945,0.0,0.0,9.99
1468,type5_HARD,1000,9.99,3.9629167333642965e-09,2.4124405596439474e-10,3.074091414444018e-09,4.742730497104983e-09,1.668639082660965e-09,8.483909058252933e-05,5.76945696417676e-07,1.5762907730116902e-14,390.62499999999994,2022.9497619822353,7.805032665520847e-11,1.8824906452676947e-10,2.0266048240239083e-07,0.0,0.0,1.668639082660965e-09,0.99940106816474,0.3221970765989832,0.0,50812.83222438598,0.0,0.0,9.99
1469,type2_HARD,1000,9.99,10.749568317686384,0.3467126130097102,10.571657522130876,12.384660562829934,1.8130030406990585,5239.896383684517,1058.9049583787878,115673.42865262688,390.62499999999994,706.766587895918,0.2543944986471404,0.8853597421051198,825.9203406617416,0.0,0.0,1.8130030406990585,0.9999999999994483,0.7337330373939469,0.0,2890.175176794643,0.0,0.0,9.99
1470,type4_HARD,1000,9.99,1.3958150419668966e-09,1.2414842077983143e-11,1.3732063716904811e-09,1.427955119169778e-09,5.47487474792968e-11,1.6146929254623376e-07,3.505271778011291e-08,1.9484537596848706e-15,390.62499999999994,470.3673457254001,6.04178514832312e-13,3.189070322526468e-12,2.969589588128873e-08,0.0,6.36,3.189070322526468e-12,0.05720434030756979,0.04503806390862466,6360000.000000001,2896.3752523085473,0.6366366366365729,6.36,3.63
1471,type2_HARD,1000,9.99,4.868585363226974e-06,1.2977617942126405e-07,4.800882989677435e-06,5.400238013554745e-06,5.993550238773099e-07,0.0016184241722530812,0.00037552615710030943,2.3719965295773117e-08,390.62499999999994,650.3601312958523,1.2788032959265302e-07,4.457209525956196e-07,0.00043764402901745874,0.0,0.0,5.993550238773099e-07,0.9999983315425888,0.9853837952321822,0.0,2700.271804700136,0.0,0.0,9.99
1472,type4_HARD,1000,9.99,25.287008129185132,2.220051371436676,14.60889214451599,26.39376228059834,11.784870136082352,17977.176137537397,1553.1082586215473,644361.4082172929,390.62499999999994,347.3819176260526,0.009183794975547761,0.05070665732395696,614.0385153974058,4.01,3.97,0.052331206634690375,0.004440541646230004,0.004136748858023252,0.9900246907669101,1525.4454168734717,0.39739739739735763,-0.03999999999999959,6.02
1473,type1_HARD,1000,9.99,0.028638373180993635,0.005209268017319088,-0.0011330634760674,0.0301558078494698,0.0312888713255372,41.11131443286994,3.8947748981320665,0.8472928917301191,390.62499999999994,308.55067498203806,9.879897486355385e-06,5.626178012059849e-05,0.6813644964997783,1.39,1.6,6.265313448520007e-05,0.002002409541441712,0.00189659995446796,1.1510783085767566,1313.9276902584204,0.16016016016014414,0.2100000000000002,8.39
1474,type0_HARD,1000,9.99,10.364619160412577,1.1662413581177977,0.5599825982180275,12.34122319373339,11.781240595515362,43141.83515533276,1593.155733286117,108785.44924577593,0.0,292.3618070004681,0.0027966694718673003,0.016030560853208087,236.34890466926169,3.22,3.2,0.0182051016114535,0.0015452618477532743,0.0023980194600356653,0.9937885112458039,3661.909355433369,0.3203203203202883,-0.020000000000000018,6.79
1475,type4_HARD,1000,9.99,43.94685206262389,0.2020400629582553,43.353993731050245,44.16505653296286,0.8110628019126125,4642.560529034511,1129.8449764913921,1931366.6264011897,390.62499999999994,635.1950009266608,0.009113461070666969,0.04660383894749032,1107.3393887110126,2.43,2.42,0.055431807878171924,0.0683446556140742,0.04510719773684117,0.995884363833595,5724.045681889129,0.242242242242218,-0.010000000000000231,7.57
1476,type4_overdamped_no_overshoot,1000,9.99,1.8111141015722474e-09,9.863465145685699e-11,1.7598600834113796e-09,2.20260225185059e-09,4.427421684392105e-10,3.7725912407630986e-07,7.222858249378602e-08,3.2898630833818645e-15,390.62499999999994,389.24516215534175,3.6103550377412117e-13,2.1422780669543657e-12,4.166593187332799e-08,0.0,4.64,2.1422780669543657e-12,0.004827754086318805,0.0036235937848435587,4640000.0,850.1764107820907,0.4644644644644179,4.64,5.3500000000000005
1477,type4_overdamped_no_overshoot,1000,9.99,0.016294489933953177,0.0006296106455400057,0.0160747216588411,0.0198787219716256,0.0038040003127845015,5.659583299680303,0.5696417007814304,0.2659068117726786,390.62499999999994,321.71003473773135,2.163270364011482e-06,1.3201462081200571e-05,0.23715782942141828,1.75,2.4,1.4769410670700117e-05,0.0038825997508939248,0.003435885933472739,1.3714277877555499,1487.7978004291303,0.24024024024021617,0.6499999999999999,7.59
1478,type1_HARD,1000,9.99,30.932493013872488,3.289964521584566,-1.3874748238730643,36.303079230105205,37.69055405397827,199822.38225481674,5025.005108833298,967642.9906065556,0.0,304.7761988022276,0.004060629103011913,0.024973416323256004,463.3733018498334,2.66,2.57,0.026286155922569776,0.0006974202577368202,0.0012342470796782125,0.9661650503138907,5301.656801559276,0.2572572572572315,-0.0900000000000003,7.42
1479,type1_HARD,1000,9.99,8.26334074749475e-09,1.1287209592277485e-09,-9.023387106665755e-10,1.26138294838864e-08,1.3516168194552977e-08,6.90893937759034e-05,3.0105190744163965e-06,6.955681131300713e-14,1562.4999999999998,1495.7781246083093,1.6393624716905358e-12,8.228042183857772e-12,1.1803487924796217e-07,0.0,2.63,1.0516565595787157e-11,0.0007780154426150461,0.0014511215874149724,2630000.0,5111.2328249155335,0.2632632632632369,2.63,7.36
1480,type0_Step_Response,1000,9.99,0.095260909315475,0.020230990959290367,-1.097131793055424e-05,0.1053829803662042,0.10539395168413475,249.89160446723997,14.32943267036509,9.483933838806042,390.62499999999994,510.5007798051525,3.4364833308253365e-05,0.00018605117518580294,2.0858098917288452,4.34,4.33,0.00019748024335840275,0.0018737341204206528,0.0016986233336619583,0.9976956226507782,2371.0241477024515,0.43343343343339,-0.009999999999999787,5.66
1481,type0_HARD,1000,9.99,1.1461428667604351e-09,2.5352172089726057e-10,3.5634074699118355e-11,1.408745868382375e-09,1.3731117936832567e-09,5.671860713475601e-05,1.7586901884012466e-07,1.377916733992537e-15,390.62499999999994,890.0762348188096,2.5456556153957036e-13,1.3660678958680382e-12,2.0963275188127694e-08,0.0,3.22,1.8923255464098674e-12,0.0013771263408907638,0.0010001722471549982,3220000.0000000005,41276.55944406375,0.3223223223222901,3.22,6.77
1482,type0_Step_Response,1000,9.99,21.498727145080654,6.821034841637222,-0.5258212177665544,24.626543253313187,25.152364471079743,22802.082744282434,3271.083228519043,508721.78516945674,390.62499999999994,422.39517725563246,0.01079295448423649,0.055230263379343114,672.1937062472448,5.61,5.6000000000000005,0.055230263379343114,0.0021958278889781845,0.0015823045527274162,0.9982172908703582,906.558219228233,0.5605605605605045,-0.009999999999999787,4.39
1483,type4_overdamped_decay_overshoot,1000,9.99,47.83501232344804,0.9450853990752505,46.71739393800943,56.5477265810489,9.830332643039469,47287.18267709197,1640.793989676287,2289081.590395971,0.0,260.6642070488145,0.006869792868866223,0.04296871390691592,609.6068556857391,1.55,1.5,0.04792426002060779,0.0048751412348733165,0.007268965191485263,0.967741311134638,4810.3339321451795,0.1501501501501351,-0.050000000000000044,8.49
1484,type0_HARD,1000,9.99,12.199183282497952,2.9254631780965945,-0.1424268166751946,19.30762161977113,19.450048436446323,342953.8748012278,3569.900455789001,157378.40756637653,390.62499999999994,418.6790887213437,0.0038045029329145715,0.01962452628909972,216.67163874031007,5.38,5.37,0.01962452628909972,0.0010089705613444873,0.0013004788306337904,0.9981410784124389,17632.546053642145,0.5375375375374837,-0.009999999999999787,4.62
1485,type4_HARD,1000,9.99,2.5231512542341464e-06,6.167264123747938e-08,2.5006489400231506e-06,2.8405286683223477e-06,3.398797282991971e-07,0.0005533420069997415,7.339625763900448e-05,6.370095766420551e-09,390.62499999999994,349.4361028087875,4.04639081795368e-10,2.138376109673644e-09,4.586013648234027e-05,0.0,1.94,2.5779362423464935e-09,0.007584826169011665,0.00656097278636869,1940000.0,1628.047608844225,0.19419419419417475,1.94,8.05
1486,type0_Step_Response,1000,9.99,7.3517232324432446e-06,1.0508389340672605e-06,-2.247665768748629e-09,7.611866589757654e-06,7.614114255526402e-06,0.016332116812895685,0.0009396886250559758,5.515209695179735e-08,390.62499999999994,230.48630763412214,4.936769524626393e-09,2.4404020937562033e-08,0.00018722152698573904,0.0,1.48,2.4404020937562033e-08,0.0032051026440464434,0.00469792721477447,1480000.0,2144.9789325216307,0.14814814814813332,1.48,8.51
1487,type5_Square_Pulse_Wave,1000,9.99,4.391514531527104,0.05729304644693025,4.3694991793692575,4.559133722855836,0.18963454348657827,18688.96872376533,217.3351655122025,19288.68237378489,390.62499999999994,2290.573183306763,0.056373052647733964,0.1849357826429241,210.85660951670158,0.0,0.0,0.18963454348657827,0.9999999999947267,0.9839423131211498,0.0,98552.55471949141,0.0,0.0,9.99
1488,type5_HARD,1000,9.99,1.0155816837478748e-05,5.915057886630669e-07,9.908896326630772e-06,1.1905905214689456e-05,1.9970088880586847e-06,0.19916815845136687,0.0016613104199499319,1.0349049473443874e-07,390.62499999999994,1965.5144457440679,6.154196406145072e-07,1.988277607938748e-06,0.0017149368794070234,0.0,0.0,1.9970088880586847e-06,0.9999994992513528,1.040427011844595,0.0,99733.18592076699,0.0,0.0,9.99
1489,type4_overdamped_decay_overshoot,1000,9.99,29.818252015687733,0.1800672633903886,29.505238883706856,31.076371972502148,1.5711330887952926,4035.505524989702,622.3587789530146,889160.5774904104,390.62499999999994,328.50012227707697,0.007261637452217708,0.04005385691019825,549.6512625648469,3.6,3.51,0.046736572179934655,0.029747048492079937,0.04032736053990024,0.9749997291667418,2568.5319428168,0.3513513513513162,-0.0900000000000003,6.48
1490,type0_Step_Response,1000,9.99,5.375468844870677e-09,7.262453249943872e-10,-4.12472734774211e-13,5.582085222025351e-09,5.582497694760126e-09,1.640606201495409e-05,6.515814281427997e-07,2.942309757425149e-14,390.62499999999994,261.6575368432281,3.002716746092477e-12,1.7213538826989894e-11,1.2540026128921015e-07,0.0,1.97,1.9327428871179397e-11,0.003461527151576934,0.0041288910947838015,1970000.0,2938.312669198463,0.19719719719717746,1.97,8.02
1491,type0_Step_Response,1000,9.99,0.04763106322226717,0.012146109090629553,-0.0011001920840856,0.0549052850352042,0.0560054771192898,50.116887491840004,6.301684395009192,2.4162461497250867,390.62499999999994,372.2470761907932,2.4274512691943e-05,0.00011137877259549678,1.4560343266845817,5.18,5.21,0.00012721467681759552,0.0022714684948466923,0.001998542291100587,1.005791311623299,894.8568973744809,0.5215215215214692,0.03000000000000025,4.78
1492,type5_Square_Pulse_Wave,1000,9.99,16.68768610845473,0.4394697364572738,16.48561934439759,17.678021715863405,1.192402371465814,118457.90358658269,684.1085997382374,278672.0013035749,390.62499999999994,1236.4543897621672,0.00196099142697758,0.009377753428193358,227.80120688688874,0.0,0.0,1.192402371465814,0.9999999999991613,0.00446217626447133,0.0,99343.90137186967,0.0,0.0,9.99
1493,type5_Square_Pulse_Wave,1000,9.99,2.4751788599638575e-06,1.506335012759829e-07,2.4176777090699604e-06,2.9728600755325365e-06,5.551823664625761e-07,0.055384005056159626,0.0003854844877693246,6.149200840518644e-09,390.62499999999994,2103.3189595217646,9.408098649902329e-08,2.7942358564825266e-07,0.00025833833504588594,0.0,0.0,5.551823664625761e-07,0.9999981987932989,0.6245646628235195,0.0,99758.0410397489,0.0,0.0,9.99
1494,type2_HARD,1000,9.99,5.828484638493222e-06,1.500944184832041e-07,5.748960883953123e-06,6.3713455352202624e-06,6.223846512671395e-07,0.0016406377870279883,0.0004414320176543834,3.399376151561128e-08,390.62499999999994,631.6330908977875,3.656419696893176e-08,2.3345812075937953e-07,0.00021977553446287743,0.0,0.0,6.222733005723089e-07,0.9998194837965788,0.24360634947044266,0.0,2636.046932778333,0.0,0.0,9.99
1495,type4_overdamped_no_overshoot,1000,9.99,1.2608946222304782,0.04559864831063266,1.2448906681233871,1.5226693046135036,0.27777863649011647,430.18455210268587,41.91078959730935,1591.9344850974971,390.62499999999994,319.82894570009734,0.00025086032332989817,0.00148523028808345,18.04949264180742,2.3000000000000003,2.26,0.001634891039131281,0.005885589546349314,0.00550148595667695,0.9826082684311874,1548.6596000929087,0.22622622622620356,-0.04000000000000048,7.73
1496,type3_Sine_Wave,1000,9.99,1.8412361969304061e-09,2.0248501738674832e-11,1.8079141084827203e-09,1.867300391288916e-09,5.938628280619566e-11,1.3037028779494585e-07,3.491826858621279e-08,3.3905607347094064e-15,390.62499999999994,375.3134232183261,1.3293331183225453e-11,4.463815787683213e-11,3.680583058841245e-08,0.0,0.0,5.93566886819508e-11,0.9829498674798505,0.6256126359737633,0.0,2158.9387810698263,0.0,0.0,9.99
1497,type1_Damped_Osc,1000,9.99,2.851185248218792e-09,4.8065488377126855e-11,2.5629486469186187e-09,3.064633791777684e-09,5.016851448590653e-10,4.408710492364691e-06,2.220643820299905e-07,8.131567610833387e-15,1562.4999999999998,1531.7122727790254,1.093646473304625e-12,5.450126099795205e-12,7.957114413572428e-08,0.0,2.02,5.450126099795205e-12,0.010842027371473693,0.022289525886273587,2020000.0,8770.321815658057,0.20220220220218196,2.02,7.970000000000001
1498,type5_Square_Pulse_Wave,1000,9.99,5.078773132169187e-06,1.7305476129076634e-07,5.001182667521246e-06,5.53505492440384e-06,5.338722568825942e-07,0.053000527710051606,0.00038243730359209684,2.5823884478449018e-08,390.62499999999994,1485.0574519317815,1.110732872336703e-07,2.736064242253216e-07,0.0003284181167143803,0.0,0.0,5.338722568825942e-07,0.999998126896249,0.6418352466581347,0.0,99275.48725615811,0.0,0.0,9.99
1499,type4_overdamped_no_overshoot,1000,9.99,2.8886011793913597e-09,1.487286051613255e-10,2.8267748514339532e-09,3.632091618879043e-09,8.053167674450899e-10,1.050560559746011e-06,1.2880082845675026e-07,8.366136971574386e-15,390.62499999999994,352.0127917226909,7.828974332076095e-13,4.42187192816393e-12,6.202872373813501e-08,0.0,3.28,5.1059775160838196e-12,0.006332470962079474,0.005228776641337669,3280000.0,1302.9129520335246,0.32832832832829545,3.28,6.710000000000001
1500,type4_overdamped_no_overshoot,1000,9.99,0.6165982664480892,0.01965585131961633,0.6055855894871572,0.6894493229578896,0.0838637334707324,83.14777851213816,18.95465681795599,380.5797746778877,390.62499999999994,410.42945618962733,0.000125019180766605,0.0008264593033210366,14.734658131211916,4.71,4.68,0.0008264593033210366,0.00985478786965295,0.006360405292416758,0.9936303622865472,991.4628775758528,0.46846846846842155,-0.03000000000000025,5.3100000000000005
1501,type0_Step_Response,1000,9.99,9.046267261291561e-06,1.549321725926331e-06,1.38655846343112e-09,9.534337169273631e-06,9.5329506108102e-06,0.012557582006273217,0.0010874801145779234,8.423534917314285e-08,390.62499999999994,288.83325887551865,3.938163609380629e-09,2.131932532134124e-08,0.00016920255413947714,0.0,2.19,2.216875245534259e-08,0.0023254867286018337,0.0025418613846421335,2190000.0,1317.2816268188271,0.21921921921919726,2.19,7.800000000000001
1502,type0_HARD,1000,9.99,23.157908972495264,3.545132956571699,0.1344557747821175,26.085525936250487,25.95107016146837,54481.010722657426,3310.5472477297953,548856.7156581475,390.62499999999994,272.91209950398036,0.007194178179679599,0.03995150248858792,525.0578949123633,2.62,2.6,0.04499384696097408,0.0017337954342930458,0.0020293112466604523,0.9923660334480788,2099.3743373075863,0.2602602602602342,-0.020000000000000018,7.390000000000001
1503,type0_Step_Response,1000,9.99,35.04942396624952,7.086039351421801,0.0015822865880164,37.60879824212866,37.60721595554064,42606.802473797245,4350.1385166103355,1278674.0740558046,390.62499999999994,321.2911282446644,0.016483673788504318,0.08510741193714466,768.9712419205492,2.79,2.79,0.08732182790895138,0.002321943427351314,0.0023262182117566948,0.9999996415771893,1132.942213115855,0.27927927927925134,0.0,7.2
1504,type0_Step_Response,1000,9.99,1.98397801618488e-06,3.672529309036853e-07,-1.4832168180922256e-07,2.080677488249886e-06,2.228999170059109e-06,0.004671762059531813,0.0002699129579916917,4.07104348396224e-09,390.62499999999994,258.3183171915516,7.083241868543713e-10,3.7803245813492666e-09,5.2446779779388594e-05,0.0,1.59,5.247822801429128e-09,0.002354339345469842,0.0019287041669273077,1590000.0000000002,2095.900270571952,0.15915915915914322,1.59,8.4
1505,type4_overdamped_no_overshoot,1000,9.99,24.648399819769406,1.0029207573738534,24.29165463830253,30.22427113145592,5.932616493153393,8840.38094008126,1082.4922982818962,608549.4637207797,390.62499999999994,330.3627736541516,0.007129761298654087,0.04187731999563127,634.1450846990125,2.24,2.16,0.04187731999563127,0.007058828097847422,0.007108997641365253,0.9642852838012125,1490.1318752496672,0.21621621621619458,-0.08000000000000007,7.83
1506,type0_Step_Response,1000,9.99,1.0303653516904695e-09,1.753630007725798e-10,-2.0508617093627085e-14,1.1042606417204402e-09,1.1042811503375337e-09,3.205187912587179e-06,1.3208240252584642e-07,1.0924049400041887e-15,390.62499999999994,407.8850917335911,5.081463846120732e-13,2.845707781118781e-12,3.219347007807248e-08,0.0,3.39,2.974185183811083e-12,0.00269088564742357,0.0028812527706269203,3390000.0000000005,2899.884714046168,0.3393393393393054,3.39,6.6
1507,type5_Square_Pulse_Wave,1000,9.99,0.014510199710359974,0.001971610017993652,0.0135135522871053,0.0197043965997922,0.006190844312686902,617.88292612586,4.17087315012561,0.21443314169758362,390.62499999999994,1522.9429682784641,0.0018353057056473996,0.004674561657111699,4.101622098317725,0.0,0.0,0.006190844312686902,0.9999999998384711,0.9308664938638196,0.0,99805.92223258241,0.0,0.0,9.99
1508,type0_Step_Response,1000,9.99,0.05507243652058467,0.015415496435247056,2.886119768899805e-06,0.0629892357391738,0.0629863496194049,35.281933026349996,7.459041779349911,3.2706107946589427,390.62499999999994,398.4317559587809,3.2100307098391585e-05,0.0001668188008625976,1.8019500552540595,3.75,3.75,0.0001668188008625976,0.0026484913297556045,0.0020823401459140094,0.9999997333334044,560.152052611097,0.37537537537533777,0.0,6.24
1509,type5_Square_Pulse_Wave,1000,9.99,7.689245681332483e-06,4.555894260953283e-07,7.481812569650649e-06,8.830999994675345e-06,1.3491874250246963e-06,0.13431148657932446,0.0008431628651288876,5.933206087306011e-08,390.62499999999994,1349.7174258958162,3.1224339053616075e-07,7.708674287808726e-07,0.0007643269107086507,0.0,0.0,1.3491874250246963e-06,0.9999992588136828,0.6853598597588321,0.0,99549.83610007323,0.0,0.0,9.99
1510,type1_Damped_Osc,1000,9.99,34.55812728171414,0.6242369984297017,31.89858905402766,36.50650840632791,4.60791935230025,27231.42351365624,1724.568548749149,1194653.833049364,390.62499999999994,600.4526189521278,0.008771501534722448,0.04875729419429575,705.7795164055616,3.26,3.3000000000000003,0.04875729419429575,0.01058119521339838,0.014051556631172987,1.012269628138151,5909.7005463119785,0.3303303303302973,0.04000000000000048,6.6899999999999995
1511,type1_HARD,1000,9.99,27.87362152327458,7.322125817818517,-3.743548617820548,32.50233339179586,36.24588200961641,290113.6236930938,4711.722813879242,830552.3033147203,390.62499999999994,435.0517580503469,0.009020826642846775,0.04888454330708569,555.033198338612,4.29,4.3100000000000005,0.04888454330708569,0.001348692336804351,0.0012319955798756161,1.004661770475112,8004.043703947267,0.4314314314313883,0.020000000000000462,5.68
1512,type5_Square_Pulse_Wave,1000,9.99,3.5593434004045656,0.026613033406467472,3.548940807409858,3.653378716353126,0.1044379089432681,10080.7418482717,167.20732729096332,12669.63369555063,781.2499999999999,2877.6390334757707,0.02900708721707819,0.10400484569265656,178.46192007639056,0.0,0.0,0.1044379089432681,0.9999999999904249,1.08995794552826,0.0,96523.78097354624,0.0,0.0,9.99
1513,type0_Step_Response,1000,9.99,19.28970033583569,2.429450414077059,-0.0046494226370005,19.9025785450522,19.907227967689202,86955.28107268133,2504.2295571733725,377994.7683607986,390.62499999999994,248.2953249522384,0.009212276036212119,0.047851888924558494,595.9466480630243,1.41,1.39,0.051096229832932494,0.002566717471456228,0.0037919177040326804,0.9858149036773733,4368.025584165277,0.1391391391391252,-0.020000000000000018,8.6
1514,type0_Step_Response,1000,9.99,1.8873820831360434e-09,3.62316392445977e-10,-6.685485042151846e-12,1.9987863887275676e-09,2.0054718737697197e-09,4.484400919274172e-06,2.787436018258274e-07,3.693484295978018e-15,390.62499999999994,317.344722275421,9.582386341149554e-13,4.8358327962013326e-12,6.230518247233351e-08,0.0,3.1,6.9501045304201274e-12,0.0034638434863093343,0.0026374770146310967,3100000.0,2234.9682434615784,0.3103103103102792,3.1,6.890000000000001
1515,type2_Triangle_Wave,1000,9.99,4.633510045550726e-09,1.1184238704325056e-10,4.577893715458451e-09,5.090984158848889e-09,5.130904433904382e-10,4.469101360981156e-06,9.088237517669037e-07,2.1481924061759022e-14,1171.8749999999998,2173.9574303726663,9.036323280276603e-11,4.83573046229805e-10,5.99008106877857e-07,0.0,0.0,5.130904433904382e-10,0.9980548169823874,0.8007915746069015,0.0,8693.220071369798,0.0,0.0,9.99
1516,type3_Sine_Wave,1000,9.99,0.0055049257887120305,5.0439154625842596e-05,0.0054253317371918,0.0055693195613043,0.00014398782411249953,0.30829969567998383,0.08714964301956038,0.03030675204754614,390.62499999999994,371.10674534054664,5.095486121124035e-05,0.00014256940684940003,0.08515275987582555,0.0,0.0,0.00014376603964129982,0.9984596928870451,1.0102243104389623,0.0,2141.1511385709546,0.0,0.0,9.99
1517,type4_overdamped_no_overshoot,1000,9.99,34.44615721955331,1.1724501671664642,33.95031025790693,40.05241426985891,6.10210401195198,8489.75305175088,1197.7847829773768,1187912.3865886733,390.62499999999994,366.544093882444,0.006918275173454855,0.034991560644563435,758.5551397308282,3.36,3.16,0.04166392962529386,0.006827797353778522,0.00590069869678879,0.9404759105726457,1391.2829140769977,0.31631631631628465,-0.19999999999999973,6.83
1518,type0_Step_Response,1000,9.99,4.5440986839794435e-06,1.1591777120152262e-06,1.6522250664944128e-10,5.204884919145292e-06,5.204719696638643e-06,0.021252487366997218,0.0012774570661620473,2.1992525817776566e-08,390.62499999999994,727.7701989378555,1.9524418601429665e-09,1.0382598449771655e-08,0.00011361148891572856,0.0,5.96,1.115365071713303e-08,0.002142987369972874,0.001684332053293712,5960000.0,4083.3098653540965,0.5965965965965369,5.96,4.03
1519,type0_Step_Response,1000,9.99,37.827253304997434,5.615130463020711,-0.0054416221211195,42.23434536673168,42.2397869888528,183013.8133090743,9340.374704793969,1462430.7827171823,390.62499999999994,637.0704942218999,0.022133588391650017,0.1077491648740434,1080.845624780262,3.44,3.43,0.1254416131269167,0.0029697501353408372,0.003941776337595388,0.9970927334032752,4332.735232717149,0.34334334334330896,-0.009999999999999787,6.5600000000000005
1520,type0_HARD,1000,9.99,5.481945412714528e-06,7.154152022353291e-07,2.2037993398081226e-07,6.481564035996152e-06,6.26118410201534e-06,0.01758518928853301,0.0008056107805424485,3.056354441957128e-08,0.0,306.4705417113519,7.906929790120002e-10,4.426760518137671e-09,9.255703341829079e-05,0.0,3.14,4.765274534009769e-09,0.0007610818808848072,0.001105220956055325,3140000.0000000005,2808.6039626703764,0.31431431431428286,3.14,6.85
1521,type1_Damped_Osc,1000,9.99,9.711891485393692e-06,8.102450821839835e-08,9.11964287636695e-06,1.001089352730386e-05,8.912506509369097e-07,0.006826439435724636,0.0005006385763666357,9.432740119499452e-08,1953.1249999999998,1858.3364723520747,2.1966695003486482e-09,1.3366790785018882e-08,0.0002376137580458771,0.0,1.81,1.4401628422624336e-08,0.016158879938662583,0.027110838903073406,1810000.0000000002,7659.384898247857,0.18118118118116305,1.81,8.18
1522,type1_Damped_Osc,1000,9.99,9.13639952097959e-06,1.966726731927287e-07,8.34517466526162e-06,9.824023584934862e-06,1.4788489196732424e-06,0.007826303869925928,0.000495824427248687,8.351247634733684e-08,390.62499999999994,597.4973829373864,2.160987491397688e-09,1.2531254235258706e-08,0.00015390018676277818,0.0,3.5700000000000003,1.3960634049833831e-08,0.00944019664478089,0.010987680538615083,3570000.0000000005,5292.155590511294,0.3573573573573216,3.5700000000000003,6.42
1523,type1_Damped_Osc,1000,9.99,0.004107403461303099,5.7534342798567176e-05,0.0038296003654296,0.0043494371321209,0.0005198367666913004,3.2467678165899736,0.19959804219037058,0.01687407339452594,1171.8749999999998,984.9118423502507,1.0766133488286614e-06,5.212136699299548e-06,0.06767514925048622,1.15,2.22,7.191878970499825e-06,0.013834879364998375,0.01871253372764587,1.9304331039712144,6245.744853734611,0.22222222222219998,1.0700000000000003,7.77
1524,type4_overdamped_decay_overshoot,1000,9.99,3.163078763120735e-09,5.490060871372851e-11,3.092954405030404e-09,3.568741613300687e-09,4.757872082702829e-10,1.2440442972732754e-06,1.1391353941607768e-07,1.0008081338542535e-14,390.62499999999994,279.4151847400883,6.36880442360018e-13,3.779456088263953e-12,7.17913358894896e-08,0.0,3.72,3.779456088263953e-12,0.007926924260353565,0.011393085996997522,3720000.0000000005,2609.2233090449167,0.3723723723723351,3.72,6.27
1525,type4_HARD,1000,9.99,5.168231064897349,0.0858276215257842,5.134577216560176,5.587559465384586,0.4529822488244095,781.8359243310091,165.15465175679807,26717.978720786763,390.62499999999994,386.20844811309877,0.0012192418513792484,0.0074458976919631326,134.25096030167506,1.74,1.69,0.008305904353175464,0.018336048210968115,0.014205704756699565,0.9712638096185002,1725.9747514573091,0.16916916916915223,-0.050000000000000044,8.3
1526,type4_overdamped_decay_overshoot,1000,9.99,43.755051161685515,0.6640509077063881,41.883977897312455,51.39117638295684,9.507198485644388,74835.9989744074,2181.9043922540413,1914945.465769743,390.62499999999994,501.2304948229348,0.01371006065585883,0.073662449126779,1145.9256723149438,1.54,1.53,0.073662449126779,0.0077480710261807985,0.02064609881069559,0.9935058483728257,7871.509055732859,0.15315315315313782,-0.010000000000000009,8.46
1527,type0_HARD,1000,9.99,22.927810856026444,5.17307315667306,0.0680306250059059,24.57260962369896,24.504578998693052,631522.0390218772,3083.0858141476224,552445.1965340155,390.62499999999994,568.6711350349967,0.006111795188727972,0.03796006336951052,749.9115140992866,1.07,1.02,0.044674065259521,0.0018230905032851968,0.0011814631271631674,0.953270137130713,25771.593099213565,0.10210210210209188,-0.050000000000000044,8.97
1528,type0_Step_Response,1000,9.99,3.227756781742383e-06,3.951407483337187e-07,1.5298472086520455e-09,3.3191581552195995e-06,3.3176283080109475e-06,0.013072119291051485,0.00041056413385890446,1.0574550053077678e-08,390.62499999999994,224.1229009958123,1.2633110949151003e-09,6.870300323999563e-09,8.564052667218278e-05,0.0,1.42,9.656439557055183e-09,0.0029106445176795863,0.0031971086331484405,1420000.0,3940.1988822219405,0.1421421421421279,1.42,8.57
1529,type4_overdamped_decay_overshoot,1000,9.99,2.58580512897428e-06,6.101277813701614e-08,2.4329043844419986e-06,2.9431957135249174e-06,5.102913290829188e-07,0.0021150085395527105,0.00010999648413526833,6.69011072412569e-09,390.62499999999994,291.90865992434004,6.397924836279521e-10,3.783913515657834e-09,5.4194627646957644e-05,0.0,3.46,3.946196470153205e-09,0.007733207507244297,0.010486032879183394,3460000.0,4144.699849503395,0.3463463463463117,3.46,6.53
1530,type4_overdamped_decay_overshoot,1000,9.99,2.342119147194689e-06,3.583191377501593e-08,2.228551485358265e-06,2.508917992363683e-06,2.803665070054181e-07,0.001340127926532654,6.36247743964866e-05,5.486806025700757e-09,390.62499999999994,369.6806000537018,5.218339896920638e-10,2.5697462139367337e-09,2.9075154459704066e-05,0.0,2.6,2.6652991185240535e-09,0.009506447972491144,0.014562979526825592,2600000.0,4779.897431219646,0.2602602602602342,2.6,7.390000000000001
1531,type0_Step_Response,1000,9.99,31.87528225853009,5.4064163231975915,-1.1483796481350534,33.47856254245378,34.626942190588835,64084.32413745277,3987.8745042480587,1045262.9565207007,390.62499999999994,289.68084215216476,0.014952758891101436,0.08730722199631202,650.7888544122068,1.96,1.94,0.09441601281596945,0.0027266633102136233,0.0027657431461465686,0.9897954133696871,1850.706995284967,0.19419419419417475,-0.020000000000000018,8.05
1532,type0_HARD,1000,9.99,19.7128017088058,3.663378088791462,-0.6543674856332709,21.282988012161837,21.937355497795107,24892.752038210194,2744.084162283482,402014.89023213426,390.62499999999994,331.43749288623485,0.005912370717033664,0.03435369681069034,534.5653447138354,2.35,2.32,0.03572222689178872,0.0016283743450926657,0.001613912234481515,0.9872336224537775,1134.7198180159407,0.23223223223220896,-0.03000000000000025,7.67
1533,type0_Step_Response,1000,9.99,5.620065259140328e-09,5.054476365825924e-10,2.9591661416510305e-10,6.233204300966736e-09,5.937287686801633e-09,3.246770227439339e-05,7.892469935545753e-07,3.1840610830322965e-14,0.0,250.90426557747486,2.5323689559761423e-12,1.4959311806291706e-11,1.7797154471798466e-07,0.0,1.47,1.4959311806291706e-11,0.0025191288457681316,0.0050002582163559154,1470000.0,5467.5192558548,0.14714714714713242,1.47,8.52
1534,type0_Step_Response,1000,9.99,1.9844342813353977e-06,4.065529039341734e-07,-1.8067899258957448e-10,2.1534179098955024e-06,2.153598588888092e-06,0.004745394584745147,0.000237086245213651,4.103264680636447e-09,390.62499999999994,396.8987231275705,2.829244918788618e-10,1.4392344312684321e-09,3.2265965594154476e-05,0.0,3.0700000000000003,1.6491953252966073e-09,0.0007657854941122507,0.0006959089290277018,3070000.0000000005,2203.4711602054144,0.30730730730727657,3.0700000000000003,6.92
1535,type4_overdamped_no_overshoot,1000,9.99,1.643057343125206,0.04176433370538351,1.6240003949800657,1.834488593466588,0.21048819848652234,264.36974554258086,51.03423272946793,2701.381692367516,390.62499999999994,383.2087993623838,0.0005349583088453847,0.0027936821352214647,40.14439922198998,2.95,2.95,0.0027936821352214647,0.013272393204444063,0.012808975060067066,0.9999996610170641,1255.9836961987805,0.29529529529526577,0.0,7.04
1536,type2_Triangle_Wave,1000,9.99,23.78552386448763,0.9783205091184619,23.29400936249481,27.77569030025728,4.481680937762473,43284.402680253814,8865.61179484223,566708.2565266724,1171.8749999999998,2388.628200230459,1.023918540391257,4.457104472330599,10608.80075612181,0.0,0.0,4.481680937762473,0.9999999999997768,1.0466084793753692,0.0,9658.073227732797,0.0,0.0,9.99
1537,type1_HARD,1000,9.99,37.42244749972647,4.2962462789167875,-3.1176034680211395,43.51331812010746,46.6309215881286,214465.74063542217,6553.84587102865,1418897.3089588906,0.0,324.3943124298697,0.012122600613917543,0.05762028243612605,911.7582273000919,2.04,2.04,0.0677058171736249,0.0014519510845537337,0.002821672647912352,0.9999995098041617,4599.217286111212,0.20420420420418375,0.0,7.95
1538,type5_Square_Pulse_Wave,1000,9.99,51.71776720891611,6.51230396480199,49.32488800964288,69.72342855342475,20.39854054378187,2037027.6979435785,9358.701156699457,2717137.548005614,390.62499999999994,1414.9664692669562,0.010796192442165056,0.058637219487387426,1211.3016341910725,0.0,0.0,20.39854054378187,0.999999999999951,0.001657814576917044,0.0,99861.44320331929,0.0,0.0,9.99
1539,type4_HARD,1000,9.99,7.939705545737047e-09,1.486727154592383e-10,7.163227352127935e-09,8.266467910691486e-09,1.1032405585635508e-09,3.029857677208448e-06,2.4831447306225994e-07,6.306102772932963e-14,390.62499999999994,284.4567392726673,2.0661206753240933e-12,1.0069240352788884e-11,1.491947854058592e-07,0.0,4.33,1.1630566842193908e-11,0.010532638700867415,0.013804257302238752,4330000.0,2743.8384269726807,0.43343343343339,4.33,5.66
1540,type0_Step_Response,1000,9.99,1.685520887636197e-09,4.0480824832872146e-10,-3.282412134984781e-14,1.869857435932035e-09,1.869890260053385e-09,1.4887441203538253e-06,2.169199539530011e-07,3.0048503805728825e-15,390.62499999999994,380.39515951141317,7.897591103143557e-13,4.067395179276968e-12,4.8987172949865827e-08,0.0,3.77,6.233095776812884e-12,0.0033316201970258943,0.0019461386346061112,3770000.0,795.7410181350481,0.3773773773773396,3.77,6.220000000000001
1541,type4_HARD,1000,9.99,7.572214213888122,0.43213200244909156,7.387263274054874,9.515916355151694,2.12865308109682,2100.369993915052,359.40919416626707,57525.166168549964,390.62499999999994,373.40475748029695,0.003047235273871381,0.015570634318382126,209.44299624807525,2.67,2.73,0.015803454317524945,0.007424156833190761,0.00705163065126915,1.022471527164222,986.7131532921366,0.2732732732732459,0.06000000000000005,7.26
1542,type5_HARD,1000,9.99,4.703099889260325e-06,2.526592359078175e-07,4.364457730543626e-06,5.599914082465407e-06,1.235456351921781e-06,0.09641200883510255,0.0005876233691260123,2.2182985257850014e-08,390.62499999999994,1949.192138403039,9.945306726689613e-08,2.726384538047467e-07,0.00030693111426510577,0.0,0.0,1.235456351921781e-06,0.9999991905831485,0.39362374102738257,0.0,78037.50464160624,0.0,0.0,9.99
1543,type3_Sine_Wave,1000,9.99,0.03586572339546476,0.0007328874674840547,0.034768328361176,0.03689111602848,0.0021227876673039978,2.5816396825299734,0.9965029698823641,1.2868872387199835,390.62499999999994,366.8251150118622,0.0006400968791876559,0.001949617491839306,0.9787004080500623,0.0,0.0,0.0021216102931409034,0.9994453636693513,0.8733903999090992,0.0,1216.1553984306756,0.0,0.0,9.99
1544,type1_HARD,1000,9.99,0.04992906425395577,0.006147903131998333,-0.0018144849697836,0.0664825114529189,0.06829699642270251,296.27725612856,10.754206894902365,2.5307081701960783,0.0,777.0582344610197,1.344564044639392e-05,7.978914250579561e-05,1.1529354156806257,1.55,1.61,9.006692258179544e-05,0.0013187537856428728,0.0021870286755537216,1.0387090072845115,4338.071535247439,0.16116116116114504,0.06000000000000005,8.38
1545,type5_HARD,1000,9.99,26.594176089025222,0.6277687378354025,24.470625534943387,29.099696626230216,4.6290710912868285,262597.98403179314,2288.8592357641846,707644.2954422843,781.2499999999999,2667.892597110504,0.6730051019242113,4.436133121862703,3133.4601681596546,0.0,0.0,4.6290710912868285,0.999999999999784,1.0720589627379589,0.0,56728.00846070765,0.0,0.0,9.99
1546,type5_Square_Pulse_Wave,1000,9.99,5.72310375699042e-09,3.298392753081605e-10,5.622346374125163e-09,7.2728938565524054e-09,1.6505474824272426e-09,0.00016476873715107256,6.527890723526144e-07,3.286271056081368e-14,781.2499999999999,2048.0360770081097,2.1132931462969219e-10,6.194769930408049e-10,5.748806253450208e-07,0.0,0.0,1.6505474824272426e-09,0.9993945072662819,0.63876731211205,0.0,99766.27308887032,0.0,0.0,9.99
1547,type4_overdamped_no_overshoot,1000,9.99,2.139865256083002e-09,5.991795781582377e-11,2.120117633301766e-09,2.5110909955771974e-09,3.909733622754312e-10,7.13777439531624e-07,6.082883882333082e-08,4.582613475859991e-15,390.62499999999994,301.8703417581223,3.5694973371292296e-13,1.6405248006637085e-12,2.7226586540502682e-08,0.0,2.05,2.1693018670107366e-12,0.005534309409235863,0.00585951575711232,2050000.0,1820.984557185465,0.20520520520518465,2.05,7.94
1548,type4_overdamped_decay_overshoot,1000,9.99,35.178195920227445,0.6223015088603027,33.81973349644658,40.10881658656535,6.2890830901187655,25410.949303271478,1382.383488890558,1237892.727369837,390.62499999999994,281.29638563950255,0.011112477069007828,0.05436686607343688,795.5679615110862,3.24,3.23,0.059010502740932225,0.009383005741113283,0.017857062711195443,0.9969132725576318,4040.4855428277647,0.32332332332329095,-0.010000000000000231,6.76
1549,type0_HARD,1000,9.99,46.236219636461335,5.688796218471142,-3.294357900499749,68.34258342335805,71.6369413238578,402162.2535583052,14022.66640988185,2170150.4086863836,1562.4999999999998,1411.0175527425229,0.01295912049985444,0.07586561677296544,1156.6325363454744,1.78,1.75,0.09265850644284512,0.0012934458776506287,0.002278007508473368,0.9831455150867893,5613.894816365708,0.17517517517515763,-0.030000000000000027,8.24
1550,type1_Damped_Osc,1000,9.99,8.600402022509234e-09,2.389702449652681e-10,7.523775325701171e-09,9.391584207711383e-09,1.8678088820102122e-09,7.394679496587552e-06,6.819241539917198e-07,7.402402172675968e-14,781.2499999999999,894.6824238866499,2.226103932804837e-12,1.0426081182238218e-11,1.1734631366204972e-07,0.0,3.45,1.317127270310086e-11,0.007047950611692826,0.009276583157745372,3450000.0000000005,3956.8944517394175,0.3453453453453108,3.45,6.54
1551,type2_HARD,1000,9.99,0.016074004574943224,0.0004743540091015721,0.0158283218516548,0.0178260450698195,0.001997723218164698,8.522839330700124,1.7341628322200027,0.25859863480124634,390.62499999999994,784.2244217231994,0.0002800374085522634,0.0013517081443056994,1.0818268629289347,0.0,0.0,0.001997723218164698,0.9999999994994302,0.590355309723849,0.0,4266.276353469903,0.0,0.0,9.99
1552,type1_HARD,1000,9.99,0.7899082688029951,0.23146312250745787,0.0297005635404712,0.9254965177037506,0.8957959541632794,34977.34681174994,108.22282991772012,677.5302502042474,390.62499999999994,821.2459931769688,0.0002767447206271717,0.0015223549023376526,17.35986528985483,3.39,3.39,0.0015223549023376526,0.0016994438245235355,0.0011956320195976756,0.9999997050148363,39046.10938367274,0.3393393393393054,0.0,6.6
1553,type0_Step_Response,1000,9.99,7.023148194331074e-06,1.835624362428791e-06,-4.808832308339071e-07,7.82769825910914e-06,8.308581489943047e-06,0.012801868013723953,0.0011412073609847666,5.269412735947793e-08,390.62499999999994,407.60371047599614,3.157645261199393e-09,1.554741591637768e-08,0.00015230929221327132,0.0,3.53,1.900162604093871e-08,0.002286987709869745,0.001720201368879205,3530000.0,1540.8004950567336,0.35335335335331797,3.53,6.460000000000001
1554,type1_Damped_Osc,1000,9.99,25.572390951543266,0.6572671184453078,23.03035189811103,27.06210710270485,4.031755204593821,14194.265180844566,1481.459573196482,654379.1790435613,390.62499999999994,561.1182528103533,0.00781394306029398,0.03737963959158819,401.05237992951163,5.29,5.29,0.03802046255108138,0.009430250752265678,0.011888534875691185,0.9999998109641188,3520.61681836932,0.5295295295294765,0.0,4.7
1555,type5_Square_Pulse_Wave,1000,9.99,14.335817149227609,1.005829504838141,13.893984147939303,17.90896485603259,4.014980708093287,399047.3324079838,2772.5138116242833,206527.34632889135,781.2499999999999,1893.3824835082319,1.368625536616858,4.014634891409019,3593.1180766083726,0.0,0.0,4.014980708093287,0.9999999999997509,1.3606933680432627,0.0,99389.60145026247,0.0,0.0,9.99
1556,type1_HARD,1000,9.99,5.99968595021435e-06,1.6104124289418757e-06,7.55182055166984e-08,6.626595929642658e-06,6.551077724125959e-06,0.13258159998906655,0.0007936075282676715,3.8589659692489924e-08,390.62499999999994,545.3425890777271,1.3939649568941066e-09,9.969585824676366e-09,0.00016523525266552328,0.0,1.49,9.969585824676366e-09,0.0015218235415124708,0.0008655944689991893,1490000.0,20238.132614832146,0.1491491491491342,1.49,8.5
1557,type4_overdamped_decay_overshoot,1000,9.99,3.288972302332129e-09,7.574652791309753e-11,3.255448891891447e-09,3.854434052875026e-09,5.989851609835791e-10,1.6267817475801898e-06,1.1740687106351145e-07,1.0823076341998797e-14,390.62499999999994,262.55803586324095,8.044065962512865e-13,4.11366319980889e-12,6.423013506437002e-08,0.0,2.43,5.206950772860577e-12,0.008678465921264818,0.01048134186815775,2430000.0000000005,2711.3699694061484,0.24324324324321892,2.43,7.5600000000000005
1558,type1_HARD,1000,9.99,6.97183834001001e-09,8.650007110727639e-10,-8.90022777579281e-10,1.023369787095306e-08,1.1123720648532342e-08,6.896445740532077e-05,2.247650751720306e-06,4.935475606938992e-14,1953.1249999999998,1460.8561712516007,2.8317146881238983e-12,1.3187825527783171e-11,9.918246491875125e-08,0.0,1.87,1.3187825527783171e-11,0.0011854522863477934,0.0032698757078572067,1870000.0000000002,6199.208014667684,0.18718718718716845,1.87,8.120000000000001
1559,type1_Damped_Osc,1000,9.99,1.0687574346915315e-06,2.5703993446673144e-08,9.434436128830628e-07,1.13506157240538e-06,1.9161795952231707e-07,0.0010500170495221124,6.987638147410889e-05,1.1429031494875298e-09,781.2499999999999,791.9970831815165,3.181582259023125e-10,1.8171643194149945e-09,1.759172322839963e-05,0.0,3.26,1.8171643194149945e-09,0.009483217756452523,0.012377292628467484,3260000.0,5479.713761830657,0.3263263263262936,3.26,6.73
1560,type1_HARD,1000,9.99,22.351002157482466,5.05139442506884,-1.0840652118058538,27.65970095427733,28.743766166083184,23875.644666869175,3889.57446257322,525083.8830814022,390.62499999999994,395.6744323926954,0.0031839568806811226,0.01715596192399005,374.7588084192112,4.96,4.91,0.01715596192399005,0.0005968585266405693,0.0006303124667674514,0.9899191552582348,830.6373120666741,0.4914914914914423,-0.04999999999999982,5.08
1561,type4_HARD,1000,9.99,5.729058753558778e-09,6.969678654431911e-11,5.689412295776791e-09,5.9420584286435275e-09,2.5264613286673656e-10,5.295124037670554e-07,1.1928777448683886e-07,3.282697184378307e-14,390.62499999999994,473.2564844274198,1.812754424223097e-12,9.985092438268018e-12,1.1592197877675843e-07,0.0,2.71,1.0598455795497308e-11,0.041784417036886755,0.025641256312077202,2710000.0,2087.6029048124956,0.2712712712712441,2.71,7.28
1562,type5_HARD,1000,9.99,0.20130561279769058,0.00708654811531442,0.1980094011902896,0.2245044009855939,0.026494999795304314,2627.1730961409803,16.508492300012602,40.574168908044385,390.62499999999994,1579.3221328720106,0.009986111018658848,0.026472652149182097,21.9962149011449,0.0,0.0,0.026494999795304314,0.9999999999622571,1.4091643568564993,0.0,99157.31709148512,0.0,0.0,9.99
1563,type5_HARD,1000,9.99,35.52140419799144,1.2503477970876422,34.95835631664783,38.927882841305184,3.969526524657354,394788.6915500078,1562.712839397956,1263333.5258107656,390.62499999999994,1325.9945526596396,0.004898905733722659,0.030944377542120094,558.7920553358429,0.0,0.0,3.969526524657354,0.9999999999997481,0.003918034442200369,0.0,99454.8566680723,0.0,0.0,9.99
1564,type1_Damped_Osc,1000,9.99,40.3068109918288,0.8540112261130068,36.25901653247431,43.61505808211128,7.35604154963697,48337.971935298185,2418.1918312789558,1625368.3475053378,781.2499999999999,750.426966716505,0.012546297216640486,0.06867674439741478,880.1765930790838,2.2,2.2,0.07448795735982117,0.010126092526419609,0.014691021421029436,0.999999545454752,6571.193434555458,0.2202202202201982,0.0,7.79
1565,type2_Triangle_Wave,1000,9.99,14.37942007617775,0.1790442166260938,14.283623170360736,15.128511619717376,0.84488844935664,4254.795229958574,902.9077076957145,206799.77855869097,781.2499999999999,1076.9426242644768,0.17826727283307076,0.6857264218918395,938.2301122927763,0.0,0.0,0.84488844935664,0.9999999999988164,0.9956606037957583,0.0,5035.925432752041,0.0,0.0,9.99
1566,type1_Damped_Osc,1000,9.99,6.5375234587371285,0.12380861921659782,6.022307681863588,6.788273895177798,0.7659662133142096,2796.2785314899816,338.13642401712593,42754.54154773058,390.62499999999994,592.8033647668927,0.0017201207600409316,0.00896565412293615,152.6631655851258,4.49,4.47,0.009124806096211024,0.011912804948298673,0.01389338457137432,0.9955454352905488,3650.655189329167,0.4474474474474026,-0.020000000000000462,5.5200000000000005
1567,type1_HARD,1000,9.99,0.17568432689767496,0.03690773891257984,0.0112246092434044,0.1887689483118918,0.1775443390684874,892.495011195371,22.267880292718125,32.227163909128286,390.62499999999994,382.02774403495283,4.728128161613914e-05,0.0002954100764930856,5.460547289663328,1.57,1.51,0.0003366632217718102,0.0018962205358744033,0.0012810668712827178,0.9617828268899192,5026.885204411196,0.151151151151136,-0.06000000000000005,8.48
1568,type4_overdamped_no_overshoot,1000,9.99,6.266315947633105e-09,2.344765940421624e-10,6.159560197283157e-09,7.335172328429774e-09,1.1756121311466163e-09,1.370028465392003e-06,1.9097322893205367e-07,3.932169482871459e-14,390.62499999999994,369.94183570132327,1.7523229375654463e-12,7.982577206983016e-12,1.1037013238267959e-07,0.0,3.2,1.3151193356023355e-11,0.011177169610861848,0.007441601339161931,3200000.0000000005,1164.384106814283,0.3203203203202883,3.2,6.79
1569,type4_overdamped_decay_overshoot,1000,9.99,0.8236564964390257,0.01646445156264112,0.789204372972155,0.9432092799680096,0.15400490699585467,531.9729933617067,26.271188261071426,678.6811022914694,390.62499999999994,265.19390455942425,0.00011094934360624301,0.0006510399084393992,9.790834912442664,3.64,3.6,0.0009760932631281971,0.006338065988690428,0.006738720884651595,0.989010717304748,3454.2600215496473,0.36036036036032426,-0.040000000000000036,6.390000000000001
1570,type0_Step_Response,1000,9.99,34.580636720290435,7.831667648139905,-0.3799193663721708,38.54012360916574,38.92004297553791,285976.5236942208,17302.633600503115,1257155.454131621,1171.8749999999998,934.6622885203325,0.019909382948183993,0.10531453470961338,1034.1123286275345,5.71,5.7,0.10531453470961338,0.002705920308870243,0.0025421639225089074,0.9982485116902782,7347.7956813654055,0.5705705705705134,-0.009999999999999787,4.29
1571,type0_HARD,1000,9.99,3.5243053217014894e-06,5.11359585431779e-07,-2.3393720324720732e-08,4.014770661887099e-06,4.0381643822118196e-06,0.010488550004466125,0.0005098104528344303,1.2682216626186396e-08,0.0,267.1530380308604,5.95764404099286e-10,3.451075948041338e-09,6.920452873560464e-05,0.0,2.1,3.7087417335838e-09,0.0009184224474611327,0.001165057341281473,2100000.0,2597.355237273923,0.21021021021018918,2.1,7.890000000000001
1572,type0_Step_Response,1000,9.99,0.0860329973105614,0.015322936386178966,-2.1595050562165105e-06,0.092204407372971,0.09220656687802722,149.23257171243,10.609207147506519,7.636469005733952,390.62499999999994,317.0292070453929,1.972309128730994e-05,0.00010918443122379107,2.1017730719972554,4.21,4.25,0.00012211576135530422,0.0013243716308787108,0.0012871613370275868,1.0095009478620076,1618.4592569010783,0.4254254254253828,0.040000000000000036,5.74
1573,type4_overdamped_decay_overshoot,1000,9.99,0.12116855045676875,0.0014146375547757183,0.1183001399832086,0.1337878660841044,0.015487726100895799,67.22789215788949,3.644037962801365,14.683818819205895,390.62499999999994,288.5981490824628,3.710840063738506e-05,0.00019716029448009487,2.3821124496311703,2.81,2.8000000000000003,0.000227679843559897,0.014700663096826558,0.02623173722900112,0.9964409265334782,4340.7206271332725,0.28028028028025226,-0.009999999999999787,7.1899999999999995
1574,type4_HARD,1000,9.99,37.73122611784043,0.5273836480756995,35.95110524521632,37.98673041185263,2.035625166636315,3701.4945883363735,814.2357525519254,1423923.5578678618,390.62499999999994,443.11687472128926,0.012840230966634834,0.0636040724306497,708.7755541464804,2.07,2.08,0.06592956621624069,0.03238787144941369,0.024347040363237482,1.0048304324490664,1818.357647076518,0.20820820820818736,0.010000000000000231,7.91
1575,type4_overdamped_decay_overshoot,1000,9.99,8.038818461679781e-06,1.1796035648809522e-07,7.79732504992365e-06,8.651881447593094e-06,8.545563976694444e-07,0.0023387215986139004,0.00026751877068242555,6.463651690554648e-08,390.62499999999994,310.0857911939528,2.0636950057693257e-09,1.1162651355998773e-08,0.00020294620295921995,0.0,4.78,1.2560184947183668e-08,0.014697883350419647,0.01749467001066231,4780000.0,2736.7636217205304,0.4784784784784306,4.78,5.21
1576,type0_Step_Response,1000,9.99,0.000995560825583772,0.0001410141313153824,6.160313459112709e-05,0.0010745255525983,0.001012922418007173,2.1133729996755375,0.12732339558441222,0.001011026342667674,390.62499999999994,279.94747763960095,5.426571675949083e-07,2.9315967955999885e-06,0.032606979668555455,0.77,3.26,2.9315967955999885e-06,0.002894196772220152,0.00384824668765283,4.233760735375668,2086.4115158463796,0.3263263263262936,2.4899999999999998,6.73
1577,type0_Step_Response,1000,9.99,24.340985621819854,5.294002590707833,-0.0008017244742511,27.205607418327293,27.206409142801544,97329.26099618529,6346.613878509523,620510.0444720623,390.62499999999994,563.9545419229322,0.01915212222678838,0.08790060885576523,484.3611409384153,6.3,6.33,0.08790060885576523,0.003230878738696736,0.003617701710309143,1.0047617452759134,3577.4387014955905,0.6336336336335702,0.03000000000000025,3.66
1578,type0_Step_Response,1000,9.99,0.0030688278717752385,0.0005495197838741343,-3.7347472749427757e-07,0.0032547938639488,0.0032551673386762943,5.325713257361134,0.3912486599202805,0.009719676499453614,390.62499999999994,313.9701011823638,1.7775067602387647e-06,9.257066232100028e-06,0.08328693514939953,1.66,2.02,9.86329132189991e-06,0.0030300412521590213,0.003234654709740609,1.2168667368272672,1636.0797162245865,0.20220220220218196,0.3600000000000001,7.970000000000001
1579,type4_overdamped_decay_overshoot,1000,9.99,4.483818568712224e-09,9.550306776660681e-11,4.241578375870866e-09,5.066831358324865e-09,8.252529824539991e-10,2.691288169495746e-06,2.0700505203249438e-07,2.0113749793081367e-14,390.62499999999994,299.7846044532865,1.4971441583003354e-12,8.350121031023138e-12,1.1334784496573335e-07,0.0,2.87,8.763647609219939e-12,0.01060649437317807,0.01551395404259258,2870000.0000000005,3257.220520405905,0.28728728728725855,2.87,7.12
1580,type0_Step_Response,1000,9.99,3.4684776815576363e-06,9.21829926838653e-07,-2.753127457645838e-10,4.109930010658838e-06,4.110205323404602e-06,0.0050871479834318925,0.0004511143876845142,1.2880107841478791e-08,390.62499999999994,411.2190007197351,1.8335532866539127e-09,8.437364408306523e-09,6.202050602100798e-05,0.0,6.76,8.437364408306523e-09,0.0020527836669078964,0.001989034250501814,6760000.0,1237.686768779544,0.6766766766766089,6.76,3.2300000000000004
1581,type4_HARD,1000,9.99,7.1429954541809985e-09,1.71041895856492e-10,6.411121965427948e-09,7.2073338037965995e-09,7.962118383686518e-10,1.3685746076052116e-06,2.1261322000158075e-07,5.105163938858859e-14,390.62499999999994,394.62459545712386,1.3562232111431202e-12,7.399603798395663e-12,1.4487608668276338e-07,0.0,1.51,9.78674594064715e-12,0.012276217524157612,0.007883098499881726,1510000.0,1716.7013104142422,0.151151151151136,1.51,8.48
1582,type2_Triangle_Wave,1000,9.99,9.031074365525313e-09,3.4889574458603583e-10,8.893960778999458e-09,1.068248659871385e-08,1.7885258197143921e-09,1.6741566876402977e-05,2.4300158293243943e-06,8.168203243623867e-14,781.2499999999999,2080.646713247011,3.0537876085042893e-10,1.6587345709004279e-09,2.0978096510435727e-06,0.0,0.0,1.7885258197143921e-09,0.9994411927511838,0.8727707197803298,0.0,9355.308927073724,0.0,0.0,9.99
1583,type0_HARD,1000,9.99,0.6922974938135393,0.10877438417288256,0.0606924018430809,0.7393067708265176,0.6786143689834367,902.300708892828,90.2383116048749,491.1076865926974,390.62499999999994,310.5137110080682,0.00023330489285871384,0.001061848712677449,20.37018941518797,2.7,2.65,0.0013391096356455412,0.0019732998545986466,0.0021448514246310197,0.9814811179699562,1329.622168541971,0.2652652652652387,-0.050000000000000266,7.34
1584,type4_overdamped_no_overshoot,1000,9.99,1.5421470817433337e-09,1.1250956974301515e-10,1.4915121307020356e-09,2.0337387850311242e-09,5.422266543290887e-10,4.698651503763666e-07,6.785854800089422e-08,2.3908760250132385e-15,390.62499999999994,373.76356669000137,4.778448922416989e-13,2.5222878496486378e-12,1.8936457726536977e-08,0.0,3.39,2.5222878496486378e-12,0.004643159221934325,0.004209732213094775,3390000.0000000005,864.9523115846973,0.3393393393393054,3.39,6.6
1585,type4_HARD,1000,9.99,44.40342730903574,0.3996485217742765,44.17408372009078,45.859089439463546,1.6850057193727679,4931.089395568477,1230.220836901208,1971824.075729777,390.62499999999994,632.3540325044572,0.01010247499218014,0.05879844441609805,1153.977733803402,3.74,3.02,0.06565121612517544,0.03896201382009237,0.025278399497898785,0.8074864151105842,2926.452616078428,0.302302302302272,-0.7200000000000002,6.970000000000001
1586,type0_HARD,1000,9.99,0.6832578873670077,0.08237041142479484,0.0069074787878708,0.9787141449147096,0.9718066661268389,4565.792704061328,170.622721968906,473.62622532751664,1562.4999999999998,1194.863363200328,0.00015885760250415444,0.0007182374079784948,11.903151373960865,2.2,2.19,0.0009606091330330857,0.0009884776123841898,0.001928576047568546,0.9954540929754121,4698.252093961978,0.21921921921919726,-0.010000000000000231,7.800000000000001
1587,type4_overdamped_decay_overshoot,1000,9.99,0.008619086841252479,0.00010818784158136826,0.0083355318303917,0.0095392152391798,0.0012036834087880994,6.053104904189983,0.30615216001347306,0.07430036258611766,390.62499999999994,344.39460525225047,2.1694512149279818e-06,1.0004838342198702e-05,0.17799907657630826,1.58,2.29,1.2114151380001117e-05,0.010064233901947469,0.02005263404061629,1.4493661712872334,5028.818088682964,0.22922922922920627,0.71,7.7
1588,type5_Square_Pulse_Wave,1000,9.99,0.010868896516468527,0.00047583978859742606,0.0107160200858482,0.0132184115668044,0.0025023914809562,249.54473137935997,1.6694224066468242,0.11835933499011414,781.2499999999999,2943.482584709926,0.00030683763521283775,0.0011373494698566008,1.0638068274588983,0.0,0.0,0.0025023914809562,0.9999999996003823,0.6448339166264996,0.0,99722.49872920876,0.0,0.0,9.99
1589,type0_Step_Response,1000,9.99,8.470669859136687e-06,1.7754804095096076e-06,-2.468933263065265e-07,9.11830160033231e-06,9.365194926638837e-06,0.019048467034608135,0.0011357369190997115,7.490457854703916e-08,390.62499999999994,338.32820090603434,3.012422749961755e-09,1.7320749307351427e-08,0.00021105206800998437,0.0,3.47,1.9657864087154224e-08,0.002099033938119586,0.0016966794097797925,3470000.0000000005,2033.9635373164713,0.3473473473473126,3.47,6.52
1590,type0_HARD,1000,9.99,23.030699930656468,5.530015807658308,-0.9827530290582116,34.539993135601534,35.52274616465974,44469.76852561483,6137.62261827713,560994.2141288907,390.62499999999994,332.69758003661,0.003587093074449742,0.01733198448622275,326.6860718152098,6.57,6.57,0.018438001023305617,0.0005190477374085559,0.000648658737915625,0.9999998477930216,1251.8674181179972,0.6576576576575919,0.0,3.42
1591,type5_Square_Pulse_Wave,1000,9.99,26.899156601057346,2.502166717897336,25.965182743780115,35.811315666068964,9.846132922288849,982521.8612932516,3870.4996590076844,729825.46413236,390.62499999999994,1516.1644111011099,1.1533283372676915,3.629218223449623,3356.8077189724254,0.0,0.0,9.846132922288849,0.9999999999998984,0.46093185119032165,0.0,99787.58859419837,0.0,0.0,9.99
1592,type4_overdamped_no_overshoot,1000,9.99,0.05528233015324444,0.0019040063300406551,0.0547873498456707,0.069640947818593,0.014853597972922294,39.97602532070932,2.1105327624961965,3.0597612672771546,390.62499999999994,253.37420835188922,6.130391532383373e-06,3.3982879467903127e-05,0.6885602447796263,1.28,1.46,4.18107572644974e-05,0.0028148572041536615,0.003219732745863687,1.140624108887415,2691.3361591510143,0.1461461461461315,0.17999999999999994,8.530000000000001
1593,type0_Step_Response,1000,9.99,45.02000906968584,4.58234321947079,2.4824473557831754,48.16485410297197,45.6824067471888,243870.91205912054,6895.203503728662,2047799.0860156252,390.62499999999994,492.0023040033475,0.01639867978817944,0.09427371071147661,963.0221389996907,2.84,2.4,0.1086370448833307,0.0023780937262026726,0.0035786668529097496,0.8450701249753081,5338.398946638741,0.24024024024021617,-0.43999999999999995,7.59
1594,type1_Damped_Osc,1000,9.99,26.501034009401387,0.48142240677975007,23.906702431758145,27.886784082044635,3.9800816502864897,17597.980503716924,1533.7051194735025,702536.5711011987,1171.8749999999998,1025.7600445033975,0.0064188622333015,0.032785243291431954,403.695439970384,2.94,2.94,0.03381627960145295,0.00849637835922545,0.01333311898842462,0.9999996598640613,4421.51243365718,0.29429429429426485,0.0,7.050000000000001
1595,type2_Triangle_Wave,1000,9.99,5.406470923058254e-09,7.27328726872944e-11,5.376591022965562e-09,5.796764936612358e-09,4.2017391364679577e-10,5.496323792695174e-06,7.477395652452483e-07,2.92352179126437e-14,1171.8749999999998,3083.346217271955,6.028509316396794e-11,3.4252813848111405e-10,6.220277116030506e-07,0.0,0.0,4.2017391364679577e-10,0.9976256839096672,0.8176148706376963,0.0,13050.010018674833,0.0,0.0,9.99
1596,type1_HARD,1000,9.99,1.0420648810980783e-06,1.4780628207726972e-07,-8.21220902232359e-08,1.594509388848368e-06,1.6766314790716038e-06,0.007955786210320077,0.0003664560040967778,1.107745913439458e-09,1562.4999999999998,1387.6450556011273,1.9949613655457805e-10,1.0924851433434186e-09,2.300276293277226e-05,0.0,2.67,1.2482109976951804e-09,0.0007444750195858953,0.0013497043836465837,2670000.0,4745.098469478182,0.2672672672672405,2.67,7.32
1597,type4_overdamped_decay_overshoot,1000,9.99,27.180778915058387,0.17256747960001875,26.69595241541178,28.499992437618488,1.8040400222067063,9149.022029678377,600.3863706254054,738824.521964298,390.62499999999994,401.83705254856045,0.003525671744911158,0.01737549923906201,398.1995807486943,2.17,2.15,0.024686451065829118,0.013683981930522197,0.020430684582417372,0.9907829535562426,5071.407461616178,0.21521521521519366,-0.020000000000000018,7.84
1598,type4_HARD,1000,9.99,2.2906228191152334,0.20408919350574942,1.3820349962411602,2.3606509960067594,0.9786159997655992,898.8239038572709,121.74213019824548,5288.6052983572445,390.62499999999994,376.15116113844067,0.00023966528678804821,0.0014528403143212465,26.654005094364795,1.52,1.51,0.0014856480902523117,0.0015181113844517564,0.0011743163989725025,0.9934203990655269,918.464345638781,0.151151151151136,-0.010000000000000009,8.48
1599,type4_overdamped_decay_overshoot,1000,9.99,17.248853903798558,0.16906958628856342,16.59075085166533,18.56280218328137,1.97205133161604,14487.466883127097,653.1977209807458,297551.54551959457,390.62499999999994,551.162388924156,0.0040403989541299415,0.02480961996175779,464.67126846652627,1.52,1.51,0.02480961996175779,0.012580615709132902,0.02389784610468023,0.9934203990655269,7346.3944121817985,0.151151151151136,-0.010000000000000009,8.48
1600,type4_overdamped_no_overshoot,1000,9.99,21.985888216276695,1.2166580047750488,21.57354142956573,29.029352508868865,7.455811079303135,11529.46753448134,1101.7536986626726,484859.53735919774,390.62499999999994,316.7238148664163,0.005042395265985537,0.026926581048211773,456.9882040295859,2.14,2.07,0.03349445627281611,0.004492396054104714,0.004144463971133527,0.9672892676218373,1546.373347158014,0.20720720720718644,-0.07000000000000028,7.92
1601,type0_Step_Response,1000,9.99,0.03284300050486314,0.006209004638661115,-0.0014944780069288,0.0345971110598192,0.036091589066747996,50.840360930830094,4.170738955786876,1.1172144207653556,390.62499999999994,300.48588531905926,1.0511925740979169e-05,6.382212392800485e-05,0.6518167340201637,1.88,1.94,8.480556435610381e-05,0.0023497320718385154,0.001693013027214118,1.0319143447264125,1408.6484481300336,0.19419419419417475,0.06000000000000005,8.05
1602,type0_Step_Response,1000,9.99,3.4284071571000825e-09,4.6003042314581184e-10,-6.736347278573919e-13,3.563999612911285e-09,3.5646732476391426e-09,1.405531022445517e-05,4.466297517626554e-07,1.1965603625074786e-14,390.62499999999994,286.9080255339771,1.9044577672389913e-12,1.0576896951063157e-11,1.0789802344005207e-07,0.0,1.61,1.1620928439753952e-11,0.0032591119916689647,0.004130872219330005,1610000.0000000002,3941.839099744008,0.16116116116114504,1.61,8.38
1603,type5_Square_Pulse_Wave,1000,9.99,4.740648160801717e-06,3.169553719653792e-07,4.642251458476739e-06,5.9507296534269854e-06,1.3084781949502462e-06,0.13065489568381164,0.0010585245789452662,2.257420569233041e-08,781.2499999999999,2881.3932283189015,9.759675948360879e-08,3.476305133130133e-07,0.00035928206640924545,0.0,0.0,1.3084781949502462e-06,0.999999235753993,0.3079185910617035,0.0,99852.4823230221,0.0,0.0,9.99
1604,type5_HARD,1000,9.99,22.700019417913733,0.8729995744151157,22.365353088719253,25.46332793491226,3.097974846193008,307801.21545602445,1456.3688431823723,516053.0098305895,390.62499999999994,1432.4576337273122,0.004995658500386982,0.027168160170507605,564.9979230775025,0.0,0.0,3.097974846193008,0.9999999999996771,0.005722406570161509,0.0,99355.62124856215,0.0,0.0,9.99
1605,type0_Step_Response,1000,9.99,1.8993591017911464e-09,2.589932378581791e-10,-6.048556244713094e-11,1.9722029681563915e-09,2.0326885306035224e-09,6.562445995314855e-06,2.3102363189526674e-07,3.6746424948131335e-15,390.62499999999994,269.4147732909691,6.886331321238573e-13,3.9165104590493475e-12,3.459457502338838e-08,0.0,2.18,4.144558829507167e-12,0.002037951617043942,0.0026486578566304575,2180000.0000000005,3226.868764100945,0.2182182182181964,2.18,7.8100000000000005
1606,type1_HARD,1000,9.99,1.032275569469481e-06,1.2368055312096538e-07,-8.797220888920677e-09,1.1748954516794634e-06,1.1836926725683842e-06,0.00472531001182193,0.0001475032332512743,1.0808897305438491e-09,0.0,230.37629375506748,1.218266724307557e-10,7.114439841806619e-10,1.3484368041584827e-05,0.0,2.83,7.114439841806619e-10,0.0006010372452502575,0.0009850027700703634,2830000.0,3992.0041150249026,0.2832832832832549,2.83,7.16
1607,type4_HARD,1000,9.99,2.933352421263682e-06,8.444081908367882e-08,2.635054247978818e-06,2.9700858742333503e-06,3.3503162625453247e-07,0.00045320310638090664,9.372254489529739e-05,8.61168667926103e-09,390.62499999999994,422.6173249946748,9.911974850633723e-10,6.1113958886474355e-09,7.20894394901585e-05,0.0,1.82,6.2817248631202546e-09,0.018749591445305615,0.01173822989390045,1820000.0000000002,1352.713350480073,0.18218218218216395,1.82,8.17
1608,type0_Step_Response,1000,9.99,46.395129795067014,6.45701395278086,-0.0112017935798996,48.67296111919838,48.684162912778284,135549.16161366948,6252.702407509227,2194201.097887521,390.62499999999994,252.49912844878202,0.019710405213298456,0.12476680394283335,1294.5417567887007,3.17,3.12,0.13009712196587486,0.002672267821446411,0.0030525573209899395,0.9842268188558931,2784.2557723856576,0.31231231231228107,-0.04999999999999982,6.87
1609,type0_Step_Response,1000,9.99,1.5522961778530746e-06,3.299619680793184e-07,-3.9222882042309354e-10,1.6650170800387489e-06,1.665409308859172e-06,0.0029104385080662935,0.00021355081261457116,2.518498324156041e-09,390.62499999999994,340.4040266569087,6.686238572413167e-10,3.672372630902122e-09,3.971525857548327e-05,0.0,2.92,4.5782100319334304e-09,0.00274899825441189,0.0020263602947121905,2920000.0,1747.5804566503386,0.292292292292263,2.92,7.07
1610,type0_Step_Response,1000,9.99,9.967544300889426,1.6227162924914014,0.0011884310607298,10.358709041340196,10.357520610279467,26235.594211290358,1352.6454478854598,101985.1475561103,390.62499999999994,251.47029070377047,0.006909909096823792,0.035966679864694484,281.405313265588,1.46,1.46,0.035966679864694484,0.0034725183002769383,0.004258236100045904,0.9999993150689623,2532.9994695110663,0.1461461461461315,0.0,8.530000000000001
1611,type4_overdamped_no_overshoot,1000,9.99,24.347339251677223,0.5274059105263946,24.160174722185985,27.47271090789906,3.312536185713075,5556.478870373382,584.7183869997954,593071.0856307204,390.62499999999994,314.8854088380615,0.008433442315055089,0.041268471266828755,296.03981560430975,1.84,1.81,0.04782237316897309,0.014436785136179317,0.015990420559795826,0.9836951175570013,1677.4092595083866,0.18118118118116305,-0.030000000000000027,8.18
1612,type1_HARD,1000,9.99,22.803331739849664,4.971229265892186,0.2400080420726418,24.789697292488025,24.549689250415383,24693.830951876094,2924.2426609668023,544705.0588516982,390.62499999999994,379.6041315836219,0.00786717598917858,0.03772195538042311,554.8156206467936,2.35,2.34,0.04640150159122669,0.0018901054558334047,0.0015825413732482676,0.9957442571301032,1005.8714267211047,0.23423423423421078,-0.010000000000000231,7.65
1613,type5_HARD,1000,9.99,30.13707047821072,1.436834427399838,22.84137422419944,32.29703131661363,9.455657092414185,734465.0772354356,3469.130483662329,910307.5101804014,390.62499999999994,1675.0190652504587,2.274505961909283,7.360896643817835,6629.732522375844,0.0,0.0,9.455657092414185,0.9999999999998942,1.582997956155429,0.0,77674.67348457291,0.0,0.0,9.99
1614,type0_Step_Response,1000,9.99,0.43555332748326586,0.05884104824893319,-1.6318453897872747e-05,0.4531243156752736,0.4531406341291715,1734.6603981714302,52.18078053734843,193.1689700407784,390.62499999999994,328.4049176608179,0.00010124874734314031,0.000579511347488626,6.450158587068082,3.38,3.37,0.00068793825703789,0.001518156186452856,0.001720716240694357,0.9970411251357618,3828.0839711080134,0.3373373373373036,-0.009999999999999787,6.62
1615,type1_Damped_Osc,1000,9.99,45.65333317764275,1.0207420522792006,40.47902635015036,47.98839274854453,7.509366398394164,40581.28589719061,2801.767554716416,2085268.7445661477,781.2499999999999,791.7135760538016,0.006940045004251513,0.0393058305728573,779.1840426583026,3.31,3.26,0.04545439286592057,0.006053026374586634,0.0067990193886382794,0.984893962267685,5404.089205963273,0.3263263263262936,-0.050000000000000266,6.73
1616,type0_Step_Response,1000,9.99,1.8396731263341141e-06,2.3649990436890895e-07,1.6651047092241795e-10,1.909097692833181e-06,1.908931182362259e-06,0.009413202250124496,0.00021570789462720957,3.440329416522437e-09,390.62499999999994,322.4923377333126,6.152386576178168e-10,2.95774234258717e-09,3.1555784134382634e-05,0.0,1.78,3.5412808144347536e-09,0.0018551108557730437,0.0026014220083409446,1780000.0,4931.134975405926,0.17817817817816034,1.78,8.21
1617,type2_HARD,1000,9.99,3.414479407023873e-06,4.8339575648142665e-08,3.3911660742888744e-06,3.6071634423218582e-06,2.159973680329838e-07,0.0008258693446493478,0.0001713146073430559,1.166100633556394e-08,390.62499999999994,744.3884965952659,4.7836425638089314e-08,1.7677714628526846e-07,0.00017163206673430584,0.0,0.0,2.159973680329838e-07,0.9999953703353914,0.9895708728476277,0.0,3823.4980762596983,0.0,0.0,9.99
1618,type0_HARD,1000,9.99,1.7562499664875975e-06,3.520877522722717e-07,-9.417014313698625e-08,1.860289691873434e-06,1.9544598350104204e-06,0.013857993194330264,0.00022797552359832588,3.208379730087828e-09,390.62499999999994,360.744550331155,6.036551602933386e-10,3.1905855550954934e-09,3.727610871609841e-05,0.0,1.18,3.621809441205777e-09,0.0018530990114143,0.001714497144249952,1180000.0,7090.443024536933,0.11811811811810628,1.18,8.81
1619,type0_Step_Response,1000,9.99,26.227212013245566,4.8887298873572895,-0.008658566740147,28.28686158121949,28.29552014795964,40557.22334808809,3172.524122935736,711766.3298992731,390.62499999999994,317.63054866345277,0.016776781166174193,0.07776968185277511,553.5688522744139,3.61,3.61,0.08416311925515174,0.002974432659836355,0.003431725939605925,0.9999997229917664,1433.3443292793188,0.3613613613613252,0.0,6.380000000000001
1620,type4_HARD,1000,9.99,10.85458025547845,0.5670745105708861,10.59840786129145,13.279804905372888,2.6813970440814376,2988.916787078466,467.67228283400857,118143.4860231618,390.62499999999994,380.3269403158806,0.002876077617793671,0.01747550790386576,263.2588072504823,3.47,3.09,0.018685099519057502,0.006968419526042799,0.005071780805124163,0.8904896569194071,1114.6863884536206,0.3093093093092783,-0.38000000000000034,6.9
1621,type4_overdamped_decay_overshoot,1000,9.99,1.4291506842474127e-06,2.704747760211477e-08,1.3871408683846485e-06,1.6974571230541267e-06,3.103162546694782e-07,0.0014034871478052439,7.102210990511764e-05,2.043203244329485e-09,390.62499999999994,276.42781069166534,3.702654803478013e-10,1.9572450397658254e-09,4.096166279109158e-05,0.0,2.58,2.1235535126787015e-09,0.006843169307296554,0.013688958239884535,2580000.0,4522.749304740116,0.2582582582582324,2.58,7.41
1622,type4_overdamped_decay_overshoot,1000,9.99,31.884235230294987,0.6686622360061167,30.23290116429912,35.716717115623936,5.483815951324818,19230.336883590837,1138.0777709594274,1017051.5654066445,390.62499999999994,287.5686451975309,0.004946680620000816,0.028906106154600764,556.1957625531654,3.77,3.73,0.030553486904601357,0.005571574096540286,0.007397876466808823,0.9893896579868281,3506.7436716109214,0.373373373373336,-0.040000000000000036,6.26
1623,type5_HARD,1000,9.99,1.0524796989581134e-06,5.965015074658908e-08,8.616809490217219e-07,1.236656779112038e-06,3.7497583009031616e-07,0.019352453193759132,0.0001300327068563557,1.1112716572030517e-09,781.2499999999999,1714.2575118742297,3.483355930777048e-08,1.2745732046592617e-07,0.00010641325569857363,0.0,0.0,3.7497583009031616e-07,0.9999973331685594,0.5839545234550618,0.0,51609.73063081775,0.0,0.0,9.99
1624,type0_HARD,1000,9.99,37.10641692190684,3.544688775227416,-0.1916287232270167,40.8200560214334,41.01168474466042,247314.60181863818,5031.274558295502,1389450.9952955975,0.0,164.63900086640146,0.011499819500048577,0.05871763709006217,588.2116250113068,0.8200000000000001,0.81,0.0599353025836038,0.0014614201527384388,0.0032442395452073336,0.9878036734101543,6030.344848265021,0.08108108108107297,-0.010000000000000009,9.18
1625,type0_Step_Response,1000,9.99,8.973114715138982,1.725920870303956,0.4736907667231947,9.76752383794989,9.293833071226695,18477.335514920123,1069.914308728337,83495.59054159447,390.62499999999994,402.3436566197368,0.004982704603363653,0.023760933060659184,221.8385735652031,3.75,3.75,0.023926723971412045,0.0025744731789390076,0.0028869832268053224,0.9999997333334044,1988.1286196244655,0.37537537537533777,0.0,6.24
1626,type1_Damped_Osc,1000,9.99,2.6214760123242506e-06,4.918598208058817e-08,2.4426544436282417e-06,2.7420996127902333e-06,2.9944516916199155e-07,0.0009290159662060479,0.00011141348649491065,6.8745557440246865e-09,390.62499999999994,477.20171487490313,5.021434946561179e-10,2.341754793623301e-09,4.2783217422876016e-05,0.0,5.49,2.341754793623301e-09,0.007820286364580209,0.010208869774392821,5490000.0,3102.447324024632,0.5495495495494945,5.49,4.5
1627,type0_HARD,1000,9.99,3.0724713643277483e-09,4.229720200418326e-10,1.3409411171870676e-10,4.156349049494943e-09,4.0222549377762365e-09,1.2119375488547948e-05,6.412323903848892e-07,9.61898561435228e-15,781.2499999999999,681.5770405926313,8.251237221329027e-13,4.49466718698763e-12,7.497594400547758e-08,0.0,3.04,5.379670641406822e-12,0.0013371438610301721,0.0019461749434585074,3040000.0,3012.330979763032,0.30430430430427385,3.04,6.95
1628,type5_HARD,1000,9.99,30.838453699805882,0.9501710350202057,30.394180599893765,33.329008675032505,2.9348280751387392,289987.661811773,2386.5896010040187,951913.0515908627,390.62499999999994,1353.8756348200297,0.7083296391994836,2.2458974895022052,2710.6011159944564,0.0,0.0,2.9348280751387392,0.9999999999996593,0.7454759333762213,0.0,98809.07991449056,0.0,0.0,9.99
1629,type0_Step_Response,1000,9.99,6.062907339267955,1.9759954881455366,-1.881456101727464,6.938841069253185,8.820297170980648,15121.84980466969,1215.234716415392,40663.403573720745,390.62499999999994,403.58211768784605,0.0032298056882279717,0.016171245532520473,126.2261626468488,3.96,3.96,0.018117161005286597,0.0020540306810626725,0.0016345207808432275,0.9999997474748112,1714.4376784061023,0.3963963963963567,0.0,6.03
1630,type4_overdamped_no_overshoot,1000,9.99,3.438174908489471e-09,1.6633010261976686e-10,3.365006792988929e-09,4.223927128818186e-09,8.58920335829257e-10,9.41658507740109e-07,1.374574174770654e-07,1.1848712404404084e-14,390.62499999999994,362.3720847285199,5.949902313343044e-13,3.2560613940463204e-12,6.73136728048297e-08,0.0,4.03,3.555812408967993e-12,0.0041350486327770995,0.003555787165721953,4030000.0000000005,1095.0531909819629,0.40340340340336306,4.03,5.96
1631,type0_HARD,1000,9.99,2.9905018174406025e-09,6.469927676031869e-10,1.0079041515457717e-12,3.981991187192031e-09,3.980983283040485e-09,7.211488526026449e-05,5.583027008044105e-07,9.36170076144638e-15,390.62499999999994,449.235256261395,9.444567394013093e-13,4.872609466397005e-12,5.052543703983741e-08,0.0,4.8100000000000005,5.6878238043380704e-12,0.001428389674201513,0.0014575112356495757,4810000.000000001,18110.293322276433,0.4814814814814333,4.8100000000000005,5.18
1632,type5_Square_Pulse_Wave,1000,9.99,46.903512049735234,1.8242121001725584,46.10772796015596,52.080795827872905,5.973067867716942,595273.5733100503,2220.9762884640136,2203267.1923860735,390.62499999999994,1275.9684983086518,0.006044494263514356,0.033797138924036574,686.8266054250382,0.0,0.0,5.973067867716942,0.9999999999998326,0.0033134821674186206,0.0,99659.60315422957,0.0,0.0,9.99
1633,type1_Damped_Osc,1000,9.99,31.934099845577308,0.3087487302442247,30.197518322785378,33.44861665840576,3.2510983356203838,26235.852393030964,1575.9963414625408,1019882.0587257282,1953.1249999999998,1721.0420101060809,0.00945565072063983,0.04677785660076239,629.7506976130934,1.75,1.74,0.04787635842623317,0.014726210493747657,0.030625715328868392,0.9942851461227736,8069.842768387532,0.17417417417415673,-0.010000000000000009,8.25
1634,type4_overdamped_decay_overshoot,1000,9.99,22.207044319707805,0.2734572837334921,21.929895052506694,24.066190709651323,2.136295657144629,4419.462986819411,471.9715225577888,493227.5963034936,390.62499999999994,295.0534448145599,0.0027958615452209194,0.014241528425458228,319.7759961681674,3.78,3.77,0.014675770880970163,0.006869728369236548,0.010224125344328022,0.9973542335041711,2068.7506301091266,0.3773773773773396,-0.009999999999999787,6.220000000000001
1635,type3_Sine_Wave,1000,9.99,2.1341748778643663e-06,2.7973616165747867e-08,2.088747484493829e-06,2.1707979579722487e-06,8.205047347841971e-08,0.00015183304272160025,4.7972651627687235e-05,4.555484932508771e-09,390.62499999999994,372.76695231582033,2.0199064687104764e-08,6.904057246667566e-08,4.990861879014297e-05,0.0,0.0,8.205047347841971e-08,0.9999878125284336,0.722049752798271,0.0,1850.4608910104914,0.0,0.0,9.99
1636,type3_Sine_Wave,1000,9.99,15.504614599439886,0.26024247095525527,15.142480177298484,15.888220447022317,0.7457402697238322,1531.057220033105,643.7889966808017,240460.80002085335,390.62499999999994,394.57932373275094,0.2658771399818968,0.7416724472161551,628.3900081029134,0.0,0.0,0.7457402697238322,0.9999999999986591,1.0216516120713777,0.0,2053.0703278207625,0.0,0.0,9.99
1637,type5_HARD,1000,9.99,1.9159443629996055e-06,1.5574695905680257e-07,1.5408038395751089e-06,2.304681210626196e-06,7.638773710510873e-07,0.04354471769122122,0.00024241509198495348,3.695099917365406e-09,390.62499999999994,1547.543523586742,1.5142155647340343e-07,3.1381733004133483e-07,0.0002801474473594302,0.0,0.0,7.638773710510873e-07,0.999998690891066,0.9722217702909272,0.0,57004.77895624172,0.0,0.0,9.99
1638,type5_Square_Pulse_Wave,1000,9.99,22.683237250133768,0.24114926753843244,22.57483900097453,23.55240495907865,0.977565958104119,96840.2899057871,763.308559673919,514587.4051150903,390.62499999999994,1914.6669929950363,0.33873244982299655,0.9753260486892827,1028.538685489047,0.0,0.0,0.977565958104119,0.999999999998977,1.404658837570831,0.0,99062.6659028707,0.0,0.0,9.99
1639,type2_Triangle_Wave,1000,9.99,0.7718963504915993,0.017495471158883363,0.7633077975747071,0.8457503398216714,0.08244254224696423,491.1005372759347,98.40313017508768,596.1300674133213,781.2499999999999,1427.0255481445636,0.016285919469215756,0.06455339578626629,100.58069363155053,0.0,0.0,0.08244254224696423,0.9999999999878703,0.9308648689930069,0.0,5956.882501255734,0.0,0.0,9.99
1640,type0_Step_Response,1000,9.99,29.057086562531172,5.352590429825855,-0.0058621239901382,31.79949136617697,31.805353490167107,56470.192866826,3684.5603331200123,872964.5038118928,390.62499999999994,290.0631050719679,0.020147688874348292,0.09753281186069884,1010.119115304146,4.83,4.83,0.09753281186069884,0.003066553304960087,0.0037641006048355595,0.9999997929607054,1775.493326438974,0.48348348348343506,0.0,5.16
1641,type1_Damped_Osc,1000,9.99,0.0014438143414609542,1.0956078028865438e-05,0.0013823096083069,0.0014906641655279,0.00010835455722099999,0.7217632436699916,0.056150471190780704,0.0020847198882541036,1171.8749999999998,1292.1397676951553,4.2670745920348816e-07,2.1740361857999855e-06,0.029444745965261483,0.0,1.74,2.7338668512999313e-06,0.02523075075184134,0.038947095770235245,1740000.0,6661.124880393892,0.17417417417415673,1.74,8.25
1642,type0_Step_Response,1000,9.99,37.77261221277722,4.927870446639938,-0.0002175946272999,38.98582626258603,38.98604385721333,166425.2385267067,4464.221901442772,1451054.1405157135,390.62499999999994,235.40126110372853,0.012720074005708345,0.06537776266445405,686.9997963310101,1.41,1.39,0.09584340627865373,0.0024584029769647423,0.002581251707698389,0.9858149036773733,4268.8414124868905,0.1391391391391252,-0.020000000000000018,8.6
1643,type4_overdamped_decay_overshoot,1000,9.99,35.05988052004337,1.0442254610845658,33.51437401106372,41.6169403989622,8.102566387898477,17703.86268408899,1336.0745252228537,1230285.628893294,390.62499999999994,283.352562313158,0.0063875558705180574,0.037424620639932016,581.654562029621,6.04,5.99,0.037424620639932016,0.004618860105339295,0.006117027508482336,0.9917216901123029,2184.969778282627,0.5995995995995396,-0.04999999999999982,4.0
1644,type0_HARD,1000,9.99,18.11505867647603,1.7651097931932367,-1.6553038673567455,20.18791658277704,21.843220450133785,181363.44427879408,2884.0668678152915,331270.9634341963,0.0,170.8833446419392,0.003684061137966424,0.01868777440337155,422.78178224848966,1.16,1.09,0.025230404632168302,0.0011550679850421332,0.0020871569305043348,0.9396543623669292,8302.962683218948,0.1091091091090982,-0.06999999999999984,8.9
1645,type0_HARD,1000,9.99,37.327166116279415,5.667273430976699,0.0278902557412968,46.706587546401146,46.67869729065985,113300.55164172953,6611.3128909383295,1425435.3184137726,0.0,390.8815830869378,0.012032405043904622,0.05799563088913828,1027.8354580230593,2.32,2.32,0.07161959305371823,0.0015343100217162099,0.0021231382587144436,0.999999568965703,2427.2432226680394,0.23223223223220896,0.0,7.67
1646,type4_overdamped_decay_overshoot,1000,9.99,2.3052898071880684e-09,6.234180406602436e-11,2.1061180080292552e-09,2.5587851986916093e-09,4.5266719066235406e-10,2.2012781348517794e-06,9.406903034950427e-08,5.318247595659409e-15,390.62499999999994,373.5155802131747,3.128632124708279e-13,1.7567298302653445e-12,3.465478756002559e-08,0.0,2.68,2.2219914922329897e-12,0.004897844803343355,0.004939284838567508,2680000.0000000005,4852.187198368728,0.2682682682682414,2.68,7.3100000000000005
1647,type2_Triangle_Wave,1000,9.99,24.865233752665603,1.1570135320781187,24.27867088716625,28.6168966038164,4.33822571665015,20807.174071137877,5432.371598566755,619618.5298881126,781.2499999999999,1113.9664874925184,0.9834133608933036,4.295304708739916,3777.9579592301216,0.0,0.0,4.33822571665015,0.9999999999997695,0.8499583916932579,0.0,4796.240543979755,0.0,0.0,9.99
1648,type3_Sine_Wave,1000,9.99,6.863625577889602e-09,7.2211418030471e-11,6.761903125306915e-09,6.9699523743413275e-09,2.080492490344123e-10,5.861428989764503e-07,1.8594621780628337e-07,4.711457056235435e-14,390.62499999999994,405.46179884348436,7.327395697254253e-11,2.0746269749761658e-10,1.851159470473469e-07,0.0,0.0,2.080492490344123e-10,0.9952164382095657,1.0008542238868465,0.0,2803.850775278142,0.0,0.0,9.99
1649,type0_Step_Response,1000,9.99,41.79750270239853,5.071585858838457,3.410897853857632,43.72431879530308,40.31342094144544,172637.67358766164,6770.404167978635,1772752.2152805827,781.2499999999999,612.5464199047914,0.02173532368750646,0.10748071637218004,817.3663135843848,3.85,3.3200000000000003,0.14037042778028308,0.0034819775772481636,0.0042857055549248265,0.8623374383539122,4282.387094819133,0.3323323323322991,-0.5299999999999998,6.67
1650,type4_overdamped_no_overshoot,1000,9.99,0.006420948998634709,0.0002565933356286079,0.0063060050567483,0.0076099436108128,0.0013039385540645002,1.5577213950899655,0.2466674878040435,0.04129442618295709,390.62499999999994,370.808224450474,1.9885705710484227e-06,1.0750789634700851e-05,0.1526423378040967,2.01,3.35,1.0750789634700851e-05,0.008244859079398151,0.007749891704813329,1.666665837479683,1194.6279132860764,0.33533533533530174,1.3400000000000003,6.640000000000001
1651,type4_overdamped_decay_overshoot,1000,9.99,14.801359787213894,0.2612909349042675,14.09684466992377,16.232844869537672,2.1360001996139015,8234.189858477592,436.1607672620611,219148.52450321568,390.62499999999994,304.3887239703819,0.003640496266010652,0.017620575978444464,199.8909618009291,3.15,3.14,0.0198190433039116,0.009278577458693479,0.013932730836339708,0.9968250803729903,3854.9574386566674,0.31431431431428286,-0.009999999999999787,6.85
1652,type4_overdamped_no_overshoot,1000,9.99,26.30060128071773,1.7762427506272953,25.55229544323174,34.819270855543564,9.266975412311826,10601.637525981998,1350.0372227243097,694876.6660364469,390.62499999999994,358.668690108982,0.005048934558437824,0.03019358566069741,574.8099219650287,3.59,3.46,0.03563340787708924,0.0038452036712802663,0.0028424800363868663,0.9637880323710216,1144.0234870911427,0.3463463463463117,-0.1299999999999999,6.53
1653,type1_Damped_Osc,1000,9.99,34.08834591199609,0.5149878189431462,31.282380813622,35.40977754927957,4.127396735657566,16940.72610159267,1706.4874631178623,1162280.5394695601,1171.8749999999998,1053.9151646343298,0.008886609228925566,0.04699114393441306,507.71936616531104,3.75,3.15,0.05806564844081663,0.014068346747275239,0.017255960048036357,0.8399997760000597,4104.457891152936,0.31531531531528373,-0.6000000000000001,6.84
1654,type2_Triangle_Wave,1000,9.99,1.0994664820512807e-09,3.5615779235762606e-11,1.0819063581299654e-09,1.2695434862997374e-09,1.8763712816977193e-10,1.158370997576098e-06,2.0853044037125887e-07,1.2100950288847895e-15,781.2499999999999,1483.820177071354,2.928696122162133e-11,1.2438343159216005e-10,1.8297226672506708e-07,0.0,0.0,1.8763712816977193e-10,0.9946988166661443,0.7998453626521971,0.0,6140.737026772234,0.0,0.0,9.99
1655,type0_Step_Response,1000,9.99,28.429762991436714,6.1357958345574115,0.0035633919886053,30.35545556215721,30.351892170168604,39901.41184816948,3516.0971478959164,845899.4142726369,390.62499999999994,335.470780864046,0.017505391559112887,0.08090343280072787,570.6974288272695,2.58,2.6,0.08512957323998904,0.00280475341579053,0.002852994465773768,1.0077515473831211,1314.6268319767335,0.2602602602602342,0.020000000000000018,7.390000000000001
1656,type1_Damped_Osc,1000,9.99,0.002414456378097729,5.9025551432652705e-05,0.0021091641542077,0.0027270983257822,0.0006179341715744999,5.1516658218299884,0.20768196978248205,0.005833083617458733,1171.8749999999998,1102.91203806626,6.719923206185529e-07,3.760722686799948e-06,0.07426288451297336,0.98,1.86,4.9615829951000535e-06,0.008029306704998372,0.011384769695892067,1.897957246982401,8336.916860199844,0.18618618618616756,0.8800000000000001,8.13
1657,type0_Step_Response,1000,9.99,1.571618687966265e-09,3.425032181756771e-10,-7.341428058511083e-11,1.7472958820816947e-09,1.8207101626668056e-09,5.3136454564382286e-06,2.4555206674408663e-07,2.5872937548254996e-15,390.62499999999994,500.7598111327713,5.746094865223401e-13,2.8873212733858554e-12,3.36284772150267e-08,0.0,5.13,3.1765179993145794e-12,0.0017437010916514116,0.0016727921490053371,5130000.0,2916.8446031280687,0.5135135135134621,5.13,4.86
1658,type4_overdamped_decay_overshoot,1000,9.99,2.2888071256013522,0.0433551033332495,2.2633824428742013,2.532894906789786,0.2695124639155848,503.54239871484015,69.28261008535223,5240.517723188561,390.62499999999994,339.7267790732786,0.0006911370720702473,0.003875496065218975,48.27651762528184,4.74,4.9,0.003875496065218975,0.01437965431690928,0.01594130837935901,1.0337550561698194,1868.3454983762406,0.4904904904904414,0.16000000000000014,5.09
1659,type0_HARD,1000,9.99,39.97146609598993,5.58158283347705,-1.444283267945993,53.103326426624015,54.547609694570006,183294.51924324542,8683.85851164152,1628872.168789839,1171.8749999999998,740.0277379204873,0.010706738709358801,0.058308371539702364,929.5998821340917,2.97,3.0,0.07069305044522167,0.0012959880522914568,0.0019182262502923592,1.0101006699997743,3360.2667517342798,0.3003003003002702,0.029999999999999805,6.99
1660,type3_Sine_Wave,1000,9.99,44.14526453644288,0.7661106814547161,43.00767338906677,45.231898567827336,2.2242251787605696,3045.8398574239704,1050.849839144363,1949391.3065687604,390.62499999999994,369.70409143047385,0.5857570412760248,1.8870668476048493,1022.4940470382078,0.0,0.0,2.2242251787605696,0.9999999999995504,0.7645853992833066,0.0,1369.3936596472975,0.0,0.0,9.99
1661,type1_HARD,1000,9.99,14.265418586746643,3.228052351984779,-1.3716767841147366,21.25393012866852,22.625606912783258,34112.79850417763,4002.5265180235474,213922.48944225104,390.62499999999994,373.5589368482594,0.0016152783464997212,0.009412691482763691,185.37540150637014,5.88,5.87,0.009412691482763691,0.0004160194031058319,0.0005003879027879028,0.9982991499491242,1507.707556118758,0.5875875875875287,-0.009999999999999787,4.12
1662,type0_Step_Response,1000,9.99,5.545503606667251e-09,7.111358207160993e-10,1.6416920130141292e-10,5.737816891478158e-09,5.573647690176745e-09,1.562836218114656e-05,6.93117936278478e-07,3.125832440706505e-14,390.62499999999994,247.80070944246717,2.6627969500546817e-12,1.4556779255298524e-11,1.6005108154839701e-07,0.0,1.74,1.9356051485085543e-11,0.0034721569076362306,0.003739170074856036,1740000.0,2803.470828961222,0.17417417417415673,1.74,8.25
1663,type1_Damped_Osc,1000,9.99,1.3244462861060224e-06,2.5866264998978005e-08,1.2109237119262568e-06,1.400708837338811e-06,1.8978512541255418e-07,0.001289759945778805,6.985824732117958e-05,1.7548270284450332e-09,390.62499999999994,600.5663568480771,3.413915868602712e-10,1.8057535872838755e-09,2.996320762844185e-05,0.0,2.8000000000000003,2.240492640201779e-09,0.011805355293130254,0.013197823073825521,2800000.0000000005,6795.860039690175,0.28028028028025226,2.8000000000000003,7.1899999999999995
1664,type1_HARD,1000,9.99,2.157827703051123e-06,4.7472555108874435e-07,4.275238587183172e-08,3.5455075725180256e-06,3.502755186646194e-06,0.006325888098565625,0.000810542879572788,4.881584744911396e-09,390.62499999999994,511.6923186552552,3.8572273423813674e-10,2.5650422873845316e-09,4.3490986970678666e-05,0.0,6.46,2.59177371020949e-09,0.0007399240975122086,0.0008125156121003027,6460000.0,1805.9744274186876,0.6466466466465819,6.46,3.5300000000000002
1665,type1_HARD,1000,9.99,20.771671463220635,3.155995880913794,0.5397500789117621,32.57479244348851,32.03504236457675,103286.3155341042,6821.97731465294,441422.6453763194,1171.8749999999998,989.8609508542447,0.005818310913670943,0.035879159306183794,534.7348754722392,4.33,3.5700000000000003,0.04194584312886107,0.0013093737367815073,0.0018435736715804753,0.8244801791038847,3224.1666597048556,0.3573573573573216,-0.7599999999999998,6.42
1666,type1_HARD,1000,9.99,1.0296617250791118e-09,2.0668277378584675e-10,-4.500284401368885e-11,1.090492226181546e-09,1.1354950701952347e-09,1.209386423260258e-06,1.24780047003638e-07,1.102921037072704e-15,390.62499999999994,339.5094620346507,1.145783615095798e-13,6.516180111260793e-13,1.2116782115271017e-08,0.0,2.29,6.775369965833412e-13,0.0005961636036546549,0.0005516989176373767,2290000.0,1064.1369725013426,0.22922922922920627,2.29,7.7
1667,type0_HARD,1000,9.99,1.482699646347713e-09,4.2255766869897543e-10,1.886476573570317e-11,1.6287360776741447e-09,1.6098713119384415e-09,0.00011436424654607716,2.0228986008199707e-07,2.3769532246559465e-15,390.62499999999994,1081.0995078414155,5.154092289787108e-13,2.9268851206544138e-12,4.825677910199789e-08,0.0,2.05,3.6725701024379654e-12,0.0022798656076496756,0.0012168572713176743,2050000.0,70995.27175045223,0.20520520520518465,2.05,7.94
1668,type4_overdamped_decay_overshoot,1000,9.99,4.554192396748985,0.1293338953659923,4.300722658286058,5.1197174829687375,0.8189948246826795,1760.055346285938,153.63746059433055,20757.395643096814,390.62499999999994,296.91976508400506,0.0011787303519907688,0.007494866805976663,72.9803984239649,6.0,5.94,0.007494866805976663,0.009151299349017752,0.00911385486879564,0.9899998350000275,2149.043306794673,0.5945945945945351,-0.05999999999999961,4.05
1669,type1_Damped_Osc,1000,9.99,0.9048560697535868,0.023178960744779268,0.7843676141450817,0.9818839642571436,0.19751635011206192,985.5804080163066,73.8145928886432,819.301771191116,1171.8749999999998,1065.4091299926563,0.0001213009150863614,0.0007789910406597045,12.903845361603336,3.74,3.27,0.0009193840374182027,0.004654723707135792,0.005233233552477088,0.8743313170237119,4989.867458831345,0.3273273273272945,-0.4700000000000002,6.720000000000001
1670,type0_Step_Response,1000,9.99,0.0076429651821791214,0.0010430116248121531,-1.4078282511586308e-06,0.0080606575851092,0.008062065413360358,27.036207419649994,1.1287899895573292,0.05950279002549562,781.2499999999999,454.63810277884056,2.6924146051336904e-06,1.485639375579939e-05,0.19569057799116216,2.07,2.75,1.8396057625200135e-05,0.0022818045599620916,0.002581385037810303,1.3285017736706408,3353.508813199705,0.2752752752752477,0.6800000000000002,7.24
1671,type4_overdamped_decay_overshoot,1000,9.99,42.59550502303426,0.7247563846892473,40.73067619382769,45.860559983098206,5.129883789270515,17116.3680871679,1219.5446702630472,1814902.3199844842,390.62499999999994,302.03361317181975,0.008871532788228194,0.04649463482763139,684.4629706647336,3.7,3.7,0.04649463482763139,0.009063486959464632,0.012240710086355138,0.9999997297298028,3336.599578135582,0.3703703703703333,0.0,6.29
1672,type3_Sine_Wave,1000,9.99,20.87601447069762,0.22361272201628818,20.51973317077922,21.16114242803215,0.6414092572529313,1237.0591918895002,365.98639692729876,435857.98283022403,390.62499999999994,370.0270650310325,0.2235792224028485,0.6321339158580379,362.27194846135154,0.0,0.0,0.640126297034552,0.9979997790726127,0.9998501891388939,0.0,1928.6581506255898,0.0,0.0,9.99
1673,type5_HARD,1000,9.99,4.053555026679836,0.0779158169892385,3.772331820172277,4.345082920929098,0.5727511007568209,28692.621836799633,210.72037865944762,16437.379228858474,390.62499999999994,1967.1162402830764,0.0006550037271759387,0.003535030875061018,74.6143918455037,0.89,0.0,0.5727511007568209,0.9999999999982541,0.008406556620692295,0.0,50096.14437900814,0.0,-0.89,9.99
1674,type2_HARD,1000,9.99,15.320911808569058,0.3114269238528293,15.139674238990512,16.4332542841122,1.2935800451216863,3159.0733545003854,819.9774334094103,234827.32537485124,390.62499999999994,564.4629267541193,0.33604173774751755,1.037271350310787,1013.0580486503706,0.0,0.0,1.2935800451216863,0.9999999999992268,1.0790388113817722,0.0,2442.116640876886,0.0,0.0,9.99
1675,type0_HARD,1000,9.99,4.055861801020101e-09,8.788524877951706e-10,2.9582265651858796e-10,5.582018056375697e-09,5.286195399857109e-09,0.00019009821367386073,7.596974892051068e-07,1.7222396644277777e-14,390.62499999999994,648.2313698076695,9.559882939169328e-13,4.807743515620143e-12,5.0761394470488964e-08,0.0,5.1000000000000005,4.807743515620143e-12,0.0009093182967571193,0.0010865324667235431,5100000.000000001,35954.45208607162,0.5105105105104595,5.1000000000000005,4.89
1676,type5_HARD,1000,9.99,3.2060174075948035e-09,6.712208300421163e-11,3.171164324735488e-09,3.4008573544349472e-09,2.2969302969945914e-10,2.2790215546911334e-05,1.676157204867143e-07,1.0283052991827727e-14,390.62499999999994,1452.358530361956,8.85173423714244e-11,2.2897868882286608e-10,2.456085071727724e-07,0.0,0.0,2.2969302969945914e-10,0.9956652353072706,1.2993927734997746,0.0,98790.22169244486,0.0,0.0,9.99
1677,type1_HARD,1000,9.99,14.72645567271749,1.3935343871624504,-0.787886892213864,18.885255885787547,19.673142778001413,146422.4379341589,3058.380503654449,218810.43476871742,0.0,514.8506414617274,0.004120468090834242,0.020193787790706352,317.92783515221663,1.53,1.53,0.025485481002816,0.0012954453332851665,0.0029568470852172407,0.999999346405656,7442.757854524475,0.15315315315313782,0.0,8.46
1678,type0_Step_Response,1000,9.99,25.048877633665352,4.46897004798494,-0.7891199666419049,26.96360613035561,27.752726096997517,37125.54231153628,3462.6109768872807,647417.9639961269,390.62499999999994,315.8739310738932,0.01197452205626735,0.06215796163050058,613.4630588400977,3.0500000000000003,3.06,0.0629313238317053,0.002267572692201628,0.0026794813855742857,1.0032783595808656,1337.7259654341287,0.30630630630627564,0.009999999999999787,6.93
1679,type0_Step_Response,1000,9.99,31.32962622712116,5.317368179251679,0.0078166350928529,33.12865377698108,33.12083714188823,53019.050585105215,3799.449133984457,1009819.8838848365,390.62499999999994,310.4628222912501,0.013669414246373576,0.06934406209434485,722.8625904302852,4.7,4.69,0.07672264573939458,0.0023164464536544103,0.002570710506695574,0.9978721281123132,1600.7762834608407,0.4694694694694225,-0.009999999999999787,5.3
1680,type2_Triangle_Wave,1000,9.99,41.555472613984186,0.565290954032952,41.310709318699416,43.81266423517725,2.5019549164778354,19633.10617997962,3509.1525309042227,1727176.858034301,781.2499999999999,1570.4823716573667,0.49274920073261697,2.493565129868422,3232.266446535713,0.0,0.0,2.5019549164778354,0.9999999999996003,0.8716735996150787,0.0,7847.106297027354,0.0,0.0,9.99
1681,type4_overdamped_no_overshoot,1000,9.99,6.910755931736974,0.3518399078664214,6.748133956724877,8.416110132928626,1.6679761762037488,1694.4643995973506,298.2259163262352,47882.33886880524,390.62499999999994,382.52219553429063,0.0015770553112591055,0.0074799988142650875,172.8349432322912,3.65,3.49,0.009283236804280115,0.005565569183010064,0.004482309357167533,0.9561641215988709,1015.8804566698741,0.3493493493493144,-0.1599999999999997,6.5
1682,type1_Damped_Osc,1000,9.99,2.7257506686919246e-09,2.3251797615470676e-11,2.5848574917317133e-09,2.813171702738411e-09,2.2831421100669778e-10,1.5726537108217317e-06,1.0965593289481843e-07,7.430257353966826e-15,1562.4999999999998,1449.583732437284,4.0472533730626603e-13,2.164256443938836e-12,4.667597086542724e-08,0.0,2.19,2.211825317448653e-12,0.00964539139436086,0.01668846754057044,2190000.0,6858.073487542374,0.21921921921919726,2.19,7.800000000000001
1683,type5_HARD,1000,9.99,1.34492872277326e-09,9.135691690184254e-11,1.302952557140416e-09,1.5660930258843006e-09,2.631404687438847e-10,2.6151430659011173e-05,1.217389020199298e-07,1.8171793556063226e-15,390.62499999999994,1099.1265375146627,2.502531263749757e-13,1.2502058241774858e-12,2.6815977343768877e-08,0.0,0.0,2.631404687438847e-10,0.9962141355894631,0.002709630580684565,0.0,99005.77061657321,0.0,0.0,9.99
1684,type4_HARD,1000,9.99,1.445753686185972e-06,1.317704975625863e-08,1.4037604720525624e-06,1.451896121266415e-06,4.813564921385258e-08,0.00010685741935724503,2.3258683340192337e-05,2.0903773557606053e-09,390.62499999999994,458.88510159637787,1.8114958429675692e-10,1.0024210147437366e-09,1.9608471324682743e-05,0.0,1.92,1.3719844430589155e-09,0.028501868440483205,0.01374631206038085,1920000.0,2219.8765618794673,0.19219219219217293,1.92,8.07
1685,type1_HARD,1000,9.99,36.25019297468038,7.912695034643052,4.035622161666219,39.55195627552823,35.51633411386201,433477.76843076525,4208.397614684329,1376687.233412831,390.62499999999994,457.56063543629773,0.006744283979343554,0.042446224220540785,743.5371578440961,2.42,2.29,0.044244662401133894,0.0012457553265291525,0.0008523371556486306,0.9462806007104956,12205.025638092724,0.22922922922920627,-0.1299999999999999,7.7
1686,type3_Sine_Wave,1000,9.99,30.217406210769276,0.6734001604681273,29.18312976562511,31.11721704703263,1.9340872814075176,2719.4170513986646,1087.0802369142114,913545.1058827563,390.62499999999994,364.54320243343216,0.6369676258527459,1.9130658174966797,1070.2004163078054,0.0,0.0,1.9340872814075176,0.999999999999483,0.9458976448847287,0.0,1406.046706133253,0.0,0.0,9.99
1687,type0_HARD,1000,9.99,2.6507126172119567e-09,6.865337467767652e-10,-3.0332210773446116e-11,3.251224300737566e-09,3.281556511511012e-09,6.031582447873855e-05,4.538355375652315e-07,7.497605964510003e-15,390.62499999999994,518.969852045775,8.089621555559507e-13,4.068914076007195e-12,7.451544502068713e-08,0.0,3.0,4.124772258472043e-12,0.0012565731142807795,0.0011766144707055551,3000000.0,18374.64923063099,0.3003003003002702,3.0,6.99
1688,type0_Step_Response,1000,9.99,1.6617248634683634e-09,2.89104889503127e-10,6.082671444120551e-14,1.7457555915435202e-09,1.745694764829079e-09,3.4331116066083117e-06,2.1747860871073102e-07,2.8449111590035666e-15,390.62499999999994,274.3688201501963,1.092056379315028e-12,5.3611728851169624e-12,4.744789269893511e-08,0.0,2.19,5.888441102571524e-12,0.00337119067460406,0.0037643501327586444,2190000.0,1965.49029386039,0.21921921921919726,2.19,7.800000000000001
1689,type2_HARD,1000,9.99,0.006651202246396073,0.0001258486742287964,0.0065866172170561,0.0072029111708261,0.00061629395377,2.2851398879000087,0.5176914018871674,0.044254329211269317,781.2499999999999,829.9970774995155,0.00011509232215426954,0.00037874658967539977,0.5924689725409374,0.0,0.0,0.00061629395377,0.9999999983773977,0.9145294691821626,0.0,3707.8732806211274,0.0,0.0,9.99
1690,type4_HARD,1000,9.99,25.612182229088976,0.8380057877623083,25.26397526242261,30.34787938110007,5.083904118677463,8443.566618676,819.0742666845346,656686.1322363843,390.62499999999994,321.8026795810244,0.00350469181685221,0.020784043467934055,381.35076711834154,5.44,5.44,0.020809877368922258,0.0040932867503275586,0.0041821809204999165,0.9999998161765044,1660.8430099328598,0.5445445445444901,0.0,4.55
1691,type4_HARD,1000,9.99,1.0304074178395452e-06,1.3139325967436238e-08,9.97283630473949e-07,1.060613688399851e-06,6.333005792590206e-08,0.00020723819460390542,2.4766245349865854e-05,1.0619120886256375e-09,390.62499999999994,339.1685623735435,2.3522617112405317e-10,1.2413331435705969e-09,2.0008757007271076e-05,0.0,3.54,1.6101105213519036e-09,0.025423711115575367,0.017901091016081342,3540000.0,3272.299585558417,0.3543543543543189,3.54,6.45
1692,type5_HARD,1000,9.99,22.211523684530707,1.4188342447811317,21.47216502885956,25.498203257839386,4.026038228979825,400553.10538120597,2542.95204677961,495364.87500263227,390.62499999999994,1327.2308376088736,0.11708177501294852,1.8678291575409105,1156.8083176047753,0.0,0.0,4.026038228979825,0.9999999999997516,0.08251969914281772,0.0,99490.63635260223,0.0,0.0,9.99
1693,type0_Step_Response,1000,9.99,5.423918797622803,1.5137242619229283,-1.3273340676898353,5.960602013040351,7.287936080730186,13292.213653464529,1004.9235807413447,31710.25626434011,390.62499999999994,363.8888369365065,0.002599885879529882,0.013241085349846138,155.75778360893204,2.85,2.84,0.016358264913206355,0.0022445675609664728,0.0017175425834989612,0.9964908784242531,1823.8652900110155,0.2842842842842558,-0.010000000000000231,7.15
1694,type2_Triangle_Wave,1000,9.99,1.4149170224755833e-06,2.8454626717221845e-08,1.399877782488496e-06,1.5383968300504206e-06,1.385190475619246e-07,0.0010637246593496884,0.00020955323649935508,2.002799846272787e-09,1171.8749999999998,1781.1161902866045,2.853067574733726e-08,1.31477044114041e-07,0.00021696749016825574,0.0,0.0,1.385190475619246e-07,0.9999927808283523,1.0026374056302192,0.0,7679.210901758868,0.0,0.0,9.99
1695,type0_HARD,1000,9.99,0.09378325687682701,0.019035483375036105,-0.0058342931886886,0.0994126706897627,0.1052469638784513,899.9827963071193,12.679977474546446,9.157648897746196,390.62499999999994,370.16304447580325,2.162374584776708e-05,0.00011495179753810703,2.4481882449877643,1.47,1.67,0.00012939785823340433,0.001229468798564253,0.0011359704096082666,1.136053648943096,8551.15210105205,0.1671671671671504,0.19999999999999996,8.32
1696,type2_Triangle_Wave,1000,9.99,5.590672475183173e-06,1.2597015380118912e-07,5.542677502550474e-06,6.125685481569984e-06,5.830079790195101e-07,0.013343286971756647,0.0020427706788399393,3.1271487204419446e-08,1953.1249999999998,5391.234583362006,1.3131816741442634e-07,5.729201354379761e-07,0.0022149990935038193,0.0,0.0,5.830079790195101e-07,0.9999982847605509,1.0424463335604277,0.0,22886.932194761477,0.0,0.0,9.99
1697,type1_Damped_Osc,1000,9.99,5.899686315666848,0.03709689851335503,5.595298702608548,6.069560159238839,0.4742614566302912,4351.025870859626,226.74325593176246,34807.67480314598,2734.3749999999995,2305.7687779998546,0.000962842106715098,0.0052876944331012865,83.47719126740947,1.41,1.35,0.0062655972556138195,0.013211272322483782,0.02595478719986568,0.9574461294708303,9174.318954285754,0.13513513513512163,-0.05999999999999983,8.64
1698,type4_overdamped_decay_overshoot,1000,9.99,0.0016730411847257617,2.7258567075426417e-05,0.0015535528972783,0.0018274263836984,0.00027387348642009994,2.570577935139982,0.07690454914661622,0.002799809835267586,390.62499999999994,470.8715861929119,3.4893678713890556e-07,2.0472612039998655e-06,0.0399061340818066,0.55,1.45,2.4144097906999163e-06,0.008815785030686104,0.012800994761477287,2.6363588429839213,9386.005046910297,0.1451451451451306,0.8999999999999999,8.540000000000001
1699,type5_Square_Pulse_Wave,1000,9.99,18.509362132279872,0.3487943924173187,18.40161144397144,20.02633739187468,1.62472594790324,161279.26681629353,956.5332538040432,342718.14407205785,781.2499999999999,2263.09259513075,0.30052185636597056,1.62163150673371,885.8170813365564,0.0,0.0,1.62472594790324,0.9999999999993845,0.8616017427411691,0.0,99265.52045551449,0.0,0.0,9.99
1700,type2_HARD,1000,9.99,28.257342332253174,0.6912413662483219,27.920189532428296,30.99311498536004,3.072925452931745,13102.4439728737,1953.0551376074943,798955.2103085602,390.62499999999994,625.206196217794,0.7543447504212532,3.0287680742862406,2891.5074639387303,0.0,0.0,3.072925452931745,0.9999999999996746,1.0912899419117963,0.0,4263.833982815613,0.0,0.0,9.99
1701,type1_Damped_Osc,1000,9.99,19.809012551599395,0.18174213241552367,19.01438493206174,20.57043010790724,1.5560451758454974,9145.910329379347,682.6017756039678,392430.00847211736,781.2499999999999,897.7365374139877,0.004392739945595706,0.025602042125438373,306.8064093732327,2.52,2.45,0.03200896450323398,0.02057071671188526,0.024170179403025016,0.9722218364199062,5877.663753819949,0.2452452452452207,-0.06999999999999984,7.54
1702,type0_HARD,1000,9.99,2.5465219865462148,0.4797970579008645,0.1309840905380293,2.7013704100185705,2.570386319480541,34247.07508607097,304.3788563078173,6714.979444733605,390.62499999999994,415.4670425745879,0.0006001057422641401,0.0035462805798536223,50.21970722772358,1.35,1.34,0.0037457904428368494,0.0014572869511663106,0.001250749108150811,0.992591857339365,13323.707345664196,0.1341341341341207,-0.010000000000000009,8.65
1703,type4_HARD,1000,9.99,3.6743319255618507e-06,1.9357271627848562e-07,3.0090520761598863e-06,3.7802757686894194e-06,7.712236925295331e-07,0.0005516158364926938,0.00012554082122548577,1.353818549569049e-08,390.62499999999994,403.67084162401784,7.533795768990651e-10,4.334733608219422e-09,8.093334259779886e-05,0.0,3.73,4.386736916229259e-09,0.005688014088139786,0.0038919518175453763,3730000.0,715.2465965313608,0.373373373373336,3.73,6.26
1704,type2_Triangle_Wave,1000,9.99,16.32938213125034,0.5068868703769951,16.072209006286627,18.575588944754145,2.5033799384675177,10916.214304608118,2213.8724687418526,266905.65508775855,781.2499999999999,1042.9610385372557,0.3505443436820523,1.367878972417504,1938.907964326288,0.0,0.0,2.5033799384675177,0.9999999999996005,0.6915632741101476,0.0,4360.590311068117,0.0,0.0,9.99
1705,type1_Damped_Osc,1000,9.99,0.0015293979343970665,1.9959229117903655e-05,0.0014236501502732,0.001595408880454,0.0001717587301808001,1.1652310289500056,0.06610233979664658,0.0023394564125649945,1171.8749999999998,979.5070341517669,1.789480110595568e-07,1.236121185399985e-06,0.020634915518755684,0.56,2.66,1.236121185399985e-06,0.007196846279091306,0.008965677032754806,4.749991517872289,6784.115258300534,0.2662662662662396,2.1,7.33
1706,type2_Triangle_Wave,1000,9.99,0.225819900970417,0.009095442134670216,0.2213349213049539,0.2560598707140284,0.0347249494090745,172.91012330769016,42.90124020510974,51.07735474191408,781.2499999999999,1164.6871891524981,0.007995807245288984,0.034080549912780006,37.69572093394538,0.0,0.0,0.0347249494090745,0.9999999999712023,0.8791004467975537,0.0,4979.42045259035,0.0,0.0,9.99
1707,type5_HARD,1000,9.99,0.01380444714524104,0.0006638822159363314,0.0135733288573469,0.0161991845245121,0.0026258556671651997,261.81167406653987,1.0099679447675851,0.19100350058239005,390.62499999999994,1420.4927959617316,1.925573789043961e-06,1.0225916847598701e-05,0.2287970018471013,0.0,0.0,0.0026258556671651997,0.9999999996191717,0.0029004750239132104,0.0,99705.27978389579,0.0,0.0,9.99
1708,type4_overdamped_no_overshoot,1000,9.99,36.19761918087014,0.847692376092062,35.85120950803957,40.52444857227463,4.673239064235062,6951.785353846418,1081.9545987846775,1310986.216727782,390.62499999999994,359.7852520266841,0.009155976603880565,0.05288555303557274,828.8094880289657,2.77,2.64,0.05288555303557274,0.011316680424141318,0.010801060457898227,0.9530682479898022,1487.5732352423172,0.2642642642642378,-0.1299999999999999,7.35
1709,type0_HARD,1000,9.99,2.98535888924151e-09,3.8800676352497406e-10,1.4956459709273975e-10,4.3931500893962194e-09,4.24358549230348e-09,1.6384897459793158e-05,7.917929845346619e-07,9.06291694611443e-15,1171.8749999999998,1100.5749021036927,7.433849829408966e-13,4.453545280744989e-12,8.467270001513466e-08,0.0,3.0,4.453545280744989e-12,0.00104922972780744,0.0019109821541526272,3000000.0,3860.18787688531,0.3003003003002702,3.0,6.99
1710,type3_Sine_Wave,1000,9.99,0.02816284984761167,0.00036156649441897214,0.0276499366553186,0.0286782858340721,0.0010283491787534994,2.0390505881900944,0.8402767214239422,0.793276841869007,390.62499999999994,468.0296110405374,0.0003615884810361982,0.0010253232912304996,0.842386655063149,0.0,0.0,0.0010283468670215998,0.9999977510247052,1.0000608065667163,0.0,1982.8387364288708,0.0,0.0,9.99
1711,type4_overdamped_no_overshoot,1000,9.99,7.3991592071068746e-06,3.589593248197734e-07,7.294247995058641e-06,9.842166233128425e-06,2.5479182380697837e-06,0.005585311643950034,0.0003860301138955003,5.4876408768989494e-08,390.62499999999994,277.3559818793206,2.224784074551683e-09,1.0380518543319746e-08,0.00015205011721022423,0.0,1.56,1.2976298835976539e-08,0.005092900372229592,0.006197855085150988,1560000.0000000002,2192.107018345399,0.15615615615614054,1.56,8.43
1712,type2_HARD,1000,9.99,28.87609111629325,0.6494705730723959,28.59995245228146,32.28463618581906,3.6846837335376,28399.326652559863,3224.5307955664402,834250.4501817569,390.62499999999994,1197.7112500811581,0.40467324314425074,1.6378178072476892,2436.0348176476973,0.0,0.0,3.6846837335376,0.9999999999997286,0.6230817221314184,0.0,7707.398709437258,0.0,0.0,9.99
1713,type5_HARD,1000,9.99,48.81012074711932,2.8848567151966047,47.84525345932681,59.275711691854745,11.430458232527933,1140083.0916803095,6126.031450361968,2390750.285615583,781.2499999999999,1922.118858553502,1.7443713539467198,11.424901214439537,5277.048860944568,0.0,0.0,11.430458232527933,0.9999999999999125,0.6046648156760309,0.0,99740.8037794887,0.0,0.0,9.99
1714,type3_Sine_Wave,1000,9.99,1.3265071264575853e-06,2.418107346482977e-08,1.2919969371468182e-06,1.3610070131234867e-06,6.90100759766685e-08,9.347500455230655e-05,3.0018236571584635e-05,1.7602058808566716e-09,390.62499999999994,377.5360311616479,1.0544873036751741e-08,3.4377943250137694e-08,2.9842749716803697e-05,0.0,0.0,6.881645397377994e-08,0.9971798439578836,0.4360615747896112,0.0,1354.4927858233787,0.0,0.0,9.99
1715,type1_Damped_Osc,1000,9.99,23.78708029189858,0.3603130764774316,21.99102733935585,24.89875426515249,2.9077269257966414,18625.903648972297,978.4534677401763,565955.0143263103,781.2499999999999,739.0110612508112,0.004011836066274908,0.01918335817877903,328.13311370388317,2.56,2.25,0.0380989338699429,0.013102651948477479,0.011134306047077526,0.8789059066773801,6405.657795345716,0.22522522522520266,-0.31000000000000005,7.74
1716,type5_Square_Pulse_Wave,1000,9.99,2.4756845625296667e-09,9.094320599638522e-11,2.446601579083109e-09,2.878429000473352e-09,4.318274213902431e-10,4.2991026342515445e-05,2.1465309585372873e-07,6.137284719864608e-15,390.62499999999994,2055.5437452498722,1.4530651362330986e-10,4.311496182955568e-10,4.0089759040429125e-07,0.0,0.0,4.318274213902431e-10,0.9976896103375613,1.580394244997533,0.0,99326.02283937586,0.0,0.0,9.99
1717,type4_overdamped_no_overshoot,1000,9.99,17.17723229238983,0.49693917540759924,16.98904144161521,19.9061801445774,2.917138702962191,4652.682869592439,592.1060897725512,295304.2577707748,390.62499999999994,338.46395973632985,0.003071397603348168,0.016446549811050204,325.4449021003864,2.86,2.86,0.018100439100575016,0.006204860633534095,0.006180630860553038,0.9999996503497726,1594.9474273768005,0.28628628628625763,0.0,7.130000000000001
1718,type4_overdamped_decay_overshoot,1000,9.99,48.034338064890356,0.22477171862917938,47.233585792055415,49.93480564417133,2.701219852115912,23358.12552506482,1232.7426503885004,2307348.15565767,390.62499999999994,894.5510283393986,0.008419859886164898,0.044400649955164795,962.3770724508662,1.43,1.38,0.0508548503170303,0.018826623933322566,0.037459605405332295,0.9650342901858111,8647.250799211826,0.13813813813812428,-0.050000000000000044,8.61
1719,type0_HARD,1000,9.99,0.10025988779993786,0.020810869856896754,0.000518493333608,0.1093662589908316,0.10884776565722361,2275.5572235803597,12.383576081355681,10.485137405856822,390.62499999999994,525.451165677288,2.2092489391226997e-05,0.0001076188333721112,1.2489755562336478,1.49,1.49,0.00013788892989280432,0.0012668053318225059,0.001061584140503571,0.9999993288595109,20905.869861633102,0.1491491491491342,0.0,8.5
1720,type4_overdamped_no_overshoot,1000,9.99,32.50996720348948,1.3080747834884308,32.02510707589359,39.829328725233886,7.804221649340299,11914.717990092071,1448.210276808118,1058609.0272111602,390.62499999999994,330.1758492232157,0.009478370876800816,0.04993659132366446,902.8273696861376,2.5,2.49,0.05900065921546371,0.007560095274900804,0.0072460466300835165,0.9959996016001594,1526.7016398871385,0.24924924924922431,-0.009999999999999787,7.5
1721,type1_Damped_Osc,1000,9.99,2.2832771870716124e-09,2.5406444978028227e-11,2.161262634114783e-09,2.376705885596327e-09,2.154432514815438e-10,1.735820696042694e-06,8.156073613569234e-08,5.214000200448078e-15,781.2499999999999,722.9608801274285,3.9428357021609913e-13,2.239461391794513e-12,3.7726754877913597e-08,0.0,2.27,2.6637906328785725e-12,0.012307108743955065,0.014931338563148773,2270000.0,8019.749676467543,0.22722722722720448,2.27,7.720000000000001
1722,type0_HARD,1000,9.99,37.280874532973364,7.934841569530203,1.3140743550339011,39.80415887898898,38.490084523955076,886606.4946167301,4346.363481239344,1452825.3166768462,390.62499999999994,535.0324648635066,0.009796176326662248,0.04473004965723959,540.482140588764,1.06,1.04,0.06092984374184596,0.0015830010376808464,0.0012345774318013275,0.9811311498762738,23034.6725808022,0.10410410410409368,-0.020000000000000018,8.95
1723,type5_HARD,1000,9.99,8.744690402092623e-09,5.985655778614872e-10,6.7253505065679695e-09,1.0360472958120382e-08,3.635122451552412e-09,0.00020019598026124627,1.7592443536136886e-06,7.682789097945152e-14,390.62499999999994,1952.81523718881,4.6376373221281875e-10,1.3501758724445214e-09,1.8355353226044578e-06,0.0,0.0,3.635122451552412e-09,0.9997249817591889,0.7734995959357066,0.0,55057.5463089188,0.0,0.0,9.99
1724,type0_HARD,1000,9.99,0.7001978582204268,0.15026306094571867,0.0644141514832937,0.824855023180522,0.7604408716972283,33235.738368678096,95.80409563699355,512.8560281412497,390.62499999999994,906.9173408803556,0.00019673468675880955,0.0010898361677540436,15.11007028752888,2.36,2.34,0.0014510648782380953,0.0019081889628020058,0.0013092684623839063,0.9915250035911001,43705.88116135254,0.23423423423421078,-0.020000000000000018,7.65
1725,type5_Square_Pulse_Wave,1000,9.99,27.850171053637105,0.6920470074915784,27.545815995462817,29.81517501618212,2.2693590207193033,224722.61969169762,1646.4478506903977,776110.9567774243,390.62499999999994,1577.0756789283967,0.9028899808241567,2.2693590207193033,2351.340042364852,0.0,0.0,2.2693590207193033,0.9999999999995594,1.3046656817367126,0.0,99024.71034326238,0.0,0.0,9.99
1726,type0_Step_Response,1000,9.99,4.353641612024532,1.2150569682116361,0.0792105411001087,4.870752637549831,4.791542096449723,3931.141065368626,599.9579166191795,20430.558721951216,390.62499999999994,401.99113320655033,0.002332921498423925,0.013145487167119718,153.1665955187088,3.0500000000000003,2.59,0.015155773580316279,0.00316302628156867,0.0019200099743929549,0.8491800494491639,820.4333774465995,0.25925925925923327,-0.4600000000000004,7.4
1727,type1_HARD,1000,9.99,27.277402060479552,2.9610608864021426,1.3576434818727174,32.605003544245,31.247360062372284,122499.55990369104,4105.9748047454395,752824.5447420346,0.0,318.98709994118747,0.007549418559342327,0.03824118690039313,451.1733749140029,2.39,2.38,0.04254121249244491,0.0013614338109692408,0.002549565459463669,0.995815482922392,3920.3170974817713,0.23823823823821438,-0.010000000000000231,7.61
1728,type0_Step_Response,1000,9.99,8.078115327084739e-09,1.3422568036587138e-09,-7.613599652252514e-13,8.573018364423982e-09,8.573779724389207e-09,1.9023418448530184e-05,1.0346135852405432e-06,6.705760056464948e-14,390.62499999999994,311.1514280902232,3.605263184600136e-12,1.9258593770084007e-11,2.1558628976464128e-07,0.0,2.76,2.0572628940333238e-11,0.0023992020321896555,0.0026839716536556906,2760000.0,2218.531444536349,0.27627627627624857,2.76,7.23
1729,type1_HARD,1000,9.99,3.6672242987694727e-06,5.902311940059179e-07,-2.3214201658070977e-08,5.707389232303711e-06,5.730603433961782e-06,0.01686240157798589,0.0011842481916368743,1.3796906919862902e-08,781.2499999999999,909.1643428478499,7.85221682166584e-10,4.096702190190016e-09,8.845801241046015e-05,0.0,3.47,4.571361151469086e-09,0.0007977101201362684,0.001330360644744348,3470000.0000000005,2942.517106581771,0.3473473473473126,3.47,6.52
1730,type0_HARD,1000,9.99,3.8380434839371155e-06,9.713396112042829e-07,-1.417448390924501e-07,4.159994749840565e-06,4.301739588933015e-06,0.18328567692799963,0.0005344859822733643,1.567407842488664e-08,390.62499999999994,800.6406371815997,1.52407428415256e-09,8.100613537319135e-09,0.00012614990430704137,0.0,2.36,8.634261957199631e-09,0.0020071554243444594,0.0015690420708993,2360000.0,42607.32908895861,0.23623623623621257,2.36,7.630000000000001
1731,type1_Damped_Osc,1000,9.99,0.05295921581746783,0.0009064853651005235,0.0499237272568585,0.0555397413925833,0.005616014135724802,12.694025075690034,2.284098723611136,2.8055002557182767,390.62499999999994,575.0269075647977,1.4812195542727846e-05,7.156671538310205e-05,0.7169326076145938,5.28,5.98,7.65808198270046e-05,0.013636151541396527,0.016340247837034874,1.1325755430728137,2260.3264106263537,0.5985985985985387,0.7000000000000002,4.01
1732,type4_overdamped_decay_overshoot,1000,9.99,16.880199088119785,0.20096919047510348,16.308427354645076,18.54523730280739,2.236809948162314,13610.571879192788,644.4512773095577,284981.5098700804,390.62499999999994,425.11012287460784,0.004285868210496443,0.025266858442151374,397.81411083568713,2.81,1.97,0.03127633326449697,0.013982561768458935,0.021325996289993814,0.701067366168197,6084.813727857693,0.19719719719717746,-0.8400000000000001,8.02
1733,type5_HARD,1000,9.99,3.6259732554877747e-06,3.4013256027536357e-07,2.871948510688001e-06,4.604696985402782e-06,1.7327484747147808e-06,0.09755014727879596,0.0007494138706382104,1.3263372208072087e-08,390.62499999999994,1876.767168782989,2.765082062078107e-07,7.573945687115432e-07,0.0006739354105422216,0.0,0.0,1.7327484747147808e-06,0.999999422882526,0.8129400873702571,0.0,56297.89459024548,0.0,0.0,9.99
1734,type4_overdamped_decay_overshoot,1000,9.99,4.377136709863266e-09,8.095741303744409e-11,4.297421263700035e-09,4.961168725471161e-09,6.637474617711266e-10,1.8400145913895592e-06,1.1781709531746624e-07,1.916587987955833e-14,390.62499999999994,257.82675531456886,1.1681966691932288e-12,5.612984581725685e-12,5.701506042010785e-08,0.0,3.01,8.158093742501828e-12,0.012272470692502877,0.014253703550397716,3010000.0,2767.990398168799,0.3013013013012711,3.01,6.98
1735,type5_HARD,1000,9.99,0.008761607876914296,0.0005038802276534807,0.0085218014930681,0.0099514444206491,0.001429642927581,142.19795970295996,0.7484380738163675,0.07701966787262676,390.62499999999994,1182.8008501390414,1.8364852585756444e-06,1.0188225914399551e-05,0.21526331517305491,0.0,0.0,0.001429642927581,0.9999999993005246,0.003644686086380656,0.0,99463.96884157594,0.0,0.0,9.99
1736,type4_overdamped_decay_overshoot,1000,9.99,1.750293219011119e-06,3.913131608872105e-08,1.695553305964463e-06,2.0656015703770992e-06,3.7004826441263613e-07,0.001144142794342322,7.03371847177941e-05,3.0650576124151412e-09,390.62499999999994,257.27269147061963,6.1460165871078e-10,3.1857368867665826e-09,3.667585053468606e-05,0.0,3.5,3.751057805965071e-09,0.010136644405763028,0.015705731736331448,3500000.0,3091.866149655432,0.35035035035031525,3.5,6.49
1737,type1_HARD,1000,9.99,13.710443133856476,3.4891326365984843,-0.7284605336124039,15.009535911695105,15.737996445307509,174785.7462557839,1830.2253773657546,200150.29748248885,390.62499999999994,440.64676925172375,0.005311374498123013,0.02704411836728937,304.9983157336359,1.83,1.86,0.029304435534406537,0.001862018182317113,0.0015222621354112492,1.0163928872170016,11105.971898213731,0.18618618618616756,0.030000000000000027,8.13
1738,type1_HARD,1000,9.99,6.627128221526528e-09,1.9486111874185555e-09,-6.241228763428498e-10,8.162919036757512e-09,8.787041913100362e-09,0.0002657978060505131,1.2151979045718635e-06,4.771591402428612e-14,390.62499999999994,777.0387300908354,1.8389242681141795e-12,1.0768858714763826e-11,2.059022879922763e-07,0.0,2.47,1.1583640547814586e-11,0.0013181139396418692,0.0009432261570826671,2470000.0000000005,30245.395809308495,0.24724724724722252,2.47,7.52
1739,type3_Sine_Wave,1000,9.99,7.3704852133183205e-06,1.2356782906855292e-07,7.182496719616399e-06,7.538601270101511e-06,3.561045504851115e-07,0.0008141573381825412,0.0003376177760009025,5.433932128812472e-08,390.62499999999994,429.36100950730213,1.195384434105392e-07,3.549043919193468e-07,0.00034992404279250776,0.0,0.0,3.5558812387592507e-07,0.998546985273098,0.9673834761695624,0.0,2286.2809553893226,0.0,0.0,9.99
1740,type4_overdamped_no_overshoot,1000,9.99,2.1416606285704454e-06,8.29469134287543e-08,2.094355033464503e-06,2.446019600673569e-06,3.516645672090658e-07,0.0003539519369105981,7.546624323025298e-05,4.593590438416112e-09,390.62499999999994,408.357165193563,6.662691167201565e-10,3.941363088586824e-09,5.67998685485564e-05,0.0,4.5600000000000005,3.9987499211249285e-09,0.011370888406449144,0.008032379467778041,4560000.000000001,1006.5015455441877,0.4564564564564108,4.5600000000000005,5.43
1741,type2_HARD,1000,9.99,47.30977270930814,1.3401683296458284,46.63999799312493,53.173322260286426,6.533324267161497,22235.664684659183,3529.141149212326,2240010.644958183,390.62499999999994,579.1481968513431,1.7207446168566494,6.533324267161497,5823.526158220296,0.0,0.0,6.533324267161497,0.9999999999998469,1.2839764817529402,0.0,3403.422786837489,0.0,0.0,9.99
1742,type5_Square_Pulse_Wave,1000,9.99,3.220581025354117e-09,1.3457853329356665e-10,3.1701865043391983e-09,3.6121338938668603e-09,4.4194738952766195e-10,4.3837718030808226e-05,2.56190733363326e-07,1.0390253522494424e-14,390.62499999999994,1513.5584789307843,8.306678670075868e-13,4.584174762880494e-12,9.17865506984597e-08,0.0,0.0,4.4194738952766195e-10,0.9977423955448381,0.006126839159772817,0.0,98968.22753048547,0.0,0.0,9.99
1743,type0_Step_Response,1000,9.99,1.0953297605233428e-09,2.672459900911117e-10,-3.6523316930550416e-11,1.2544551036167535e-09,1.2909784205473039e-09,2.6693738526949438e-06,1.7347732264711622e-07,1.2711677035079025e-15,390.62499999999994,517.9783779719075,6.406324617155608e-13,3.5600627155764564e-12,3.1009324866405326e-08,0.0,6.21,3.5600627155764564e-12,0.002755512521693941,0.0023882275425551203,6210000.0,2066.113342329783,0.6216216216215594,6.21,3.7800000000000002
1744,type3_Sine_Wave,1000,9.99,8.22308187710788e-06,1.0438088103921799e-07,8.07949355105084e-06,8.382379436911025e-06,3.0288588586018444e-07,0.00073157257876806,0.00029097721758011884,6.762997092594657e-08,390.62499999999994,429.584098412397,1.0077647449780668e-07,3.022200998968296e-07,0.0003033675687093008,0.0,0.0,3.0258053726421445e-07,0.9989885709475339,0.9654594599607119,0.0,2415.3326304981097,0.0,0.0,9.99
1745,type0_Step_Response,1000,9.99,25.934404545374825,4.11413938812186,0.4223596314435695,27.936421851435654,27.514062219992084,52036.40251872288,3339.6376857999394,689519.4820280541,390.62499999999994,290.14911304105385,0.015726848531785215,0.07711721687265793,578.1692063586729,1.54,1.54,0.07711721687265793,0.002802829195342182,0.00382263386048299,0.9999993506497724,1891.2657136070097,0.15415415415413872,0.0,8.45
1746,type4_overdamped_decay_overshoot,1000,9.99,0.027792673384657123,0.0006789820624558014,0.0260628711312639,0.0313762870445685,0.005313415913304597,17.643627503390046,1.2266337394374103,0.7728937105073649,390.62499999999994,293.1159356126542,5.6156459479804305e-06,3.037504957329948e-05,0.6218770116946576,2.87,3.01,3.3230990146099204e-05,0.006254166939319744,0.008270683793027742,1.0487801223762638,3320.580919684919,0.3013013013012711,0.13999999999999968,6.98
1747,type4_overdamped_decay_overshoot,1000,9.99,0.002819195182598523,4.579731680500465e-05,0.0027365676127969,0.0031374588552475,0.00040089124245059997,1.1854843389000074,0.0986141432281877,0.007949958871813257,390.62499999999994,277.5617028431435,8.175907723764906e-07,4.622564524699689e-06,0.062172873025020656,0.24,4.65,4.860115612699729e-06,0.012123277053564828,0.017852372400008667,19.374919271169706,2957.1220580827908,0.4654654654654189,4.41,5.34
1748,type4_overdamped_decay_overshoot,1000,9.99,0.08764622050497808,0.001473820254269212,0.0829109069035035,0.0944653609318169,0.011554454028313399,53.16285650947966,3.5956773550332435,7.684032114949136,390.62499999999994,393.4066868982924,2.2216568793525848e-05,0.0001231624506998069,2.2032779445736255,2.48,2.48,0.00018739842408009577,0.01621871735390266,0.015074137238986249,0.9999995967743561,4601.0704075334625,0.2482482482482234,0.0,7.51
1749,type0_Step_Response,1000,9.99,8.85233978694736e-09,1.5265044777507385e-09,3.9034368130889904e-14,9.342676750020092e-09,9.342637715651961e-09,1.737545664730781e-05,1.0563260130348103e-06,8.069413562416427e-14,390.62499999999994,304.8324940841637,4.027184125184734e-12,2.0487837080039712e-11,1.6476505166297756e-07,0.0,2.61,2.18162387331204e-11,0.0023348763508429923,0.0026364466905621064,2610000.0,1859.6029914774388,0.2612612612612351,2.61,7.380000000000001
1750,type0_Step_Response,1000,9.99,5.912832582816955e-09,1.192636543547815e-09,-1.1132922093379146e-12,6.408985155616665e-09,6.410098447826002e-09,1.4347165412710339e-05,7.44975646751854e-07,3.63839710774275e-14,390.62499999999994,414.93436280573326,2.695910347220513e-12,1.3654825187210553e-11,1.3462267862147127e-07,0.0,2.66,1.4966676918598463e-11,0.0023344949450392,0.0022585688765924742,2660000.0000000005,2237.863843375459,0.2662662662662396,2.66,7.33
1751,type2_HARD,1000,9.99,1.0077029737690872,0.034772944216195714,0.9925545178717512,1.169650723957965,0.1770962060862138,1021.4932894361483,154.4921655338626,1016.6744409925243,390.62499999999994,1114.4682331594113,0.03756920995055087,0.1770608098329174,157.09896316071723,0.0,0.0,0.1770962060862138,0.9999999999943533,1.080414983439118,0.0,5768.013397944267,0.0,0.0,9.99
1752,type1_Damped_Osc,1000,9.99,11.078197185473893,0.234677225572767,10.1958356780474,12.120088684351366,1.9242530063039656,9090.50416896413,571.6798510858235,122781.52628044426,781.2499999999999,720.6620690070253,0.0011752767795174094,0.006225358703161987,138.86238656133466,3.24,3.21,0.007132652852330779,0.0037067125939053143,0.005008056391684161,0.9907404349566558,4724.173037110183,0.32132132132128916,-0.03000000000000025,6.78
1753,type0_HARD,1000,9.99,7.825953500001451e-09,1.237699594602046e-09,4.664557254917232e-10,9.33614983633002e-09,8.869694110838297e-09,1.162451630928182e-05,1.2592033459434487e-06,6.277744847066303e-14,390.62499999999994,425.30137035125927,1.6162439314482843e-12,1.0067463258769431e-11,1.7688707954094116e-07,0.0,2.29,1.0067463258769431e-11,0.0011349126836048727,0.001304790877862143,2290000.0,1310.4404417551584,0.22922922922920627,2.29,7.7
1754,type4_overdamped_decay_overshoot,1000,9.99,1.7201116095206065e-06,5.0401683090775176e-08,1.5916029812756502e-06,2.0872222435856483e-06,4.956192623099981e-07,0.0021477955974601504,9.846539897311992e-05,2.9613242788659555e-09,390.62499999999994,298.5024909443891,5.743242083574476e-10,2.95503967480391e-09,4.739552930491451e-05,0.0,2.84,3.4891439210900453e-09,0.0070399541472089214,0.011394714986166317,2840000.0,4333.550826694728,0.2842842842842558,2.84,7.15
1755,type3_Sine_Wave,1000,9.99,48.79144175623231,0.44812980661047436,48.08201371139572,49.365503232461855,1.2834895210661372,2862.473143607502,778.1872183411809,2380805.608975382,390.62499999999994,370.56970087581766,0.4557243460446299,1.270508118365008,733.9163526816425,0.0,0.0,1.2834895210661372,0.9999999999992208,1.0169471865542299,0.0,2230.2271242756574,0.0,0.0,9.99
1756,type5_HARD,1000,9.99,42.85986066056515,1.010783644919364,39.44202192309098,45.26855836680127,5.826536443710296,341287.3826915998,1797.2005639843912,1837989.3394198958,390.62499999999994,1408.2765184615307,0.005679267750051443,0.030716673160810615,641.3630946492879,0.0,0.0,5.826536443710296,0.9999999999998284,0.0056186779224142395,0.0,58574.65854520801,0.0,0.0,9.99
1757,type4_overdamped_decay_overshoot,1000,9.99,41.82904307621889,0.3843125150873853,40.406964857273216,43.91079084311727,3.5038259858440526,22899.657940522644,1415.9339927145413,1749816.5407814276,390.62499999999994,516.0117464346259,0.015632702018943054,0.09095124578709601,1135.7195310375507,2.06,2.05,0.0971593574928562,0.027729504229195706,0.040677056835757223,0.9951451479877921,6535.615077071159,0.20520520520518465,-0.010000000000000231,7.94
1758,type0_Step_Response,1000,9.99,30.638469431064646,8.868725035860907,-1.7467625244135576,34.14589654063376,35.89265906504731,41338.717165781876,4434.3656869733795,1017370.0928399886,390.62499999999994,399.79880477514837,0.018159092280039365,0.07410419420949665,670.6787418928345,3.27,3.26,0.0827411865022043,0.0023052398082920615,0.0020475425956505114,0.9969415911493604,1151.731809305732,0.3263263263262936,-0.010000000000000231,6.73
1759,type3_Sine_Wave,1000,9.99,6.268116709068261,0.0571640402834064,6.1912886469697,6.355643764914878,0.16435511794517765,512.0387178666696,154.59639017360215,39292.554806002256,390.62499999999994,400.07358579632506,0.056989176220729104,0.162222538878539,152.23629188647882,0.0,0.0,0.16435511794517765,0.9999999999939155,0.9969410128674023,0.0,3115.441272929206,0.0,0.0,9.99
1760,type4_overdamped_no_overshoot,1000,9.99,0.1660054537054557,0.007482296211131892,0.1637342622264477,0.2153840185671724,0.05164975634072469,106.55718844884143,7.82845975522216,27.613795416545305,390.62499999999994,284.9218184409789,4.635907445408564e-05,0.00027177740634379277,3.1623004030193997,1.74,1.7,0.0002805864655134882,0.005432483817679107,0.0061958352275493225,0.9770109327523375,2063.07243240101,0.17017017017015312,-0.040000000000000036,8.290000000000001
1761,type0_HARD,1000,9.99,3.8124162377820154e-09,1.0285916166649871e-09,4.7943254525661126e-11,4.781398585811778e-09,4.733455331286117e-09,0.000318819978235656,8.03003749982343e-07,1.559251828397747e-14,390.62499999999994,1568.3373308678408,4.984555718226549e-13,3.196934691507379e-12,5.1612128707520454e-08,0.0,5.0200000000000005,3.2999447285448022e-12,0.0006970062019041947,0.00048412940019581033,5020000.000000001,67340.37094591162,0.5025025025024522,5.0200000000000005,4.97
1762,type1_HARD,1000,9.99,6.692346691622887e-09,1.1382859989796195e-09,5.165742140794829e-10,7.053043093385599e-09,6.536468879306116e-09,7.752283361806023e-06,7.484356529425427e-07,4.608319925634882e-14,390.62499999999994,322.550743230048,1.7275601743360883e-12,9.098192101886928e-12,1.103611991471763e-07,0.0,1.5,1.2773905343839617e-11,0.001953952757507495,0.0015163533791193303,1500000.0,1185.8233675643662,0.1501501501501351,1.5,8.49
1763,type4_HARD,1000,9.99,0.16545758264019464,0.008707837183371118,0.1280322549881199,0.1689112933574241,0.040879038369304205,33.71699507333791,6.1875650294692575,27.452038081548928,390.62499999999994,380.2399823080162,3.214311822347864e-05,0.00017306938498029556,2.5352968900642336,2.77,2.04,0.00021081921551541205,0.005157147132613512,0.0036912860843527615,0.7364618279921198,824.7991248696051,0.20420420420418375,-0.73,7.95
1764,type0_HARD,1000,9.99,0.03892874559734949,0.006380158039245078,0.0002558194811488,0.0406507276173632,0.0403949081362144,55.037597197830216,4.792672813061702,1.5561536503889004,390.62499999999994,297.6042665368879,1.2459285944937576e-05,7.332674669970063e-05,0.8037272887686912,0.99,1.48,7.58661149109982e-05,0.0018781108414281907,0.0019528177619341515,1.4949479849010252,1362.4884852040552,0.14814814814813332,0.49,8.51
1765,type0_HARD,1000,9.99,0.5821509854064428,0.15825562880930277,-0.02311731422285,0.9283935832620642,0.9515108974849142,22472.098606630163,183.58979072134346,363.94461385952025,390.62499999999994,447.22308773089105,0.00018610306893444023,0.0009386688215365924,15.136064010367898,7.0600000000000005,7.09,0.0009386688215365924,0.000986503490413769,0.0011759649267042344,1.0042491495397805,23617.279282881602,0.7097097097096386,0.02999999999999936,2.9000000000000004
1766,type2_HARD,1000,9.99,29.060202465699142,0.6704020052460073,28.767585178164342,33.141656329404384,4.374071151240042,40141.116598887544,3415.0871000451543,844944.8061960645,390.62499999999994,1373.111035074746,0.7829343632820174,3.6760444015798655,4856.107112896835,0.0,0.0,4.374071151240042,0.9999999999997714,1.1678580272049572,0.0,9177.060731510604,0.0,0.0,9.99
1767,type0_Step_Response,1000,9.99,1.7516696493530882e-06,3.7277798175426057e-07,1.9008409727875127e-10,1.9349251056748005e-06,1.9347350215775216e-06,0.002222288829898289,0.00021793362248685217,3.2073099841455505e-09,390.62499999999994,348.3184062483986,1.1222864626130296e-09,6.0649786835560596e-09,3.9694619414257736e-05,0.0,3.58,6.238755578993307e-09,0.003224602999796544,0.0030105947962292883,3580000.0000000005,1148.6263785414542,0.35835835835832247,3.58,6.41
1768,type1_Damped_Osc,1000,9.99,21.919785292496606,0.3323546966587177,20.776715931344956,22.86631099603088,2.0895950646859234,7758.942664306544,920.7542461724042,480587.44691354164,390.62499999999994,436.7894438709986,0.0075648446779415625,0.041025889608295785,524.2055651856833,4.68,4.68,0.041419697752552054,0.01982187767023551,0.022761359336789667,0.999999786324832,3713.132173514699,0.46846846846842155,0.0,5.3100000000000005
1769,type0_HARD,1000,9.99,10.314073826462513,0.9550418666909882,-0.329874948509563,13.138588338361972,13.468463286871534,104039.23694836798,1975.4644807453305,107292.22386485165,0.0,411.94420284589535,0.001456066102560414,0.00803188216789863,161.714690591433,1.26,1.11,0.00823371288807806,0.0006113327640060696,0.0015246097091050478,0.8809516817843797,7724.65534726394,0.11111111111109999,-0.1499999999999999,8.88
1770,type3_Sine_Wave,1000,9.99,3.6297069389273144e-06,6.76872824636716e-08,3.5337994029063952e-06,3.730077498768705e-06,1.962780958623096e-07,0.00026708212889503844,9.211940862903208e-05,1.317935403070441e-08,390.62499999999994,369.1285655218143,5.261922092804247e-08,1.681018699206215e-07,9.13804930949918e-05,0.0,0.0,1.962780958623096e-07,0.9999949052139475,0.7773756256303782,0.0,1360.7263051710684,0.0,0.0,9.99
1771,type0_Step_Response,1000,9.99,7.3769894551613655,1.7425888679687371,-0.0036707483031617,8.13397744490592,8.137648193209081,8632.256623005218,958.4920885320838,57456.58938433054,390.62499999999994,363.0967501972395,0.0033841221967270065,0.020126929277168415,218.91704426331853,3.64,3.62,0.02134039193529169,0.0026224274420093216,0.001942008387021199,0.9945052212897744,1060.7802669827665,0.3623623623623261,-0.020000000000000018,6.37
1772,type0_HARD,1000,9.99,40.539546206907396,9.21542571904537,-1.9650837797943936,43.450385058547646,45.415468838342036,1125265.8590599522,5215.551022740214,1728378.8778452226,390.62499999999994,567.1199797216686,0.00874980989683641,0.0535455301133112,749.1740661478974,1.67,1.66,0.055410382068977526,0.001220077288340048,0.0009494743014153291,0.9940113808315085,24777.149456837073,0.16616616616614951,-0.010000000000000009,8.33
1773,type0_Step_Response,1000,9.99,0.16087008916602963,0.030756075590615134,-2.470081903622318e-05,0.1733307362772886,0.1733554370963248,541.5431556729699,22.68097545700621,26.825121774021962,390.62499999999994,428.3496519258699,7.204620726404327e-05,0.00032356736173991263,4.590150382163277,2.5500000000000003,2.32,0.00046652860905910254,0.002691168023747563,0.0023425032575900176,0.9098035647829156,3123.8890728817346,0.23223223223220896,-0.23000000000000043,7.67
1774,type4_overdamped_decay_overshoot,1000,9.99,9.545174541440684e-06,7.385745862223904e-08,9.42205568173402e-06,1.0123133843236342e-05,7.010781615023225e-07,0.00230158949054493,0.0003043100209375283,9.111581195076151e-08,390.62499999999994,356.1809211366275,3.828331923231833e-09,2.253036369904308e-08,0.00025247822083192256,0.0,2.6,2.7663978114884086e-08,0.03945913619170157,0.05183335794769901,2600000.0,3282.923836465085,0.2602602602602342,2.6,7.390000000000001
1775,type4_HARD,1000,9.99,41.72272467428867,0.29861025375440386,40.84298705068869,42.1571437484697,1.3141566977810086,5555.424410304965,1185.336180952946,1740874.9223301439,390.62499999999994,473.7418053762145,0.011945663015343496,0.06566016096507354,1020.8809932286343,2.5500000000000003,2.54,0.06819374101164755,0.05189163600257316,0.04000419565340301,0.9960780407537093,4227.368334142519,0.2542542542542288,-0.010000000000000231,7.45
1776,type1_HARD,1000,9.99,2.9009156684969493,0.504018036667319,-0.0402089505449648,3.0370099307488583,3.077218881293823,4124.1847662191185,355.55006396674077,8669.34589701708,390.62499999999994,300.51377247272654,0.0008326575746413906,0.004440720854188118,52.701203184246744,2.04,0.96,0.006673147743359031,0.0021685645385586365,0.0016520392407887985,0.4705880046137232,1340.231203990194,0.09609609609608646,-1.08,9.030000000000001
1777,type1_Damped_Osc,1000,9.99,12.964240015299339,0.15004340572136537,12.030952417734456,13.473029946563146,1.4420775288286904,13315.929723648167,536.2328538605788,168094.0321978891,1171.8749999999998,1070.2397775474124,0.0016711388992987964,0.009192645497243745,211.12016914092786,1.85,1.67,0.01147971070908227,0.007960536434125398,0.01113770306167942,0.9027022147555596,9233.85147985395,0.1671671671671504,-0.18000000000000016,8.32
1778,type1_HARD,1000,9.99,19.46129556178707,4.224000214920022,1.595274309526702,23.6274587436466,22.0321844341199,417506.3143814007,2869.452562952665,396584.2027588776,390.62499999999994,578.6654135419552,0.004294537230332956,0.02090862361227508,273.9235837453582,3.69,3.68,0.023913918237695952,0.0010854084082856917,0.0010166991031777806,0.997289702631517,18949.837481153947,0.3683683683683315,-0.009999999999999787,6.3100000000000005
1779,type2_Triangle_Wave,1000,9.99,46.817874204695514,0.9942915215283936,46.35818042766213,50.484253368640665,4.126072940978538,42355.97040047736,8726.74738079871,2192901.960676477,1171.8749999999998,2364.194413976069,0.9044857619461989,4.05082447518911,7451.126447630281,0.64,0.0,4.126072940978538,0.9999999999997576,0.9096786428943316,0.0,10265.443923640856,0.0,-0.64,9.99
1780,type5_Square_Pulse_Wave,1000,9.99,24.13181221467534,1.3225210246931738,23.70060036916505,28.68304832094028,4.982447951775232,494960.65315326944,2463.010431675505,584093.4226251094,390.62499999999994,1659.042017127984,0.005497240604633009,0.029331583499491387,674.7185618813462,0.0,0.0,4.982447951775232,0.9999999999997993,0.004156637589866836,0.0,99340.85773576763,0.0,0.0,9.99
1781,type1_Damped_Osc,1000,9.99,3.43359805935687,0.08163275641498602,3.121955938756922,3.592361100853477,0.47040516209655525,1203.9085696910588,180.77858428280152,11796.259540139174,390.62499999999994,530.0290568271627,0.000983249289077235,0.005772537785455167,60.17183628814183,5.66,5.62,0.005772537785455167,0.012271416750010125,0.012044788541339599,0.9929326867610094,2559.30135698933,0.5625625625625063,-0.040000000000000036,4.37
1782,type4_overdamped_decay_overshoot,1000,9.99,6.88055398888938,0.14555780993634065,6.762194669374862,8.06086632888576,1.298671659510898,4610.639570242547,252.3876499898713,47363.21027005502,390.62499999999994,239.6400632342382,0.0012106337015520719,0.006940383486708335,134.6138036324861,2.75,2.72,0.007646372024830761,0.005887840832458473,0.008317201956207106,0.9890905494216184,3550.273494052717,0.27227227227224504,-0.029999999999999805,7.27
1783,type2_HARD,1000,9.99,0.29280217351967464,0.007214021963008287,0.2890533965347708,0.3221077628093778,0.033054366274607005,166.97167094819054,22.77723279462773,85.78515493072842,390.62499999999994,669.8074173848717,0.004959221839803893,0.030485004255121018,17.204689293432384,0.0,0.0,0.033054366274607005,0.9999999999697469,0.687442021184037,0.0,5051.42556828899,0.0,0.0,9.99
1784,type0_Step_Response,1000,9.99,24.53785914320224,3.3273251769612453,0.002401063147144,26.008931761957207,26.006530698810064,140183.2646020361,4701.62093551657,613177.624164874,390.62499999999994,612.7187987118117,0.0029050986840994243,0.01759661674700297,327.0749522463799,2.29,2.28,0.01759661674700297,0.000676622997153843,0.0008731033276259755,0.9956327529987976,5390.310081169145,0.22822822822820535,-0.010000000000000231,7.710000000000001
1785,type4_overdamped_no_overshoot,1000,9.99,0.05711013545896448,0.0015617707379903258,0.0565605803574065,0.066190852718747,0.009630272361340501,16.320005873540765,1.7336121842622734,3.2640066999793147,390.62499999999994,320.1028897666988,8.747392633599866e-06,4.55772293833992e-05,1.0022213282884687,2.17,2.57,4.956024941259879e-05,0.0051462977938615505,0.0056009453982054985,1.1843312514602526,1694.6567303081363,0.2572572572572315,0.3999999999999999,7.42
1786,type0_Step_Response,1000,9.99,1.6318296460690636e-06,3.2470791849419615e-07,-5.4092447345623087e-11,1.77056580550917e-06,1.7706198979565155e-06,0.002606097318141207,0.0002018011391590065,2.768303226122719e-09,390.62499999999994,347.783627462625,9.97748223649658e-10,5.253651766533139e-09,3.8414082095674946e-05,0.0,3.52,5.253651766533139e-09,0.0029671240029960177,0.0030727465949398985,3520000.0,1471.855054432555,0.3523523523523171,3.52,6.470000000000001
1787,type0_Step_Response,1000,9.99,0.17569476239203152,0.029371166478820356,-1.7139921595826705e-05,0.1862284803978285,0.18624562031942432,386.6666523163,21.081209953166482,31.731314952319003,390.62499999999994,289.6322565608903,9.559433682446976e-05,0.0005392616664697814,3.488937519461922,3.8,3.2,0.0005673575381640039,0.0030462866036146223,0.003254700043668625,0.842105041551305,2076.1113826519163,0.3203203203202883,-0.5999999999999996,6.79
1788,type0_Step_Response,1000,9.99,0.002464037987916744,0.0005996114502889796,-4.166048642885618e-07,0.0027495851042213,0.0027500017090855886,2.0222841671799987,0.3061070674106587,0.006431017097214449,390.62499999999994,380.9016355473611,1.1885199019671164e-06,6.542604925799996e-06,0.05391579418907712,2.87,3.89,6.807882248899971e-06,0.002475592005609367,0.001982150106393341,1.3554002245992247,735.3756034999188,0.3893893893893504,1.02,6.1
1789,type1_Damped_Osc,1000,9.99,3.6436111059251765e-09,9.254696052101487e-11,3.0998952659526543e-09,3.877874344862411e-09,7.779790789097564e-10,4.301584690867265e-06,3.129412880280511e-07,1.3284466831122966e-14,1171.8749999999998,1175.3160708604612,1.1346177686857117e-12,6.751559671333973e-12,8.81981759629747e-08,0.0,3.02,7.181508577125968e-12,0.00921912894910742,0.012128857660007302,3020000.0,5522.07987008801,0.302302302302272,3.02,6.970000000000001
1790,type0_Step_Response,1000,9.99,5.9761896141335e-09,1.3184426132513712e-09,1.195819641296604e-10,6.590236790695387e-09,6.4706548265657264e-09,6.712631615624105e-06,7.566347978196329e-07,3.745313322851422e-14,390.62499999999994,364.07558408665,3.107175874604659e-12,1.617172626643305e-11,1.7593735467844097e-07,0.0,3.99,1.621445330819353e-11,0.002505457065113276,0.0023549155100788767,3990000.0000000005,1037.235729580197,0.3993993993993594,3.99,6.0
1791,type1_HARD,1000,9.99,1.1831415554206194e-09,2.227338389714144e-10,1.072437683512256e-11,1.258445999883399e-09,1.2477216230482765e-09,1.4051788465037725e-06,1.4225767322975687e-07,1.4494343031860664e-15,390.62499999999994,330.22601907125164,1.7368544419151405e-13,9.09055654983714e-13,1.9822949049870542e-08,0.0,1.56,1.01385901426397e-12,0.0008119175607682846,0.0007763038661921192,1560000.0000000002,1125.293917048994,0.15615615615614054,1.56,8.43
1792,type4_overdamped_no_overshoot,1000,9.99,2.241716683405783,0.12445445470208821,2.199675520225989,2.9788203342547166,0.7791448140287276,1338.1739271045578,119.80292753370729,5040.782599955017,390.62499999999994,312.4918362655028,0.0004712718113721176,0.0024562189559920178,56.088903580691934,2.42,2.41,0.002484541692632014,0.003188806044645275,0.0037867010264633254,0.9958673570796045,1717.4906423153077,0.2412412412412171,-0.009999999999999787,7.58
1793,type1_HARD,1000,9.99,0.06042055089881798,0.007715542567961864,-0.002717370881091,0.0958734415231794,0.09859081240427041,577.33462004943,20.914720953525364,3.710172568034686,1953.1249999999998,1685.8012657376773,1.90265781302234e-05,0.00010430397770049699,0.9984956613420136,1.48,1.49,0.0001075685241153021,0.001091060327945444,0.002466006500536157,1.0067560765161645,5855.866342557566,0.1491491491491342,0.010000000000000009,8.5
1794,type0_HARD,1000,9.99,1.2917547809046765e-09,3.0589421981363843e-10,-1.204245216496661e-11,1.39104715519376e-09,1.4030896073587266e-09,5.320368070149701e-05,1.621516555511341e-07,1.7622016877054827e-15,390.62499999999994,743.3569351876633,2.278584569335238e-13,1.334404680497469e-12,2.645630017252184e-08,0.0,1.67,1.334404680497469e-12,0.0009503700287388751,0.0007424657820922495,1670000.0,37891.941100240736,0.1671671671671504,1.67,8.32
1795,type1_HARD,1000,9.99,42.86298334278438,10.089315829554776,0.1647952406981655,47.2721607382055,47.10736549750733,34221.03095901363,5218.6805515323895,1939029.6349523163,390.62499999999994,384.54082341216235,0.005382960741039264,0.029079552351653604,589.573192080219,2.88,2.87,0.032250361315483644,0.0006846139871097116,0.0005335307995087583,0.9965274317613084,726.4475649954081,0.28728728728725855,-0.009999999999999787,7.12
1796,type2_HARD,1000,9.99,41.72304016941358,0.9948537862729571,41.304415647438816,46.153128629264216,4.8487129818254004,15379.028296117523,2318.6415811970037,1741801.815034561,390.62499999999994,649.7050569867667,0.006162607678021161,0.041572111191555905,685.0515732599799,0.0,0.0,4.8487129818254004,0.9999999999997937,0.006194485826004725,0.0,3171.77534610939,0.0,0.0,9.99
1797,type0_Step_Response,1000,9.99,3.3097926795481935e-09,3.3731876813916325e-10,-7.292016829916307e-13,3.402868974092362e-09,3.4035981757753536e-09,2.2192378452921698e-05,4.251955899664487e-07,1.1068511532929737e-14,390.62499999999994,231.4663725201569,2.1014654922991643e-12,1.1740476405588671e-11,9.53401396971046e-08,0.0,1.28,1.1761293771512763e-11,0.0034545321251704775,0.0062114954599112055,1280000.0,6518.354680098972,0.1281281281281153,1.28,8.71
1798,type4_HARD,1000,9.99,0.001957373856208323,4.495694439729776e-05,0.0017797165091717,0.0020371345839334,0.0002574180747616998,0.420615376290007,0.06990999047472421,0.003833333539817383,390.62499999999994,344.38917686949753,5.252521618957773e-07,2.982888641299983e-06,0.05090907493899755,0.17,5.54,3.356969891100091e-06,0.013040925277554113,0.01168344862521173,32.58804359974353,1633.9776258734223,0.554554554554499,5.37,4.45
1799,type4_overdamped_decay_overshoot,1000,9.99,7.14962509134622e-09,1.7225320207490694e-10,6.921159112773757e-09,8.576053106170912e-09,1.6548939933971547e-09,5.272488696403608e-06,2.7825920255213045e-07,5.1146810112432503e-14,390.62499999999994,252.6446787718622,2.087733420396616e-12,1.0683309768942677e-11,1.1697766384856376e-07,0.0,2.5,1.1447186360002148e-11,0.006912994675774887,0.012050186636631243,2500000.0,3184.073809934425,0.2502502502502252,2.5,7.49
1800,type0_Step_Response,1000,9.99,44.96094371177568,7.519449517110222,-3.1374027068291395,47.35650693199868,50.49390963882782,119886.14645527716,5658.354127243419,2078028.5804938297,390.62499999999994,283.9695828810022,0.026984634187542256,0.12021785743600333,884.0473231374225,2.62,2.63,0.15233937434437905,0.003016985126206846,0.0035886449036111163,1.003816410757095,2374.2694378944875,0.2632632632632369,0.009999999999999787,7.36
1801,type0_Step_Response,1000,9.99,28.851426106279234,5.032289016688099,-0.0052845779449782,30.53044876127749,30.535733339222467,51699.29609507656,3564.3577713089726,857728.7211135707,390.62499999999994,308.61684683207085,0.013487797684599852,0.07418645601001472,688.44298787773,3.03,2.86,0.08635514104470587,0.0028280028544060477,0.002680251003046303,0.9438940779227465,1693.0753069116006,0.28628628628625763,-0.16999999999999993,7.130000000000001
1802,type0_HARD,1000,9.99,22.79288175561391,6.177114585065542,-0.99410269874331,31.19377965822024,32.18788235696355,969792.574459058,4538.193553603989,557672.2033224269,390.62499999999994,570.4272088603744,0.006519027170457205,0.02943666772050335,481.677908398911,5.18,5.18,0.035237044848766885,0.0010947301365770831,0.001055351504441451,0.9999998069498441,30129.120136081965,0.5185185185184665,0.0,4.8100000000000005
1803,type0_HARD,1000,9.99,1.2131387753789784e-06,2.2772763300095408e-07,5.599721162146007e-08,1.7406441533694778e-06,1.6846469417480176e-06,0.0027524296675120823,0.00027562420584569604,1.523565563160225e-09,390.62499999999994,379.324492521583,2.1216667434284577e-10,1.1038008252244928e-09,2.4527893145882103e-05,0.0,4.55,1.304844485527002e-09,0.000774550250643511,0.0009316644619825074,4550000.0,1633.8307840486348,0.45545545545540983,4.55,5.44
1804,type2_HARD,1000,9.99,4.626694688559191e-09,6.657739819176421e-11,4.59342619337119e-09,4.916927583152615e-09,3.2350138978142513e-10,1.8114961031793477e-06,3.158597500284437e-07,2.1410736291091804e-14,781.2499999999999,1051.7573082558708,4.2867827143963434e-11,1.679851899510415e-10,2.0742745010562505e-07,0.0,0.0,3.2350138978142513e-10,0.9969183490996031,0.6343515478698589,0.0,5582.398597428257,0.0,0.0,9.99
1805,type5_HARD,1000,9.99,5.74440914859745e-06,1.5445907903853056e-07,5.680766557905596e-06,6.319368774551069e-06,6.386022166454727e-07,0.06351094710719785,0.0003802801944101806,3.3022094073587516e-08,781.2499999999999,2038.6428418626335,1.575941935594453e-07,5.713631656823251e-07,0.00030909548390308054,0.0,0.0,6.386022166454727e-07,0.9999984340824256,1.0202907737741926,0.0,99452.90824060571,0.0,0.0,9.99
1806,type0_HARD,1000,9.99,4.700785890295081e-06,6.787633328236163e-07,-1.973162516534771e-07,5.937313026453845e-06,6.134629278107322e-06,0.01654597612083722,0.0008456868280305153,2.255810764838314e-08,0.0,453.50258941132694,1.0024264684843237e-09,5.619165793186595e-09,7.776616461790552e-05,0.0,2.14,6.380294462910642e-09,0.0010400454752228544,0.001476840222753446,2140000.0,2697.143164419363,0.2142142142141928,2.14,7.85
1807,type0_Step_Response,1000,9.99,39.96115826437264,8.098842746785909,-1.302758225745423,43.2243125324936,44.52707075823902,89339.46330083782,5076.104355234702,1662485.4236674043,390.62499999999994,381.8729480483309,0.024692012596676863,0.12849519957774902,863.2223674248638,2.51,2.5,0.13723600376702905,0.003082080213902969,0.003048832205869541,0.99601553943604,2006.4078274069932,0.2502502502502252,-0.009999999999999787,7.49
1808,type2_Triangle_Wave,1000,9.99,8.787301426931829e-09,3.1064039440904865e-10,8.659765661640416e-09,1.0412122486721257e-08,1.7523568250808401e-09,3.4790842711693075e-05,4.722320449236495e-06,7.73131638223968e-14,1953.1249999999998,4782.085522630365,3.076077035664285e-10,1.4456653733797226e-09,4.826621338617974e-06,0.0,0.0,1.7523568250808401e-09,0.9994296654362104,0.9870597941891737,0.0,19842.420101846074,0.0,0.0,9.99
1809,type4_overdamped_decay_overshoot,1000,9.99,0.00312573590085863,3.710962065373834e-05,0.0030852024945622,0.0033545474647747,0.0002693449702125001,0.5436321025500175,0.07281197754379419,0.009771602045861574,390.62499999999994,329.1056667399093,4.4072270480430427e-07,2.3808548175003816e-06,0.05167395542365597,0.36,5.17,2.642955363900152e-06,0.00981252908492206,0.011876238160458498,14.361071219246615,2018.3488115733862,0.5175175175174657,4.81,4.82
1810,type0_Step_Response,1000,9.99,2.7937475729485965e-09,4.19208698629845e-10,-2.0901834103662803e-10,2.914844242236473e-09,3.123862583273101e-09,8.685535062337484e-06,3.625801893617395e-07,7.980761434363104e-15,390.62499999999994,262.80879883508777,1.6062633108203063e-12,9.081499865812896e-12,6.347928691557464e-08,0.0,2.13,9.081499865812896e-12,0.00290620775275839,0.003822537029951485,2130000.0,2779.4934435932605,0.21321321321319187,2.13,7.86
1811,type5_HARD,1000,9.99,3.701416984487964e-06,1.1308932621674753e-07,3.650798866493867e-06,4.035466404177945e-06,3.8466753768407797e-07,0.038250955194334836,0.00022320554346622203,1.371327688876013e-08,390.62499999999994,1343.8206291144704,5.864752708952617e-10,3.2602839267752345e-09,6.708354106318455e-05,0.0,0.0,3.8466753768407797e-07,0.9999974003592652,0.005185901310172458,0.0,99438.74127223196,0.0,0.0,9.99
1812,type2_Triangle_Wave,1000,9.99,21.067306752320036,0.8583249183135814,20.75161942950169,24.81304115477112,4.06142172526943,48912.1579280944,7299.512357307673,444568.1354617475,1953.1249999999998,2816.4552142861326,0.8165496255558877,4.060873523812777,6666.1435994672975,0.0,0.0,4.06142172526943,0.9999999999997538,0.9513292788461458,0.0,12043.112298277172,0.0,0.0,9.99
1813,type1_HARD,1000,9.99,3.522256779555354e-06,5.927783868190575e-07,2.436456540114086e-07,5.347718168646785e-06,5.104072514635376e-06,0.011222926101245107,0.0009411733222934333,1.275767903700346e-08,781.2499999999999,607.6847435324261,1.06918280603876e-09,6.488339472879447e-09,8.303407395474423e-05,0.0,4.15,6.985172176094015e-09,0.0013685485046531544,0.0018036774385427844,4150000.0000000005,2198.817487456751,0.41541541541537386,4.15,5.84
1814,type0_Step_Response,1000,9.99,1.291919872016122e-09,2.591085766866995e-10,-3.323558056844884e-13,1.386922827925668e-09,1.3872551837313525e-09,1.7234126624402183e-06,1.6530364118204755e-07,1.73619421022276e-15,390.62499999999994,342.7246174163145,7.274607721496494e-13,3.4943085664915773e-12,3.86997377807741e-08,0.0,2.89,3.8970354114719824e-12,0.0028071463064863406,0.0027967581131547042,2890000.0000000005,1241.423538436233,0.28928928928926034,2.89,7.1
1815,type0_Step_Response,1000,9.99,4.25718323214515e-06,6.469757131752948e-07,-1.497926778207769e-09,4.464602855126844e-06,4.466100781905052e-06,0.01182622311900042,0.0005515450986641673,1.8542186645496507e-08,390.62499999999994,271.7096694062416,1.8228876167982637e-09,1.2589849503050767e-08,0.00013817820485998803,0.0,2.34,1.3307599441855244e-08,0.002979690139569273,0.0028175474938683955,2340000.0,2647.996775827139,0.23423423423421078,2.34,7.65
1816,type0_Step_Response,1000,9.99,1.363883898099861e-06,3.001387574282614e-07,-4.681962085130828e-08,1.4832762137818566e-06,1.5300958346331649e-06,0.0022447598072499256,0.0001818005207969938,1.9502625612066527e-09,390.62499999999994,344.1339501767188,7.604359249363688e-10,4.038849724214105e-09,4.12313040034461e-05,0.0,3.26,5.922543870753631e-09,0.003870698727491675,0.002533606115538113,3260000.0,1467.0704209306455,0.3263263263262936,3.26,6.73
1817,type2_Triangle_Wave,1000,9.99,2.651422367316596,0.0776726369217284,2.622205859831406,3.084999329814581,0.4627934699831746,4853.680608170174,572.3047275219634,7036.073608433118,781.2499999999999,2316.7489613184644,0.057352522109213266,0.2670248633557035,456.5241823747171,0.0,0.0,0.4627934699831746,0.9999999999978393,0.7383877306273207,0.0,10487.789744172813,0.0,0.0,9.99
1818,type0_HARD,1000,9.99,49.28196757364877,7.441447841819685,-0.7813738418050353,78.28289837458222,79.06427221638725,303627.7803233517,17907.056490263974,2484087.4739126917,1171.8749999999998,1182.0737423331468,0.01178052415657248,0.06388824058841891,1129.3214954180557,3.34,3.28,0.08450282003910559,0.00106878641477699,0.0015830957102684147,0.9820356341210675,3840.2652906531966,0.32832832832829545,-0.06000000000000005,6.710000000000001
1819,type1_HARD,1000,9.99,0.055357211539052306,0.012927253231408095,-0.0058798013519566,0.069774389782291,0.0756541911342476,1237.08480362954,12.642175031957235,3.2315347454883363,390.62499999999994,666.9618131323083,1.0422931814767088e-05,6.750289257859837e-05,1.2062251598130347,3.22,3.27,6.750289257859837e-05,0.000892255823050476,0.0008062758288541316,1.0155276349293059,16351.834380437609,0.3273273273272945,0.04999999999999982,6.720000000000001
1820,type0_Step_Response,1000,9.99,2.5346155919851423e-06,4.6283612150912296e-07,-4.128657637269416e-10,2.754259596719988e-06,2.754672462483715e-06,0.0054518276893887295,0.00031317231508625257,6.6384934745078e-09,390.62499999999994,372.93911546352933,9.319903492476266e-10,4.379866623106586e-09,4.933741082913387e-05,0.0,5.8500000000000005,4.3945991731829884e-09,0.0015953249025823396,0.0020136464988132034,5850000.000000001,1979.1193996812824,0.585585585585527,5.8500000000000005,4.14
1821,type0_HARD,1000,9.99,6.360373878953627e-06,9.181149968921205e-07,-1.3213541579801762e-07,7.928329541251639e-06,8.060464957049656e-06,0.021094154755375117,0.0011284739419853878,4.1297291027593845e-08,0.0,428.1426610807886,2.2388422823733643e-09,1.0004971238395984e-08,0.00014668140220644663,0.0,2.28,1.347145469657698e-08,0.0016712997447492343,0.0024385178887547806,2280000.0,2616.9894976017167,0.22822822822820535,2.28,7.710000000000001
1822,type0_Step_Response,1000,9.99,0.6799047930843404,0.11470714938344327,-1.70242469867411e-05,0.7166780572383609,0.7166950814853477,1220.90750424142,86.26544186663673,475.42825777873526,390.62499999999994,297.6083715184191,0.0003575194258264418,0.0021718093832940877,20.881324556228247,2.25,2.24,0.0021718093832940877,0.0030303115500527663,0.003116801592097877,0.9955551130866165,1703.5243240533905,0.2242242242242018,-0.009999999999999787,7.75
1823,type4_overdamped_no_overshoot,1000,9.99,0.023340415577067924,0.0007132287375266156,0.0231178495418322,0.0278339368101832,0.004716087268350998,8.661271472679838,0.6811415835519837,0.5452836945422689,390.62499999999994,295.9167754820412,2.2148845137599785e-06,1.127775181170021e-05,0.2623616491062489,1.47,1.96,1.573417652460038e-05,0.0033362776441508953,0.003105433634566487,1.333332426304472,1836.5375740537881,0.19619619619617654,0.49,8.030000000000001
1824,type0_Step_Response,1000,9.99,27.242209873324267,3.5228955718684625,0.0007413968590139,28.08449832784206,28.083756930983046,101816.72307601519,3357.508349423009,754548.7919925365,390.62499999999994,238.8071552892592,0.009659232020340278,0.0510449240215074,615.5235041434288,1.18,1.17,0.06289755491098958,0.002239641763940651,0.0027418445489755185,0.991524583453743,3625.466611402108,0.11711711711710539,-0.010000000000000009,8.82
1825,type2_Triangle_Wave,1000,9.99,2.448888243096837e-09,8.009145785886495e-11,2.4171947488165662e-09,2.8911483208226363e-09,4.739535720060701e-10,7.1657268414306935e-06,8.832414089859275e-07,6.003468268799871e-15,2734.3749999999995,3482.4974917323775,9.482435544425707e-11,4.733042710146956e-10,1.0461012515485909e-06,0.0,0.0,4.739535720060701e-10,0.9978945310469478,1.1693507300028254,0.0,15087.215390684782,0.0,0.0,9.99
1826,type4_HARD,1000,9.99,8.053225442980462,0.17466917846781244,7.028471321364358,8.149014069450317,1.1205427480859589,1901.9664644489785,234.66602398826183,64884.949357374484,390.62499999999994,321.3661895328465,0.001306092563951257,0.006893427734551594,148.50167125729874,3.17,3.14,0.007630286471638215,0.006809455939690818,0.007477521652078204,0.9905359651306104,1697.3618076562464,0.31431431431428286,-0.029999999999999805,6.85
1827,type0_Step_Response,1000,9.99,1.2900286959065497e-06,2.2479306998113563e-07,3.340519566232212e-08,1.3743593690855237e-06,1.3409541734232016e-06,0.002325433279903731,0.0001527539166265734,1.714705960573897e-09,390.62499999999994,320.0604552747155,8.516930207088117e-10,4.351470195809501e-09,2.6572280304051948e-05,0.0,2.63,4.351470195809501e-09,0.003245052692329029,0.003788769965241007,2630000.0,1734.161831798855,0.2632632632632369,2.63,7.36
1828,type5_HARD,1000,9.99,8.499086671473653e-09,3.462404617000372e-10,7.321620852261615e-09,9.726844485364402e-09,2.405223633102787e-09,0.00012836808288157027,7.221297053610257e-07,7.235435670653934e-14,390.62499999999994,1790.4471336885927,1.2641285714352144e-10,3.291213820062109e-10,3.802815173862152e-07,0.0,0.0,2.405223633102787e-09,0.9995844110305282,0.36404990514245683,0.0,53348.35927782892,0.0,0.0,9.99
1829,type2_HARD,1000,9.99,0.004608500965515573,7.631744682682911e-05,0.0045769300223837,0.0050151111196464,0.0004381810972626998,1.3523449725900276,0.22725979535845725,0.02124410550184813,781.2499999999999,769.6959450706194,0.00012423151078425155,0.00043785113464849933,0.40249211634631277,0.0,0.0,0.0004381810972626998,0.9999999977178385,1.6278258029034671,0.0,3086.2695309126852,0.0,0.0,9.99
1830,type0_HARD,1000,9.99,7.0615109123032545,0.9341016386615901,-0.2981696081088935,9.857678181314505,10.155847789423397,38231.24805670508,1737.9177605170937,50737.482235928204,1171.8749999999998,985.1230205575068,0.002864604850399127,0.0152500889158933,188.69411743926264,1.96,1.95,0.01767798623277539,0.0017406706558938418,0.003066695027428231,0.9948974515829329,3764.456582001601,0.19519519519517564,-0.010000000000000009,8.040000000000001
1831,type0_HARD,1000,9.99,1.7396798649650422e-09,3.7285966210299574e-10,6.643787659736021e-11,1.8825033329957126e-09,1.8160654563983524e-09,4.965707659650603e-05,2.1243576257542394e-07,3.165510360188347e-15,390.62499999999994,592.2324695892527,1.8942776906594324e-13,1.0935606912835036e-12,2.3188037592643735e-08,0.0,1.81,1.1716988688003525e-12,0.0006448303029890866,0.0005066814857756898,1810000.0000000002,27328.171597589266,0.18118118118116305,1.81,8.18
1832,type1_HARD,1000,9.99,40.35199858980923,12.021684494932988,0.2756517026470862,46.6971513565286,46.42149965388151,1805582.5286108993,5765.945016282684,1772804.6882876777,390.62499999999994,820.6835984410359,0.012050197417357437,0.07119405813013913,1124.4304558054448,2.41,2.38,0.08608898653071151,0.0018545067947521889,0.0010023717909445607,0.9875514574475279,38895.39420469557,0.23823823823821438,-0.03000000000000025,7.61
1833,type5_HARD,1000,9.99,0.7942125391410748,0.04317149828108246,0.7107262876267644,0.9076808617443392,0.19695457411757478,12836.787133234538,77.23272162867251,632.6373355927467,390.62499999999994,1411.328961381698,0.05893648127548317,0.12880808026711899,120.01316739819727,0.0,0.0,0.19695457411757478,0.9999999999949226,1.3651710878874843,0.0,65176.38491353983,0.0,0.0,9.99
1834,type5_HARD,1000,9.99,33.47747374587134,1.258954946874637,32.96647005773932,37.75053997207091,4.784069914331589,476406.6059177153,1839.9225370129516,1122326.2159637655,390.62499999999994,1315.2707899886423,0.39380690979862476,1.022614102218462,903.9268130430768,0.0,0.0,4.784069914331589,0.999999999999791,0.31280460891467154,0.0,99581.86532568208,0.0,0.0,9.99
1835,type4_overdamped_decay_overshoot,1000,9.99,27.38399843225097,0.5093224190113427,26.68778518768414,31.290736662263345,4.602951474579207,13098.64098661677,894.9689708712,750142.7794640312,390.62499999999994,264.743669649415,0.006404279773835659,0.03793234061366135,435.46559758704655,3.59,3.59,0.04181592812226853,0.009084590257619906,0.012574117169738136,0.9999997214485455,2845.7047741984675,0.35935935935932334,0.0,6.4
1836,type4_overdamped_decay_overshoot,1000,9.99,3.2280985645994504,0.03164300427268762,3.162937950649732,3.379377235373497,0.21643928472376484,568.0734063576941,69.69288106085827,10421.621622488434,390.62499999999994,312.199421005936,0.0008520996956225999,0.004808450825972699,50.894356906434886,5.55,5.5600000000000005,0.004808450825972699,0.022216164833881096,0.026928533341922713,1.0018016212970053,2624.6316932717878,0.5565565565565008,0.010000000000000675,4.43
1837,type0_Step_Response,1000,9.99,0.008547697256373077,0.0016540269645682509,-7.61601004283913e-07,0.0090473407418645,0.009048102342868784,11.005681499559994,1.068991504797609,0.0757989335861267,390.62499999999994,317.65591987456355,3.0468785010984784e-06,1.5938888253299102e-05,0.18401739736105494,1.36,1.52,1.8360434266999348e-05,0.0020292027619958153,0.0018420972357314049,1.1176462370248257,1216.352455055696,0.15215215215213693,0.15999999999999992,8.47
1838,type0_Step_Response,1000,9.99,1.156079624098208e-06,1.9681010885628882e-07,-5.452026080963405e-11,1.2216610910049832e-06,1.2217156112657929e-06,0.0022093021014498613,0.00014072699110727853,1.3752543162030778e-09,390.62499999999994,305.87604542447417,4.4407954373179204e-10,2.320174442695291e-09,2.4008514539859123e-05,0.0,2.42,2.6059781404472377e-09,0.0021330463353094976,0.002256374380046089,2420000.0,1808.358895244007,0.242242242242218,2.42,7.57
1839,type4_overdamped_no_overshoot,1000,9.99,2.075104441265059e-06,1.1015464824846938e-07,2.0114893182151016e-06,2.480248537502924e-06,4.6875921928782227e-07,0.0004428708214090825,8.135345715387014e-05,4.3181924886887166e-09,390.62499999999994,399.2006489416357,8.258684234835724e-10,4.032466705996577e-09,5.081470858134429e-05,0.0,4.95,4.563198915227189e-09,0.009734612126771259,0.007497286218321972,4950000.0,944.7704885920717,0.4954954954954459,4.95,5.04
1840,type1_Damped_Osc,1000,9.99,30.343884999066617,0.6038836056932495,26.69765592033525,32.13681711081552,5.43916119048027,42081.85337662016,2033.4125410907616,921116.0322458053,1171.8749999999998,1194.106911344013,0.006103243538572616,0.028421733637898683,463.9010373477518,2.24,2.23,0.03559753241844277,0.006544673189818265,0.010106655456486644,0.9955352698503258,7736.827775993278,0.22322322322320087,-0.010000000000000231,7.76
1841,type5_Square_Pulse_Wave,1000,9.99,2.2008117630293757e-09,8.029791132772419e-11,2.160010852805633e-09,2.4022120292224476e-09,2.422011764168146e-10,2.3898762234649212e-05,2.0367655129470785e-07,4.850020170852065e-15,390.62499999999994,1562.8166571933016,9.579801461456288e-11,2.4209071094447854e-10,2.482890499532426e-07,0.0,0.0,2.422011764168146e-10,0.9958881777846086,1.1783576361314694,0.0,98267.46147678948,0.0,0.0,9.99
1842,type5_Square_Pulse_Wave,1000,9.99,5.139713849970035,0.19857008853237643,5.057367229127671,5.71884967064704,0.661482441519369,65785.62412823619,432.58611643953935,26456.088539633554,390.62499999999994,1554.761510595022,0.11108614801949802,0.2717068127498541,342.89371047422776,0.0,0.0,0.661482441519369,0.9999999999984883,0.5594304199588763,0.0,99451.80703063372,0.0,0.0,9.99
1843,type5_HARD,1000,9.99,4.543648538387727,0.32257426626884345,3.699547962350167,5.546924595588932,1.8473766332387647,99102.12627698785,509.92481138689357,20748.796197651813,781.2499999999999,1610.6521994788525,0.3901168740646542,0.9927156157286658,455.8541580566981,0.0,0.0,1.8473766332387647,0.9999999999994587,1.2093862246851064,0.0,53644.78715051806,0.0,0.0,9.99
1844,type1_Damped_Osc,1000,9.99,1.4528726057862475e-09,3.0465319980237e-11,1.256655997165802e-09,1.5645583421801467e-09,3.079023450143447e-10,3.1528024445352012e-06,9.406077297143221e-08,2.111766944365619e-15,1171.8749999999998,1105.9555426189393,1.5416908763484823e-13,9.822685677600447e-13,1.7889655505063855e-08,0.0,1.62,1.0265304440472989e-12,0.003323155232115927,0.004899651035860433,1620000.0000000002,10206.46976438069,0.16216216216214593,1.62,8.370000000000001
1845,type0_Step_Response,1000,9.99,2.8732922810793296e-09,4.028325278460546e-10,-1.0835459773074592e-12,2.978804956511007e-09,2.9798885024883145e-09,7.915359522235628e-06,3.7036255810678407e-07,8.418082578000899e-15,390.62499999999994,254.08989587371076,1.3693201364793005e-12,7.857461128368932e-12,8.234568697093575e-08,0.0,1.39,9.09674556206734e-12,0.0030516893048746297,0.003390811888737453,1390000.0,2655.3692013734276,0.1391391391391252,1.39,8.6
1846,type5_Square_Pulse_Wave,1000,9.99,5.098501598917832e-06,1.6937522921540445e-07,5.0266507196054415e-06,5.573275465546855e-06,5.466247459414139e-07,0.05437512132731331,0.00037196950493861635,2.6023406522439458e-08,781.2499999999999,1570.186796517765,1.7360271579394777e-07,4.4805694953369217e-07,0.00044953248954749075,0.0,0.0,5.466247459414139e-07,0.9999981705947671,1.024953245199291,0.0,99474.13148948368,0.0,0.0,9.99
1847,type4_overdamped_decay_overshoot,1000,9.99,20.858320580147584,0.6813415054392985,19.924290462162467,25.679306354385297,5.755015892222829,17225.46576596926,1014.2737843536718,435533.7636712426,390.62499999999994,257.7383619487422,0.005304518492066988,0.02766202654040839,483.98651841578834,3.5500000000000003,3.49,0.03261186793891824,0.005666685991776905,0.00778540342796097,0.983098314620193,2993.122189157512,0.3493493493493144,-0.06000000000000005,6.5
1848,type3_Sine_Wave,1000,9.99,0.00234657140174877,4.450380204935735e-05,0.0022865217277262,0.0024129093934559,0.00012638766572970004,0.2523034647600262,0.1091666284639837,0.0055083779319020365,390.62499999999994,388.5124212139159,4.563177911913329e-05,0.0001263040363302997,0.10553807027614624,0.0,0.0,0.0001263040363302997,0.9993383025293189,1.025345610767802,0.0,1996.266497265251,0.0,0.0,9.99
1849,type0_Step_Response,1000,9.99,1.972508700770078e-06,2.3857295303433974e-07,-8.403727715690741e-11,2.0390848772284047e-06,2.0391689145055618e-06,0.008909413209777521,0.00024077829889463715,3.947707628533184e-09,0.0,210.73806951697935,1.0178355001598376e-09,5.2541285343835736e-09,4.1540634001646774e-05,0.0,1.71,5.773176821116397e-09,0.0028311406421059433,0.004266331203445889,1710000.0,4369.137238834652,0.17117117117115402,1.71,8.280000000000001
1850,type2_HARD,1000,9.99,33.39819845984187,1.5199945489207074,32.67514647448996,39.12372442982206,6.448577955332105,30120.326059240906,4083.6002673344788,1117750.0437917328,390.62499999999994,605.8872877243801,1.4874465298344655,6.4456790190312745,5788.1301507634225,0.0,0.0,6.448577955332105,0.9999999999998449,0.9785867527549149,0.0,4670.847785026896,0.0,0.0,9.99
1851,type0_Step_Response,1000,9.99,0.3933130284393775,0.05489363186680264,-9.76446383933184e-05,0.4069912982643595,0.4070889429027528,1250.3158211935797,51.02323519379492,157.70844915968263,390.62499999999994,237.18085469857266,0.0002490270712851822,0.0011776585330321998,13.012351411642852,1.68,1.67,0.001223969567226757,0.0030066391842927987,0.0045365384437470015,0.9940470273529599,3071.3578518618456,0.1671671671671504,-0.010000000000000009,8.32
1852,type1_Damped_Osc,1000,9.99,18.949529050724227,0.32025869422847514,17.95024709571861,20.164327810378573,2.214080714659964,9300.988709204816,826.2825891369944,359187.2168754705,390.62499999999994,440.5058395539223,0.004722522938387477,0.027525763961410377,427.609631936955,4.7,4.7,0.027525763961410377,0.01243214114966234,0.014745963258701247,0.9999997872340878,4200.835429176776,0.4704704704704234,0.0,5.29
1853,type1_Damped_Osc,1000,9.99,20.669707812995796,0.13012664743101413,19.87739989753492,21.305280144425083,1.4278802468901617,12177.056583055899,953.1775407918759,427253.75401899114,1953.1249999999998,2044.8812913897634,0.004904950030973972,0.0363068939695097,541.7245639544059,1.71,1.69,0.03639023103728434,0.025485492299872212,0.037693663271672374,0.9883035156119793,8528.06571809385,0.16916916916915223,-0.020000000000000018,8.3
1854,type0_Step_Response,1000,9.99,44.945668023576815,8.91782341890102,1.8748822469826685,48.00488587672991,46.130003629747236,49048.058083591604,5476.322669931762,2099640.648616275,390.62499999999994,339.5845540641549,0.03131732633034631,0.12226893610666423,1032.4497603683703,1.74,1.73,0.168169775644877,0.0036455617258271352,0.003511767934759372,0.9942523021538494,1063.2571910738282,0.17317317317315584,-0.010000000000000009,8.26
1855,type0_Step_Response,1000,9.99,7.488560553134265e-06,9.061001728438715e-07,-1.899709981411435e-09,7.744974748438322e-06,7.746874458419734e-06,0.03574747023009538,0.0009435344531647628,5.6899556681186276e-08,390.62499999999994,281.47752395985015,3.684540146408234e-09,1.7979106786136247e-08,0.00018878710576951329,0.0,2.23,2.1345748396449162e-08,0.002755401001477237,0.004066367263209701,2230000.0,4614.437191092707,0.22322322322320087,2.23,7.76
1856,type4_HARD,1000,9.99,0.00103556657256693,4.065350658895588e-05,0.0010150206005971,0.0012201990243613,0.00020517842376420003,0.2991833954400042,0.03829623138637644,0.0010740508338159972,390.62499999999994,373.20700456356514,2.708639593453148e-07,1.4344039651001134e-06,0.02838642044534079,0.68,3.66,1.4398661949000923e-06,0.007017629638958624,0.006662745121134367,5.382345025963197,1458.1620644755353,0.3663663663663297,2.98,6.33
1857,type1_Damped_Osc,1000,9.99,43.08588267326007,0.8772122910406042,37.714237440066135,46.89174618486385,9.177508744797713,71789.57139428021,3935.269508468867,1857162.7871374846,1562.4999999999998,1684.8868535266522,0.008960501263196292,0.048575074391152384,996.521021753087,2.08,1.93,0.0646658227757797,0.0070461194398129656,0.01021474659521308,0.9278841692864569,7822.337563553555,0.19319319319317385,-0.15000000000000013,8.06
1858,type4_overdamped_decay_overshoot,1000,9.99,26.34432487087557,0.33150910117771687,25.590620897856365,30.46631169543025,4.875690797573885,37541.84517756051,952.3341039462535,694133.3511863969,390.62499999999994,432.4244282521782,0.005026872186076072,0.02733061876685383,444.2261982311941,1.57,1.56,0.030325977297696483,0.006219831928796693,0.01516360235119482,0.9936299403630954,7699.800240867082,0.15615615615614054,-0.010000000000000009,8.43
1859,type0_HARD,1000,9.99,4.592408002654521e-06,5.085613587324528e-07,-2.060940018863483e-08,5.712805883913695e-06,5.73341528410233e-06,0.02540720695142388,0.0007847555284457318,2.1348845918441085e-08,0.0,468.48509987163624,8.077161376788738e-10,4.5435147451897305e-09,6.158802235118276e-05,0.0,1.5,4.936528413255617e-09,0.0008610099404335369,0.0015882342131887928,1500000.0,4431.425469989545,0.1501501501501351,1.5,8.49
1860,type5_HARD,1000,9.99,3.597244068615629e-09,2.288126845176365e-10,3.506320547406238e-09,4.225754290688541e-09,7.194337432823027e-10,7.181458236334991e-05,3.270239637706541e-07,1.299252013378649e-14,390.62499999999994,1470.9743453990059,5.295073595635995e-13,2.4349116956554406e-12,5.8827410124162887e-08,0.0,0.0,7.194337432823027e-10,0.9986119473035174,0.002304082390730541,0.0,99682.4246962143,0.0,0.0,9.99
1861,type5_Square_Pulse_Wave,1000,9.99,46.14922001904701,1.2744887589036027,45.64132093263403,49.813804015825525,4.172483083191494,412829.9367826045,4222.542427289716,2131374.829962981,781.2499999999999,2151.1974276510796,1.0286020544494108,3.216430750047998,3684.102609577551,0.0,0.0,4.172483083191494,0.9999999999997603,0.8070703231101649,0.0,98941.06903526034,0.0,0.0,9.99
1862,type0_HARD,1000,9.99,4.00342105112129e-09,6.77173968951072e-10,4.0765205731478307e-11,4.184234539317109e-09,4.143469333585631e-09,5.69458311459687e-06,4.978544242941205e-07,1.6485944696786047e-14,390.62499999999994,300.4301055083835,1.4954036087444002e-12,7.383628655403716e-12,8.97503232728525e-08,0.0,0.97,8.67201061792769e-12,0.002092429674325762,0.0022050442470644117,970000.0,1374.0198457856948,0.09709709709708737,0.97,9.02
1863,type0_Step_Response,1000,9.99,15.406460685031597,1.5759011548793913,-0.0021379952021982,15.717337444715843,15.71947543991804,87427.44066375427,2073.706498031933,239842.4952893745,0.0,200.02585186396868,0.0054715128629705765,0.0313270364285092,436.39379197691176,1.72,1.71,0.033828970330542774,0.0021520419342133594,0.0034719898808538256,0.9941854684968207,5561.727616033258,0.17117117117115402,-0.010000000000000009,8.280000000000001
1864,type1_HARD,1000,9.99,13.111316521061362,1.655312301539245,0.8452425923452092,20.82565514016689,19.980412547821683,99671.3731792008,4278.641001265694,174646.6797310838,1562.4999999999998,1511.5969382333508,0.0025456975961988975,0.013683676847975335,235.78343474663325,3.56,2.4,0.017146289909844015,0.0008581549489433586,0.0015378956549952304,0.6741571140008106,4988.454214378185,0.24024024024021617,-1.1600000000000001,7.59
1865,type5_Square_Pulse_Wave,1000,9.99,3.9739988639447135e-09,1.5084178714302128e-10,3.908664204554393e-09,4.443652101298285e-09,5.349878967438918e-10,5.331861654273099e-05,4.299007742650159e-07,1.5815420215382374e-14,781.2499999999999,2018.2802505368927,1.8749032145205024e-10,4.218323918791245e-10,7.19193653947473e-07,0.0,0.0,5.349878967438918e-10,0.9981342862290828,1.2347742013563845,0.0,99477.27713002433,0.0,0.0,9.99
1866,type1_Damped_Osc,1000,9.99,6.186959109421169,0.12404611667123276,5.743372615920587,6.35438713538692,0.611014519466333,1795.3846168985874,257.25491696318255,38293.850460710804,390.62499999999994,382.93873620689516,0.0018460065822126213,0.010606623870074827,134.98379356449718,4.51,4.5,0.010606623870074827,0.01735903735859078,0.014881615255158106,0.997782483861977,2938.3665358128615,0.4504504504504053,-0.009999999999999787,5.49
1867,type4_overdamped_decay_overshoot,1000,9.99,0.005863960985421399,0.00010987518561448702,0.0057015429914556,0.0065738374646525,0.0008722944731969001,1.8105442472899496,0.20203164946794805,0.03439811099495811,390.62499999999994,296.078089267157,1.5862732450217268e-06,8.21106836380002e-06,0.13250114142498096,2.7,4.67,8.98442648090015e-06,0.01029976314956241,0.014437047106799425,1.7296289890263001,2075.611276750174,0.4674674674674206,1.9699999999999998,5.32
1868,type1_Damped_Osc,1000,9.99,5.821226979602683e-09,4.165258951859013e-11,5.505127193007724e-09,5.9538961081449694e-09,4.487689151372451e-10,4.723562686723841e-06,2.474184714577058e-07,3.3888418486267786e-14,1953.1249999999998,1682.0745879417746,1.6588033710957312e-12,9.16776905183644e-12,1.291115001712777e-07,0.0,1.34,1.3073925000203329e-11,0.029068093770361778,0.03889103545220254,1340000.0000000002,10502.1990799041,0.1341341341341207,1.34,8.65
1869,type2_Triangle_Wave,1000,9.99,27.5072552578951,0.32239818107102025,27.367748076897332,29.31053965404757,1.9427915771502384,18511.998381304194,2613.8590864436496,756753.0324101554,1171.8749999999998,2218.819861436837,0.19139204790537276,0.8721556479966388,1719.8313171111433,0.0,0.0,1.9427915771502384,0.9999999999994852,0.5936511405522411,0.0,9528.556021664856,0.0,0.0,9.99
1870,type0_Step_Response,1000,9.99,1.5567086013688285,0.33852554919801314,-0.0003772864089977,1.6938306743614149,1.6942079607704126,1883.7013966942704,203.49233427143795,2537.941217035511,390.62499999999994,352.81432430207207,0.000769370864732032,0.004153565266527881,48.24438564230458,3.93,3.61,0.0051318091825707235,0.0030290314420633995,0.0022727113700943516,0.918574829879178,1111.8478016338543,0.3613613613613252,-0.3200000000000003,6.380000000000001
1871,type0_HARD,1000,9.99,2.2733036899487066e-06,4.310010963569814e-07,-1.4540021037703796e-07,2.8402933425624192e-06,2.9856935529394573e-06,0.004922415468904589,0.0004128390528883223,5.353671611795326e-09,390.62499999999994,329.9646270972037,4.5812639075492845e-10,2.7135116103782747e-09,5.2938296754002116e-05,0.0,4.46,3.087544874542613e-09,0.0010341127733588431,0.001062933091572439,4460000.0,1648.6667948194513,0.44644644644640175,4.46,5.53
1872,type0_HARD,1000,9.99,1.169392550685448e-06,1.1485748960377546e-07,-7.765068014145431e-09,1.3259489713307142e-06,1.3337140393448598e-06,0.00785984012993749,0.00016831962768713073,1.3806711805166994e-09,0.0,188.71778266570502,3.382073046078903e-10,1.8643399626400884e-09,1.764996610142482e-05,0.0,1.18,1.8666285211757725e-09,0.0013995707224630889,0.002944556434396759,1180000.0,5893.19299705757,0.11811811811810628,1.18,8.81
1873,type1_HARD,1000,9.99,3.9604183370239547,0.8378985367037359,0.5464712354789063,4.294951014723656,3.74847977924475,46071.641522694714,446.80613863582914,16386.98736204585,390.62499999999994,454.7820367757519,0.0012138511948675697,0.006046813494382519,87.00258885882032,1.88,1.84,0.00930294043220048,0.002481790213650924,0.0014486851828639897,0.9787228836580407,12290.7536483937,0.18418418418416574,-0.039999999999999813,8.15
1874,type4_overdamped_decay_overshoot,1000,9.99,3.552613347416037e-09,8.348061959864593e-11,3.486597963556302e-09,4.052374117070241e-09,5.657761535139386e-10,1.050328445660186e-06,1.1732122444411375e-07,1.2628030610087157e-14,390.62499999999994,320.3399295083608,8.313692607887366e-13,4.10002002984106e-12,7.216539769992827e-08,0.0,5.75,4.303540799544226e-12,0.007593016701325261,0.009840946535885279,5750000.0,1853.1627330265856,0.575575575575518,5.75,4.24
1875,type1_Damped_Osc,1000,9.99,0.0240971255966578,0.0004546451121742147,0.0217004578970715,0.0258167345747721,0.004116276677700599,20.907094276039967,1.658842995255063,0.5808781641991243,1171.8749999999998,1230.9783913037936,4.9740364743908135e-06,2.7768552720099787e-05,0.3528631776440537,2.14,2.89,3.0320355006600852e-05,0.007365966229503356,0.01094048155420252,1.3504666586604397,5079.127548500891,0.28928928928926034,0.75,7.1
1876,type0_HARD,1000,9.99,4.600052710725666e-06,8.385137461574242e-07,-8.877078775988198e-08,6.330639440110782e-06,6.419410227870663e-06,0.011640236271974226,0.001037716085789186,2.1863590243949507e-08,390.62499999999994,411.13135147206515,1.5552155751250004e-09,9.108919033549602e-09,0.00011581638941423425,0.0,4.76,9.108919033549602e-09,0.0014189648723549769,0.0018547265653370173,4760000.0,1813.287209493093,0.47647647647642877,4.76,5.23
1877,type0_Step_Response,1000,9.99,37.66284982717867,10.016951922278903,-0.0049169835347969,41.95788193620906,41.96279891974386,34430.76430375207,5078.169381238921,1518829.5829178588,390.62499999999994,389.0463978053768,0.019216156012095278,0.1154396005538203,1262.7793375003405,3.04,3.01,0.1154396005538203,0.002750998587453665,0.00191836360613395,0.9901312532462981,820.5068582198713,0.3013013013012711,-0.03000000000000025,6.98
1878,type4_HARD,1000,9.99,10.840098523701796,0.39876239433730587,8.908957063546145,11.001232303482158,2.092275239936013,2910.2591551799505,437.2122406748172,117666.74745069948,390.62499999999994,365.9794426985132,0.0024987883020601348,0.016831735385068214,255.25727685764483,2.37,2.33,0.016831735385068214,0.008044704187951354,0.006266358958463342,0.9831219480498109,1390.9542586125342,0.23323323323320988,-0.040000000000000036,7.66
1879,type0_HARD,1000,9.99,21.32791434866726,2.5900006506917865,1.0573441100399243,29.64122815448756,28.583884044447636,114998.83548150772,4676.339511701594,461588.0338346708,1171.8749999999998,962.4252800608101,0.005005599887070568,0.02804384750386646,366.47528142326405,2.85,2.8000000000000003,0.02822412785000239,0.0009874140199461062,0.0019326635635136403,0.9824557956295454,4023.2053594494623,0.28028028028025226,-0.04999999999999982,7.1899999999999995
1880,type1_Damped_Osc,1000,9.99,46.356924563220055,0.37892154600766176,43.79228940331786,48.34842765423816,4.556138250920299,51216.49707948634,2231.104493547407,2149108.0364981033,1953.1249999999998,2114.229906996337,0.008227674393397645,0.05308443618449843,930.1947337543319,2.06,1.55,0.05375867531633105,0.011799175607864946,0.021713398142869315,0.7524268192102819,11241.207851655912,0.1551551551551396,-0.51,8.44
1881,type1_Damped_Osc,1000,9.99,31.6191134372299,0.5620982593493516,29.37641991218398,32.83715510290681,3.4607351907228328,10817.27822709304,1549.2296084129896,1000084.2890095757,390.62499999999994,578.6090906743661,0.009059652429775385,0.05168630632307014,682.2015633151098,5.15,4.58,0.06470801833306794,0.01869776644757783,0.016117560015656573,0.8893202156659775,3125.7168292123915,0.45845845845841254,-0.5700000000000003,5.41
1882,type0_Step_Response,1000,9.99,0.14397014694536933,0.03728286364137768,-5.63732899296714e-05,0.1648388382081922,0.16489521149812186,281.55706635742,19.369449669387336,22.1174151327728,390.62499999999994,441.48219080512,8.115945665365243e-05,0.00038660814444999025,4.323707935286306,5.3500000000000005,5.34,0.00042832004860079986,0.002597528725708817,0.0021768568378262203,0.9981306545550177,1707.490859180707,0.534534534534481,-0.010000000000000675,4.65
1883,type1_Damped_Osc,1000,9.99,21.051628148025394,0.4291694448030207,18.882362221199788,22.993783720557783,4.111421499357995,25389.39663712618,1527.5497790461213,443355.2340950876,1171.8749999999998,1210.679899488754,0.0042219905908354016,0.021781961189130783,368.04665050859154,2.58,2.41,0.027889307994634294,0.0067833735847765714,0.009837584296718431,0.9341081650743546,6175.332945329152,0.2412412412412171,-0.16999999999999993,7.58
1884,type3_Sine_Wave,1000,9.99,1.8754373177522021e-06,1.8823389094222368e-08,1.8507225693859929e-06,1.9043467979052637e-06,5.3624228519270806e-08,0.00014061131442223335,3.941621045672349e-05,3.517619452794567e-09,390.62499999999994,367.48645610032503,1.9665689553324255e-08,5.3624228519270806e-08,3.821358260202837e-05,0.0,0.0,5.3624228519270806e-08,0.9999813520608188,1.044692045775876,0.0,2622.1112395204646,0.0,0.0,9.99
1885,type3_Sine_Wave,1000,9.99,3.7768664369743805e-06,3.34391697728832e-08,3.725175229060531e-06,3.8213178287623085e-06,9.614259970177767e-08,0.00028478357027711496,9.095660166153274e-05,1.4265838260818651e-08,390.62499999999994,404.83962492364486,3.293594834458087e-08,9.555992161143261e-08,9.270618036156328e-05,0.0,0.0,9.57640943739951e-08,0.9960527239570836,0.9849216845570203,0.0,2962.0647776915866,0.0,0.0,9.99
1886,type0_HARD,1000,9.99,1.8534604950892048e-09,2.205986613572238e-10,-6.660215417760264e-11,2.7939677115174727e-09,2.8605698656950752e-09,1.6607295977832052e-05,5.712268412746828e-07,3.4839795762489186e-15,1953.1249999999998,1588.3440677241288,3.7891654169384346e-13,2.210637414879943e-12,3.101386261019192e-08,0.0,1.99,2.3925946209388068e-12,0.0008361126001575522,0.0017099225210707317,1990000.0,5803.561246895553,0.19919919919917925,1.99,8.0
1887,type0_Step_Response,1000,9.99,3.3229120795208993e-06,6.616061542460474e-07,1.4090943147432144e-07,3.5690214433699548e-06,3.4281120118956335e-06,0.003399090632374346,0.0003936271755402305,1.1479467391562152e-08,390.62499999999994,339.72164674431707,1.0096688153007261e-09,4.970187845582735e-09,6.708152040668075e-05,0.0,2.38,7.139117508426679e-09,0.0020825210498177198,0.0015260850926730408,2380000.0,991.5340073618988,0.23823823823821438,2.38,7.61
1888,type0_Step_Response,1000,9.99,2.816535421890271,0.5266024036156474,0.0002604836504969,3.033369936898994,3.033109453248497,4510.921956425189,337.07152543777426,8210.181874256385,390.62499999999994,332.8246291012438,0.0018302791006673455,0.009368133899495756,63.143629352472274,3.62,3.54,0.011930582842177184,0.003933449493355887,0.0034756375741872617,0.9779002823479882,1487.226895683718,0.3543543543543189,-0.08000000000000007,6.45
1889,type1_Damped_Osc,1000,9.99,0.5114131876896297,0.0036289687777009833,0.4897553946436027,0.5226667049138527,0.032911310270250016,319.17186399772476,17.074636284618357,261.5566179572579,1171.8749999999998,961.3055428988656,0.00010239440158835823,0.0005458025339063477,10.739308430683089,1.65,1.62,0.0006349728481158667,0.019293453918501485,0.02821583976950363,0.9818175867772203,9697.938531378994,0.16216216216214593,-0.029999999999999805,8.370000000000001
1890,type1_HARD,1000,9.99,25.666425115390208,4.0813154137788485,0.6325654215039226,41.52253198792775,40.88996656642383,143068.6658761246,9143.827388029233,675422.5137106822,1171.8749999999998,1076.3776879131663,0.010632139878397817,0.052482108515842896,674.493037740664,2.92,2.94,0.052482108515842896,0.0012834959996992634,0.002605076746212815,1.0068489702572019,3498.869720123463,0.29429429429426485,0.020000000000000018,7.050000000000001
1891,type4_overdamped_no_overshoot,1000,9.99,9.38638718165775e-06,5.171561257429019e-07,9.088923675758318e-06,1.134971086103607e-05,2.2607871852777523e-06,0.001859495970843988,0.0003624837338246409,8.837171478238234e-08,390.62499999999994,393.0067203705634,2.5977082352522663e-09,1.2747309514393246e-08,0.00022608085430386827,0.0,5.8,1.2747309514393246e-08,0.005638436009796804,0.005023054127931873,5800000.0,822.4989775481939,0.5805805805805224,5.8,4.19
1892,type1_Damped_Osc,1000,9.99,5.1824107747129215e-09,8.740340012426074e-11,4.6985799346098015e-09,5.5372999529025105e-09,8.38720018292709e-10,6.447697944235945e-06,3.100437010958064e-07,2.6865020792213858e-14,1171.8749999999998,1178.4889088888667,7.390327761088353e-13,4.012469855588235e-12,8.276528011728355e-08,0.0,2.51,4.6446616590875006e-12,0.005531202731752035,0.008359777735585319,2510000.0,7678.390182176663,0.25125125125122605,2.51,7.48
1893,type5_Square_Pulse_Wave,1000,9.99,44.0697161305517,0.7142878658306878,43.72331272481068,45.92965234554969,2.2063396207390085,217427.65440300002,1918.8920061624449,1942650.0869826819,390.62499999999994,1338.2360012629174,0.8048153684665006,2.003439053872164,2484.8071662485577,0.0,0.0,2.2063396207390085,0.9999999999995467,1.1267381219326835,0.0,98546.77510168383,0.0,0.0,9.99
1894,type0_Step_Response,1000,9.99,19.18589332254686,5.414888772469475,-0.0003027688151192,21.85992412062913,21.86022688944425,13018.437934112535,2479.314945321195,397419.52300236415,390.62499999999994,399.6566373853569,0.008647234959700458,0.04406610600394245,471.91218472929194,5.71,5.67,0.048127935041243575,0.0022016210208907366,0.0015969367651027973,0.9929945721550661,595.5307783378138,0.5675675675675107,-0.040000000000000036,4.32
1895,type0_Step_Response,1000,9.99,3.2710415886775253e-06,5.404887958684603e-07,-1.4750534674826211e-09,3.48675035856055e-06,3.4882254120280323e-06,0.010438916074036067,0.0004417788261653236,1.0991841213317326e-08,390.62499999999994,453.1471834680823,6.863851861119394e-10,3.984701401816938e-09,7.647046959255267e-05,0.0,3.83,3.984701401816938e-09,0.001142328774324101,0.0012699318125128597,3830000.0000000005,2992.614251770128,0.383383383383345,3.83,6.16
1896,type1_Damped_Osc,1000,9.99,48.27529577970708,1.2826338502757704,42.24030300270976,51.34160144408766,9.1012984413779,32965.56314569514,3375.086456494981,2332149.3322120775,781.2499999999999,736.7796476686708,0.007111706563894058,0.03835816226846589,857.9192922559577,4.36,3.98,0.05170860361157281,0.0056814534700324205,0.005544611630481663,0.9128438273293973,3622.0725381136567,0.3983983983983585,-0.38000000000000034,6.01
1897,type5_HARD,1000,9.99,46.26606418102494,2.7071063680975023,45.34006902782056,56.07658015542424,10.736511127603677,1071514.2765095015,5754.736088635568,2147877.119690912,781.2499999999999,2049.6127929600607,2.198688695964968,5.607404000566582,5035.637156713273,0.0,0.0,10.736511127603677,0.9999999999999069,0.8121914683054542,0.0,99800.97480218949,0.0,0.0,9.99
1898,type0_Step_Response,1000,9.99,18.60906541811002,3.997153766928086,0.0028291215090575,20.242455002854356,20.239625881345297,18709.830036275398,2380.58803120588,362274.5539719657,390.62499999999994,354.3202197796758,0.007951074509779114,0.0516235738009172,553.4272018994845,4.47,4.36,0.054148036954480006,0.002675347719958853,0.001989184047800024,0.9753912806730917,924.415804222902,0.4364364364363928,-0.10999999999999943,5.63
1899,type5_HARD,1000,9.99,17.104998532118618,0.39231918531126314,16.90252413495884,18.307218408386937,1.404694273428099,139603.28688615604,835.6674092608598,292734.8891269433,390.62499999999994,1412.696324937908,0.37058405365450414,0.8279824291144529,955.2219643469427,0.0,0.0,1.404694273428099,0.999999999999288,0.9445983462662957,0.0,99383.39575156133,0.0,0.0,9.99
1900,type5_HARD,1000,9.99,8.776655617397546,0.42258294712097166,8.60181376718651,10.155476540882,1.5536627736954909,154421.89281003902,976.5983635511012,77208.26017359336,781.2499999999999,2350.199170171694,0.5525318812767538,1.4492629786780178,770.8587076209035,0.0,0.0,1.5536627736954909,0.9999999999993563,1.3075110698143588,0.0,99392.15602278788,0.0,0.0,9.99
1901,type1_Damped_Osc,1000,9.99,21.078561888082593,0.1412279082451934,20.15742043448059,21.382991395395127,1.2255709609145384,8581.607941267677,853.7323730129915,444325.7165917952,1171.8749999999998,1296.8861780181744,0.005769381564252465,0.029357613047878317,625.0269806487119,2.54,1.87,0.03394599598056658,0.02769810730111286,0.04085156847466067,0.7362201825904793,7002.130610908859,0.18718718718716845,-0.6699999999999999,8.120000000000001
1902,type2_HARD,1000,9.99,4.0840130391752805e-06,1.2031750694730586e-07,4.03055703662695e-06,4.743238483143755e-06,7.126814465168051e-07,0.0029515718148179037,0.0004996104806527287,1.6693638806631726e-08,390.62499999999994,971.9377126434987,1.743789577764666e-07,7.119817297760171e-07,0.000646901124012529,0.0,0.0,7.126814465168051e-07,0.999998596850526,1.4493111841292778,0.0,4141.496439604403,0.0,0.0,9.99
1903,type0_HARD,1000,9.99,1.9257213943483773e-09,4.40942240388001e-10,6.470312077508882e-11,2.723788671069833e-09,2.6590855502947443e-09,0.0001276982722848349,3.832927185887542e-07,3.902832948009449e-15,390.62499999999994,929.0606310291748,2.7670351948898504e-13,1.5645613074034073e-12,3.385899605122833e-08,0.0,3.17,1.5645613074034073e-12,0.0005881620263040225,0.0006261078806272389,3170000.0,48005.32534402347,0.3173173173172855,3.17,6.82
1904,type5_HARD,1000,9.99,3.036174545829798e-09,5.872811202667448e-11,2.858079058817427e-09,3.1907740055968973e-09,3.3269494677947025e-10,1.817074756766236e-05,1.338709457143124e-07,9.221804863887e-15,390.62499999999994,1422.7023258293123,3.553822243625852e-11,1.8383843843326299e-10,1.3898414528712598e-07,0.0,0.0,3.3269494677947025e-10,0.9970032509942056,0.5949999293529856,0.0,54453.169707933586,0.0,0.0,9.99
1905,type5_Square_Pulse_Wave,1000,9.99,34.16806449626653,1.4029068868581744,33.67827845917601,40.11892439680478,6.440645937628766,642231.3162805899,4476.336378366883,1169424.7791542239,781.2499999999999,2491.4121041039366,1.8914925055568668,6.440645937628766,5625.765634899761,0.0,0.0,6.440645937628766,0.9999999999998447,1.348266605057116,0.0,99715.35813330839,0.0,0.0,9.99
1906,type4_overdamped_decay_overshoot,1000,9.99,4.209894250754072e-09,7.386152762591687e-11,4.052467319000427e-09,4.676492409448291e-09,6.240250904478639e-10,2.1226823677696947e-06,1.5747232926132141e-07,1.7728665127795424e-14,390.62499999999994,285.99620698465577,1.1101886585492717e-12,5.329873267669126e-12,9.777764669965427e-08,0.0,3.85,7.226714245196587e-12,0.011562278627915977,0.014829895859150585,3850000.0000000005,3396.1554507334727,0.3853853853853468,3.85,6.140000000000001
1907,type4_HARD,1000,9.99,2.689328544209239,0.015670120038583157,2.634366587190545,2.697078064591411,0.06271147740086613,272.02340588448055,62.81294928819728,7232.733571360609,390.62499999999994,563.9441585871004,0.0006435425664245507,0.003203204955315453,57.31569961760518,1.57,1.55,0.003867533863445516,0.06167186651753842,0.041068132522210705,0.9872605176684601,4337.697294887615,0.1551551551551396,-0.020000000000000018,8.44
1908,type4_overdamped_decay_overshoot,1000,9.99,1.2313203758344084e-06,2.6783399933629397e-08,1.1771417244068632e-06,1.33914493858889e-06,1.6200321418202665e-07,0.0004114732176523745,3.507314658720123e-05,1.5168672184569936e-09,390.62499999999994,290.2152641036993,3.2450071885588986e-10,1.6019718316393583e-09,2.0452809173681463e-05,0.0,5.8500000000000005,1.7374785498486032e-09,0.010724897241848204,0.01211528799077033,5850000.000000001,2539.892062252445,0.585585585585527,5.8500000000000005,4.14
1909,type5_HARD,1000,9.99,1.649442747812392e-09,1.3620513384740793e-10,1.586459026436499e-09,2.0339077338790412e-09,4.474487074425422e-10,4.4592312422413e-05,2.4618664302174546e-07,2.739213216797284e-15,390.62499999999994,1550.6402776545756,1.332040377231566e-10,2.900474822074857e-10,2.667207460488317e-07,0.0,0.0,4.474487074425422e-10,0.9977700905735621,0.9708385829884387,0.0,99436.81781740094,0.0,0.0,9.99
1910,type4_HARD,1000,9.99,40.545613086272354,2.4017519127511333,30.494450285699838,41.54799745083252,11.05354716513268,9779.602737788195,1797.140005907791,1649715.1527921031,390.62499999999994,387.94672889041146,0.00821849786028578,0.04439598064715966,874.2928455142521,2.39,2.2,0.049602199721448414,0.004487446335589823,0.0034218762631767078,0.9205017069030514,884.7479086746106,0.2202202202201982,-0.18999999999999995,7.79
1911,type0_Step_Response,1000,9.99,39.37618902807089,7.873355160572416,-0.0167745972816437,42.369933906066834,42.38670850334848,57903.60060539038,5197.5380188526115,1612473.9838588831,390.62499999999994,342.977520459412,0.02421551505424493,0.14535531584250805,1330.63435723546,3.11,2.98,0.1620918836392633,0.0038241205642673215,0.0030756284405289444,0.9581990488105953,1366.0791943968643,0.2982982982982684,-0.1299999999999999,7.01
1912,type5_Square_Pulse_Wave,1000,9.99,2.403488793725999e-06,8.476241748564576e-08,2.3731208620134427e-06,2.779293046627393e-06,4.0617218461395015e-07,0.040436718920171595,0.00022670352451851798,5.783943048984469e-09,781.2499999999999,2032.6299159462644,4.90647063548439e-08,1.5336640915919063e-07,0.0001776841814292827,0.0,0.0,4.0617218461395015e-07,0.9999975379960129,0.5788429467600542,0.0,99555.36320942735,0.0,0.0,9.99
1913,type0_Step_Response,1000,9.99,41.474124670589006,6.142311766190735,-0.0006456711769288,43.51285704446049,43.513502715637415,127658.29771091885,4884.42333766939,1757831.0110246448,390.62499999999994,333.55674544233807,0.018190190416274957,0.09118191011245358,678.7315636097682,2.89,2.92,0.10226546056252772,0.00235020060855212,0.0029614567134798775,1.0103802732248188,2933.7628493198604,0.292292292292263,0.029999999999999805,7.07
1914,type0_Step_Response,1000,9.99,0.1715545465239166,0.03579149338808594,0.0055240558772113,0.1881454448651557,0.1826213889879444,303.7950646666199,20.238613480276825,30.71199343197607,390.62499999999994,419.3127453637118,5.819242527504595e-05,0.0002885374832182208,3.3311197819864784,4.26,3.77,0.0004972796058650975,0.0027230085622402204,0.001625873071079812,0.8849763180806766,1663.5240064076568,0.3773773773773396,-0.48999999999999977,6.220000000000001
1915,type0_Step_Response,1000,9.99,4.171608788045959,0.48782744205677364,0.0006344710119527,4.4007495955107085,4.400115124498756,17385.94304620928,580.9662400021816,17640.295493725927,390.62499999999994,443.23053726348746,0.0012990407681269796,0.006166202880341309,84.59703125271753,2.62,2.6,0.008706084504693123,0.0019786037997546503,0.00266291039849524,0.9923660334480788,3951.2473092816786,0.2602602602602342,-0.020000000000000018,7.390000000000001
1916,type0_Step_Response,1000,9.99,39.467368191310456,6.13781145635083,-1.0524788846964537,41.776926106944885,42.82940499164134,108981.54401319267,4900.569810153554,1595345.881422176,390.62499999999994,262.07140546771234,0.018007061010346076,0.10354398844206969,907.4533791704904,2.9,2.88,0.1257172489103553,0.0029353022516863717,0.0029337918146232936,0.9931031058265152,2544.5495690276143,0.2882882882882594,-0.020000000000000018,7.11
1917,type4_overdamped_decay_overshoot,1000,9.99,13.547025134180755,0.1257502762648874,13.272513728289317,14.48930679803061,1.2167930697412928,4301.666499935485,358.874435416974,183537.7031181058,390.62499999999994,302.4033412743905,0.0034367038464133094,0.022957386241493793,241.91724731211357,2.86,2.77,0.024933032053716886,0.020490774211096966,0.02732959281255744,0.9685311298842203,3535.2490139071424,0.2772772772772495,-0.08999999999999986,7.220000000000001
1918,type0_Step_Response,1000,9.99,5.352199626970709e-06,1.0520702785908093e-06,-2.0525507583103546e-07,5.679441651298773e-06,5.884696727129808e-06,0.01647833226957621,0.0008442499833641931,2.9752892718039538e-08,390.62499999999994,362.51243751637674,2.85378851735615e-09,1.3321726814223739e-08,0.00010704777698936001,0.0,3.14,1.5100925038911784e-08,0.0025661343605285027,0.0027125429383250917,3140000.0000000005,2800.200287876693,0.31431431431428286,3.14,6.85
1919,type4_overdamped_decay_overshoot,1000,9.99,24.742709134160076,0.16389914633117234,24.550488067849013,26.12328879992351,1.5728007320744979,5838.766700233222,546.2397326740058,612228.5182278163,390.62499999999994,311.15173558470497,0.003944440260623579,0.02315375689060062,395.92128020906745,2.45,2.41,0.02511843956890658,0.015970516198679414,0.024066264827453287,0.9836730678885437,3712.337221847725,0.2412412412412171,-0.040000000000000036,7.58
1920,type4_overdamped_no_overshoot,1000,9.99,1.513516190501415,0.04746740533805556,1.5001104670170715,1.843658002446173,0.34354753542910155,768.7705491129736,51.48990506390586,2292.984413479443,390.62499999999994,271.7728483902635,0.0001829793519208765,0.001065979736433631,18.773747034138513,1.58,1.57,0.0011450458917192652,0.0033330056939157907,0.0038548420882471004,0.9936702571707233,2237.7414180850333,0.15715715715714143,-0.010000000000000009,8.42
1921,type3_Sine_Wave,1000,9.99,2.6556411670337106e-06,4.634334748392945e-08,2.5905854399587333e-06,2.721784373112097e-06,1.3119893315336374e-07,0.00033469485103738587,0.00012827717664814576,7.054577713900185e-09,390.62499999999994,430.61803859983735,4.742129339688234e-08,1.3077723884079995e-07,0.00011996903225626892,0.0,0.0,1.308460928781038e-07,0.9973030453083668,1.0232379129585616,0.0,2551.02912778279,0.0,0.0,9.99
1922,type0_HARD,1000,9.99,9.984575152487996e-07,2.1308583394089755e-07,-7.3089793815922e-08,1.0643150615040854e-06,1.1374048553200074e-06,0.013779466002768513,0.00013548834824990744,1.0423229823830947e-09,390.62499999999994,418.63210507840154,2.2329262397470552e-10,1.3281948152273756e-09,2.5591682044808295e-05,0.0,2.49,1.6291203266363187e-09,0.0014323122384295869,0.0010478949818018258,2490000.0000000005,12114.81894375485,0.24924924924922431,2.49,7.5
1923,type0_Step_Response,1000,9.99,5.265460145721818e-06,1.4938615645909193e-06,2.578923480017825e-07,6.2255141635701546e-06,5.967621815568372e-06,0.00487461766827084,0.0006491572515548585,2.995669292034686e-08,390.62499999999994,380.44308887434323,2.7607417136856973e-09,1.3157506283132567e-08,0.00013376318163233096,0.0,6.04,1.3345454306469514e-08,0.0022363099543848196,0.0018480560254495039,6040000.0,816.8441302211504,0.604604604604544,6.04,3.95
1924,type0_HARD,1000,9.99,0.029166253882780352,0.005536393801654137,-0.0019536667954847,0.0358271164740227,0.0377807832695074,50.915173104360086,5.200882692525002,0.8813220218817943,390.62499999999994,360.32485973066775,7.33064506934321e-06,4.187603944549867e-05,0.8262919293673557,2.5,3.24,4.643058277679912e-05,0.0012289470666703717,0.0013240830278057373,1.2959994816002074,1347.647367176363,0.32432432432429187,0.7400000000000002,6.75
1925,type5_HARD,1000,9.99,0.15174899795973001,0.011996783580474554,0.1457329320471042,0.1816525376363814,0.035919605589277204,3582.3708794702975,19.39747942158741,23.17168119805889,390.62499999999994,1296.6766071838347,0.011046839502302452,0.022893121661997612,20.197860114886414,0.0,0.0,0.035919605589277204,0.99999999997216,0.9208167695348771,0.0,99733.02380692013,0.0,0.0,9.99
1926,type5_HARD,1000,9.99,0.17455343744611154,0.018859628264744254,0.1318998367515793,0.2186241218281016,0.0867242850765223,4653.414461418981,21.96758131790862,30.82458810253791,390.62499999999994,1347.6264197204418,4.2716116718653665e-05,0.00022157375635217802,4.814714721456469,0.0,0.0,0.0867242850765223,0.9999999999884691,0.002264950088981405,0.0,53657.57073995274,0.0,0.0,9.99
1927,type2_HARD,1000,9.99,22.71150756989428,0.5037768486622628,22.5027749797336,25.41380996948123,2.911034989747627,14170.209011571444,1707.5933377690394,516066.36721061333,781.2499999999999,873.669726849995,0.24921449355209904,1.2749958905250836,1022.4184610244253,0.0,0.0,2.911034989747627,0.9999999999996565,0.4946922317160317,0.0,4867.756334593239,0.0,0.0,9.99
1928,type2_Triangle_Wave,1000,9.99,7.896704224092266e-06,1.934547217284062e-07,7.815869732344657e-06,8.645328897054663e-06,8.294591647100058e-07,0.0056390075931249724,0.0010529401259619842,6.239536233215567e-08,781.2499999999999,1507.8444174182357,1.951113732505589e-07,8.254797855887927e-07,0.0010565944426972633,0.0,0.0,8.294591647100058e-07,0.9999987943965937,1.0085582969961315,0.0,6798.406762664088,0.0,0.0,9.99
1929,type0_Step_Response,1000,9.99,40.362557271351385,6.503213173203043,3.118009789631061,43.49269095674004,40.37468116710898,218145.66064647204,10317.294984161834,1671427.8110592416,390.62499999999994,695.8646824032047,0.010936029342745263,0.06283645967165796,1271.8418554526131,2.79,2.78,0.06301214532478383,0.0015606846544243369,0.001681634762920932,0.9964154134711778,5403.031165585471,0.2782782782782504,-0.010000000000000231,7.210000000000001
1930,type1_HARD,1000,9.99,0.15893163504469748,0.023665698913231035,-0.0057842587781621,0.2168810875705656,0.2226653463487277,646.15352456939,35.036540956160145,25.819329923032612,781.2499999999999,708.0354464899712,4.886547670081099e-05,0.0002462649346310908,3.165469700538123,2.51,2.51,0.0002793350857970833,0.0012545063269896867,0.002064822884712119,0.9999996015937842,2901.904293425676,0.25125125125122605,0.0,7.48
1931,type1_HARD,1000,9.99,1.2415688004760073e-06,1.5744820369860225e-07,1.4732289855118792e-08,1.4761506700818375e-06,1.4614183802267188e-06,0.004694156995679586,0.00019688646882535973,1.5662830231633483e-09,0.0,324.45769790394746,2.5488528839416697e-10,1.243324728023459e-09,2.9609838347099512e-05,0.0,1.86,1.5195030832826353e-09,0.0010397447193063126,0.00161884139396527,1860000.0000000002,3212.053336087108,0.18618618618616756,1.86,8.13
1932,type0_Step_Response,1000,9.99,1.017007990167165e-09,2.1283673529024813e-10,-2.160217076469726e-11,1.097877710253831e-09,1.1194798810185282e-09,1.2287936487995216e-06,1.2732460668066174e-07,1.0796047279528677e-15,390.62499999999994,326.0395518529802,4.637651673358408e-13,2.4970001386189444e-12,2.2711192208929937e-08,0.0,2.93,2.5509903825543053e-12,0.0022766945000702982,0.0021687815552662456,2930000.0000000005,1096.667302658335,0.2932932932932639,2.93,7.0600000000000005
1933,type4_overdamped_decay_overshoot,1000,9.99,0.005330871180678015,5.375134729622877e-05,0.0051951988204139,0.0056224186254083,0.0004272198049944005,1.5049560874100252,0.16183959177156135,0.028421076752319568,390.62499999999994,326.7237016421025,1.5324175310770642e-06,8.661753288699732e-06,0.13993176614381714,1.68,3.47,8.661753288699732e-06,0.020274699738085784,0.028509378455620613,2.0654749610268093,3522.67396383245,0.3473473473473126,1.7900000000000003,6.52
1934,type0_Step_Response,1000,9.99,3.3794710532895675e-06,4.1344527154017624e-07,-7.502179046670088e-10,3.535861504780545e-06,3.536611722685212e-06,0.014208521890325634,0.0004316620401679089,1.1591761592581026e-08,390.62499999999994,316.07466270672535,1.4922691780542364e-09,8.400947525122671e-09,7.764815414595202e-05,0.0,2.43,8.57189125776865e-09,0.0024237574000639654,0.0036093424485247215,2430000.0000000005,4017.550974463966,0.24324324324321892,2.43,7.5600000000000005
1935,type4_overdamped_no_overshoot,1000,9.99,1.3169805452273022e-06,5.713249266593566e-08,1.3009721548821318e-06,1.7342649434663038e-06,4.33292788584172e-07,0.0010506954937555325,7.295517856415405e-05,1.737701878225425e-09,390.62499999999994,262.93653028187424,4.4308867533012133e-10,2.510567069188701e-09,3.4472431343535534e-05,0.0,1.4,2.734001907411342e-09,0.006309810986086252,0.007755322747742696,1400000.0,2424.9031983328873,0.1401401401401261,1.4,8.59
1936,type1_Damped_Osc,1000,9.99,0.019665823848461536,0.00018370256716551746,0.018944850924431,0.0203553567719928,0.0014105058475618014,6.058239109460114,0.7851575151568129,0.3867783742719016,781.2499999999999,943.9682048772398,5.203418153979537e-06,2.881901657819999e-05,0.43498851588143683,2.24,3.21,3.562462624940102e-05,0.025256631360816455,0.02832523358786806,1.433035074537913,4295.082587312414,0.32132132132128916,0.9699999999999998,6.78
1937,type4_overdamped_decay_overshoot,1000,9.99,2.1771455242770317e-06,2.0721748733852657e-08,2.161397236582424e-06,2.341283083767186e-06,1.798858471847622e-07,0.0005375038376891398,5.882875550517339e-05,4.7403920247501e-09,390.62499999999994,302.52188239266343,4.1513655206187166e-10,2.4194667362921373e-09,4.6140838428742864e-05,0.0,3.29,2.4724598197323554e-09,0.013744528065428184,0.0200328902981729,3290000.0,2988.0107751128035,0.32932932932929637,3.29,6.7
1938,type1_HARD,1000,9.99,14.41282333146677,2.6312996080279585,1.4303138398443678,16.126583209051784,14.696269369207416,16859.53782794538,2055.3391857764527,214653.21401128097,390.62499999999994,397.99136256392273,0.0015706288401257276,0.008446437457173772,183.94455111030084,3.18,3.16,0.00906415298704566,0.000616765572223169,0.0005969023198016765,0.9937103793363586,1147.1984763200815,0.31631631631628465,-0.020000000000000018,6.83
1939,type3_Sine_Wave,1000,9.99,4.485932480584274e-06,5.072787723762109e-08,4.4079953085518906e-06,4.554758282951528e-06,1.4676297439963752e-07,0.00031056778450095653,7.886881806077485e-05,2.0126163537890012e-08,390.62499999999994,367.6694872269562,5.136929933172885e-08,1.4612881643093362e-07,7.72624196840346e-05,0.0,0.0,1.467388785204124e-07,0.999829005181089,1.012624408995057,0.0,2116.1036676158833,0.0,0.0,9.99
1940,type5_HARD,1000,9.99,20.31616084013988,1.0949355315102944,17.005039643014726,24.54382745960888,7.538787816594155,449588.93834504497,2682.845632263299,413945.27510059695,390.62499999999994,2203.1213607432483,0.9226071951640047,2.3018053372428255,2123.620870491837,0.0,0.0,7.538787816594155,0.9999999999998673,0.8426132576870237,0.0,59636.76777788646,0.0,0.0,9.99
1941,type1_HARD,1000,9.99,7.6813414174787e-09,1.1871017947986647e-09,-8.909178864349057e-10,1.1797002797781588e-08,1.2687920684216494e-08,5.27874963346424e-05,2.7622874630205416e-06,6.041221664308788e-14,1171.8749999999998,1229.42193669439,2.5939669929906294e-12,1.5502499816458723e-11,1.7122618086141784e-07,0.0,2.49,1.6737721828897847e-11,0.0013190816024027622,0.002183286823020246,2490000.0000000005,4160.125013650984,0.24924924924922431,2.49,7.5
1942,type5_Square_Pulse_Wave,1000,9.99,39.98633919646035,0.26952147671713766,39.89290099257868,41.28288670385435,1.3899857112756706,137437.66467525729,1249.0019282209862,1598979.964160793,781.2499999999999,2484.859414389586,0.29742031395027124,0.9322665195253634,1409.4626999620953,0.0,0.0,1.3899857112756706,0.9999999999992805,1.1035124828338259,0.0,98877.03417398721,0.0,0.0,9.99
1943,type0_HARD,1000,9.99,2.9980299828397803e-06,5.251787699086595e-07,1.6779629045754914e-07,3.1581034128942097e-06,2.9903071224366605e-06,0.015703929565270947,0.0003703533626254582,9.263996518369064e-09,390.62499999999994,345.7404421945582,7.812870299783398e-10,4.710760953101164e-09,7.333339066723867e-05,0.0,1.29,6.4616877596749435e-09,0.00216087690468821,0.0014876563697688184,1290000.0,5251.609172794728,0.1291291291291162,1.29,8.7
1944,type4_overdamped_decay_overshoot,1000,9.99,14.618742081131298,0.22498364515089733,13.993147902398462,15.83182572770151,1.8386778253030478,6808.2630172845875,448.43290775244947,213758.23767522443,390.62499999999994,315.3623565644007,0.00233076180487795,0.014153895364229285,265.5462511673174,3.18,3.16,0.014697881003026936,0.007993722881058003,0.010359694382693196,0.9937103793363586,3702.8036796814895,0.31631631631628465,-0.020000000000000018,6.83
1945,type1_Damped_Osc,1000,9.99,0.06626584910825983,0.0012425222260544339,0.060649324752798,0.0711483379512318,0.010499013198433792,60.07855576418974,4.108961765205988,4.392706619520899,781.2499999999999,793.6207177348525,1.7710540277858373e-05,8.966339717739191e-05,1.857900221377479,2.69,2.8000000000000003,0.00010271854643530143,0.009783638184285834,0.014253700973900154,1.0408918063599233,5722.305003619745,0.28028028028025226,0.11000000000000032,7.1899999999999995
1946,type0_HARD,1000,9.99,2.9184229660268985,0.40493076627621016,-0.1088290488212931,4.583370433986767,4.69219948280806,22703.635375563324,1015.2712316759496,8681.161534110279,1562.4999999999998,1429.570109381638,0.0005612692499910048,0.003123749216772609,67.06297809213585,2.13,2.12,0.003966975814100326,0.0008454405718755659,0.0013860869480259927,0.9953046970400484,4838.5912531518015,0.21221221221219097,-0.009999999999999787,7.87
1947,type4_overdamped_decay_overshoot,1000,9.99,29.018317300927905,0.23729451652737127,28.706770639178945,31.384086364755337,2.677315725576392,14412.089565270491,641.8556964780846,842119.0476649058,0.0,322.55792178190853,0.004578238855965014,0.025104125324148185,343.72740707510866,2.34,1.48,0.037358887080930714,0.01395385935398929,0.01929348778448335,0.6324783621887341,5383.036982745981,0.14814814814813332,-0.8599999999999999,8.51
1948,type1_HARD,1000,9.99,4.882119715931568,1.2222748194557282,0.2325548402288042,5.374532543790771,5.141977703561967,108514.3493035673,583.5157740682976,25329.04865496327,390.62499999999994,569.9749852647914,0.0011070138312759582,0.005983795832467109,88.47187128996764,1.98,1.96,0.006262458791530534,0.0012179085854828126,0.000905699613257188,0.9898984899502576,21103.621127795985,0.19619619619617654,-0.020000000000000018,8.030000000000001
1949,type4_overdamped_decay_overshoot,1000,9.99,3.986335989544296e-06,9.439799898804784e-08,3.674290202244099e-06,4.681801552818256e-06,1.007511350574157e-06,0.006549080408959209,0.00021627353520137403,1.589978560374905e-08,390.62499999999994,427.05647316249593,1.0569540296258911e-09,5.6928008158290335e-09,0.00010557797643925352,0.0,1.95,6.496919169088323e-09,0.00644847595703009,0.011196665652775783,1950000.0,6500.248265172179,0.19519519519517564,1.95,8.040000000000001
1950,type3_Sine_Wave,1000,9.99,2.4683669191000565e-06,2.8393112649595924e-08,2.4276890664625816e-06,2.5101989859026954e-06,8.25099194401138e-08,0.000170316990041114,4.339759907224716e-05,6.093641416153438e-09,390.62499999999994,374.86257037202364,1.973189571784647e-08,6.566469054489046e-08,4.3432459695381716e-05,0.0,0.0,8.25099194401138e-08,0.9999878803919919,0.6949291200381031,0.0,2064.1751564134443,0.0,0.0,9.99
1951,type5_HARD,1000,9.99,1.1076265810226505e-09,3.6624834641827865e-11,1.0573737481516982e-09,1.246724997558547e-09,1.893512494068488e-10,1.4424496060867555e-05,6.452101790040568e-08,1.2281780215004672e-15,781.2499999999999,1478.6175612634997,3.0845450944258806e-11,1.44816103229251e-10,7.266971830429703e-08,0.0,0.0,1.893512494068488e-10,0.9947465540514386,0.8198162526930455,0.0,75778.31039100375,0.0,0.0,9.99
1952,type0_Step_Response,1000,9.99,23.52125794741397,4.168709253166196,-0.0107574535376092,24.860751926262964,24.871509379800575,37760.92643348896,3127.6708713922867,570627.7122662184,390.62499999999994,293.9381045419008,0.013569524329999288,0.06875717254009217,627.2876491519635,3.22,2.83,0.08046285079064575,0.0032351414448529817,0.0032550901264437617,0.8788817146330078,1518.2402425546004,0.2832832832832549,-0.3900000000000001,7.16
1953,type4_HARD,1000,9.99,19.60839772686613,0.1255667090772499,19.5016349858651,20.6041097237551,1.1024747378900024,3435.168938339927,408.4300662841423,384505.0284133974,390.62499999999994,326.00447213318995,0.005389159997800547,0.02842829274650782,365.5062980966791,3.04,3.04,0.030013758835089277,0.02722398781899039,0.042918700644150536,0.9999996710527398,3115.870885995348,0.30430430430427385,0.0,6.95
1954,type5_Square_Pulse_Wave,1000,9.99,23.530246673772368,0.3868836600411719,23.33598873861081,25.509931920163268,2.1739431815524597,213955.10005803613,1585.7976840026145,553822.1874949823,390.62499999999994,1430.1371957025012,0.4113941647308321,2.1711819478368604,2731.768618164586,0.0,0.0,2.1739431815524597,0.9999999999995399,1.063353682825448,0.0,98417.98160757254,0.0,0.0,9.99
1955,type1_Damped_Osc,1000,9.99,26.50345469182172,0.45259346386703697,24.203602061762712,28.098576812519077,3.894974750756365,32906.30606641364,1475.5789360265223,702637.951444982,781.2499999999999,757.1222976090768,0.007167395744103806,0.03249593494820857,629.269632115707,2.12,2.11,0.049173521563503186,0.01262486272958292,0.015836277622854954,0.9952825493950237,8448.40035484572,0.21121121121119005,-0.010000000000000231,7.880000000000001
1956,type0_HARD,1000,9.99,12.773386705405388,2.3673118172841114,-1.1124291000617637,16.542460280152856,17.65488938021462,34067.08883600888,2681.5533399175224,168763.57316608017,390.62499999999994,400.7638789299674,0.004713450101974844,0.024604076272934705,354.9348956713676,5.26,5.24,0.024604076272934705,0.001393612598927211,0.00199105587508972,0.9961975292400135,1929.612137597705,0.5245245245244721,-0.019999999999999574,4.75
1957,type1_Damped_Osc,1000,9.99,1.4986595697369455e-06,1.1605568354441206e-08,1.4187302531484696e-06,1.5351022957012085e-06,1.1637204255273884e-07,0.0009431789802440768,6.300966451939824e-05,2.246115195180956e-09,1562.4999999999998,1559.975732355173,4.2766006026585265e-10,2.3457315252253745e-09,3.247967703172284e-05,0.0,1.63,3.138127619315917e-09,0.02696610443860962,0.036846382772752144,1630000.0,8104.789215394447,0.1631631631631468,1.63,8.36
1958,type0_HARD,1000,9.99,24.268657826499265,3.213260162232994,0.955051948361256,29.54912846426137,28.594076515900113,83700.6971511501,3895.001966757451,599292.7935698977,0.0,371.36483832191215,0.004183528157992845,0.021648118956949958,494.3860157171813,2.79,2.22,0.02814598670273938,0.0009843292783765004,0.0013019574969878192,0.7956986395345378,2927.2040698570668,0.22222222222219998,-0.5699999999999998,7.77
1959,type1_Damped_Osc,1000,9.99,46.50621262001057,1.0963146284348042,41.34851867937641,50.36967472918169,9.021156049805278,34889.059148164844,3823.2093890718193,2164029.71802215,1171.8749999999998,997.6141859453107,0.010525085333828826,0.05041659479024929,1206.3774125883351,4.41,3.49,0.07450049533754566,0.008258419977021182,0.009600424057869015,0.7913830405027119,3867.4709710751604,0.3493493493493144,-0.9199999999999999,6.5
1960,type0_Step_Response,1000,9.99,4.991049431361435,0.9077245220425733,0.3257984648950869,5.453247211007534,5.127448746112448,9801.95427718744,823.8991634436959,25734.538234210715,390.62499999999994,437.8101019951795,0.002191920111360268,0.01119963568752258,92.08484743823345,5.37,4.87,0.013427238936457364,0.0026186978361578107,0.0024147415412173363,0.9068899614730053,1911.6630438514317,0.4874874874874387,-0.5,5.12
1961,type0_Step_Response,1000,9.99,23.942034135272493,6.6635555628683285,0.8007072969249281,27.02830682824481,26.227599531319882,19386.626109099758,3007.2384947729033,617623.9712739869,390.62499999999994,399.16590164559483,0.014898805957643042,0.06815510702636018,539.2465481304358,3.51,3.51,0.06815510702636018,0.002598602550148353,0.0022358642945310135,0.9999997150997962,739.168908155256,0.3513513513513162,0.0,6.48
1962,type5_Square_Pulse_Wave,1000,9.99,0.03844186959646204,0.0054638999242372695,0.0360186541915109,0.0509364348682447,0.0149177806767338,1490.32927331676,8.889776801645304,1.507631540453473,390.62499999999994,1341.7356435139588,0.00202813043468855,0.012316834861132997,10.420803920874574,0.0,0.0,0.0149177806767338,0.9999999999329658,0.37118733183980823,0.0,99902.88136768344,0.0,0.0,9.99
1963,type0_Step_Response,1000,9.99,1.098228372418589e-09,1.5003486980168485e-10,-1.844117813881125e-13,1.142846441385687e-09,1.1430308531670752e-09,3.176255206599645e-06,1.338711994777386e-07,1.2286160201415912e-15,390.62499999999994,275.04524819527035,8.130558108424114e-13,3.3618548662471373e-12,2.4916061193131985e-08,0.0,1.95,4.055562927264756e-12,0.003544976882430703,0.005383232441024963,1950000.0,2776.371981408251,0.19519519519517564,1.95,8.040000000000001
1964,type2_HARD,1000,9.99,20.884957348463296,0.7726046580643924,20.544633051303585,24.414413405687515,3.8697803543839306,12797.580482656555,2630.319690332351,436778.3614047938,390.62499999999994,833.4381539887909,0.7181648360744526,2.9390654783648706,2691.558292806545,0.0,0.0,3.8697803543839306,0.9999999999997415,0.9295372847903125,0.0,3307.056036954486,0.0,0.0,9.99
1965,type4_HARD,1000,9.99,0.007699603317471992,0.00011969499995950468,0.0072814957071356,0.0077571656777994,0.00047566997066379995,0.6629858328699965,0.15348354675360276,0.059298218139441,390.62499999999994,427.98195021050344,1.0929303504622978e-06,6.458189068800531e-06,0.12201794284992035,1.76,2.46,7.251844871199696e-06,0.015245538510312455,0.00913096070597016,1.397726478564501,1393.7937485332582,0.24624624624622157,0.7,7.53
1966,type1_HARD,1000,9.99,1.3750170927949556e-06,2.498297727633647e-07,-4.73583810915341e-08,1.4424701128211452e-06,1.4898284939126793e-06,0.0019227461431915488,0.00016810657649921212,1.953086920837286e-09,390.62499999999994,306.37607489565386,2.0092204474145333e-10,1.1446339471589055e-09,2.2380872443674263e-05,0.0,1.51,1.1446339471589055e-09,0.000768298621980425,0.0008042325711883506,1510000.0,1290.5813390376088,0.151151151151136,1.51,8.48
1967,type5_HARD,1000,9.99,1.5156054161765644e-09,8.607916454890131e-11,1.2134544469056306e-09,1.7716893609980066e-09,5.58234914092376e-10,2.9737835690504393e-05,1.891607997587999e-07,2.3044694001131734e-15,781.2499999999999,1958.8942442824746,5.676786384655557e-11,2.206684951699416e-10,1.150013184284572e-07,0.0,0.0,5.58234914092376e-10,0.9982118426893589,0.6519109839952159,0.0,53175.92829261768,0.0,0.0,9.99
1968,type0_Step_Response,1000,9.99,1.6737472010342049e-06,3.6610803183005385e-07,-2.837741854026105e-10,1.833806565836158e-06,1.8340903400215606e-06,0.001939502342513059,0.0002017643019975334,2.9354647839403103e-09,390.62499999999994,357.3596851625293,5.675168237298303e-10,2.880558436640398e-09,3.096960304139146e-05,0.0,3.73,3.617513534149518e-09,0.001972373706375492,0.0015501306288266308,3730000.0,1057.4731477060784,0.373373373373336,3.73,6.26
1969,type4_overdamped_no_overshoot,1000,9.99,0.0028302202232038634,4.6627489493855963e-05,0.0028151210243245,0.0031419140131537,0.00032679298882919974,0.7936185856699876,0.09867007015652787,0.008012320634608628,390.62499999999994,316.34481288107696,6.108227711319692e-07,3.5597232738997404e-06,0.07233400653959855,0.51,1.56,4.078220892899699e-06,0.012479523795878257,0.013100056740399879,3.05881753173033,2428.5055382760106,0.15615615615614054,1.05,8.43
1970,type0_Step_Response,1000,9.99,1.9880621254872915e-06,4.968698712368543e-07,-6.001378767655203e-08,2.1860529735422647e-06,2.2460667612188166e-06,0.0029230277920890726,0.00027745694360584497,4.199270683739976e-09,390.62499999999994,352.2573742761819,1.250111671613869e-09,6.296420101458858e-09,6.255866656835876e-05,0.0,2.75,8.011482931644874e-09,0.0035668928026007045,0.002515968924686573,2750000.0,1301.397866332807,0.2752752752752477,2.75,7.24
1971,type0_Step_Response,1000,9.99,35.30085092137952,7.693367184680875,0.0041755678956384,41.480755462183154,41.47657989428752,66824.92355127749,5932.021141780541,1305337.974411786,390.62499999999994,380.15343823742586,0.019729186894910808,0.10631726765801375,1047.154717745985,3.16,3.15,0.120664095262633,0.0029092103440102805,0.0025644410855877563,0.9968351275838203,1611.148357014835,0.31531531531528373,-0.010000000000000231,6.84
1972,type0_HARD,1000,9.99,4.630917911487423e-09,7.02515507372047e-10,-6.493436148742425e-11,6.537172921264247e-09,6.602107282751672e-09,1.8446054509870605e-05,1.1381419083335132e-06,2.1938928741033243e-14,781.2499999999999,759.6210264019412,1.056868716877397e-12,6.080965445595683e-12,1.1976641164665976e-07,0.0,3.6,6.600380914012238e-12,0.0009995871082169822,0.0015022678331928832,3600000.0000000005,2793.5415433964745,0.36036036036032426,3.6,6.390000000000001
1973,type1_Damped_Osc,1000,9.99,1.4133620392171273,0.03539528883001493,1.2459111149842204,1.487416618931208,0.24150550394698755,1085.631718970581,88.91147727542872,1998.845080371357,781.2499999999999,690.0981644223501,0.0002521280061598751,0.0014153732524015972,24.618118322393357,4.64,3.67,0.0017308210504332067,0.007166797535206358,0.007123208045104277,0.7909481053991152,4495.2669865627195,0.36736736736733056,-0.9699999999999998,6.32
1974,type4_overdamped_no_overshoot,1000,9.99,3.5850025777386234,0.14400853591273313,3.5208018065441937,4.266241798561012,0.7454399920168182,893.2685862774291,149.8622517954636,12872.981940808304,390.62499999999994,369.43924417665403,0.001380729992534942,0.006912932737083377,102.06447441112707,3.3000000000000003,3.25,0.007873260272662108,0.010561896808554799,0.00958783438616482,0.9848481864096403,1198.3105224331423,0.32532532532529274,-0.050000000000000266,6.74
1975,type1_HARD,1000,9.99,4.106695510145502,0.47227116125646124,0.4080991854130227,6.125746176600561,5.7176469911875385,28357.0205337432,1051.6948372851655,17087.988062803757,1562.4999999999998,1362.5976646484812,0.0010524704490462184,0.0051487461855614924,115.28122215739067,1.77,1.76,0.006589734099679667,0.001152525524894262,0.0022285299958691705,0.9943497207063725,4959.561263128729,0.17617617617615855,-0.010000000000000009,8.23
1976,type5_Square_Pulse_Wave,1000,9.99,0.04033981181528628,0.0006677111617993716,0.0401379702662222,0.0429327539096497,0.002794783643427501,277.4994325721501,1.3995189559694723,1.6277462554883018,781.2499999999999,1826.0922620880262,4.133799316091989e-06,2.3444029591201954e-05,0.4640328455804436,0.0,0.0,0.002794783643427501,0.9999999996421906,0.006190999261957942,0.0,99291.91947485962,0.0,0.0,9.99
1977,type0_HARD,1000,9.99,34.90661191132022,3.886382878990512,-1.2840471714408448,45.81453597989192,47.09858315133277,246563.1140583568,7000.132236314583,1233575.5270096336,0.0,692.4958530916767,0.005223592339631939,0.026699395135700854,466.5958883237367,1.43,1.42,0.03529469480943703,0.0007493791203024232,0.0013440755844898696,0.9930062985969941,5235.043127860513,0.1421421421421279,-0.010000000000000009,8.57
1978,type0_HARD,1000,9.99,9.65795488463148e-09,1.9727346578658043e-09,-5.239999770912305e-10,1.4007067649040568e-08,1.4531067626131798e-08,2.3499536207083685e-05,2.328145907630877e-06,9.716777458392197e-14,390.62499999999994,388.59996722785644,2.5998583677877525e-12,1.438738405346035e-11,1.5047428759768443e-07,0.0,3.96,1.9283282812999407e-11,0.001326946949952524,0.001317227904686527,3960000.0,1617.0813962375485,0.3963963963963567,3.96,6.03
1979,type1_HARD,1000,9.99,1.886396464234587e-09,4.1177252426944235e-10,-9.1669503131047e-12,2.938205120260689e-09,2.9473720705737935e-09,4.818358240443946e-06,5.855875014317145e-07,3.728048232019978e-15,390.62499999999994,415.7600285959768,4.5394762572802157e-13,2.678224720345215e-12,4.2601490381912514e-08,0.0,6.24,2.9898224761157722e-12,0.0010140587431130808,0.0010997525247869978,6240000.000000001,1634.2436182100407,0.6246246246245621,6.24,3.75
1980,type5_Square_Pulse_Wave,1000,9.99,1.0505364163176792e-06,1.61526970074966e-08,1.044931270025201e-06,1.1016208515945637e-06,5.668958156936266e-08,0.005601251306217978,5.882867571132063e-05,1.103887671630208e-09,781.2499999999999,2644.1604602681227,1.6359802234931204e-08,5.6187288538856776e-08,5.8135601136898104e-05,0.0,0.0,5.668958156936266e-08,0.9999823603855823,1.0127590128339632,0.0,98803.91329844933,0.0,0.0,9.99
1981,type3_Sine_Wave,1000,9.99,1.6005314511318177e-09,1.826100486257071e-11,1.572396794758238e-09,1.6248449366747807e-09,5.244814191654268e-11,1.0988320387670335e-07,2.8199969733780345e-08,2.5620343903607125e-15,390.62499999999994,366.6922372156474,1.91439489732261e-11,5.237348379147094e-11,2.8440697132931954e-08,0.0,0.0,5.244814191654268e-11,0.9812902756926243,0.9939226488867109,0.0,2055.8844505442667,0.0,0.0,9.99
1982,type0_HARD,1000,9.99,25.038393907228805,4.775280792499414,0.8523514538943093,37.21152423795669,36.35917278406238,62934.291182021334,6409.468333742959,649724.4761007663,390.62499999999994,433.2448170034509,0.0038013952730251623,0.027391143377212046,425.80278104673965,5.62,5.6000000000000005,0.027391143377212046,0.000753348915276144,0.000796056910202068,0.9964411038361026,1730.905473449223,0.5605605605605045,-0.019999999999999574,4.39
1983,type2_HARD,1000,9.99,4.880172401872897,0.08332724449940793,4.842932986485002,5.219212645531414,0.3762796590464115,2581.321277521553,312.30703646162726,23823.02610167774,390.62499999999994,996.0324442064059,0.10025627794625472,0.37574458897186513,341.64107475671995,0.0,0.0,0.3762796590464115,0.9999999999973425,1.2031632456748753,0.0,6860.113788920769,0.0,0.0,9.99
1984,type0_Step_Response,1000,9.99,41.514443720052356,5.7966373615559,0.0027159665628208,43.19950920366857,43.19679323710575,124426.87734847881,5052.385113896353,1757050.0420867803,390.62499999999994,278.4870094975884,0.02090814730865754,0.10161232800869158,933.0416475848923,1.66,1.65,0.1279546635129023,0.002962133388248532,0.0036069441651326428,0.9939753048341538,2880.4656092293926,0.16516516516514862,-0.010000000000000009,8.34
1985,type1_Damped_Osc,1000,9.99,2.784446034597822e-09,5.960400450953441e-11,2.551830746552227e-09,2.979294031499877e-09,4.2746328494764995e-10,2.57643481703694e-06,1.3437821513975657e-07,7.756692356941106e-15,390.62499999999994,511.69699856396284,5.925778682222227e-13,3.1742103282385416e-12,4.01229535128059e-08,0.0,3.28,3.8560205770751905e-12,0.008999652274864864,0.009777866545584402,3280000.0,6013.198580951297,0.32832832832829545,3.28,6.710000000000001
1986,type0_HARD,1000,9.99,3.799078831816304e-09,9.40356934287268e-10,-1.6308372078461335e-10,4.196023391236471e-09,4.359107112021085e-09,0.00016767275272281827,5.353125080559105e-07,1.5317271134216883e-14,390.62499999999994,762.8324499917363,1.0088679232664267e-12,5.611793871664203e-12,9.727121072300104e-08,0.0,1.83,6.275538749951101e-12,0.001439308390532208,0.0010717166746429432,1830000.0000000002,38456.108626445006,0.18318318318316484,1.83,8.16
1987,type1_HARD,1000,9.99,0.003263567167534901,0.0006236514910541957,8.13140224080085e-05,0.0035144610276769,0.0034331470052688913,3.6077796922400056,0.42683649232287296,0.011039811839305897,390.62499999999994,341.0174189835845,1.0244923683768182e-06,5.908192975699871e-06,0.08735367093835482,1.27,3.29,5.908192975699871e-06,0.001720926300246267,0.0016427321692157344,2.590549141299889,1050.8666496518317,0.32932932932929637,2.02,6.7
1988,type0_HARD,1000,9.99,12.764748200405037,3.157222850895984,-0.3034060658944617,14.027829005719616,14.331235071614078,560067.5577741296,1876.3851527158968,172906.8527499634,390.62499999999994,784.0932229183717,0.002675822050675277,0.015302096012741018,299.42822525287716,2.46,2.45,0.015531171025063628,0.001083728718945179,0.0008475239718713747,0.9959345544981486,39080.2017394452,0.2452452452452207,-0.009999999999999787,7.54
1989,type0_HARD,1000,9.99,45.32209557640666,9.997759070986909,-2.4596659479323244,48.55659579983266,51.01626174776498,732425.9491554713,6175.824325046585,2154047.533878442,390.62499999999994,447.29470653682836,0.01663643378822505,0.09560896274184927,1289.823519483722,3.24,3.24,0.09560896274184927,0.0018740879763899207,0.0016640162730567935,0.99999969135812,14356.71537002698,0.32432432432429187,0.0,6.75
1990,type0_Step_Response,1000,9.99,30.227767205770025,4.112775489896944,1.7167474004788477,31.572252161039188,29.85550476056034,127813.2644956396,3541.8803534388317,930632.8324765228,390.62499999999994,379.8387860649966,0.005240695180992949,0.0322331646686429,563.2146884544134,2.84,2.81,0.034224769964072976,0.0011463470552098443,0.001274247814855314,0.9894362713252566,4281.061918754726,0.2812812812812531,-0.029999999999999805,7.18
1991,type1_HARD,1000,9.99,0.046724930478339546,0.007068152175512803,0.0010778022275247,0.076871813805302,0.0757940115777773,319.1882451545301,18.630809944046433,2.2331779033818693,1171.8749999999998,1305.8939524668394,1.0018602418513627e-05,5.2021793550002804e-05,0.6770368239465461,3.17,3.47,5.432095055080133e-05,0.0007166918522889142,0.0014174287944457471,1.0946368786634453,4211.2594188629055,0.3473473473473126,0.30000000000000027,6.52
1992,type4_HARD,1000,9.99,44.82001760847276,1.277745261680944,35.82381142808488,45.313317166981406,9.489505738896526,25005.511053980455,1466.325243305229,2010466.6113775563,390.62499999999994,270.2901766291858,0.01839794227121471,0.09646535821796931,734.9900948535429,3.31,3.37,0.09646535821796931,0.010165477620457868,0.014398756014165773,1.0181265806264106,2635.069912174957,0.3373373373373036,0.06000000000000005,6.62
1993,type0_Step_Response,1000,9.99,5.918486488716036e-09,9.657740771956843e-10,-9.268108876401611e-13,6.231568829005154e-09,6.232495639892794e-09,1.3287447918809819e-05,7.59539427463954e-07,3.596120188529744e-14,390.62499999999994,291.15714322419103,3.1005954176019104e-12,1.7155240706109767e-11,1.6933436511483525e-07,0.0,2.64,1.9095000003393637e-11,0.003063289221089764,0.0032071561399285636,2640000.0000000005,2131.620632534579,0.2642642642642378,2.64,7.35
1994,type0_Step_Response,1000,9.99,31.449002114943077,5.457421980080687,-0.0239206098107371,32.96562458951956,32.989545199330294,57970.24784152231,4205.7739885982055,1018823.188694362,390.62499999999994,278.1153601174629,0.016742694424180794,0.08554241161716192,989.4454749524639,2.06,2.06,0.0936265159442371,0.0028380662836823504,0.003067876093380301,0.9999995145633424,1757.2308890968698,0.20620620620618557,0.0,7.93
1995,type1_HARD,1000,9.99,2.1725326611021053e-09,3.300782917123018e-10,1.0789346285720433e-10,2.7618253741350432e-09,2.6539319112778387e-09,5.683582091181564e-06,3.827928206998411e-07,4.828849842215108e-15,390.62499999999994,385.9805999673149,4.882174403131656e-13,2.6826067931862837e-12,5.936658498450029e-08,0.0,2.99,2.9284599366092975e-12,0.0011030263805145225,0.00147462836596189,2990000.0000000005,2140.7637864603516,0.29929929929926935,2.99,7.0
1996,type1_Damped_Osc,1000,9.99,4.0262471751552285e-09,5.729448450817801e-11,3.660113069134822e-09,4.243081205430381e-09,5.82968136295559e-10,5.105041336286732e-06,2.1161071903424145e-07,1.621394897340051e-14,1171.8749999999998,1192.396120853326,7.105604303663797e-13,4.193992168483292e-12,6.530860888051375e-08,0.0,1.55,6.016444923078541e-12,0.010302693844298189,0.01218915367999689,1550000.0,8741.986110185573,0.1551551551551396,1.55,8.44
1997,type2_Triangle_Wave,1000,9.99,18.89539846891057,0.8673959953947472,18.555980644817893,22.45845622624056,3.9024755814226673,31085.551891631265,5246.782123692083,357788.45911173476,781.2499999999999,1798.672389320906,0.8517161976627105,3.864868872230115,4914.410511764314,0.0,0.0,3.9024755814226673,0.9999999999997438,0.9819231379712758,0.0,7965.598052580486,0.0,0.0,9.99
1998,type1_Damped_Osc,1000,9.99,1.922920246881398e-06,2.0207916362319575e-08,1.8167136039919165e-06,1.9728320080993176e-06,1.5611840410740116e-07,0.0009485220588214656,6.625582056996236e-05,3.6980306357501237e-09,781.2499999999999,856.713481822494,2.6738652973913644e-10,1.799409652241207e-09,2.523442269670358e-05,0.0,2.89,2.0709742563019037e-09,0.013265322578846077,0.013231116648970379,2890000.0000000005,6075.619262349586,0.28928928928926034,2.89,7.1
1999,type0_Step_Response,1000,9.99,44.424914785189266,9.77285497786604,-0.0096524762637971,48.99128215604524,49.00093463230903,205773.34895888774,8153.078421994595,2069081.748089728,390.62499999999994,524.5975153729268,0.007847387153158632,0.046931232953838276,830.8654552244295,3.61,3.6,0.046931232953838276,0.0009577619958883999,0.0008029779599647096,0.9972296406566092,4199.376001763153,0.36036036036032426,-0.009999999999999787,6.390000000000001
2000,type2_HARD,1000,9.99,10.261301935039693,0.16633081284002643,10.177442631033044,10.934623775176174,0.7571811441431304,3286.3413395540774,557.9391525083926,105321.98334134938,390.62499999999994,779.2414222837018,0.09574357930160832,0.3565292527182766,371.72331233513626,0.0,0.0,0.7571811441431304,0.9999999999986794,0.5756214237533782,0.0,4340.231350146403,0.0,0.0,9.99
