wave_id,type,n_samples,t_end_ms,mean_value,std_value,min_value,max_value,p2p_value,max_slope,mean_abs_slope,energy_total,dominant_freq_hz,spectral_centroid_hz,tail_std,tail_p2p,tail_mean_abs_slope,t_est_settle_ms,t_enter_band_ms,band_width,band_to_p2p,tail_noise_ratio,enter_vs_settle,slope_norm,t_enter_norm,enter_minus_est,enter_margin_ms,wait_time_ms
1,type4_overdamped_no_overshoot,1000,9.99,0.057065199812438135,0.002297225354150612,0.0564377476631048,0.074476195529029,0.0180384478659242,50.34476246029012,3.1599967848295063,3.261714273961242,390.62499999999994,256.4643074375684,1.817652083195068e-05,0.0001123088287907012,1.581849147224264,1.22,1.27,0.00011679187040700145,0.0064746075310145885,0.007912380381488076,1.0409827532928253,2790.969757026805,0.1271271271271144,0.050000000000000044,8.72,1.5283242
2,type3_Sine_Wave,1000,9.99,1.901712558337973e-09,1.0495270636520673e-11,1.886640590976674e-09,1.9168037300291363e-09,3.016313905246229e-11,9.854294121241083e-08,2.703255530482749e-08,3.616620805246093e-15,390.62499999999994,375.97063594267627,1.0561796692850762e-11,3.0158410065759594e-11,2.7180462751981114e-08,0.0,0.0,3.016313905246229e-11,0.9679108064718214,0.9187949572318682,0.0,3162.163511400969,0.0,0.0,9.99,0.1
3,type4_overdamped_no_overshoot,1000,9.99,13.698763734639808,0.34871825957450286,13.566409425410557,15.616964288251545,2.050554862840988,3139.301600598543,388.9892243264983,187777.7322820435,390.62499999999994,334.74382678733474,0.001990644288461091,0.015100601250273016,225.5991164280497,3.35,2.74,0.015100601250273016,0.0073641537341479265,0.005708460150278097,0.8179102036088944,1530.9522595496883,0.27427427427424683,-0.6099999999999999,7.25,3.3251932
4,type0_Step_Response,1000,9.99,0.03396335889642146,0.005356914100576274,5.433579123876621e-06,0.0355604916082125,0.03555505802908862,69.02189272777,4.4120133102244745,1.182206276208083,390.62499999999994,279.27225853501494,1.6970756580425736e-05,9.272083337579645e-05,1.0739868608964982,2.09,2.21,9.920884771789928e-05,0.002790287886295766,0.0031680098389914603,1.0574157620020277,1941.2678969433807,0.22122122122119905,0.1200000000000001,7.78,2.5992055
5,type4_overdamped_no_overshoot,1000,9.99,49.50750155258442,1.8353614736577837,48.880204619758864,60.423989655861526,11.543785036102662,19355.176107568182,2273.015962096734,2454361.2617181363,390.62499999999994,314.68988511950215,0.01945799732313666,0.10682719286775466,1425.5004641108105,1.78,1.77,0.11728157610627221,0.01015971587650578,0.010601724838621158,0.9943814638306383,1676.6750287738444,0.17717717717715945,-0.010000000000000009,8.22,2.08257
6,type1_Damped_Osc,1000,9.99,30.485336662515948,0.7345166523073332,26.95628517050517,33.0418105041805,6.085525333675335,32878.612758166164,2505.6498370792165,929895.2661394558,1171.8749999999998,1035.3060196093438,0.008660674145992878,0.04365248628720053,664.2661480475489,2.99,2.98,0.04821209667295179,0.007922421488602416,0.01179098406928605,0.9966551850651554,5402.756698131075,0.2982982982982684,-0.010000000000000231,7.01,3.3582323
7,type1_Damped_Osc,1000,9.99,39.05501839325954,1.002735679821234,32.99515968270678,42.701967586453215,9.706807903746437,77329.65000964355,3536.658790997594,1526299.940541428,1562.4999999999998,1399.9223111578087,0.008003743439212391,0.03841901086526889,551.8838845978506,2.2,2.19,0.04793109066932999,0.004937883920709462,0.00798190749593283,0.9954540929754121,7966.537586448934,0.21921921921919726,-0.010000000000000231,7.800000000000001,2.5047283
8,type0_Step_Response,1000,9.99,1.0913779732966859e-06,1.0923563459752713e-07,-3.1221551391428415e-10,1.123833836784943e-06,1.1241460522988573e-06,0.005753459215567743,0.00014065551664412212,1.2030383044631058e-09,0.0,180.28121388055754,3.6732364776287577e-10,2.293771781305861e-09,2.8372021346534748e-05,0.0,1.35,2.893737667099907e-09,0.0025741629275122624,0.003362641563576613,1350000.0000000002,5118.066363116853,0.13513513513512163,1.35,8.64,1.579006
9,type4_overdamped_no_overshoot,1000,9.99,12.010029468501973,0.3868403674828564,11.874118019223046,14.229303865032476,2.35518584580943,4030.51966521275,496.7855994783268,144390.45330420003,390.62499999999994,327.052654296288,0.002586716081241136,0.014739958112841123,298.7176561064611,2.32,2.11,0.015409844556328878,0.006542942071319335,0.006686779092021943,0.9094823666024281,1711.3382675861956,0.21121121121119005,-0.20999999999999996,7.880000000000001,2.3566604
10,type2_Triangle_Wave,1000,9.99,2.544631478672171e-06,1.1497234549789065e-07,2.486061747969047e-06,2.9939775840325693e-06,5.079158360635225e-07,0.0022974760675517625,0.0005130938214714638,6.488368002478606e-09,390.62499999999994,1054.8382794841666,8.908377989422283e-08,3.8689088743413714e-07,0.0003373246842431398,0.0,0.0,5.079158360635225e-07,0.9999980311737493,0.774821151010668,0.0,4523.331192086,0.0,0.0,9.99,0.1
11,type4_overdamped_no_overshoot,1000,9.99,0.17349272632139284,0.0064746073784938,0.1716101629848435,0.2188762322401174,0.04726606925527391,108.8542727710695,7.8515301001566815,30.141646627135355,390.62499999999994,273.66009274926574,3.5635936533526837e-05,0.00018754694055400645,3.657732301532626,1.81,1.74,0.00023243211052040302,0.004917525704542291,0.005503953281613956,0.9613254357318035,2303.0109015595926,0.17417417417415673,-0.07000000000000006,8.25,2.03008
12,type4_overdamped_decay_overshoot,1000,9.99,5.2988445094553525,0.13931776442212732,5.227266125984718,6.268351887164787,1.041085761180069,2432.5414800007825,186.53890253712817,28097.162574868722,390.62499999999994,282.8074386895217,0.0008098109246405899,0.004448750018433145,92.65855543677186,3.6,3.64,0.005235684395867857,0.005029061573110161,0.005812689630742869,1.0111108302469916,2336.5428389311214,0.3643643643643279,0.040000000000000036,6.35,3.8270369
13,type5_Square_Pulse_Wave,1000,9.99,29.161920888665744,0.5656150000506047,28.889568596983395,31.135710738444104,2.246142141460709,221113.42386384576,1907.7769751435778,850737.5502450817,390.62499999999994,1762.3269343536829,0.8082116133961001,2.246142141460709,2613.9273376033093,0.0,0.0,2.246142141460709,0.9999999999995548,1.4289076727497712,0.0,98441.42086215125,0.0,0.0,9.99,0.1
14,type4_overdamped_no_overshoot,1000,9.99,4.235072545441057e-06,1.3445535554834095e-07,4.196268577705516e-06,5.151291228571143e-06,9.55022650865627e-07,0.002058624232347778,0.0001767599645416012,1.795391770778423e-08,390.62499999999994,279.7000863679642,9.51322419957422e-10,5.081258299236147e-09,8.537465580932746e-05,0.0,1.36,6.239914879017534e-09,0.0065337804706320285,0.007075325045645715,1360000.0000000002,2155.574084978791,0.13613613613612252,1.36,8.63,1.5293914
15,type1_Damped_Osc,1000,9.99,0.05234574327180867,0.0009964762833403879,0.0465878594500478,0.0558250013833505,0.009237141933302703,82.24261274996994,3.203285188648356,2.7410698036613628,1171.8749999999998,938.9504733824864,1.0837130067561466e-05,5.711721476819864e-05,1.0878423837173146,1.68,1.76,6.681481858039628e-05,0.00723327832955292,0.010875452068319967,1.0476184240366524,8903.469637567963,0.17617617617615855,0.08000000000000007,8.23,2.2044032
16,type4_overdamped_no_overshoot,1000,9.99,26.50722064840463,0.68063667399529,26.297681148777148,31.26313081486793,4.965449666090784,11349.564716113035,813.7927331245551,703096.0127851961,390.62499999999994,274.0315244799666,0.006207111665983648,0.031097366340702592,397.06496773152855,1.64,1.57,0.04536051409283459,0.009135227853097349,0.009119566874848535,0.9573164894411651,2285.7073335406644,0.15715715715714143,-0.06999999999999984,8.42,1.9945323
17,type1_Damped_Osc,1000,9.99,0.009114531933777589,0.00021003444049316595,0.0083360016050047,0.0102008261186046,0.0018648245135998998,12.571581470209937,0.6121950234698773,0.08311880683804468,781.2499999999999,782.2396546461405,3.0597948483426213e-06,1.6844084614300175e-05,0.20738640770800865,1.62,2.76,1.975854147960067e-05,0.01059538917732422,0.014568062392958443,1.7037026520353997,6741.428682316086,0.27627627627624857,1.1399999999999997,7.23,3.0773745
18,type1_Damped_Osc,1000,9.99,10.795250028608034,0.08478523256948112,10.470206014033495,11.0826984222552,0.6124924082217049,2487.227548973081,326.17116524191715,116544.61171582362,781.2499999999999,819.1116311353036,0.001591560115195261,0.009257514508332676,169.85558516158412,4.12,3.79,0.01006478089136742,0.01643249900937192,0.01877166656200669,0.9199026893440074,4060.830004718547,0.3793793793793414,-0.33000000000000007,6.2,4.0651684
19,type0_Step_Response,1000,9.99,2.9093675855285063e-06,9.065987976977826e-07,-1.2601939724970918e-10,3.391972048971292e-06,3.3920980683685418e-06,0.0016074315896618088,0.0003887922079920728,9.286341127711034e-09,390.62499999999994,404.31955542973657,1.6490318530413047e-09,7.003007882853652e-09,8.378714002039406e-05,0.0,3.8,1.0334068160326026e-08,0.0030465113052539124,0.001818919281946513,3800000.0,473.8751897464234,0.3803803803803423,3.8,6.19,3.9637673
20,type1_Damped_Osc,1000,9.99,3.7868426635281087e-06,6.510278980808431e-08,3.5642771054099764e-06,3.935254358905337e-06,3.709772534953604e-07,0.001163390931075108,0.00015940200549050397,1.4344415731557458e-08,390.62499999999994,419.6018266024757,9.776793474355857e-10,5.590936971889567e-09,7.370755882660296e-05,0.0,5.92,5.590936971889567e-09,0.015070794363852084,0.015017241704632403,5920000.0,3136.0084320674546,0.5925925925925333,5.92,4.07,7.0915165
21,type5_Square_Pulse_Wave,1000,9.99,22.696778203619566,0.1493466500087262,22.61769411618517,23.24640533985927,0.6287112236740988,59535.933966370176,784.2687014248297,515166.0452461691,390.62499999999994,1599.687962810011,0.24245526872965883,0.6287112236740988,1058.4870081103898,0.0,0.0,0.6287112236740988,0.9999999999984095,1.623439619930336,0.0,94695.19824754514,0.0,0.0,9.99,0.1
22,type0_Step_Response,1000,9.99,0.006202946657547042,0.0007859907227627132,-0.0001345011111936,0.0063959840652295,0.0065304851764231,23.476940522651365,0.8137431691423836,0.03909432865264306,390.62499999999994,230.29003283334805,3.905698428684981e-06,1.9481698516499862e-05,0.20341483003795835,1.02,1.36,2.342357793620048e-05,0.0035868051606914933,0.004969140615283002,1.3333320261450725,3594.9764657325595,0.13613613613612252,0.3400000000000001,8.63,1.612783
23,type4_overdamped_no_overshoot,1000,9.99,5.93542020400861,0.22315359506305396,5.853157062368247,7.150459853808782,1.2973027914405346,1936.9840970854034,251.0537388919905,35279.01052514316,390.62499999999994,338.6696830274345,0.0013594049448243546,0.007385969869345921,148.34475424551565,2.43,2.43,0.00759923519742145,0.005857718990165238,0.006091790474781064,0.9999995884775356,1493.0855848487527,0.24324324324321892,0.0,7.5600000000000005,2.7465587
24,type1_Damped_Osc,1000,9.99,38.72703948780063,0.586551902409199,34.81290952900769,41.19240272323247,6.379493194224779,56604.50687749403,2515.304732731591,1500127.6306238896,1953.1249999999998,1789.717704664849,0.006309747787465905,0.03063220800896005,521.3876069216478,2.0,1.95,0.03597960904495778,0.005639885167919566,0.010757356274079985,0.9749995125002436,8872.884593517245,0.19519519519517564,-0.050000000000000044,8.040000000000001,2.1028454
25,type0_Step_Response,1000,9.99,20.247143749682042,4.928613949915322,-0.0048008959360294,22.89662225835341,22.90142315428944,55350.71770653289,3549.392713227072,434238.06548758864,390.62499999999994,540.9057965910462,0.014001019072564822,0.06618405688940143,701.9343656207747,4.93,4.92,0.07196577471568943,0.0031424149595789246,0.0028407619697628237,0.9979714000058012,2416.9117060379403,0.49249249249244315,-0.009999999999999787,5.07,5.122432
26,type5_Square_Pulse_Wave,1000,9.99,22.28869526577255,0.5888147458035173,22.078359579444683,24.21563746297608,2.1372778835313966,211778.08236271288,1587.4459465489508,497132.6394553472,781.2499999999999,2053.375848326817,0.7344761855525751,2.1347992466637713,2180.435038032486,0.0,0.0,2.1372778835313966,0.999999999999532,1.247380760733218,0.0,99087.76205211818,0.0,0.0,9.99,0.1
27,type0_Step_Response,1000,9.99,2.7950014613957943e-09,4.615873012056297e-10,-8.569711277944929e-13,2.985045147866174e-09,2.9859021189939686e-09,1.117896534762773e-05,4.3884984562281984e-07,8.025096005838924e-15,390.62499999999994,517.5303567863981,9.090982384336653e-13,6.065472807719051e-12,6.162923914435888e-08,0.0,2.86,6.2674585423047674e-12,0.002098314003143745,0.0019652468540842026,2860000.0,3742.662096805826,0.28628628628625763,2.86,7.130000000000001,3.1446326
28,type1_Damped_Osc,1000,9.99,8.492896190187554e-09,1.1784812651469329e-10,8.123040706956585e-09,8.807831236194635e-09,6.847905292380506e-10,1.8825450734499804e-06,3.5489519975584555e-07,7.21431738782253e-14,390.62499999999994,524.8306894103106,2.0918562486702767e-12,1.0732943621081865e-11,2.0137234244975738e-07,0.0,6.14,1.0732943621081865e-11,0.01565046929564153,0.017601087286905265,6140000.0,2745.0730116404307,0.614614614614553,6.14,3.8500000000000005,7.488875
29,type4_overdamped_decay_overshoot,1000,9.99,47.03866510882709,0.4623779679035942,46.150423603141945,50.58922920714136,4.438805603999413,14426.438378262672,1633.9848545353009,2212849.80860559,390.62499999999994,323.76022231592816,0.015724001332572065,0.08791995115159779,1279.4272734118133,2.99,2.98,0.09545104207607125,0.021503767137278394,0.03400681352493965,0.9966551850651554,3250.0721286962967,0.2982982982982684,-0.010000000000000231,7.01,3.2721403
30,type0_Step_Response,1000,9.99,1.570159878242569e-09,2.877517775598114e-10,-4.092877931573974e-15,1.6796349294351131e-09,1.6796390223130447e-09,2.334206410659235e-06,1.904089665356003e-07,2.5482031287315504e-15,390.62499999999994,325.7536248822319,8.784601958498049e-13,4.070169614140613e-12,3.191776609237693e-08,0.0,2.67,4.8791539523091116e-12,0.0029031540310149326,0.0030422676641976435,2670000.0,1388.8802887884233,0.2672672672672405,2.67,7.32,2.8210478
31,type0_Step_Response,1000,9.99,46.79139243225174,8.177347629267363,-0.0113280592983016,49.31537355478837,49.32670161408667,69725.97953572046,6011.840128543712,2256303.41999887,390.62499999999994,287.3518080375665,0.031401857269933914,0.1736416799921301,1343.2513338062745,2.0,1.99,0.1736416799921301,0.003520236997613036,0.003840103013052837,0.9949995025002487,1413.5544695696167,0.19919919919917925,-0.010000000000000009,8.0,2.1510835
32,type5_Square_Pulse_Wave,1000,9.99,28.291249420026272,1.1038867151331102,27.765226438292007,31.197550663782845,3.432324225490838,341059.81050059525,1674.4238254747734,801613.3596259842,390.62499999999994,1128.3111472468067,0.005438038356185667,0.03304457421695162,637.6664832374285,1.92,0.0,3.432324225490838,0.9999999999997087,0.004926264879929282,0.0,99367.01433027434,0.0,-1.92,9.99,0.1
33,type1_Damped_Osc,1000,9.99,43.85360260947929,0.2675192941971612,42.01376497373483,44.43117028252768,2.4174053087928513,22026.510189485292,1375.2251494069947,1923210.0284028964,1562.4999999999998,1282.1738857155015,0.009546540813287976,0.05285115582972111,666.9147487584977,1.45,1.45,0.06675413882933867,0.027613962204230128,0.035685429127278234,0.9999993103453033,9111.63308418284,0.1451451451451306,0.0,8.540000000000001,1.8566413
34,type1_Damped_Osc,1000,9.99,44.01007919439576,0.8814160093950972,38.92784628703684,46.47740516086059,7.549558873823749,34627.84807594232,2986.2012693395413,1937663.9648786047,1171.8749999999998,1158.6756788471357,0.009107370352960728,0.05819461321308239,832.1640262491281,3.46,2.82,0.06866185218986942,0.009094816443902243,0.010332658195306266,0.815028666176686,4586.737934583349,0.282282282282254,-0.6400000000000001,7.17,2.9790716
35,type2_Triangle_Wave,1000,9.99,3.409099101426035e-06,5.597139449942506e-08,3.389407445423385e-06,3.757527390169279e-06,3.681199447458941e-07,0.005957942693666803,0.0005843551197180116,1.1625089480346009e-08,1171.8749999999998,3608.1061143738457,7.308585389481326e-08,3.679615674984748e-07,0.0008220808148877735,0.0,0.0,3.681199447458941e-07,0.9999972835014844,1.3057482094242723,0.0,16184.742483966627,0.0,0.0,9.99,0.1
36,type0_Step_Response,1000,9.99,3.460654949988857,0.4516779167785559,0.1581841540934913,3.748520517403612,3.590336363310121,10225.53999500693,443.81680334822346,12180.145623387796,390.62499999999994,248.0085294276892,0.0016831984335996144,0.008990043177230511,87.48492259588943,2.44,2.43,0.009784392767193228,0.002725202258812808,0.0037265457775769667,0.99590123118802,2848.0729826596566,0.24324324324321892,-0.009999999999999787,7.5600000000000005,3.1324964
37,type4_overdamped_decay_overshoot,1000,9.99,43.61207555811043,0.5783209387649524,42.06067116885868,45.98744455582687,3.9267733869681862,14552.307731837998,1428.5114273909833,1902347.5895945472,390.62499999999994,342.83402843669853,0.017458672411486364,0.09406122818469953,1085.4974553753275,3.61,3.6,0.0941013874565968,0.02396404838865106,0.03018855317384924,0.9972296406566092,3705.91992400915,0.36036036036032426,-0.009999999999999787,6.390000000000001,4.0325193
38,type4_overdamped_decay_overshoot,1000,9.99,2.3800530852893365e-09,2.4190584730048186e-11,2.288219072103886e-09,2.483400463351309e-09,1.9518139124742303e-10,1.3804107156534797e-06,7.746776991369503e-08,5.66523787318487e-15,390.62499999999994,497.29857700661586,5.18849513397976e-13,2.8004557102128185e-12,5.814313118236383e-08,0.0,2.08,2.88914600058041e-12,0.014726911570000199,0.020596961879137114,2080000.0000000002,7036.399868897414,0.20820820820818736,2.08,7.91,2.2630293
39,type5_Square_Pulse_Wave,1000,9.99,45.956029396086194,0.46121020764651177,45.74801912466682,47.3097530333619,1.561733908695082,151851.01410718643,2022.870200963537,2112169.352709576,781.2499999999999,2000.9537454205363,0.512176055154231,1.5102821612568746,2306.635169266783,0.0,0.0,1.561733908695082,0.9999999999993596,1.1105045956521216,0.0,97232.32188380246,0.0,0.0,9.99,0.1
40,type0_Step_Response,1000,9.99,21.629080867033124,2.85280912300976,-0.0020932473720666,22.333590848453586,22.335684095825652,81041.32403379098,2725.223182345216,475955.65904498607,390.62499999999994,231.85871933832382,0.009526451593841667,0.0544613543074739,532.4711473668026,1.46,1.45,0.06324707154116282,0.002831660372246236,0.003339323166419128,0.9931500046917776,3628.3340902432124,0.1451451451451306,-0.010000000000000009,8.540000000000001,1.6495795
41,type0_Step_Response,1000,9.99,0.0037226940445889874,0.0006165510619614088,-2.050512298927568e-06,0.0039192051136057,0.003921255625904627,6.99101215736,0.4749746808807521,0.014238586161624054,390.62499999999994,298.12583229364276,1.3430992006102739e-06,6.620169455499696e-06,0.11478917909209324,1.59,2.83,8.137197976199745e-06,0.0020751511124060817,0.0021784070797950133,1.7798730944194374,1782.8503985797495,0.2832832832832549,1.24,7.16,3.599356
42,type4_overdamped_decay_overshoot,1000,9.99,8.41494195294662e-06,8.221126956345989e-08,8.171868901910773e-06,8.734302186833038e-06,5.624332849222647e-07,0.0026802928958866634,0.0002522576086350029,7.081800676430431e-08,390.62499999999994,397.40741407583187,2.3785594120863606e-09,1.2385046528347226e-08,0.00019972399832370394,0.0,2.97,1.703134779060817e-08,0.030281489317391292,0.028931927371866846,2970000.0000000005,4765.521888938745,0.29729729729726756,2.97,7.02,3.3353941
43,type4_overdamped_no_overshoot,1000,9.99,31.84337487849834,0.8024643055370513,31.485889961985205,35.67568992086908,4.189799958883878,5813.628244623458,946.31276690218,1014644.4726142403,390.62499999999994,371.95330511196926,0.009293984678801688,0.04775001486251185,684.7585187071309,3.14,3.14,0.051734457804727185,0.012347715478639795,0.01158180446739009,0.9999996815287638,1387.5670203048942,0.31431431431428286,0.0,6.85,3.8857038
44,type1_Damped_Osc,1000,9.99,5.00856767372566e-06,9.937125657063441e-08,4.5155113701283405e-06,5.393125515619233e-06,8.776141454908927e-07,0.005523492326200642,0.00034696552203586107,2.5095624788922097e-08,1171.8749999999998,1161.9013062170447,6.561287149905277e-10,3.589923838198638e-09,7.585048771463208e-05,0.0,2.76,4.135333169748626e-09,0.004712012082967795,0.006602735387458444,2760000.0,6293.752283765664,0.27627627627624857,2.76,7.23,3.0039809
45,type0_Step_Response,1000,9.99,0.022266976508463952,0.0031813699420525725,7.763936958674521e-08,0.0231519101598268,0.023151832520457213,57.322142918089384,2.634164597664479,0.505939357536681,390.62499999999994,267.74397649554436,9.557808639407449e-06,4.7461924685798795e-05,0.3666810558305729,1.44,1.48,6.557901764939894e-05,0.0028325627178159675,0.0030043059469646548,1.0277770640437056,2475.92249403856,0.14814814814813332,0.040000000000000036,8.51,1.638462
46,type2_Triangle_Wave,1000,9.99,41.12834525977945,1.6561297611854808,40.34304888836225,46.71098563040019,6.367936742037941,59753.802847135514,13686.225934527676,1694283.5495935078,1171.8749999999998,2281.846750699428,1.6967281802303746,6.366221685996628,13683.821571846247,0.0,0.0,6.367936742037941,0.9999999999998429,1.0245140326533402,0.0,9383.542153090395,0.0,0.0,9.99,0.1
47,type4_overdamped_no_overshoot,1000,9.99,8.252411896009005e-09,2.7752769222149344e-10,8.133342023400048e-09,9.580233540889985e-09,1.4468915174899365e-09,1.9936610932880055e-06,2.890269073024459e-07,6.81793237213407e-14,390.62499999999994,366.2789562608094,1.6870206361797601e-12,8.849285805195439e-12,1.9398050915872681e-07,0.0,3.27,1.0044895860474723e-11,0.006937602533847663,0.006056922465139271,3270000.0,1376.9409304532805,0.3273273273272945,3.27,6.720000000000001,3.8373313
48,type0_Step_Response,1000,9.99,1.7287752655861243e-09,2.8758423172799796e-10,-6.817552979202062e-11,1.8124896630585941e-09,1.8806651928506147e-09,3.0537381282856825e-06,2.1114043005149854e-07,3.071368609240957e-15,390.62499999999994,263.0114553581328,8.149025234225779e-13,4.4516188980346404e-12,3.015534880667979e-08,0.0,1.78,5.123179968846289e-12,0.002722684135473094,0.0028237943512820054,1780000.0,1622.8913304494115,0.17817817817816034,1.78,8.21,1.963413
49,type0_Step_Response,1000,9.99,0.011577948756550365,0.0016763612686956722,0.0004505636844386,0.0122219124275096,0.011771348743071,26.60999838361,1.4556538810111677,0.13685908451248913,390.62499999999994,292.77619497515894,5.85133325803616e-06,3.2606233269701426e-05,0.31372015501920414,2.32,2.72,3.858375265560106e-05,0.0032777682060464775,0.0034904965676631357,1.1724132877528932,2260.57344507892,0.27227227227224504,0.40000000000000036,7.27,3.1702278
50,type4_overdamped_decay_overshoot,1000,9.99,15.339973873004244,0.18265477614201744,14.665705504707775,16.53297327555963,1.8672677708518552,11782.966396351212,526.1192929280525,235348.16119170032,390.62499999999994,472.74192707432866,0.0040661262198271216,0.02216996043037156,341.4749814724336,1.85,1.84,0.023311788625038687,0.012484437952030452,0.022261264149169426,0.9945940569761854,6310.271392393531,0.18418418418416574,-0.010000000000000009,8.15,2.0611305
51,type1_Damped_Osc,1000,9.99,2.879760584835112e-09,4.981091852350032e-11,2.617580817578964e-09,2.9786247786918796e-09,3.6104396111291577e-10,2.0305140488140957e-06,1.283388851939684e-07,8.295502153574022e-15,781.2499999999999,777.1483246093591,5.218415938500037e-13,3.031290041408968e-12,3.429811895256605e-08,0.0,2.79,3.45045837165237e-12,0.009530495581381143,0.01027026491577099,2790000.0,5608.473740515757,0.27927927927925134,2.79,7.2,2.8954222
52,type0_Step_Response,1000,9.99,2.0978434998649523e-06,5.747925462748955e-07,-1.6805487290919722e-10,2.416507150989322e-06,2.4166752058622315e-06,0.0025408671636253785,0.0002822684575181849,4.731333821178808e-09,390.62499999999994,406.2730228934705,1.2765437170581396e-09,6.545623871054239e-09,7.233677658180814e-05,0.0,5.03,7.477333460775943e-09,0.0030940568052260646,0.002220873434176715,5030000.000000001,1051.389158986997,0.5035035035034531,5.03,4.96,5.262515
53,type2_Triangle_Wave,1000,9.99,0.009529319503206547,0.0004048249467461292,0.0093803506519845,0.0115634165904085,0.0021830659384239996,28.463070185669874,3.610696776813873,0.09097181343170073,1171.8749999999998,2962.373966624708,0.0004829575115448979,0.0020316856168843996,4.874982189196127,0.0,0.0,0.0021830659384239996,0.9999999995419286,1.1930033320173898,0.0,13038.11748039999,0.0,0.0,9.99,0.1
54,type0_Step_Response,1000,9.99,0.0011986214038644935,0.00017067131049141153,3.962674430619816e-08,0.0012438266997,0.0012437870729556937,3.280950677046366,0.1422468112840141,0.001465821966026945,390.62499999999994,254.25922752340227,5.735404271745745e-07,3.134823672700047e-06,0.02024189304542171,0.8,1.53,3.4349519359999376e-06,0.0027616880798379305,0.0033604969819631117,1.9124976093779882,2637.8716628817774,0.15315315315313782,0.73,8.46,1.7452753
55,type5_Square_Pulse_Wave,1000,9.99,4.37237588153951e-09,3.713944195326685e-10,4.194544853542702e-09,5.267716891400538e-09,1.0731720378578358e-09,0.00010706102613597283,6.502855579663631e-07,1.9255604664328417e-14,390.62499999999994,1494.1670945770338,4.0083388040881346e-10,9.226377533594209e-10,8.31723520335621e-07,0.0,0.0,1.0731720378578358e-09,0.9990690504269741,1.0763691918687577,0.0,99668.41656898735,0.0,0.0,9.99,0.1
56,type4_overdamped_no_overshoot,1000,9.99,6.969692868856468e-09,2.5288616148773836e-10,6.896878897290395e-09,8.793746475874207e-09,1.8968675785838112e-09,4.704272475549318e-06,2.774776887486332e-07,4.8640570096860715e-14,390.62499999999994,265.0698034225698,1.7805348556794763e-12,1.0489728451415187e-11,9.710560217245503e-08,0.0,1.59,1.0489728451415187e-11,0.005527112939693412,0.007013122910070341,1590000.0000000002,2478.714810576851,0.15915915915914322,1.59,8.4,1.9496219
57,type0_Step_Response,1000,9.99,24.8085928874875,4.565650255805881,0.000900008774228,26.24674675902292,26.245846750248692,46816.00764680187,3248.16077290826,636311.4433154356,390.62499999999994,280.80342230323004,0.017340040517351416,0.09398156078265885,765.9585181242119,2.09,2.08,0.10184707410137506,0.0038805025065692016,0.0037979344771968157,0.9952148348254379,1783.7491810530548,0.20820820820818736,-0.009999999999999787,7.91,2.280175
58,type0_Step_Response,1000,9.99,9.656036279939288,2.517102738140123,0.59815128399598,11.29665810572626,10.69850682173028,19185.202484455043,1432.6844065452426,99574.84283385628,390.62499999999994,500.03175047120783,0.004335400653541224,0.021765923572241164,337.0599443349659,6.24,6.24,0.02482448352462363,0.0023203689952507245,0.001722377314142891,0.9999998397436154,1793.2598262670836,0.6246246246245621,0.0,3.75,6.4915614
59,type1_Damped_Osc,1000,9.99,43.143959405974,1.2046030585773844,37.74042383096317,47.76658844262183,10.026164611658665,57873.442674254955,3703.600174988441,1862852.3017530667,781.2499999999999,855.199393196525,0.011455138825770947,0.05610970200972076,1164.4282849482977,3.53,3.48,0.06605986729567093,0.006588747527528955,0.009509471808323117,0.9858354147775029,5772.2414219044995,0.34834834834831346,-0.04999999999999982,6.51,3.7901995
60,type4_overdamped_no_overshoot,1000,9.99,12.43005718545101,0.3632021476121682,12.2498316721898,13.981051136197758,1.7312194640079586,1770.972016729466,301.618668074504,154638.23743361238,390.62499999999994,382.0307087799335,0.0035565372250181086,0.01807861740637584,182.39056301308057,3.82,3.82,0.01807861740637584,0.01044270687929505,0.009792170141036808,0.9999997382199638,1022.9621683136886,0.38238238238234407,0.0,6.17,4.57039
61,type5_Square_Pulse_Wave,1000,9.99,27.781131530085133,3.190997373964403,26.33559652048553,36.36470059775583,10.029104077270297,1001420.461456271,5053.063157927625,781973.7333325383,390.62499999999994,1402.4259853812794,1.8883143840421932,8.847591845292293,3915.1882479005017,0.0,0.0,10.029104077270297,0.9999999999999003,0.5917630642533604,0.0,99851.43774963554,0.0,0.0,9.99,0.1
62,type0_Step_Response,1000,9.99,0.13479770396445662,0.03673247150322684,-1.454069137930931e-05,0.1580881964900176,0.15810273718139692,482.55780065009,31.39078124337468,19.519695456824657,390.62499999999994,640.4115404364363,7.467231241285033e-05,0.0003879652528450961,3.2742744343590067,5.53,5.53,0.0003879652528450961,0.0024538806839094493,0.002032869266753742,0.9999998191682062,3052.1786608500142,0.5535535535534981,0.0,4.46,5.7545915
63,type4_overdamped_no_overshoot,1000,9.99,35.12348101467172,0.9273408905612511,34.514692656742504,38.15038566569899,3.635693008956487,3226.539995807087,653.2999936564568,1234518.8797153118,390.62499999999994,410.75196279014574,0.0040149314789643155,0.019968475245811135,488.2608460269336,6.35,6.5,0.019968475245811135,0.00549234360453799,0.004329509805752277,1.0236218860437976,887.4621668709806,0.6506506506505855,0.15000000000000036,3.49,6.7607903
64,type1_Damped_Osc,1000,9.99,5.033495381376212,0.10773172582706002,4.645205762556077,5.330367316049373,0.6851615534932964,2390.8344989682637,244.20313143388958,25347.681879085336,390.62499999999994,502.98423354932277,0.0011503378642410992,0.005839495415747464,74.9830585749937,5.08,5.08,0.006618671194499548,0.00966001545291704,0.010677800391660299,0.999999803149645,3489.4463747638843,0.5085085085084576,0.0,4.91,6.305974
65,type4_overdamped_no_overshoot,1000,9.99,38.98288504135829,0.8663118778118639,38.732660640013904,45.40699716722229,6.674336527208389,17736.199884233625,1486.1060695160445,1520415.8224173938,390.62499999999994,273.6004441637253,0.010346888006206662,0.05000686828344669,912.7968177695922,1.43,1.35,0.05902838061453508,0.008844082160660165,0.011943606305305377,0.944055283877424,2657.372730896642,0.13513513513512163,-0.07999999999999985,8.64,1.7030253
66,type3_Sine_Wave,1000,9.99,0.0033361045037819197,1.4427010702965159e-05,0.0033153060389343,0.0033571443744069,4.183833547259999e-05,0.18995965923996985,0.0514353037803397,0.011129801398791835,390.62499999999994,440.8578723993794,1.4667547860116418e-05,4.109998076910022e-05,0.049554998526866796,0.0,0.0,4.183833547259999e-05,0.999999976098476,1.0166726250802045,0.0,4540.325339282425,0.0,0.0,9.99,0.1
67,type0_Step_Response,1000,9.99,38.087575763840334,5.584511298101649,-0.008006457428859,39.88553991017895,39.893546367607804,111312.809329172,4716.29880978258,1481850.194004903,390.62499999999994,260.8382966601109,0.018374084906483682,0.10638642270568965,1021.6501310606968,2.3,2.29,0.1065743214683863,0.002671467722782308,0.003290186719243691,0.9956517410209822,2790.2460288552184,0.22922922922920627,-0.009999999999999787,7.7,2.4659736
68,type0_Step_Response,1000,9.99,7.133830582196247e-06,1.0424974644615602e-06,2.4468782001047657e-10,7.418121403163357e-06,7.417876715343347e-06,0.02195252039526803,0.0009227054654817864,5.197833973888722e-08,390.62499999999994,274.4949867727591,2.932868291525436e-09,1.485177778431899e-08,0.00021511560809719837,0.0,1.37,1.732095643482439e-08,0.0023350285754909703,0.002813307061358822,1370000.0000000002,2959.4071562895706,0.13713713713712342,1.37,8.620000000000001,1.5495268
69,type0_Step_Response,1000,9.99,1.2409913825539415e-06,3.720100577523004e-07,-1.3762478651572274e-07,1.4234995010030737e-06,1.5611242875187963e-06,0.002103960716708078,0.00020978892444451893,1.6784510946420131e-09,390.62499999999994,431.5057701111281,8.227266083554299e-10,4.51931546136317e-09,4.691940197388613e-05,0.0,3.57,5.006200328413728e-09,0.0032067895949404717,0.002211564928543693,3570000.0,1347.7206048286153,0.35735735735732155,3.57,6.42,3.802085
70,type5_Square_Pulse_Wave,1000,9.99,8.377577426028333e-06,2.8854378746101053e-07,8.235886823739921e-06,8.988998659224206e-06,7.531118354842846e-07,0.07454598789893957,0.0004358990811174508,7.026706104638184e-08,390.62499999999994,1159.8128499210425,2.3117136673405842e-07,7.515660449117859e-07,0.0004437816463516746,0.0,0.0,7.531118354842846e-07,0.999998672177723,0.8011628585225972,0.0,98983.82338816895,0.0,0.0,9.99,0.1
71,type5_Square_Pulse_Wave,1000,9.99,0.0010503878763515602,2.0352030826064867e-05,0.0010418544231236,0.0011207476044889,7.889318136529997e-05,7.801972584470001,0.049070914664515124,0.0011037288959450857,390.62499999999994,1638.5625740996677,1.908982696829508e-05,4.815944900189999e-05,0.0538494950371501,0.0,0.0,7.889318136529997e-05,0.9999999873246336,0.9379813834531607,0.0,98892.86184887869,0.0,0.0,9.99,0.1
72,type0_Step_Response,1000,9.99,3.5214920831554564e-09,6.824627498207256e-10,1.0919016610748356e-10,3.805730439922723e-09,3.6965402738152394e-09,5.524220008179512e-06,4.1589286181800217e-07,1.2866661896619421e-14,390.62499999999994,341.1438299867548,2.596321724527168e-12,1.2177022567769848e-11,6.904257415885713e-08,0.0,2.92,1.2177022567769848e-11,0.0032932765206111496,0.003798775756554678,2920000.0,1494.0256492404467,0.292292292292263,2.92,7.07,3.062778
73,type1_Damped_Osc,1000,9.99,5.461717184298127e-06,8.195380547167539e-08,4.917321060725663e-06,5.705258037370662e-06,7.879369766449986e-07,0.007698907038484329,0.0002912926228963836,2.983707102748875e-08,1171.8749999999998,1086.1587710183046,1.3743727657227841e-09,6.950179679365217e-09,9.573361303042564e-05,0.0,1.35,9.47184658066842e-09,0.012021056049359467,0.016769886253927897,1350000.0000000002,9770.95566743197,0.13513513513512163,1.35,8.64,1.7137464
74,type0_Step_Response,1000,9.99,0.0104103593899812,0.0013807736711778323,-5.896352905385272e-07,0.0108089044313793,0.010809494066669837,38.64030472853,1.2626746415991925,0.11028211855958764,390.62499999999994,257.3691061400759,3.900440760102747e-06,2.265154017920025e-05,0.22708627906088558,1.62,1.71,2.7390910727700252e-05,0.0025339678764081885,0.0028248226618854608,1.0555549039784542,3574.663576910547,0.17117117117115402,0.08999999999999986,8.280000000000001,1.8381789
75,type5_Square_Pulse_Wave,1000,9.99,2.4303260006670187e-06,2.773717122328317e-07,2.2971460771203995e-06,3.156410112464814e-06,8.592640353444142e-07,0.08567016977128238,0.00044006012758627204,5.983419536265118e-09,390.62499999999994,1195.6062722176484,1.2361409045520844e-07,5.393938669596581e-07,0.0004854505534820234,0.0,0.0,8.592640353444142e-07,0.9999988362147196,0.44566060395820245,0.0,99701.68253959467,0.0,0.0,9.99,0.1
76,type4_overdamped_decay_overshoot,1000,9.99,2.8607047036120828e-09,2.3066434356801676e-11,2.7966301523055692e-09,2.9442687082416043e-09,1.476385559360351e-10,6.575916563429149e-07,5.528026644089242e-08,8.18416346166223e-15,390.62499999999994,362.9895192099801,7.209540531017442e-13,4.077061676886164e-12,4.437375278634127e-08,0.0,3.38,4.111136487834557e-12,0.027658614293883062,0.02995682876877802,3380000.0,4424.09879591337,0.33833833833830446,3.38,6.61,3.808723
77,type5_Square_Pulse_Wave,1000,9.99,28.62360724920253,2.2103724202550112,27.53216408834574,34.03057457676911,6.498410488423371,648113.5046808983,4733.867798278002,824196.6381928236,390.62499999999994,1495.1624008440633,2.628067590868922,6.496108752535232,5717.961787276871,0.0,0.0,6.498410488423371,0.9999999999998461,1.1889704951007902,0.0,99734.15896631706,0.0,0.0,9.99,0.1
78,type4_overdamped_decay_overshoot,1000,9.99,8.085748660679703e-06,1.884677196155187e-07,7.868463783711246e-06,9.529364341622454e-06,1.6609005579112083e-06,0.0044937341066189716,0.00034430458994715724,6.541485148502068e-08,390.62499999999994,268.79558521743274,2.328666548064816e-09,1.173757596956459e-08,0.00019983899179881374,0.0,3.17,1.2266265908949991e-08,0.00738530580004775,0.012355719043538677,3170000.0,2705.5993085288,0.3173173173172855,3.17,6.82,3.3741577
79,type0_Step_Response,1000,9.99,18.91488398644833,2.722146479117124,-0.0004188068683976,20.227989017219983,20.22840782408838,54574.13342081067,2444.3333064882686,365182.9176745692,390.62499999999994,339.99631040860123,0.007573779873176686,0.04078724966554148,418.41034973172464,3.92,3.9,0.04889926616041862,0.0024173561550497324,0.002782282265585617,0.9948977053832384,2697.8956473193134,0.3903903903903513,-0.020000000000000018,6.09,4.112134
80,type1_Damped_Osc,1000,9.99,0.22870263378055936,0.0023950762032448683,0.218489289932445,0.2402403961206954,0.02175110618825038,119.59883164746054,8.899828192964401,52.31063108818401,781.2499999999999,968.8160156220947,5.232682168043029e-05,0.000267678946561406,3.669212867192311,2.91,2.28,0.00035791376433869093,0.01645496836917543,0.02184766463283708,0.78350488539351,5498.517206750961,0.22822822822820535,-0.6300000000000003,7.710000000000001,2.7973156
81,type4_overdamped_no_overshoot,1000,9.99,3.875584953840688e-09,2.637662463283897e-10,3.749373624855011e-09,4.9927711323520796e-09,1.2433975074970689e-09,1.0877689716636164e-06,1.632418840178143e-07,1.5089731367138497e-14,390.62499999999994,377.5058838122531,5.09517853586836e-13,2.8758164266855147e-12,5.814039597832891e-08,0.0,4.31,3.2764736093804807e-12,0.002632979887568762,0.0019244063797878555,4310000.0,874.1330363570971,0.4314314314313882,4.31,5.680000000000001,4.6372967
82,type1_Damped_Osc,1000,9.99,5.417844471074937e-09,1.381990354447462e-10,4.8955974264868885e-09,5.932820555346481e-09,1.0372231288595925e-09,5.800294053741746e-06,3.0163291179513016e-07,2.9372137686155115e-14,390.62499999999994,527.1582011462134,1.3224028621372774e-12,7.226545584638022e-12,8.79569297314874e-08,0.0,3.54,8.379677677999535e-12,0.008071172222106012,0.009500086390053997,3540000.0,5586.7509521897455,0.3543543543543189,3.54,6.45,3.8246803
83,type4_overdamped_no_overshoot,1000,9.99,7.268078575053608e-09,3.2759551534529426e-10,7.147488669019241e-09,9.087450231989874e-09,1.9399615629706325e-09,3.0673114254398605e-06,3.3200938787586756e-07,5.293228499482763e-14,390.62499999999994,329.72766781132975,2.3684693832300524e-12,1.2265899315950519e-11,1.8482439080347322e-07,0.0,2.44,1.3029180592912695e-11,0.006712745291551058,0.007207856688918049,2440000.0,1580.3050838087463,0.24424424424421978,2.44,7.550000000000001,2.9981558
84,type2_Triangle_Wave,1000,9.99,16.753304199623464,0.2812457991348987,16.606838087576843,17.675167980663037,1.0683298930861937,7232.12592068485,1670.313457349876,280752.3008046522,781.2499999999999,1394.0499664209506,0.224844585249761,1.0595800066100054,1264.7205931455735,0.0,0.0,1.0683298930861937,0.9999999999990639,0.7994593552706383,0.0,6769.56244272628,0.0,0.0,9.99,0.1
85,type4_overdamped_no_overshoot,1000,9.99,38.53887828023425,1.5923763140108362,38.11912071316488,50.37111907905674,12.251998365891858,31706.11992655381,1791.3433099055035,1487780.8014241343,390.62499999999994,256.6667802898984,0.0057503150364947644,0.028779070055136913,665.2312887276852,1.47,1.44,0.040294395868684774,0.0032888019297208208,0.0036111533347336776,0.9795911703461426,2587.8325298195746,0.1441441441441297,-0.030000000000000027,8.55,1.6627287
86,type4_overdamped_no_overshoot,1000,9.99,29.099105668005567,0.7792523350258149,28.716395477161345,32.48208062139836,3.7656851442370147,5176.357341043314,934.0103976257295,847365.1848793968,390.62499999999994,395.4340414441813,0.0071666007891818895,0.03574323453200634,682.0042687245336,4.01,3.95,0.04313648950424209,0.011455150351655528,0.009196765241563607,0.9850371608386134,1374.6123594437547,0.39539539539535584,-0.05999999999999961,6.04,4.7578487
87,type4_overdamped_no_overshoot,1000,9.99,36.51895391839165,1.6569713493341018,36.01021738256448,47.56129945431699,11.55108207175251,24185.65197635871,1553.4699351196887,1336379.5493461266,390.62499999999994,282.6564628497312,0.0068536787478104275,0.03821125661495017,496.6363236524226,2.04,1.88,0.0565102014767902,0.004892199806542598,0.004136268711321185,0.9215681757018745,2093.799682672258,0.18818818818816935,-0.16000000000000014,8.11,2.288749
88,type1_Damped_Osc,1000,9.99,3.150777522692494,0.029093125803884533,2.994591690387147,3.2737801772423865,0.27918848685523967,2426.1400693240007,133.28966542015706,9928.245407473289,1171.8749999999998,989.5642421016281,0.0007437623267426054,0.004518119141156518,76.98430971577322,2.42,2.04,0.00452665827176757,0.01621362801431868,0.025564881949458072,0.842974858274852,8689.97177012272,0.20420420420418375,-0.3799999999999999,7.95,2.4470646
89,type0_Step_Response,1000,9.99,13.347894146715024,2.539729442541186,0.3803317880019324,14.327076053931624,13.946744265929691,30131.746136017853,2064.0402077262947,184616.50379321974,390.62499999999994,399.80170319544055,0.006500699332982487,0.030186864868110064,265.3276581353087,3.3,3.32,0.03357831676444434,0.002407609699022727,0.0025596030916094355,1.006060301193848,2160.4860289597564,0.33233233233229903,0.020000000000000018,6.67,3.509783
90,type1_Damped_Osc,1000,9.99,6.794291038307728e-09,2.0636823694432239e-10,6.167726510112184e-09,7.449886837938536e-09,1.2821603278263526e-09,3.7439735900960554e-06,4.250937108956268e-07,4.6204978562448215e-14,390.62499999999994,387.3015168138344,1.5599261369241357e-12,7.834735805149135e-12,1.7775677487385167e-07,0.0,5.39,1.0214910891968151e-11,0.007960744008717914,0.007522493125805811,5390000.0,2917.7753620533686,0.5395395395394855,5.39,4.6000000000000005,5.808562
91,type0_Step_Response,1000,9.99,38.843596894276345,4.266648093466771,-0.0071873153764103,39.87462966084243,39.88181697621884,166290.12539115996,4737.287440497002,1527029.3056385184,390.62499999999994,215.99964695697477,0.01804903296208311,0.09827814422609293,924.344459248005,1.58,1.58,0.10243204454403809,0.002568389614874237,0.004230260515207743,0.9999993670890083,4169.572451784557,0.15815815815814233,0.0,8.41,1.7404197
92,type0_Step_Response,1000,9.99,27.51106136543366,4.659577137898696,-0.4061958887802709,28.887282096904347,29.293477985684618,51506.28522843822,3346.7090453045575,778570.156556685,390.62499999999994,288.7325033314737,0.010828367006723722,0.051231907957053124,511.88625816993397,2.62,2.16,0.06959277564394029,0.0023757088754686995,0.002323894784067167,0.8244271662491731,1758.2850781189925,0.21621621621619458,-0.45999999999999996,7.83,2.3773077
93,type4_overdamped_no_overshoot,1000,9.99,42.663599504916654,2.213741311002677,41.97467171493694,57.40940422572148,15.434732510784542,32054.316071717178,2070.0198201175244,1825083.3733079645,390.62499999999994,282.43633793693965,0.015246403770344578,0.08446861043345422,614.1605369603644,1.84,1.83,0.09222033633376014,0.005974858085121855,0.006887165945975904,0.9945646768670234,2076.7652467782086,0.18318318318316484,-0.010000000000000009,8.16,2.2506993
94,type5_Square_Pulse_Wave,1000,9.99,7.281450959607844,0.5896696916786601,7.023410998436042,9.098447002849072,2.07503600441303,207153.67579101186,1231.6211350568442,53367.23842245841,390.62499999999994,1618.3837191359416,0.3960141144027623,1.1911390873585637,1085.4306381532429,0.0,0.0,2.07503600441303,0.999999999999518,0.6715863473917499,0.0,99831.3645403517,0.0,0.0,9.99,0.1
95,type4_overdamped_no_overshoot,1000,9.99,22.401519744759703,0.6501500308503458,22.131901978631586,25.536729197604416,3.40482721897283,4518.90002483708,683.6021564572756,502250.7819374735,390.62499999999994,364.9544481981714,0.003904620757686888,0.02045028749880018,448.73468100342353,2.95,2.87,0.023305946825711743,0.0068449719550632135,0.006005722636933419,0.972881026142025,1327.2039179124681,0.28728728728725855,-0.08000000000000007,7.12,3.2447064
96,type1_Damped_Osc,1000,9.99,7.089262297518879,0.18356768353878752,6.279009349564388,7.614336622063703,1.335327272499315,5989.926418399349,562.0935657779612,50291.33701746245,781.2499999999999,796.9155059620558,0.0015202051312226792,0.008736971393913606,167.84336575936015,4.32,4.24,0.009550473893880529,0.007152159691906745,0.00828144203766226,0.9814812542867466,4485.736599375818,0.42442442442438194,-0.08000000000000007,5.75,4.590707
97,type4_overdamped_no_overshoot,1000,9.99,26.033492025975523,0.9945538582497014,25.7040929060472,32.2584951486814,6.554402242634197,11908.489526363297,1250.4881386148381,678731.8444434903,390.62499999999994,302.7230659344085,0.00986160280277851,0.049273756564684135,704.0656248550719,1.79,1.84,0.05513489315402609,0.008411887325953786,0.009915604590910605,1.0279323866299517,1816.8688898738521,0.18418418418416574,0.050000000000000044,8.15,2.0953903
98,type2_Triangle_Wave,1000,9.99,34.973558680948344,1.2981833804766547,34.498408146775894,42.20205572284745,7.703647576071553,67788.94618005751,8151.952447012592,1224835.0868990829,781.2499999999999,1989.1899918560234,1.756757500988266,7.703647576071553,12390.317588522903,0.0,0.0,7.703647576071553,0.9999999999998702,1.3532429450312968,0.0,8799.590779646936,0.0,0.0,9.99,0.1
99,type0_Step_Response,1000,9.99,0.09308831075339948,0.027879562900541912,-0.0092624593358696,0.1070287862548918,0.1162912455907614,140.16696013194988,14.146437797304225,9.44270362644674,390.62499999999994,393.9928227323932,3.7071479869105286e-05,0.00017597573882439932,2.6961747482478526,4.01,4.0,0.00023272264177730262,0.002001205168910752,0.001329700899545129,0.9975059856593552,1205.3096466435986,0.4004004004003603,-0.009999999999999787,5.99,4.166601
100,type2_Triangle_Wave,1000,9.99,2.4183256975487238e-06,3.739579353859188e-08,2.402963609199724e-06,2.6477126438296e-06,2.447490346298759e-07,0.00219333466498405,0.00026799811197761634,5.8496976247989035e-09,781.2499999999999,2044.0366792512027,3.020338699096012e-08,1.5417414582473847e-07,0.00023252103497483213,0.0,0.0,2.447490346298759e-07,0.9999959141987396,0.8076464352429447,0.0,8961.529538906616,0.0,0.0,9.99,0.1
101,type4_overdamped_decay_overshoot,1000,9.99,11.716634769277944,0.227856611613083,11.06382707608206,12.810926819889977,1.747099743807917,6982.541634787686,506.5583861842741,137331.44895210862,390.62499999999994,338.96856799617433,0.003741348805888666,0.02027817026479717,355.1283565541439,3.15,3.14,0.02085620097685137,0.011937613207693563,0.01641975090995089,0.9968250803729903,3996.6473920743574,0.31431431431428286,-0.009999999999999787,6.85,3.3618565
102,type2_Triangle_Wave,1000,9.99,43.50932516913055,1.7925523062903432,42.68159976174962,49.82704428195341,7.145444520203796,58117.391140324056,12972.889144171302,1896274.6204439243,781.2499999999999,1982.112998978485,1.7354030898973625,7.119296862886344,13357.370853629209,0.0,0.0,7.145444520203796,0.99999999999986,0.9681185222917047,0.0,8133.48854308344,0.0,0.0,9.99,0.1
103,type3_Sine_Wave,1000,9.99,6.222820312267753e-09,4.728070155174075e-11,6.1593836467849465e-09,6.295018866414633e-09,1.356352196296865e-10,3.9784996502086434e-07,1.0867520236098231e-07,3.872572810351137e-14,390.62499999999994,374.7848190762521,4.785992336841907e-11,1.34859648693249e-10,1.0698043554601246e-07,0.0,0.0,1.356352196296865e-10,0.9926812427812519,0.991284754160609,0.0,2911.767303475129,0.0,0.0,9.99,0.1
104,type0_Step_Response,1000,9.99,5.860401866892599e-09,1.6154306046355068e-09,-1.0412285478034697e-12,6.623834360731709e-09,6.6248755892795124e-09,4.544212394971973e-06,7.556565500092138e-07,3.69539260798713e-14,390.62499999999994,402.7168505730068,2.927039499583699e-12,1.359992015138862e-11,1.6169592207964733e-07,0.0,4.96,1.359992015138862e-11,0.002052546862393994,0.0018108043062224281,4960000.0,685.8282099839583,0.4964964964964468,4.96,5.03,6.0950828
105,type0_Step_Response,1000,9.99,0.36590375210890136,0.13238095775890782,-0.0035077095170559,0.4436614862910173,0.44716919580807324,262.0685682297785,49.93311422313369,151.4102737845381,390.62499999999994,408.52826673529506,9.23919955099273e-05,0.0005586827992900001,10.028794561015156,6.7,6.68,0.0005586827992900001,0.0012493767561049523,0.0006979251175799291,0.9970147765649586,586.0613179215353,0.6686686686686016,-0.020000000000000462,3.3100000000000005,6.9346275
106,type4_overdamped_no_overshoot,1000,9.99,8.550613244194762e-09,1.6509574880430882e-10,8.485523944511394e-09,9.429065405294555e-09,9.435414607831615e-10,1.7284889010075978e-06,2.396908743505372e-07,7.314024345807213e-14,390.62499999999994,355.48585206476923,2.1607794139230015e-12,1.1246188183106183e-11,1.8307459553625002e-07,0.0,2.12,1.4053194437888415e-11,0.014878324585388007,0.01300923972755495,2120000.0,1829.9767376801335,0.21221221221219097,2.12,7.87,2.652473
107,type2_Triangle_Wave,1000,9.99,22.902897909921098,0.38687865606308613,22.696260805483693,24.1336048773252,1.4373440718415083,15816.21239312021,4203.393486845108,524692.4077667855,1562.4999999999998,2723.6224226538734,0.38018100625055573,1.4172083037375884,4069.329958868467,0.0,0.0,1.4373440718415083,0.9999999999993042,0.9826879831478196,0.0,11003.776133327396,0.0,0.0,9.99,0.1
108,type4_overdamped_no_overshoot,1000,9.99,1.7170718235814546e-09,1.0531312995251555e-10,1.6692041329166235e-09,2.1837612370575677e-09,5.145571041409441e-10,5.122593062159593e-07,6.845166871269352e-08,2.9594265026777374e-15,390.62499999999994,371.7084655742596,4.1921013669206923e-13,2.247731349290695e-12,2.629274526286712e-08,0.0,3.58,2.7951531482826386e-12,0.005421616976726779,0.003943164281583171,3580000.0000000005,993.6034284107484,0.35835835835832247,3.58,6.41,3.941729
109,type2_Triangle_Wave,1000,9.99,38.87918562352914,0.4465883693436645,38.65023800503501,40.47228485734609,1.8220468523110824,18115.90565019614,3828.7200978272526,1511790.5159204681,781.2499999999999,2017.0733528170801,0.42817735126017464,1.7928584038195154,3817.8503548320004,0.0,0.0,1.8220468523110824,0.9999999999994511,0.9587740762001781,0.0,9942.612412632529,0.0,0.0,9.99,0.1
110,type5_Square_Pulse_Wave,1000,9.99,4.69759789689447e-06,6.683559685237618e-07,4.4415580742342725e-06,6.468518220019263e-06,2.0269601457849903e-06,0.20225206765630444,0.0009257876137714906,2.2514125701568686e-08,390.62499999999994,1397.452918278954,1.0203289159393713e-09,5.9027406033487745e-09,0.00011923270149883957,0.0,0.0,2.0269601457849903e-06,0.9999995066506322,0.0015266226941465576,0.0,99780.92973162413,0.0,0.0,9.99,0.1
111,type1_Damped_Osc,1000,9.99,1.4744882107879482e-06,2.0928086726725875e-08,1.3935529688564036e-06,1.5475026526145657e-06,1.5394968375816208e-07,0.0006540338845552399,8.032006913783324e-05,2.1745534685666863e-09,781.2499999999999,883.0444808338873,3.80500576779691e-10,2.0169352657435243e-09,3.774271264779086e-05,0.0,3.49,2.3887380656204745e-09,0.015516254993533471,0.018180467296444524,3490000.0000000005,4248.333742918921,0.3493493493493144,3.49,6.5,3.8679638
112,type4_overdamped_no_overshoot,1000,9.99,40.71875094056982,1.671594096922128,39.64291061571669,46.35818835782525,6.715277742108562,5163.495739793689,1122.6852051585538,1660810.9049850209,390.62499999999994,405.1659880740685,0.012507034382138123,0.0605383281064249,796.6979810529992,5.84,5.86,0.06521112146396746,0.009710859917981858,0.007482100113394507,1.0034244857149854,768.917673712124,0.5865865865865278,0.020000000000000462,4.13,6.583095
113,type4_overdamped_no_overshoot,1000,9.99,2.7085798346489133e-06,2.0502790149724877e-07,2.629220938842757e-06,3.770577779370663e-06,1.141356840527906e-06,0.0014948467879631654,0.0001621156968791864,7.378441161059101e-09,390.62499999999994,342.83565434179974,8.978499714098324e-10,4.8125892956904895e-09,6.449352474788186e-05,0.0,2.89,4.869668735975311e-09,0.004266557395989823,0.004379138574382307,2890000.0000000005,1309.7091331775162,0.28928928928926034,2.89,7.1,3.2623897
114,type4_overdamped_decay_overshoot,1000,9.99,0.005779389938558852,0.00011510872748520917,0.0055716711794484,0.00666650168432,0.0010948305048716,3.1968207331499463,0.23971618671551592,0.03341459808105856,390.62499999999994,270.0556036337854,1.262261350981515e-06,6.655920665899796e-06,0.14105683077879844,1.97,3.16,7.667179963100242e-06,0.00700307483394095,0.010965817862749727,1.6040600994618786,2919.9229615957233,0.31631631631628465,1.1900000000000002,6.83,3.4012022
115,type0_Step_Response,1000,9.99,9.779439893338898,1.5887315614198532,-0.000899551594473,10.305002221143749,10.305901772738222,18410.55218203422,1218.6698107462262,98161.51260167989,390.62499999999994,287.8276941388154,0.0046615483461281415,0.025075904922092107,253.89210656491355,2.92,2.91,0.025075904922092107,0.00243315970548273,0.002934132146250793,0.9965750011729448,1786.4086605922353,0.29129129129126213,-0.009999999999999787,7.08,3.8032148
116,type5_Square_Pulse_Wave,1000,9.99,40.91123707710241,0.7053781365111652,40.63589544554125,43.20839517201883,2.572499726477581,253577.74684662785,2176.071711514805,1674226.877494347,781.2499999999999,1782.768570519225,0.4125768113190374,1.2234428867300622,1881.362760947208,0.0,0.0,2.572499726477581,0.9999999999996112,0.584901615123879,0.0,98572.50682539157,0.0,0.0,9.99,0.1
117,type1_Damped_Osc,1000,9.99,1.8249387385629252e-06,2.10867513509856e-08,1.6891249645531866e-06,1.941382835392508e-06,2.522578708393215e-07,0.002189258697949466,0.00011559805138770964,3.3308460505901776e-09,1953.1249999999998,1882.698414481288,5.703068283331279e-10,3.218564984888225e-09,4.735874709667958e-05,0.0,1.21,3.598189213394864e-09,0.01426387584080943,0.027044459072041973,1210000.0,8678.619271803263,0.121121121121109,1.21,8.780000000000001,1.5364038
118,type0_Step_Response,1000,9.99,5.85780942554478e-06,1.06377733087013e-06,1.3465540668116726e-10,6.175474782704502e-06,6.1753401272978206e-06,0.00882485525354326,0.0007378745530619922,3.544555347567445e-08,390.62499999999994,294.20783610914543,3.8065431365288415e-09,1.9275348388332324e-08,0.0001451396930278559,0.0,2.11,1.982593748265522e-08,0.003210500776226846,0.003578323628208552,2110000.0,1429.047411572679,0.21121121121119005,2.11,7.880000000000001,2.31371
119,type1_Damped_Osc,1000,9.99,0.0028233047106264878,4.969590544834613e-05,0.002484197440017,0.0029612167771849,0.0004770193371678999,5.081674179770006,0.1996834353238129,0.007973519172064049,1562.4999999999998,1275.6347054330586,8.888514635506853e-07,4.080901146100071e-06,0.06940491877172845,0.52,1.78,5.4103241095000525e-06,0.011341938736235766,0.01788580845133706,3.423070340249345,10652.973104376268,0.17817817817816034,1.26,8.21,2.0689173
120,type0_Step_Response,1000,9.99,35.875072166023486,10.526056941591417,-11.551450302964922,39.88918425582678,51.4406345587917,112548.44904806907,9492.152458236429,1397818.6776550177,390.62499999999994,531.4173272847818,0.024491076153426758,0.11568563409125687,1248.7088365746886,3.52,3.1,0.15775407773712402,0.003066721067696457,0.0023267094496376216,0.8806815679881909,2187.928862336152,0.3103103103102792,-0.41999999999999993,6.890000000000001,3.2673624
121,type4_overdamped_no_overshoot,1000,9.99,1.950036426588097e-09,6.700354779986677e-11,1.91686726297121e-09,2.2299015234984757e-09,3.1303426052726566e-10,3.235899957286892e-07,5.830497678662741e-08,3.807131540438244e-15,390.62499999999994,387.57532664017367,4.818508901846304e-13,2.423480201958081e-12,3.724513331157851e-08,0.0,3.58,3.566624293208886e-12,0.01135743688354417,0.007085672818169855,3580000.0000000005,1030.4289576092092,0.35835835835832247,3.58,6.41,4.098391
122,type2_Triangle_Wave,1000,9.99,2.333278167495602e-09,4.278335193064843e-11,2.3164867001016484e-09,2.51086204160272e-09,1.9437534150107166e-10,3.939598047968862e-06,5.995677284846331e-07,5.446017422114055e-15,1562.4999999999998,4508.436207732078,4.399473910130433e-11,1.9433196601788096e-10,6.417176440075623e-07,0.0,0.0,1.9437534150107166e-10,0.9948816468223831,1.004828026209385,0.0,20164.25418735482,0.0,0.0,9.99,0.1
123,type4_overdamped_decay_overshoot,1000,9.99,7.343751195122706,0.07027969698752225,7.131785079354727,7.832812369182327,0.7010272898276,3336.9001584236275,270.700359155502,53935.620851674845,390.62499999999994,428.741611439442,0.002015549305859802,0.011244885620638634,197.89848457636907,2.39,2.36,0.013504442130798822,0.019263789479722872,0.028678969776847103,0.9874472855869096,4760.014634008748,0.23623623623621257,-0.03000000000000025,7.630000000000001,2.6225297
124,type0_Step_Response,1000,9.99,0.16625412671715417,0.02221537006561494,0.0101885363510406,0.1739809716884768,0.16379243533743618,702.57775594821,22.05045227812612,28.133957317635783,390.62499999999994,418.5343637758851,8.28168957712133e-05,0.0004691043160036934,4.794084984683236,1.9,1.88,0.0005841059075503974,0.0035661348238915204,0.0037279097995162277,0.9894731634351772,4289.439585512655,0.18818818818816935,-0.020000000000000018,8.11,2.0175273
125,type2_Triangle_Wave,1000,9.99,16.202650332366346,0.2114516867671137,16.12385381272868,17.542844975198292,1.418991162469613,20901.656849626703,2198.316917755688,262570.589608768,1171.8749999999998,3370.437681111779,0.20703410651837603,0.9984259684292702,2386.1861717912416,0.0,0.0,1.418991162469613,0.9999999999992952,0.9791083234319045,0.0,14729.94152636914,0.0,0.0,9.99,0.1
126,type3_Sine_Wave,1000,9.99,7.368390829051854,0.1551685566380507,7.1523727806513815,7.590653735729935,0.4382809550785538,935.1938108750345,423.5105373149646,54317.2606906246,390.62499999999994,429.66057556825723,0.1596470848323127,0.4382397634922155,391.1526048141173,0.0,0.0,0.4382809550785538,0.9999999999977184,1.028862343571835,0.0,2133.77697578779,0.0,0.0,9.99,0.1
127,type3_Sine_Wave,1000,9.99,44.0659783656257,0.3159497772542907,43.59663995488189,44.52232875313901,0.92568879825712,2767.1977950305404,731.2440070393336,1941910.2735815393,390.62499999999994,384.17556988468124,0.2631785861735958,0.84296404917459,746.36190912234,0.0,0.0,0.92568879825712,0.9999999999989198,0.8329760142889571,0.0,2989.3391820637894,0.0,0.0,9.99,0.1
128,type2_Triangle_Wave,1000,9.99,40.77458127565241,0.8265734611733716,40.44438206946187,45.96659635148902,5.52221428202715,52386.478649921024,6061.428471919307,1663249.7018915005,1171.8749999999998,2183.301688862598,0.6115347434063577,3.6400830698819107,3553.5211940241,0.0,0.0,5.52221428202715,0.9999999999998189,0.739843186517877,0.0,9486.498707667131,0.0,0.0,9.99,0.1
129,type4_overdamped_decay_overshoot,1000,9.99,0.07961428657128462,0.0012701704758128955,0.0775900118024242,0.0876976578869137,0.010107646084489497,21.888036672559895,2.1743384664246963,6.3400479592922565,390.62499999999994,290.90624336800573,1.983473241867382e-05,9.84187981880047e-05,1.3401406928985842,4.27,4.44,9.84187981880047e-05,0.009737064134971484,0.01561580337502649,1.0398124028542384,2165.492982978726,0.44444444444439996,0.17000000000000082,5.55,4.681419
130,type2_Triangle_Wave,1000,9.99,2.7176076648327527e-09,8.668180492334442e-11,2.6774567943545823e-09,3.180875743169584e-09,5.034189488150017e-10,5.430046953274876e-06,8.313541789895436e-07,7.392905155262494e-15,1562.4999999999998,2665.0204318089254,9.633176311772368e-11,5.034189488150017e-10,8.959357603907518e-07,0.0,0.0,5.034189488150017e-10,0.9980175209469248,1.0986516895032152,0.0,10764.954342082763,0.0,0.0,9.99,0.1
131,type4_overdamped_no_overshoot,1000,9.99,2.295200746258635e-06,1.3732168373676274e-07,2.253020306016794e-06,3.1602319369400618e-06,9.072116309232676e-07,0.001679591982390271,0.0001300000122819371,5.286803710450494e-09,390.62499999999994,295.02079765866813,3.9438464002012063e-10,2.147896986672728e-09,4.698618493637606e-05,0.0,1.85,2.579807836512694e-09,0.002843663931229916,0.00287195552321222,1850000.0000000002,1851.3763203241065,0.18518518518516666,1.85,8.14,2.0254002
132,type1_Damped_Osc,1000,9.99,1.5212455807056713e-09,4.434115820353317e-11,1.3801798897121362e-09,1.639974492142723e-09,2.597946024305869e-10,7.373466737450457e-07,9.235375433654591e-08,2.316154255127366e-15,390.62499999999994,476.3512878546587,2.0745842460274233e-13,1.0989129365840569e-12,2.4548318699754446e-08,0.0,6.56,1.0989129365840569e-12,0.004213710430899518,0.004575499012872069,6560000.0,2827.3080304309515,0.6566566566565909,6.56,3.4300000000000006,7.2011266
133,type4_overdamped_decay_overshoot,1000,9.99,2.578380311989996e-06,4.25955896553566e-08,2.515036228085669e-06,2.8871806412876465e-06,3.721444132019774e-07,0.0009604478169590631,8.210373488529092e-05,6.6498594175157156e-09,390.62499999999994,276.4076389826783,1.1131761660205095e-09,5.410940063920774e-09,5.012807955779268e-05,0.0,3.62,5.410940063920774e-09,0.014539854239676072,0.02613298799333635,3620000.0000000005,2580.8401309995234,0.3623623623623261,3.62,6.37,4.0818706
134,type0_Step_Response,1000,9.99,1.0635288849578164e-06,1.8271657721861492e-07,9.428126311350838e-12,1.1266511451764171e-06,1.1266417170501058e-06,0.0019770702443734686,0.0001281346219628175,1.164479036730102e-09,390.62499999999994,311.42814164286483,5.898700950539397e-10,2.898580528696727e-09,2.237438929300088e-05,0.0,2.71,3.034372383112339e-09,0.0026932871771960247,0.003228316093246911,2710000.0,1754.8333774792789,0.2712712712712441,2.71,7.28,3.6021874
135,type5_Square_Pulse_Wave,1000,9.99,44.14863080584706,1.9171939524205042,43.37169050164877,49.01885777960338,5.647167277954608,562713.7014547478,4090.55286662416,1952777.2346821856,390.62499999999994,1725.4165518126551,2.244244977497402,5.642893378767141,5311.732308447759,0.0,0.0,5.647167277954608,0.9999999999998229,1.1705883876082632,0.0,99645.30423091378,0.0,0.0,9.99,0.1
136,type4_overdamped_no_overshoot,1000,9.99,7.694572472503702e-09,2.1384016944090277e-10,7.596222222533611e-09,8.69003401318521e-09,1.0938117906515994e-09,1.2553002582388025e-06,2.393786690914372e-07,5.925217315267827e-14,390.62499999999994,375.01100646596586,1.4269947622965003e-12,7.932627324425086e-12,1.6451044809114722e-07,0.0,3.88,9.521168262596278e-12,0.008696625615375918,0.006642122681294158,3880000.0,1146.5900065724402,0.3883883883883495,3.88,6.11,4.6217155
137,type1_Damped_Osc,1000,9.99,1.1345699021793156e-09,1.2163079628703913e-11,1.0690317503950074e-09,1.2091984018707031e-09,1.401666514756957e-10,1.348927509921359e-06,5.438037907237059e-08,1.2873968034372363e-15,1171.8749999999998,1312.0479993394795,3.044423229108305e-13,1.465090494312011e-12,2.490959855542927e-08,0.0,1.29,2.4819009938249993e-12,0.017581354858815942,0.023128502713525487,1290000.0,9555.567804578835,0.1291291291291162,1.29,8.7,1.6309656
138,type0_Step_Response,1000,9.99,2.3450075691414127e-09,5.435690916884859e-10,2.937674541247483e-13,2.614303922362857e-09,2.6140101549087323e-09,9.29700150337214e-06,4.2125005760324303e-07,5.794527856769564e-15,390.62499999999994,493.24631356954825,1.1869332140346819e-12,6.6463925756551595e-12,6.811119854019842e-08,0.0,3.46,6.968890313564985e-12,0.0026649572662207155,0.0021795824113970325,3460000.0,3555.2448949081113,0.3463463463463117,3.46,6.53,3.6048992
139,type0_Step_Response,1000,9.99,2.388099250911116e-09,2.510109107615937e-10,-8.610381826239879e-13,2.4371633325514924e-09,2.4380243707341162e-09,1.4175571546598236e-05,3.0430923005000217e-07,5.766024509523599e-15,0.0,183.4115200842578,1.1620576479144667e-12,5.6306403253860394e-12,6.354875622607403e-08,0.0,1.39,6.486534506720372e-12,0.002659479169028559,0.00461114022564599,1390000.0,5811.9843805954115,0.1391391391391252,1.39,8.6,1.7014772
140,type0_Step_Response,1000,9.99,13.256685660248461,1.928788566467553,1.004035251790451,13.838033385891736,12.833998134101284,30365.11028356643,1654.177946051925,179459.94002877313,390.62499999999994,294.48824226502643,0.007752861492074316,0.036795765534428426,438.66138977836374,1.52,1.51,0.03888938869818759,0.003030185004846725,0.0040195496939662715,0.9934203990655269,2365.9899250632407,0.151151151151136,-0.010000000000000009,8.48,1.6344545
141,type4_overdamped_no_overshoot,1000,9.99,32.12676694564741,0.7849076218937046,31.896709342454532,37.20534779555238,5.308638453097846,9987.296733454086,857.5807406506403,1032745.2343548501,390.62499999999994,288.050951979775,0.0034785673502339995,0.018717840134456765,391.1370446465418,1.54,1.54,0.019137376164213293,0.0036049499948601904,0.0044318175199229365,0.9999993506497724,1881.3292375607416,0.15415415415413872,0.0,8.45,1.6464474
142,type4_overdamped_no_overshoot,1000,9.99,8.8641008900525e-09,3.519669580868846e-10,8.683975477128377e-09,1.0311084708353212e-08,1.6271092312248343e-09,1.4688301809047674e-06,2.3771217524630694e-07,7.869616532861445e-14,390.62499999999994,382.56954082587504,1.9481179088588358e-12,1.0915067396563958e-11,1.0369945279511515e-07,0.0,4.51,1.0915067396563958e-11,0.006704137036525799,0.005519264237700393,4510000.0,902.1693094877666,0.45145145145140625,4.51,5.48,5.289361
143,type4_overdamped_no_overshoot,1000,9.99,37.64218745588417,0.9648776958186014,37.363546402371874,44.82363420392591,7.460087801554039,20026.307812515395,1418.3351291585411,1417865.2654318113,390.62499999999994,263.81060348213845,0.011104172470666529,0.060672589913245645,781.172413502523,1.34,1.28,0.07253081761944458,0.009722515277142674,0.011508373049533756,0.9552231677439047,2684.460068732831,0.1281281281281153,-0.06000000000000005,8.71,1.6185555
144,type4_overdamped_decay_overshoot,1000,9.99,7.2699154639476435e-09,1.621694288002022e-10,7.079484519446548e-09,8.313112729312822e-09,1.233628209866274e-09,2.7701185564554512e-06,2.5912984241102245e-07,5.287796977658248e-14,390.62499999999994,293.6815036658436,1.312658313057973e-12,7.591178350681118e-12,1.5066380609943176e-07,0.0,5.2,7.906471669500717e-12,0.006403929220406432,0.008044756439426516,5200000.0,2243.6864266656357,0.5205205205204684,5.2,4.79,5.427128
145,type0_Step_Response,1000,9.99,33.65484403679034,4.191162088038418,0.0029968831446268,34.63344782542779,34.63045094228316,130462.07229422854,4152.081871264649,1150214.3667888925,390.62499999999994,230.04857567136182,0.012579261547447849,0.06746301022040058,798.4161479747341,1.43,1.17,0.07835058327261635,0.002262476552881078,0.0030013779670669564,0.8181812460271007,3767.2646108957506,0.11711711711710539,-0.26,8.82,1.8857752
146,type1_Damped_Osc,1000,9.99,29.026267748678702,0.5641554615163723,26.31299409774413,30.855922335293528,4.542928237549397,31105.418245304503,1762.6275546198387,842842.490802744,781.2499999999999,751.6937243634645,0.007071922151784722,0.03515535158813066,664.9084823066955,3.02,2.7,0.05537571472912006,0.012189431977243675,0.012535413789603017,0.8940394390597884,6846.997491220977,0.27027027027024325,-0.31999999999999984,7.29,3.2961638
147,type3_Sine_Wave,1000,9.99,1.0145928329357993e-09,5.399294493981455e-12,1.007387094566571e-09,1.0230263668173303e-09,1.563927225075929e-11,4.7513942175302765e-08,1.285262861429872e-08,1.0294277690257233e-15,390.62499999999994,384.70771292278835,5.678123576935032e-12,1.557614286707235e-11,1.3446979666151221e-08,0.0,0.0,1.563927225075929e-11,0.9399012177377909,0.8873046212008706,0.0,2855.5300652127135,0.0,0.0,9.99,0.1
148,type5_Square_Pulse_Wave,1000,9.99,0.32669224378289957,0.018007167302395086,0.3200391910690839,0.3821013377046572,0.0620621466355733,6185.868097202451,27.722400408768838,107.05208022216195,390.62499999999994,1482.0175839427454,4.9113806395812886e-05,0.00023278212818939048,5.229051285766923,0.0,0.0,0.0620621466355733,0.9999999999838871,0.002727458770628123,0.0,99672.15819049855,0.0,0.0,9.99,0.1
149,type1_Damped_Osc,1000,9.99,29.655848886938585,0.27951356039327824,28.111268540131604,30.60134893332503,2.490080393193427,21835.941270029834,1186.0182198426035,879547.5010353802,781.2499999999999,904.7154490080183,0.007195421567780955,0.04401260979022936,678.4769633036935,1.86,1.79,0.05184872981391209,0.020822110786309744,0.025742656483754085,0.962365073997272,8769.171200138384,0.17917917917916124,-0.07000000000000006,8.2,2.3044548
150,type1_Damped_Osc,1000,9.99,7.964636021091953,0.13716007830237975,7.487013831999796,8.298865859862364,0.8118520278625674,2520.029919555533,328.2071439538886,63454.239835555374,390.62499999999994,438.7801048104017,0.0012787108647976321,0.007423415366210051,143.21657617638394,5.87,6.91,0.007423415366210051,0.009143803441305888,0.009322762720864701,1.1771718607884394,3104.050779040521,0.6916916916916225,1.04,3.08,7.264183
151,type0_Step_Response,1000,9.99,34.602676931025925,3.5630348902337414,0.9171125352505825,37.04222241777354,36.125109882522956,195893.28731711168,5673.742705221184,1210040.468421977,390.62499999999994,529.9225577849768,0.012235719938248414,0.0747915672980426,853.4852868815354,2.97,2.94,0.0879940960258736,0.0024358153182654266,0.0034340724453142514,0.9898986565997788,5422.635057834879,0.29429429429426485,-0.03000000000000025,7.050000000000001,3.239681
152,type0_Step_Response,1000,9.99,20.829706432748388,7.084899825172845,-14.606832678645516,23.674028189131093,38.28086086777661,140067.1507033663,8769.641574229185,484072.4756072139,390.62499999999994,780.6635228941336,0.009781904737944606,0.04992315022886373,579.083079665535,3.32,3.31,0.05369166940849013,0.0014025721520198192,0.0013806694490143456,0.9969876515097436,3658.9341913484996,0.33133133133129816,-0.009999999999999787,6.68,3.4717216
153,type0_Step_Response,1000,9.99,4.175024584584721e-09,1.414580998014049e-09,-2.5440640694289025e-11,5.152355939402606e-09,5.177796580096895e-09,3.9605281009782175e-06,5.711136821378166e-07,1.943186968182925e-14,390.62499999999994,398.5236419942633,2.546147754047224e-12,1.228041782778493e-11,1.2236078085171544e-07,0.0,6.02,1.2630989105658786e-11,0.0024389815105312477,0.0017986591778353007,6020000.0,764.7583834822328,0.6026026026025422,6.02,3.9700000000000006,6.219893
154,type3_Sine_Wave,1000,9.99,1.9489894482666345e-09,1.812117069909256e-11,1.9235910674484663e-09,1.9748916676208182e-09,5.1300600172351977e-11,1.3442043361837676e-07,3.52002221850105e-08,3.798888246282186e-15,390.62499999999994,364.3117487926632,1.940877725486562e-11,5.123587701503043e-11,3.40466685098488e-08,0.0,0.0,5.1300600172351977e-11,0.9808797605246481,1.015041262917375,0.0,2570.150881164005,0.0,0.0,9.99,0.1
155,type0_Step_Response,1000,9.99,4.355651496112301e-06,1.010858072939276e-06,-7.12177470089966e-10,4.893628303568723e-06,4.894340481038813e-06,0.005709489221663828,0.0005285793129780063,1.9993533999211826e-08,390.62499999999994,383.55466861166957,1.86974085726971e-09,9.627894172661364e-09,8.096171358961677e-05,0.0,5.69,9.645467011277984e-09,0.001970738463722959,0.0018496553152884728,5690000.000000001,1166.5490125245615,0.5695695695695125,5.69,4.3,5.9168
156,type1_Damped_Osc,1000,9.99,1.2043822890605185e-06,2.8280348615649514e-08,1.0789523103142447e-06,1.3101853996368534e-06,2.3123308932260867e-07,0.0016780410773461862,7.819880105172417e-05,1.4513364763204772e-09,781.2499999999999,654.24285398364,2.661794550028846e-10,1.4765581102985048e-09,3.0871221548246284e-05,0.0,2.56,1.688669753080476e-09,0.007302858147029138,0.00941183741342497,2560000.0,7256.893143489106,0.2562562562562306,2.56,7.43,3.093155
157,type5_Square_Pulse_Wave,1000,9.99,36.085764686368684,1.8538572223444,35.29661369165929,42.408033181556455,7.111419489897166,707019.0038243318,4738.242408376175,1305619.1996008116,781.2499999999999,1848.5879539346508,1.5207935704377231,4.23133506707498,4118.373924248978,0.0,0.0,7.111419489897166,0.9999999999998593,0.8203401815991509,0.0,99420.23597801515,0.0,0.0,9.99,0.1
158,type4_overdamped_no_overshoot,1000,9.99,0.0022424253309203264,3.604168607908179e-05,0.0022276347769668,0.0024435796329121,0.0002159448559452999,0.3696197463699986,0.07164033815743728,0.005029770367888559,390.62499999999994,368.7545096054633,6.95044524591569e-07,3.992242782599985e-06,0.06270250228417637,0.49,2.19,4.6818582698001515e-06,0.021680804701850777,0.019284461436739054,4.469378633921155,1711.6394972241708,0.21921921921919726,1.7,7.800000000000001,3.0721166
159,type0_Step_Response,1000,9.99,25.33201144990383,6.253098374573393,0.9357942327215728,27.9390870454559,27.003292812734326,27652.310159243672,3125.1326705501924,680812.0433801512,390.62499999999994,380.666225107592,0.011062818731173039,0.06413397008786959,652.0292376089332,4.24,4.13,0.103561258040898,0.0038351344319036648,0.0017691739468157675,0.9740563740433079,1024.0347483178887,0.413413413413372,-0.11000000000000032,5.86,4.4939966
160,type4_overdamped_decay_overshoot,1000,9.99,12.557701382781623,0.3202855271358053,12.020659125466713,14.879778608748936,2.859119483282223,8272.556016645181,554.6506018017609,157798.44683800818,390.62499999999994,267.0484318826972,0.002840606592247591,0.01726536603823625,287.69141995893904,3.89,3.87,0.01874759304357987,0.006557121223227572,0.008868982053735657,0.9948583560775434,2893.3929012108047,0.3873873873873486,-0.020000000000000018,6.12,4.104695
161,type1_Damped_Osc,1000,9.99,18.329902404981695,0.3661609350757865,17.047994554039207,19.393323583527668,2.345329029488461,6383.05875707914,915.4456583010092,336119.39600652916,781.2499999999999,622.3721193050221,0.003948947629409864,0.0214800578694323,239.3781774417393,5.05,4.96,0.02637714821043602,0.011246672803166506,0.010784732206841624,0.9821780233310845,2721.604805475258,0.4964964964964468,-0.08999999999999986,5.03,5.712758
162,type0_Step_Response,1000,9.99,27.566818693674993,3.9099961584966922,-0.0011670251134243,28.568550028760715,28.56971705387414,78635.42304579119,3446.9350865064594,775217.5628494078,390.62499999999994,254.9137004725217,0.011890495176357038,0.05782314278321721,724.8498756076995,1.38,1.38,0.0654932106752888,0.0022923996955162506,0.003041050347457536,0.999999275362844,2752.4046842152834,0.13813813813812428,0.0,8.61,1.5746742
163,type5_Square_Pulse_Wave,1000,9.99,31.722792019302055,1.662015440119948,31.10062430154248,37.37273021851491,6.2721059169724285,623091.4055310069,2526.926182878698,1009097.8288230913,390.62499999999994,1405.2449555321768,0.00528616187911531,0.025757600936117342,609.5102558856029,0.0,0.0,6.2721059169724285,0.9999999999998406,0.003180573267556784,0.0,99343.25309220485,0.0,0.0,9.99,0.1
164,type1_Damped_Osc,1000,9.99,1.5172919397455449,0.012731239670493383,1.451726909032129,1.556906864287108,0.10517995525497903,596.4149515738314,61.80209750433617,2302.336914880346,781.2499999999999,961.4547061081441,0.0005106553540171208,0.0028163308201292203,35.211454355198136,2.67,2.65,0.0028345715135176253,0.026949731121477083,0.04011041871755294,0.992508991569666,5670.424085295736,0.2652652652652387,-0.020000000000000018,7.34,3.1612227
165,type3_Sine_Wave,1000,9.99,1.9171940079116794e-06,2.6410178414958926e-08,1.88104212745278e-06,1.957337034053091e-06,7.629490660031084e-08,0.00011622645883440017,3.8551159429144464e-05,3.6763303614963584e-09,390.62499999999994,365.99908849121834,2.61656159625084e-08,7.491343269758789e-08,3.777425162017792e-05,0.0,0.0,7.629490660031084e-08,0.999986893136938,0.9907023288172767,0.0,1523.3642801215058,0.0,0.0,9.99,0.1
166,type5_Square_Pulse_Wave,1000,9.99,1.4436817977531076e-06,1.1691901162610953e-07,1.3977058664783668e-06,1.7981588556888097e-06,4.0045298921044285e-07,0.039880110545390396,0.00017769861101081793,2.0978871884432707e-09,390.62499999999994,1377.9296011179085,6.09447797685928e-08,3.997325600270929e-07,0.0001998233685181669,0.0,0.0,4.0045298921044285e-07,0.9999975028342158,0.521251913346399,0.0,99587.24752379223,0.0,0.0,9.99,0.1
167,type4_overdamped_no_overshoot,1000,9.99,5.976130233981146e-06,2.3360987690402936e-07,5.900722764635245e-06,7.453362161167884e-06,1.5526393965326392e-06,0.0030610780603949634,0.0002919875490402738,3.576870614809067e-08,390.62499999999994,300.5823251800698,1.495777314808194e-09,8.813784930794182e-09,0.0001615543021034912,0.0,2.01,8.813784930794182e-09,0.005676642801821433,0.006402858182937606,2009999.9999999998,1971.5306050460695,0.20120120120118104,2.01,7.98,2.3726768
168,type0_Step_Response,1000,9.99,42.32542915163026,5.676660124219205,-0.0061105341561658,56.31840464950673,56.324515183662896,195174.20953965854,8272.964743235567,1823666.4230355734,390.62499999999994,365.1119231098204,0.02027681560310831,0.09641362773676576,951.9134686698127,3.1,3.09,0.11977708591020786,0.0021265533403995894,0.0035719622382524986,0.9967738720084283,3465.173360183062,0.3093093093092783,-0.010000000000000231,6.9,3.2492769
169,type0_Step_Response,1000,9.99,2.3312273036047753e-09,3.5958393764459477e-10,7.67910048973569e-11,2.436698345128854e-09,2.3599073402314974e-09,4.311822911405884e-06,2.6916737782187663e-07,5.563921349284384e-15,390.62499999999994,284.5641032435449,9.400861812922154e-13,4.40673326536216e-12,4.0061352007988557e-08,0.0,1.73,6.264659372152145e-12,0.002653496503398506,0.002607121624532261,1730000.0,1826.3414399749765,0.17317317317315584,1.73,8.26,1.9173613
170,type1_Damped_Osc,1000,9.99,2.9505014411763177,0.04408160906652741,2.7848450961595117,3.0403893304564757,0.25554423429696405,935.5844456444994,121.37496691220001,8707.401942641423,390.62499999999994,461.0183239063536,0.0008231925106252964,0.004617371369981527,71.03422360506217,5.45,5.22,0.004617371369981527,0.01806877538312088,0.0186742845381227,0.9577979893948643,3661.1448042048564,0.5225225225224702,-0.23000000000000043,4.7700000000000005,5.9644966
171,type0_Step_Response,1000,9.99,0.09112136343832819,0.011258476065317323,0.0045513192068066,0.0953287390647096,0.090777419857903,280.2826727604199,11.446302801727356,8.429856158173216,390.62499999999994,318.3288854068083,4.368245398115417e-05,0.00022260266175329335,2.2388593937141215,2.81,2.78,0.0002715707454022942,0.0029916111938894227,0.0038799615262177143,0.9893234913439531,3087.581396299525,0.2782782782782504,-0.03000000000000025,7.210000000000001,3.344041
172,type4_overdamped_decay_overshoot,1000,9.99,9.597032477186825e-06,2.5259213972558085e-07,9.05193923294127e-06,1.0730383501336431e-05,1.678444268395162e-06,0.004807191076785101,0.00042219891242472257,9.216683515722985e-08,390.62499999999994,293.44481991940097,2.3347374188280516e-09,1.3215823758714143e-08,0.0002576117737272169,0.0,5.4,1.3215823758714143e-08,0.007873848499898,0.009243075331992503,5400000.000000001,2864.073775477633,0.5405405405404865,5.4,4.59,5.675185
173,type4_overdamped_decay_overshoot,1000,9.99,0.1998254293662554,0.0015827214040322537,0.1959574576896245,0.2167480153937902,0.020790557704165713,181.72129177358164,5.4844178749906245,39.93270722845111,390.62499999999994,603.4056612155101,6.203517239878782e-05,0.00036260218470579586,3.7421629864122163,1.31,1.27,0.000369115354990901,0.017753990067288526,0.03919525710687133,0.9694649088054131,8740.568403724465,0.1271271271271144,-0.040000000000000036,8.72,1.5201855
174,type3_Sine_Wave,1000,9.99,0.003997729365724099,7.663843857684661e-05,0.0038942517826523,0.0041148183607931,0.0002205665781408006,0.44771504352000135,0.20753144768599582,0.0159877135318403,390.62499999999994,426.43549234466053,7.343413283494503e-05,0.00022030848764249995,0.21678455392835821,0.0,0.0,0.0002205665781408006,0.9999999954662215,0.9581893008313593,0.0,2029.8408093557935,0.0,0.0,9.99,0.1
175,type5_Square_Pulse_Wave,1000,9.99,0.012278052374667133,0.0005238239600488605,0.0120355105913308,0.0135523256056859,0.0015168150143551,149.70553818155,1.1192370972952264,0.1510249616561905,390.62499999999994,1481.562000642233,0.0005627059762652735,0.0013629346264343,1.3866384978205155,0.0,0.0,0.0015168150143551,0.9999999993407238,1.0742272559249848,0.0,98697.2944400228,0.0,0.0,9.99,0.1
176,type4_overdamped_decay_overshoot,1000,9.99,0.727503969410199,0.016123851080266816,0.7017520829377615,0.8506992271994683,0.14894714426170685,434.6173331253422,26.36712019137843,529.5220040812544,390.62499999999994,260.11878663778685,0.00014810251344450515,0.0007937057333641251,11.924451256767563,3.82,3.68,0.0012692989653495523,0.008521807998620066,0.009185306456754317,0.9633505331543107,2917.9299494240854,0.3683683683683315,-0.13999999999999968,6.3100000000000005,4.0123615
177,type0_Step_Response,1000,9.99,36.82989215927253,5.750367863654484,0.0063080969302945,39.04619557368365,39.03988747675335,78184.89229954898,4728.757051060416,1389507.6870309943,390.62499999999994,276.31756772152545,0.01827236544838566,0.09152966526599471,1016.0084293938152,5.74,5.74,0.09152966526599471,0.002344516625989112,0.003177599395661967,0.9999998257840025,2002.6925627309472,0.5745745745745171,0.0,4.25,7.196675
178,type4_overdamped_no_overshoot,1000,9.99,15.528596600541768,0.33268030024994316,15.416927888305294,17.547174458060674,2.1302465697553803,4163.6988885695555,521.6465082030948,241247.98856453178,390.62499999999994,318.7472399232202,0.0032735875471667105,0.01888198335678304,367.2749747427562,1.69,1.67,0.020839601723675827,0.009782718122653328,0.00984004025695967,0.9881650957602984,1954.5619496271388,0.1671671671671504,-0.020000000000000018,8.32,1.9010303
179,type4_overdamped_decay_overshoot,1000,9.99,5.893489832265214e-06,1.9170755870620453e-07,5.663255279497995e-06,7.341527646738796e-06,1.6782723672408012e-06,0.004972935391773541,0.00031850724249091097,3.4769974191078554e-08,390.62499999999994,260.1326470688445,1.7851974769684086e-09,1.0654353588339418e-08,0.0001574429174698583,0.0,3.42,1.1452976932502286e-08,0.006824261861064852,0.009312038487046597,3420000.0,2963.1259655567283,0.34234234234230804,3.42,6.57,3.657735
180,type1_Damped_Osc,1000,9.99,21.352136304671426,0.4502235765599027,18.83021121802537,22.882652134967376,4.0524409169420075,28148.68256461338,1333.7635500607707,456116.4260421579,1171.8749999999998,947.3818901810731,0.0033896699078107746,0.019815822022870577,331.9290857541837,3.05,2.13,0.02491633944527294,0.00614847691945347,0.007528859180816905,0.6983604267670732,6946.105604384128,0.21321321321319187,-0.9199999999999999,7.86,2.3587444
181,type0_Step_Response,1000,9.99,3.9982902694846234,0.7375672397921395,7.931864088266706e-06,4.301944666612788,4.3019367347487,20649.18726053805,908.6443088801683,16530.330512270015,390.62499999999994,654.6058642381984,0.001392989164341451,0.007695992206511626,68.10421414141892,2.87,2.86,0.00835673616876953,0.0019425520838710687,0.0018886266758975539,0.9965153322246227,4799.97464717237,0.28628628628625763,-0.010000000000000231,7.130000000000001,3.0663302
182,type4_overdamped_no_overshoot,1000,9.99,43.38180787750921,1.7248960953748682,42.702855330888376,52.1481903145482,9.445334983659826,11628.433786363245,1651.0266351987334,1884956.521260959,390.62499999999994,351.266667701891,0.00950466281936303,0.061442340491666414,887.9656398012179,3.25,2.56,0.0712764379249009,0.007546205407028937,0.005510281369900075,0.7876920653255184,1231.129844148343,0.2562562562562306,-0.69,7.43,2.9517725
183,type1_Damped_Osc,1000,9.99,1.6125578468333944e-06,2.9764841120141318e-08,1.480115181186874e-06,1.672600053869598e-06,1.9248487268272405e-07,0.0005970951876715948,7.269833415769133e-05,2.60122875515086e-09,781.2499999999999,650.0467385363435,1.942128265523126e-10,1.2150419559115329e-09,2.028803254276093e-05,0.0,4.12,1.2150419559115329e-09,0.0063123695208234624,0.006524688006242725,4120000.0000000005,3102.020835865661,0.41241241241237114,4.12,5.87,5.2122183
184,type0_Step_Response,1000,9.99,0.01466754997681849,0.002425173388733012,-6.879019848002856e-07,0.0157137264633008,0.0157144143652856,60.54399745511999,2.7229141594667774,0.2210184882878868,390.62499999999994,582.6327175928533,6.887257025478182e-06,3.461868101049988e-05,0.2503111152834579,3.17,3.52,4.2800138816599664e-05,0.0027236228992678834,0.002839902934213047,1.1104097443502383,3852.768295649233,0.3523523523523171,0.3500000000000001,6.470000000000001,3.7475908
185,type5_Square_Pulse_Wave,1000,9.99,2.821398164196288e-06,3.2288193299125645e-08,2.8067973371095734e-06,2.9249890045607204e-06,1.1819166745114705e-07,0.011610622168742021,0.0001305825627564862,7.961330128356706e-09,390.62499999999994,1774.8057998629217,2.750957376881779e-08,1.181089456892806e-07,0.0001525297281899748,0.0,0.0,1.1819166745114705e-07,0.9999915392382491,0.8519746378910841,0.0,98234.70794870652,0.0,0.0,9.99,0.1
186,type1_Damped_Osc,1000,9.99,0.6673898873187509,0.010546169576145932,0.6279922132504876,0.7076700531210782,0.07967783987059063,367.47246860359127,30.031747061426945,445.5204833880638,781.2499999999999,664.2383079506518,0.00010052318957945738,0.0004747405120036907,11.27894662999433,4.71,3.74,0.0007826104029948766,0.00982218398812188,0.009531725129595495,0.7940550331093348,4611.9783015680705,0.3743743743743369,-0.9699999999999998,6.25,4.1894984
187,type1_Damped_Osc,1000,9.99,1.32725041311993e-09,3.619236397030626e-11,1.1097115214426336e-09,1.455554236511778e-09,3.4584271506914435e-10,2.5718311332004294e-06,1.3465267420232202e-07,1.7629035463367836e-15,1562.4999999999998,1398.6765936750212,3.497330787864207e-13,1.7521106613584135e-12,2.4493301911382933e-08,0.0,2.24,2.1724271909174626e-12,0.006263436124020599,0.009403357072587305,2240000.0000000005,7414.978090826344,0.2242242242242018,2.24,7.75,2.7356036
188,type1_Damped_Osc,1000,9.99,2.8402777801469318e-09,2.4301168896694928e-11,2.675006999008072e-09,2.9056731090462074e-09,2.3066611003813533e-10,1.9886612694871317e-06,9.778414054215491e-08,8.067768415206129e-15,1562.4999999999998,1396.8796118628852,2.8555200183993753e-13,1.662513332842609e-12,3.0036801838484385e-08,0.0,1.87,1.7477443468148688e-12,0.007544238328718719,0.011286118953865368,1870000.0000000002,8584.169989990212,0.18718718718716845,1.87,8.120000000000001,2.1932619
189,type1_Damped_Osc,1000,9.99,0.2842282596573247,0.005545081765841421,0.2522840619712551,0.2985622161008063,0.04627815412955122,268.1908544770184,19.266082380767802,80.81645151962147,1171.8749999999998,1132.0823059815998,8.440572676830059e-05,0.0004276191942336749,5.857270334116895,3.04,2.98,0.0005054881284129453,0.010922823909245762,0.015221728067750318,0.9802628354398567,5795.193423671325,0.2982982982982684,-0.06000000000000005,7.01,3.4251559
190,type1_Damped_Osc,1000,9.99,20.34638978011883,0.33339295591680884,19.30483794763077,22.103129293988783,2.7982913463580132,19001.51040005369,950.4918913245893,414086.72794757877,781.2499999999999,670.9846926661646,0.004337979375958983,0.023286929571444404,396.244370590557,3.16,3.1,0.026794847390149812,0.009575431602221775,0.013011610770290009,0.9810123477809025,6790.397441916631,0.3103103103102792,-0.06000000000000005,6.890000000000001,3.4737964
191,type2_Triangle_Wave,1000,9.99,7.276453385699238,0.06355699300981231,7.2428720463973075,7.484764040036056,0.24189199363874891,1514.2304445909358,385.85262614255504,52950.81336561435,781.2499999999999,1359.3765507887163,0.0667738767457602,0.24117422554225865,438.1462815977138,0.0,0.0,0.24189199363874891,0.9999999999958659,1.0506141587661428,0.0,6259.944456227384,0.0,0.0,9.99,0.1
192,type5_Square_Pulse_Wave,1000,9.99,0.0018238650951609878,5.9729112664436506e-05,0.001804142564865,0.0021034858845439,0.0002993433196789,29.800317560780023,0.1522550912992291,0.0033300514522462805,390.62499999999994,2072.0691537820717,4.010723481848887e-05,0.00013486562921020007,0.13975471083108687,0.0,0.0,0.0002993433196789,0.9999999966593542,0.6714855178299631,0.0,99552.30500281071,0.0,0.0,9.99,0.1
193,type4_overdamped_decay_overshoot,1000,9.99,2.249719651424397e-06,4.887794938109336e-08,2.158556133570515e-06,2.627573527886275e-06,4.6901739431575977e-07,0.0015563854455741702,8.236533539881648e-05,5.063627563940812e-09,390.62499999999994,259.5218155923922,3.186720004553348e-10,1.5758392867912065e-09,3.6974773848539964e-05,0.0,3.96,1.7898114309078096e-09,0.0038160793960307776,0.006519616409320754,3960000.0,3318.388925544691,0.3963963963963567,3.96,6.03,4.168018
194,type0_Step_Response,1000,9.99,0.0012655615365133072,0.0002105463879993643,1.583986136748171e-08,0.0013298832704394,0.0013298674305780326,2.4171822202806537,0.15570981039337053,0.001645975784201502,390.62499999999994,298.63213477847273,4.984230658777522e-07,2.6538943651000218e-06,0.028653576740000294,1.08,2.0,3.222785295000025e-06,0.0024233883908081266,0.002367283847737978,1.851850137175799,1817.611412148355,0.20020020020018015,0.9199999999999999,7.99,3.006024
195,type0_Step_Response,1000,9.99,0.28628474026991113,0.04558322837218308,-4.7380656843081015e-06,0.2987348244844958,0.2987395625501801,540.06318665176,35.80092459040551,84.03678322024106,390.62499999999994,275.70412144422096,0.00015170314442367774,0.0009431738429158121,7.1828851132684175,2.13,2.09,0.0009431738429158121,0.003157177559146447,0.0033280473945747494,0.9812201966102363,1807.806043631186,0.20920920920918826,-0.040000000000000036,7.9,2.4507616
196,type5_Square_Pulse_Wave,1000,9.99,30.056807683771442,0.5918560171250091,29.820873287247423,32.102087763354575,2.2812144761071522,226339.02868470945,1854.3143030454714,903761.9816842291,390.62499999999994,2163.6874171173763,0.687121310760292,2.080192457704708,2144.826255283936,0.0,0.0,2.2812144761071522,0.9999999999995616,1.1609602519492515,0.0,99218.65350900865,0.0,0.0,9.99,0.1
197,type0_Step_Response,1000,9.99,46.779672556148086,7.1555213705963965,-0.0014995709072234,49.31614352274813,49.31764309365535,170124.77334872453,5866.22933428344,2239539.250545496,390.62499999999994,400.08412404725425,0.020121515217391774,0.12483738488462848,1116.9022967286826,3.07,3.04,0.12483738488462848,0.0025312925974089405,0.002812026430397186,0.9902276904795797,3449.572256031177,0.30430430430427385,-0.029999999999999805,6.95,3.427363
198,type2_Triangle_Wave,1000,9.99,0.27735255278432,0.0068493941366872995,0.2749794740089349,0.3092901739285489,0.034310699919613996,781.9038229042784,99.70503640385343,76.97135273601872,1562.4999999999998,5228.10141017681,0.007046342604392387,0.03294178667411918,107.47276908536975,0.0,0.0,0.034310699919613996,0.9999999999708546,1.0287541441981594,0.0,22788.9207947783,0.0,0.0,9.99,0.1
199,type1_Damped_Osc,1000,9.99,4.021823431444471e-09,5.2231390382124645e-11,3.705549026357239e-09,4.226569916732108e-09,5.210208903748691e-10,4.9738446676399665e-06,2.2753005436261368e-07,1.6177791831857018e-14,1171.8749999999998,1211.1210918806578,9.43325445413909e-13,5.358289374603587e-12,1.0428630353486089e-07,0.0,2.01,6.553204253956966e-12,0.012553528747194459,0.017721224988530116,2009999.9999999998,9528.056748970701,0.20120120120118104,2.01,7.98,2.359461
200,type1_Damped_Osc,1000,9.99,29.588062719730388,0.452091197043674,26.747092115056184,31.01970862336065,4.272616508304466,36042.810301849924,1982.6797959871537,875657.8419571435,1562.4999999999998,1404.538294426276,0.006035903942863354,0.03317575638270398,677.5324675383342,2.51,2.13,0.03969821636685822,0.009291312779812917,0.013351076026961234,0.8486052395995061,8435.770032668956,0.21321321321319187,-0.3799999999999999,7.86,2.6098654
201,type0_Step_Response,1000,9.99,3.605233422170684e-06,7.611403853886507e-07,-1.0593152317278103e-10,4.0138842460593216e-06,4.013990177582495e-06,0.00844592471963598,0.00047379129552889415,1.3577042714606125e-08,390.62499999999994,477.30605462709883,1.5770198665525983e-09,8.603784962858323e-09,6.388368667182603e-05,0.0,5.02,1.0931525222457195e-08,0.002723355567772055,0.0020719144916122876,5020000.0,2104.1213958827643,0.5025025025024521,5.02,4.970000000000001,5.401549
202,type0_Step_Response,1000,9.99,8.203776990040157e-09,1.9048878453253176e-09,-5.759860572761855e-13,9.210055398865648e-09,9.210631384922925e-09,1.6096789485259193e-05,1.0824684567630036e-06,7.093055460558047e-14,390.62499999999994,428.82379897020576,5.285389326592268e-12,2.6495142078140456e-11,2.736967641997199e-07,0.0,4.14,3.1002942828452146e-11,0.0033656299881035193,0.002773190111661634,4140000.0,1747.4417736260598,0.4144144144143729,4.14,5.8500000000000005,4.3464007
203,type1_Damped_Osc,1000,9.99,0.0028415592772245857,5.5116499573216723e-05,0.0026398446875815,0.003084422551467,0.00044457786388549985,1.9663476732400142,0.1386464677186082,0.008077496954506316,781.2499999999999,766.7852775053673,4.982857094599469e-07,2.4128509155999477e-06,0.032450037857469013,1.46,3.02,3.2382267838998446e-06,0.007283823689094021,0.009040590463431628,2.0684917339097715,4422.954511571203,0.302302302302272,1.56,6.970000000000001,3.5179038
204,type1_Damped_Osc,1000,9.99,2.512670070834523e-09,3.709057923624207e-11,2.297705274705669e-09,2.6908594562998276e-09,3.9315418159415865e-10,3.1811685643328632e-06,1.5625732082795977e-07,6.314886595935646e-15,1562.4999999999998,1393.3914367541645,6.024043289700502e-13,3.6602309078327454e-12,5.608384497651709e-08,0.0,1.85,3.9110781910255796e-12,0.009922711399907526,0.01581504773749621,1850000.0000000002,8070.873563909966,0.18518518518516666,1.85,8.14,2.2134235
205,type1_Damped_Osc,1000,9.99,4.572211737690801e-09,7.684516235329841e-11,4.238543541672697e-09,4.7802678087081445e-09,5.417242670354478e-10,2.4412321679031386e-06,2.493194153345229e-07,2.0911025353254634e-14,781.2499999999999,707.893226290554,9.883466169964522e-13,6.153746076759676e-12,1.1124767292118579e-07,0.0,4.29,6.153746076759676e-12,0.011338623405165973,0.012696313902087643,4290000.0,4498.107632514782,0.42942942942938644,4.29,5.7,4.860586
206,type0_Step_Response,1000,9.99,7.757009284732753e-09,9.536898704875118e-10,3.721278043037842e-13,8.512439314954391e-09,8.512067187150087e-09,2.4808146881854404e-05,1.0617875233357064e-06,6.108071741250064e-14,390.62499999999994,245.9692931841497,3.758476747383519e-12,2.119069999183761e-11,1.9789849712093925e-07,0.0,2.45,2.3928635200518257e-11,0.002810812445676096,0.003936856212231785,2450000.0000000005,2914.1255832328757,0.2452452452452207,2.45,7.54,3.1385438
207,type4_overdamped_no_overshoot,1000,9.99,26.711389224858895,1.4815400910108985,25.83200061995729,31.984509062309208,6.152508442351916,4569.452063697099,993.9270340502025,715693.2753631806,390.62499999999994,399.6478416977741,0.007829094170651354,0.048406990132704664,645.3862574468187,5.26,5.26,0.048406990132704664,0.007867846194160163,0.005284429505585669,0.9999998098859677,742.6974065149913,0.5265265265264738,0.0,4.73,5.8592257
208,type4_overdamped_decay_overshoot,1000,9.99,1.131629636641686e-06,1.815509768990359e-08,1.102105137488911e-06,1.2531036121429869e-06,1.5099847465407597e-07,0.000411079059395714,3.328507586791961e-05,1.2809152420979239e-09,390.62499999999994,279.3702105972386,1.7364606530907046e-10,1.0931281790398254e-09,1.9791919280900907e-05,0.0,5.02,1.0931281790398254e-09,0.007239284650122578,0.00956406317452418,5020000.0,2722.387348283517,0.5025025025024521,5.02,4.970000000000001,5.303032
209,type0_Step_Response,1000,9.99,13.144597169848621,2.708969292516071,0.002884340340554,14.513872521585023,14.51098818124447,34032.27553926994,1859.0081150473613,180118.94938538742,390.62499999999994,468.2462852261966,0.005963686569419997,0.035941319433788976,353.69095139468624,3.8,3.79,0.035941319433788976,0.0024768347258556003,0.0022014596421943075,0.9973681585873267,2345.276222004956,0.3793793793793414,-0.009999999999999787,6.2,4.015631
210,type0_Step_Response,1000,9.99,4.158391876844165e-09,9.323725917457766e-10,-2.7263236801506015e-13,4.6119958937603985e-09,4.6122685261284135e-09,8.001263521636036e-06,5.087566526940937e-07,1.8161541651242264e-14,390.62499999999994,417.306702733627,1.7434160306696377e-12,9.616901494797318e-12,8.151560380402535e-08,0.0,4.27,1.1979341827070489e-11,0.0025967146198454423,0.0018678671798244672,4270000.0,1734.4022955349024,0.4274274274273846,4.27,5.720000000000001,4.569077
211,type1_Damped_Osc,1000,9.99,0.0030718762651702237,0.0001193587964823701,0.002644405420655,0.0034351758207902,0.0007907704001352002,3.6213701202199817,0.24624502862928943,0.009450670310813883,390.62499999999994,430.2751697464623,9.051179012984002e-07,5.135494744800111e-06,0.07683207491534272,2.25,4.6,5.380526102200141e-06,0.006804157179474674,0.00758316873485669,2.0444435358028725,4579.546876086003,0.46046046046041433,2.3499999999999996,5.390000000000001,5.069237
212,type5_Square_Pulse_Wave,1000,9.99,14.600298653086522,0.5761334190214737,14.34006815757538,16.104142350790166,1.7640741932147854,174878.07382706142,1554.8116912840562,213500.65047583348,781.2499999999999,1747.1370507611052,0.6403274500088756,1.6818223179580105,1712.5600693703893,0.0,0.0,1.7640741932147854,0.9999999999994331,1.1114221617196238,0.0,99133.06055924483,0.0,0.0,9.99,0.1
213,type4_overdamped_no_overshoot,1000,9.99,35.79299520212837,1.4817874985417199,35.35709626390555,45.80024986360976,10.44315359970421,22550.807838547367,1494.4502924607448,1283334.1997304193,390.62499999999994,278.6583274585515,0.00702134643799062,0.03699993495906284,526.7503455252757,1.72,1.7,0.041774367997419404,0.0040001679184914615,0.0047384300683437,0.9883715183886521,2159.3867813247457,0.17017017017015312,-0.020000000000000018,8.290000000000001,1.905979
214,type2_Triangle_Wave,1000,9.99,2.3898346798240454e-09,8.42022454154325e-11,2.352443455661402e-09,2.786725040913529e-09,4.3428158525212693e-10,2.9132713274209326e-06,4.812489345890942e-07,5.718399815022697e-15,781.2499999999999,1561.9720487304783,8.756913161103828e-11,3.3814962232622594e-10,5.636609933167328e-07,0.0,0.0,4.3428158525212693e-10,0.9977026365601458,1.0277796222865399,0.0,6692.843037992261,0.0,0.0,9.99,0.1
215,type5_Square_Pulse_Wave,1000,9.99,0.1899629206918783,0.010075229090712222,0.185036301224185,0.2134240008442628,0.02838769962007781,2832.5017091115396,17.74913200025411,36.18742147901917,390.62499999999994,1416.3237246496885,0.008653300969901216,0.019395916386423823,18.273980708385277,0.0,0.0,0.02838769962007781,0.9999999999647735,0.8588689042335851,0.0,99779.19123141676,0.0,0.0,9.99,0.1
216,type5_Square_Pulse_Wave,1000,9.99,14.972485833139952,0.18999139712156407,14.895096781141556,15.637220647279957,0.7421238661384013,73886.36186899529,878.827659791159,224211.42875455675,781.2499999999999,2333.0180236230685,0.22106516529607873,0.7421238661384013,988.0591798193003,0.0,0.0,0.7421238661384013,0.9999999999986525,1.1635535537089021,0.0,99560.68688824029,0.0,0.0,9.99,0.1
217,type0_Step_Response,1000,9.99,33.06871090556434,7.379584539510534,-0.0023939690635556,36.4650454975139,36.46743946657745,37332.86701702099,4114.0306857975065,1147997.9089315725,390.62499999999994,360.09094172565045,0.015808935169012144,0.08846577948049372,849.1456520412318,5.34,5.33,0.08904837449083658,0.0024418598013289995,0.0021422527358238735,0.9981271539087727,1023.7315140054096,0.5335335335334801,-0.009999999999999787,4.66,7.133181
218,type1_Damped_Osc,1000,9.99,47.940379744944856,1.1703573669660077,42.493356141752486,51.07789696560185,8.584540823849366,47431.69951733676,3443.392573066763,2299649.74645593,781.2499999999999,715.8215300302022,0.013517741197672437,0.07755932735014426,1405.380164055159,3.58,3.48,0.08187022931883803,0.009536937501814724,0.011550097072233409,0.9720667675791151,5525.2459613864985,0.34834834834831346,-0.10000000000000009,6.51,4.0240054
219,type1_Damped_Osc,1000,9.99,0.007401609673315186,0.00010792201068228873,0.0069140650196323,0.007946466742323,0.0010324017226906994,6.153303187879985,0.3950267776737341,0.054795472916502636,1171.8749999999998,1059.2273972860978,1.8107836954040662e-06,9.61184074849998e-06,0.15836504388208927,1.12,2.04,1.1753193162700008e-05,0.01138432152232747,0.01677863178398515,1.8214269451545133,5960.182985633481,0.20420420420418375,0.9199999999999999,7.95,2.515836
220,type4_overdamped_no_overshoot,1000,9.99,0.48288479438719334,0.006802343134775046,0.4802892880691378,0.5217543679421299,0.04146507987299214,77.37273874338645,11.912314949512313,233.2239965224852,390.62499999999994,344.8153420089985,0.00010583958859548698,0.0006059654984961194,9.07276179385808,1.81,1.82,0.0006824488192236355,0.016458398761018265,0.015559283982434358,1.0055243063401622,1865.9734643828922,0.18218218218216395,0.010000000000000009,8.17,2.1565504
221,type0_Step_Response,1000,9.99,4.037037753326565e-06,6.037064903242099e-07,-6.106829755995433e-10,4.211051407275124e-06,4.211662090250724e-06,0.00923746569941108,0.000515367082158422,1.6662135348243574e-08,390.62499999999994,266.5096805119959,2.0277904076968223e-09,1.1098883080787526e-08,0.00011955264508195374,0.0,1.98,1.1810466104286797e-08,0.0028042286030964814,0.003358895558191327,1980000.0,2193.3059462411,0.19819819819817835,1.98,8.01,3.4488332
222,type0_Step_Response,1000,9.99,1.1010176085669422e-09,1.5912123062604866e-10,7.267383057168584e-11,1.1635531566043615e-09,1.0908793260326757e-09,3.166621140943757e-06,1.285938604207343e-07,1.2375593404104162e-15,390.62499999999994,271.94324990377373,5.033710285062287e-13,2.7017970129730075e-12,2.7994233424821315e-08,0.0,3.25,3.4917756455574987e-12,0.003197950141839212,0.003143686983531963,3250000.0,2900.1566981303863,0.32532532532529274,3.25,6.74,3.5046751
223,type5_Square_Pulse_Wave,1000,9.99,6.9698011065119435e-06,3.111969511856056e-07,6.83605342322942e-06,8.011102798218905e-06,1.1750493749894848e-06,0.11722642015774322,0.00046616022373648666,4.867497100676233e-08,390.62499999999994,1226.0136216090725,1.4174884888146869e-07,3.1657554593537613e-07,0.00036592483391551466,0.0,0.0,1.1750493749894848e-06,0.9999991489726557,0.4554941584333453,0.0,99762.88902404907,0.0,0.0,9.99,0.1
224,type0_Step_Response,1000,9.99,2.663345317074736e-09,4.383531492082435e-10,-6.172487938655528e-13,2.794813915629352e-09,2.7954311644232176e-09,5.045760495402294e-06,3.229756828495445e-07,7.28556176140471e-15,390.62499999999994,273.18511833605976,1.400482595839304e-12,6.591087630055757e-12,5.737294159513338e-08,0.0,2.53,6.862790895580938e-12,0.002454124736875629,0.003187601132171484,2530000.0,1804.3571247508305,0.2532532532532279,2.53,7.460000000000001,3.0666277
225,type5_Square_Pulse_Wave,1000,9.99,0.33931681894304794,0.002992877138897794,0.3382802253418527,0.3528685320614707,0.014588306719617972,1438.1191683448978,14.119832154466346,115.14486093119774,781.2499999999999,2892.8088760676305,0.0011978461759760734,0.004818369583294402,9.074645844865634,0.0,0.0,0.014588306719617972,0.9999999999314519,0.40023232494501243,0.0,98580.2667771149,0.0,0.0,9.99,0.1
226,type4_overdamped_no_overshoot,1000,9.99,0.018508273987537596,0.0007298165139069247,0.0182954047763409,0.0235471613164834,0.0052517565401425,11.294251277730107,0.7297220616846826,0.3430888381417321,390.62499999999994,272.66316540559154,4.497113129889521e-06,2.3256738305200975e-05,0.23746885967390316,1.22,1.5,2.994827156090063e-05,0.005702524731732041,0.006161977754727911,1.2295071889285338,2150.5664227293146,0.1501501501501351,0.28,8.49,1.7143794
227,type1_Damped_Osc,1000,9.99,2.151511303006022e-06,2.6444340560995722e-08,2.0245267958880117e-06,2.285677537349858e-06,2.611507414618465e-07,0.0020062745894315476,8.821947586982722e-05,4.629700190110376e-09,781.2499999999999,977.4869366621341,2.6312601235151996e-10,1.5154364832377929e-09,2.8871067596776245e-05,0.0,2.19,1.619990797106285e-09,0.006203254812845891,0.009949806157520428,2190000.0,7682.4093846782125,0.21921921921919726,2.19,7.800000000000001,2.3436003
228,type4_overdamped_decay_overshoot,1000,9.99,0.3934332601404232,0.0046007746813076095,0.3863233853594114,0.4194069760590961,0.033083590699684695,81.99703528418699,9.241896285365417,154.81089731239007,390.62499999999994,309.65571054299716,6.192509410421701e-05,0.00034082317492006853,6.406540762933039,6.1,5.93,0.0004415148429206539,0.013345432994717722,0.013459710240180086,0.9721309881752478,2478.4805260720987,0.5935935935935341,-0.16999999999999993,4.0600000000000005,6.3132424
229,type3_Sine_Wave,1000,9.99,6.831356855341163,0.08912584550927151,6.697831992967855,6.952203196326044,0.25437120335818886,518.4621769465102,174.21831761200858,46675.37990135445,390.62499999999994,376.32120201937977,0.084156764130792,0.2543210983951818,179.71355180909572,0.0,0.0,0.25437120335818886,0.9999999999960688,0.9442464601482311,0.0,2038.2109692440602,0.0,0.0,9.99,0.1
230,type4_overdamped_decay_overshoot,1000,9.99,2.2171330869680345e-09,2.8459056609092075e-11,2.1607780508685552e-09,2.454555140002202e-09,2.9377708913364686e-10,1.1489997016838394e-06,7.296823386810623e-08,4.916489043231486e-15,390.62499999999994,283.3899237103088,6.038763303609313e-13,3.2643476542977503e-12,4.556418354012004e-08,0.0,3.37,3.552316304530545e-12,0.012050856173968073,0.0204988346495303,3370000.0000000005,3897.859582848729,0.3373373373373036,3.37,6.62,3.7225676
231,type4_overdamped_decay_overshoot,1000,9.99,20.813680067977707,0.8430576002207696,19.700282866547667,26.08775306547703,6.387470198929364,13288.468755978043,1058.5006316156407,433920.02408942254,390.62499999999994,295.0521969359807,0.005178592722566282,0.027122130858565185,432.4358599813158,5.95,5.81,0.03455513468943039,0.005409831061946393,0.00614263215372714,0.9764704241226176,2080.3962041503237,0.5815815815815233,-0.14000000000000057,4.180000000000001,6.1542764
232,type1_Damped_Osc,1000,9.99,40.4177495351236,0.5257331862891885,37.19925982927464,42.92910980083024,5.729849971555602,56944.86847550877,2249.803823277349,1633870.8728671502,1171.8749999999998,1302.1516181444097,0.012549833547667654,0.06529679137895528,1005.5235345663929,1.64,1.63,0.07049547237694753,0.012303196894664303,0.02387110776899013,0.9939018329866872,9938.28263535473,0.1631631631631468,-0.010000000000000009,8.36,1.9853164
233,type4_overdamped_no_overshoot,1000,9.99,19.43966872121918,0.6171191345137639,19.07551640382341,21.612576534495823,2.537060130672412,2146.496128928987,478.53349378910525,378281.55601693055,390.62499999999994,406.5831648251716,0.0030163328486191845,0.01757392092513399,345.7814194515966,5.25,5.25,0.01757392092513399,0.006926883881332896,0.004887764258016249,0.9999998095238458,846.0564662924417,0.5255255255254729,0.0,4.74,5.581241
234,type0_Step_Response,1000,9.99,2.861744537058273e-06,3.5268092500469095e-07,-1.0450606111174943e-09,2.960943307782051e-06,2.9619883683931685e-06,0.009027921199908575,0.000343803963910808,8.313965630245035e-09,390.62499999999994,221.21916052314336,1.3145592607294545e-09,6.902080045563401e-09,6.40549452038662e-05,0.0,2.06,8.69268532435862e-09,0.0029347456196557055,0.003727322461200613,2060000.0000000002,3047.924917031717,0.20620620620618557,2.06,7.93,2.2351859
235,type5_Square_Pulse_Wave,1000,9.99,1.4900907635999416e-09,9.791524740888048e-11,1.4598311394385444e-09,1.8541808655624598e-09,3.9434972612391543e-10,3.9352802782970666e-05,2.341824313137902e-07,2.2299578794409998e-15,390.62499999999994,2254.304480413647,6.131459362599396e-11,1.9894495494537463e-10,1.9927198493189298e-07,0.0,0.0,3.9434972612391543e-10,0.9974705939224894,0.6198699920603871,0.0,99539.21852632376,0.0,0.0,9.99,0.1
236,type4_overdamped_decay_overshoot,1000,9.99,7.347486384722877,0.1044022451409614,7.159056764589992,7.920647465387761,0.7615907007977691,2231.063347755224,210.76515368205082,53996.45600247851,390.62499999999994,296.45787175320845,0.0013273299455109984,0.008897618805454144,145.03300659545636,6.15,5.89,0.008897618805454144,0.011682940450982624,0.01271361495824305,0.9577234215083866,2929.4781900767007,0.5895895895895306,-0.2600000000000007,4.1000000000000005,6.531551
237,type4_overdamped_decay_overshoot,1000,9.99,47.69598002965297,0.8340523968495084,46.99244373897193,54.74076047277676,7.748316733804835,24835.082658820793,1862.3050954898358,2275602.1543897446,390.62499999999994,263.48604993607154,0.015719488951780602,0.08154886120114924,1266.5688431335545,2.39,2.35,0.10236537405053525,0.013211304799133477,0.018847124007004192,0.9832631869191686,3205.2229551310875,0.2352352352352117,-0.040000000000000036,7.640000000000001,2.7188964
238,type5_Square_Pulse_Wave,1000,9.99,29.706868644147274,1.3332664137670105,29.173564334482872,34.57805880400899,5.404494469526117,537361.3907374302,3233.0682066391782,884275.6439706995,390.62499999999994,1639.011328496525,0.6746072709829529,3.461429178999836,4263.0398953870235,0.0,0.0,5.404494469526117,0.9999999999998149,0.5059808482510346,0.0,99428.61330829491,0.0,0.0,9.99,0.1
239,type0_Step_Response,1000,9.99,3.665305891488922e-06,5.119905766660871e-07,-4.5842492461684836e-10,3.813650341799868e-06,3.8141087667244845e-06,0.0120654359115757,0.0004660923125235892,1.3696601628778274e-08,390.62499999999994,255.15302537822862,1.5976040906978122e-09,8.754071470060689e-09,0.00010800266499278446,0.0,2.04,1.4201593809380602e-08,0.003723436051389988,0.0031203718254524033,2040000.0000000002,3163.368819858943,0.20420420420418375,2.04,7.95,2.2958844
240,type0_Step_Response,1000,9.99,20.134483775194653,4.229005004925139,1.6961469398707911,22.090078903691374,20.393931963820584,39741.00445124604,2451.181106567116,423281.9202252588,390.62499999999994,427.693918147903,0.009268964798418705,0.05271444954998472,590.8567959988701,2.87,2.86,0.05271444954998472,0.0025848105036095576,0.002191760186526568,0.9965153322246227,1948.6680901822053,0.28628628628625763,-0.010000000000000231,7.130000000000001,2.9955893
241,type4_overdamped_decay_overshoot,1000,9.99,40.554108706509005,0.6406165216758658,38.852732795528695,45.78881827775282,6.936085482224122,31368.333708519454,1429.937729702911,1645046.1225071936,390.62499999999994,327.66816676585927,0.012762640692503182,0.06900516737730555,717.9478737550273,2.35,2.34,0.0728609825505302,0.010504625806191206,0.01992243449965345,0.9957442571301032,4522.483724992439,0.23423423423421078,-0.010000000000000231,7.65,2.588952
242,type4_overdamped_no_overshoot,1000,9.99,32.981590393725654,1.2433468150465055,32.5240986082419,39.90029071850389,7.376192110261989,11731.316375473,1152.8504409380052,1089331.2162019825,390.62499999999994,327.9286478118409,0.007631526628727772,0.039120634379678165,529.6018162452689,2.51,2.5,0.046891946344167934,0.006357202421412538,0.006137890519658578,0.99601553943604,1590.429885787605,0.2502502502502252,-0.009999999999999787,7.49,2.9460237
243,type5_Square_Pulse_Wave,1000,9.99,17.44569672096072,0.06511806303298012,17.40999043088092,17.592417241316635,0.18242681043571451,17055.402788766827,283.49369196229645,304356.5744418727,390.62499999999994,1309.7684780856507,0.0019202039529304428,0.009713917010529372,226.94599186669953,0.0,0.0,0.18242681043571451,0.9999999999945183,0.029488038548204903,0.0,93491.75566868499,0.0,0.0,9.99,0.1
244,type4_overdamped_no_overshoot,1000,9.99,1.4795296445688929e-06,8.89246036556115e-08,1.4511141571524293e-06,2.040297717562787e-06,5.891835604103579e-07,0.0010912658984898718,9.185883030255233e-05,2.1969155542934617e-09,390.62499999999994,296.98947901671556,5.032047182736956e-10,2.516047700815214e-09,3.858388491457124e-05,0.0,1.93,3.1077077392964176e-09,0.0052745912709116945,0.005658715798236155,1930000.0,1852.1630942430365,0.19319319319317385,1.93,8.06,2.2459722
245,type4_overdamped_no_overshoot,1000,9.99,2.856167960848322e-06,5.062334292746865e-08,2.833070965796235e-06,3.100381299581526e-06,2.6731033378529067e-07,0.00041543280906395367,8.21331334835857e-05,8.160258143425615e-09,390.62499999999994,392.4353628542275,8.66447361738445e-10,4.17655331276254e-09,7.069287791395856e-05,0.0,2.61,6.32635637187811e-09,0.023666622295033534,0.017115231756782222,2610000.0,1554.1159560321407,0.2612612612612351,2.61,7.380000000000001,3.3365376
246,type5_Square_Pulse_Wave,1000,9.99,3.8478586304191035e-06,1.0911723386134648e-07,3.805085610776491e-06,4.179416043729218e-06,3.743304329527272e-07,0.03705100201151274,0.0003914198279501752,1.4817922610416326e-08,781.2499999999999,2359.204123284115,9.790860968751729e-08,3.530182070799895e-07,0.0003325358002946343,0.0,0.0,3.743304329527272e-07,0.9999973285705877,0.897270843037352,0.0,98979.13653484655,0.0,0.0,9.99,0.1
247,type0_Step_Response,1000,9.99,3.3292630072725136e-06,4.887763575206608e-07,-3.959590772198489e-10,3.4953324119741643e-06,3.4957283710513843e-06,0.012585163360935866,0.00043370667847568504,1.1322894499264386e-08,390.62499999999994,352.7890991920302,1.4591812749254496e-09,7.456046393304442e-09,0.00010330921814090894,0.0,1.88,9.839111191065214e-09,0.0028146089547275164,0.002985370030901584,1880000.0,3600.1537948433124,0.18818818818816935,1.88,8.11,2.019311
248,type0_Step_Response,1000,9.99,2.5210133205693026e-09,4.273033041535222e-10,-4.75125604949516e-13,2.687332342227205e-09,2.6878074678321546e-09,4.813400937587402e-06,3.4277022506407663e-07,6.538096276228378e-15,390.62499999999994,287.3550263144687,1.1492417569701412e-12,5.905349937836756e-12,6.898373468635104e-08,0.0,1.73,6.695613849738766e-12,0.002490179728315427,0.002683242799729147,1730000.0,1790.16199381066,0.17317317317315584,1.73,8.26,1.845439
249,type1_Damped_Osc,1000,9.99,26.72719548910872,0.45940637749545565,24.021331119797367,28.663244852235398,4.641913732438031,35797.29204949551,1892.172866722342,714554.032932717,1562.4999999999998,1423.9608123656117,0.004533304081448701,0.02702900557736143,512.9077708844503,2.2,2.12,0.0321804584471721,0.006932584339576537,0.009867743034289236,0.9636359256200338,7711.752977943928,0.21221221221219097,-0.08000000000000007,7.87,2.4587417
250,type0_Step_Response,1000,9.99,4.781336969953432e-06,8.048219544849117e-07,-5.579424010507307e-10,5.035068210294452e-06,5.035626152695503e-06,0.008234693931924957,0.0006061028244925401,2.350892159866438e-08,390.62499999999994,294.68731118076147,2.3902110076021055e-09,1.1705942796012752e-08,0.00013937592158752985,0.0,2.46,1.37348108079638e-08,0.0027275273548820513,0.0029698593886798934,2460000.0,1635.286664843134,0.24624624624622157,2.46,7.53,2.710866
251,type4_overdamped_no_overshoot,1000,9.99,9.307054289004661e-09,1.9386284631722644e-10,9.225022633483817e-09,1.0259197921663236e-08,1.0341752881794195e-09,1.3515755896300218e-06,2.1355234930697416e-07,8.66588423416623e-14,390.62499999999994,361.4690614994705,1.230703940335366e-12,6.202473152430686e-12,1.372947919146333e-07,0.0,3.47,7.116555516860838e-12,0.00687473474118267,0.006315744451006555,3470000.0000000005,1305.6490094610556,0.3473473473473126,3.47,6.52,4.079559
252,type4_overdamped_no_overshoot,1000,9.99,2.573018418941635e-09,1.1439407243449581e-10,2.5268712069199092e-09,3.1372032918628e-09,6.103320849428906e-10,7.382036548004509e-07,1.0518685346652256e-07,6.633509788021057e-15,390.62499999999994,356.58309971045486,4.833513554484257e-13,2.762363893831e-12,5.7131967061129975e-08,0.0,2.85,3.344215381529996e-12,0.005470374390446733,0.004188701769952726,2850000.0,1207.5329808174756,0.2852852852852567,2.85,7.140000000000001,3.2124772
253,type0_Step_Response,1000,9.99,0.28763171964307493,0.05633863404112525,-3.665180496208059e-05,0.3105641440624183,0.3106007958673804,423.20733737864003,35.21546568285217,85.90604783045231,390.62499999999994,350.440223516735,0.00014920407773216375,0.0007338008376077676,5.917204639687535,4.51,4.54,0.0007525202760612637,0.00242278927186056,0.002648343898799563,1.0066516614963057,1362.5442787274042,0.45445445445440896,0.03000000000000025,5.45,5.4313045
254,type1_Damped_Osc,1000,9.99,47.5242499515925,0.7205495538171931,43.59046473971265,50.27006319445405,6.679598454741402,44914.23814062756,3044.821299002854,2259073.5251209456,1171.8749999999998,1321.190429330751,0.010441706760637359,0.054558620828728976,1002.0501976802971,2.62,2.56,0.058528720804787326,0.008762311267862654,0.014491309730617056,0.9770988637027237,6724.092540134536,0.2562562562562306,-0.06000000000000005,7.43,2.9701033
255,type0_Step_Response,1000,9.99,3.2471919638620197e-06,3.438426005051645e-07,-6.29226577355001e-10,3.356102831388076e-06,3.356732057965431e-06,0.016572446504031894,0.0003949345920746906,1.0662483384092233e-08,390.62499999999994,256.9705614483942,1.4149238775506818e-09,6.9881460639756405e-09,5.956103894833187e-05,0.0,1.85,7.778170302657961e-09,0.0023171846460059097,0.004115021700191363,1850000.0000000002,4937.076084946927,0.18518518518516666,1.85,8.14,2.035897
256,type4_overdamped_no_overshoot,1000,9.99,46.62119615556699,1.7770913170722713,45.68039954121181,53.8726081682058,8.192208626993988,7902.40085558409,1447.617527510364,2176693.984525068,390.62499999999994,387.86325007391383,0.013709781716646764,0.08758138308969876,973.9977655132167,4.42,4.4,0.09056784396357642,0.011055363466347404,0.007714731136735105,0.9954748879016091,964.6239757059014,0.4404404404403964,-0.019999999999999574,5.59,5.4596624
257,type4_overdamped_decay_overshoot,1000,9.99,0.05069693424269874,0.0007332248667461782,0.0494230935126786,0.0575886804930682,0.008165586980389598,34.41716024897983,1.5527471706005527,2.5707167603137364,390.62499999999994,264.61923656225446,9.562485658061695e-06,5.004918497770322e-05,0.7898941827937139,2.36,2.6,5.729398992750101e-05,0.007016518231705966,0.013041682134234376,1.1016944484345559,4214.903389973174,0.2602602602602342,0.2400000000000002,7.390000000000001,2.8280256
258,type1_Damped_Osc,1000,9.99,0.03774199881287615,0.0005965174122549305,0.0348874873385005,0.0398568736542945,0.004969386315794001,28.322015992959802,2.0251190854148176,1.4248143074142676,781.2499999999999,768.1154891513532,9.454689102353457e-06,6.173081515889467e-05,0.9132494221176554,2.14,2.62,6.712904872229614e-05,0.013508518847776846,0.015849812414969446,1.2242984933184609,5699.298502361504,0.26226226226223603,0.48,7.37,3.1640959
259,type0_Step_Response,1000,9.99,30.38311947038633,5.055339576607589,-0.0145620501976087,31.99085252426149,32.0054145744591,64782.80062388045,3979.5614952458914,948690.4069865838,390.62499999999994,292.61511981779057,0.014980507942160983,0.07597574077291114,933.3987265200617,2.17,2.16,0.10063759795927041,0.003144392887807736,0.0029633039907896283,0.995391246363481,2024.12002735238,0.21621621621619458,-0.009999999999999787,7.83,2.3654296
260,type4_overdamped_no_overshoot,1000,9.99,44.56519009228938,2.1916635046124755,43.6365096887085,55.4275961323217,11.791086443613203,14292.928611521203,1975.2065256617873,1990859.5568793376,390.62499999999994,354.27496979394107,0.015382837851872033,0.09092044792451048,1110.6016407739178,3.3,3.2,0.09092044792451048,0.007710947448252407,0.007018795458103396,0.9696966758494923,1212.1808011391472,0.3203203203202883,-0.09999999999999964,6.79,4.105259
261,type1_Damped_Osc,1000,9.99,0.9562749294686311,0.025289857525489998,0.8283143366651486,1.0337025059146665,0.20538816924951786,1456.6956975209043,69.52746234040126,915.101317623895,781.2499999999999,736.4643035726166,0.0002350605061685483,0.0013072494644321697,21.32424998616737,2.21,2.19,0.001782608867479607,0.00867921883711475,0.009294655215923337,0.9909497778507792,7092.40314491596,0.21921921921919726,-0.020000000000000018,7.800000000000001,2.6780121
262,type0_Step_Response,1000,9.99,3.2423852062708565,0.4858911741189816,0.0014142699691227,3.384262686154788,3.3828484161856656,7605.687779050679,402.1124189932242,10749.152058930827,390.62499999999994,284.5440580474225,0.0010747585073741476,0.0055912879116322145,79.15636332768823,4.67,2.59,0.010765432836487232,0.0031823574432053993,0.0022119325573688163,0.5546037356308917,2248.3087751310572,0.25925925925923327,-2.08,7.4,3.3050354
263,type1_Damped_Osc,1000,9.99,0.00768893774947677,0.00018636244626427944,0.0068613622754487,0.0084709705966667,0.0016096083212180003,8.651674069110049,0.5362565508157251,0.05915449467670651,781.2499999999999,867.0457188999475,1.6958437798058765e-06,1.1192236199599956e-05,0.14707441017377848,1.72,2.6,1.1274005699500253e-05,0.007004191978806964,0.009099707611163804,1.511627028123821,5375.018226290143,0.2602602602602342,0.8800000000000001,7.390000000000001,3.0754843
264,type1_Damped_Osc,1000,9.99,9.647453632227956,0.09229262284884417,9.206291660818351,9.857663545491988,0.6513718846736367,3829.890677828906,385.17184883574015,93081.87951422071,781.2499999999999,739.5784383619045,0.002303962605033297,0.012879939628717807,259.88541653870897,3.55,3.44,0.013559740491858818,0.020817202600987256,0.024963670268443205,0.9690138115454052,5879.72979481906,0.3443443443443099,-0.10999999999999988,6.550000000000001,4.104364
265,type3_Sine_Wave,1000,9.99,32.8975557867834,0.5263332395254274,32.14734685503162,33.633710530666,1.4863636756343794,2760.7600012025555,1170.303790033355,1082526.2034235555,390.62499999999994,468.6434459069266,0.5235729339847498,1.4831076101742227,1175.537507934757,0.0,0.0,1.4863636756343794,0.9999999999993272,0.9947555933496406,0.0,1857.3920006639066,0.0,0.0,9.99,0.1
266,type2_Triangle_Wave,1000,9.99,6.949108538626435,0.08116218136329377,6.9075384948068566,7.220118513053686,0.31258001824682946,2307.338327061803,547.6476239594298,48296.69678129447,781.2499999999999,1591.3960599920658,0.08223526365104802,0.31220523940140055,627.9419322992386,0.0,0.0,0.31258001824682946,0.9999999999968009,1.0132214569484987,0.0,7381.5925278769,0.0,0.0,9.99,0.1
267,type0_Step_Response,1000,9.99,5.9166243950448156e-06,9.498611661391278e-07,-1.468829686563412e-09,6.308433490204486e-06,6.30990231989105e-06,0.014848675580560567,0.0006815623606355916,3.590868046697862e-08,390.62499999999994,328.44398465004167,7.217640811051166e-10,4.6959477735739595e-09,7.326128757286328e-05,0.0,4.27,4.939573783242925e-09,0.000782828758670777,0.0007598619113748327,4270000.0,2353.2334534749975,0.4274274274273846,4.27,5.720000000000001,4.5417786
268,type5_Square_Pulse_Wave,1000,9.99,1.5487647724943469e-06,3.704327357197633e-08,1.5323991754403415e-06,1.6794608585613676e-06,1.4706168312102604e-07,0.014493904671415576,0.00012889886698403885,2.4000445246363943e-09,781.2499999999999,2109.1431841931094,2.9268465828948698e-08,8.590724742736648e-08,9.946838896005017e-05,0.0,0.0,1.4706168312102604e-07,0.9999932001784628,0.7900942036852368,0.0,98555.96514234504,0.0,0.0,9.99,0.1
269,type4_overdamped_no_overshoot,1000,9.99,12.27693590323527,0.5396855854800093,12.135376202072258,16.457575408573955,4.322199206501697,12379.285684269802,634.5554493213165,151014.41570332216,390.62499999999994,248.49405743577623,0.003253042230214275,0.01761864239650457,227.37325183051607,1.4,1.38,0.01977974966193763,0.004576316064326519,0.0060276618789344046,0.985713581633156,2864.117337684324,0.13813813813812428,-0.020000000000000018,8.61,1.7076896
270,type5_Square_Pulse_Wave,1000,9.99,29.237756965942864,0.6699822539076882,28.89345848219606,30.622658433767743,1.7291999515716832,170228.17588672828,1309.99887632218,855295.3086200916,390.62499999999994,1147.9728909014134,0.006106294812410893,0.030960923116772676,677.205072374666,0.0,0.0,1.7291999515716832,0.9999999999994217,0.00911411425718616,0.0,98443.31520591828,0.0,0.0,9.99,0.1
271,type4_overdamped_decay_overshoot,1000,9.99,39.56157132627925,0.956524054224132,38.0902894811519,44.75582685233336,6.665537371181458,13735.985033299869,1493.1309825276057,1566032.8640705897,390.62499999999994,309.1067802032862,0.014348948428654676,0.0812521407241249,907.6024369995299,6.95,6.8,0.0812521407241249,0.012189886006101693,0.015001137049583743,0.9784171254076078,2060.746833809008,0.6806806806806125,-0.15000000000000036,3.1900000000000004,7.4453197
272,type0_Step_Response,1000,9.99,1.791407965670395e-06,3.563485131622469e-07,-5.4319732019484716e-08,1.9377244561054114e-06,1.9920441881248962e-06,0.0030958718077998804,0.00023948644327586864,3.3361267623002865e-09,390.62499999999994,350.472316262543,9.888292495034581e-10,4.87247063123524e-09,5.4359407436880234e-05,0.0,2.82,5.417052176018957e-09,0.002719342015086518,0.0027748859279435626,2820000.0,1554.1172591139923,0.282282282282254,2.82,7.17,3.002712
273,type1_Damped_Osc,1000,9.99,49.71052248755343,0.8834103987357399,44.609938214567926,52.45690667312756,7.846968458559637,50837.98458773713,2871.041085970868,2471916.4599181497,1171.8749999999998,1077.5604562737647,0.013264396462076706,0.06662317022175301,735.9933806329444,2.25,2.25,0.07446238598588195,0.009489318885262924,0.015014987916199018,0.999999555555753,6478.678340076099,0.22522522522520266,0.0,7.74,2.475595
274,type3_Sine_Wave,1000,9.99,13.909327400904088,0.06741334081378973,13.80325789268104,13.999432200692242,0.1961743080112015,885.5346123175067,189.86859939378263,193473.93330406095,390.62499999999994,368.9578332741349,0.07185907348969843,0.19352749290171012,183.94089494789253,0.0,0.0,0.1961743080112015,0.9999999999949024,1.0659473721547612,0.0,4514.0192989105835,0.0,0.0,9.99,0.1
275,type4_overdamped_no_overshoot,1000,9.99,0.014885913670483288,0.0004344665244485375,0.0147252621669651,0.0172862926001325,0.0025610304331674,3.897439667580049,0.41858052356025016,0.22177918696594762,390.62499999999994,330.4519081863896,3.2299310710163206e-06,1.8627875744999314e-05,0.2021225174845746,1.71,2.43,1.8627875744999314e-05,0.007273586247347858,0.007434246096823645,1.4210518005545028,1521.8248153490297,0.24324324324321892,0.7200000000000002,7.5600000000000005,2.8588815
276,type3_Sine_Wave,1000,9.99,0.0034423573568552533,1.6702301532079145e-05,0.0034175204149518,0.0034667346482083,4.9214233256499734e-05,0.1756488484899992,0.0414881109434938,0.011850103139171952,390.62499999999994,404.06819856692044,9.673155750672891e-06,3.471146665169969e-05,0.04106644828606673,0.0,0.0,4.9214233256499734e-05,0.9999999796806753,0.5791510321462697,0.0,3569.065965235479,0.0,0.0,9.99,0.1
277,type5_Square_Pulse_Wave,1000,9.99,3.238185417529723,0.08077925022597456,3.207924409078855,3.5136611409337437,0.3057367318548887,30396.61767266568,320.8777311066054,10492.370085569215,781.2499999999999,2613.1666177574134,0.08432318617029959,0.2752857142918268,420.9536417770128,0.0,0.0,0.3057367318548887,0.9999999999967293,1.0438718598324104,0.0,99420.88897252083,0.0,0.0,9.99,0.1
278,type4_overdamped_no_overshoot,1000,9.99,1.3861576768984283e-09,2.9146641807112426e-11,1.367783857116073e-09,1.4920275796890976e-09,1.242437225730245e-10,1.414570912409567e-07,3.128607877632894e-08,1.9222826319530796e-15,390.62499999999994,419.48767540872683,4.5289670247135403e-13,2.5674473251124865e-12,2.767301069608303e-08,0.0,5.23,2.5674473251124865e-12,0.020499608861558015,0.015023122819753116,5230000.000000001,1129.4545413921153,0.5235235235234711,5.23,4.76,7.237971
279,type3_Sine_Wave,1000,9.99,8.949254850749474,0.07765894669639747,8.842535081536802,9.06619599162766,0.22366091009085842,609.4519391639963,185.7004325429464,80095.19329566498,390.62499999999994,427.1416442082242,0.07500974473487937,0.22183894454730968,193.56546845567078,0.0,0.0,0.22366091009085842,0.9999999999955289,0.9658867126689101,0.0,2724.8925121233383,0.0,0.0,9.99,0.1
280,type1_Damped_Osc,1000,9.99,7.379582600783455e-06,1.893561796420309e-07,6.4782020207371535e-06,7.797102436246143e-06,1.3189004155089894e-06,0.006734118957199075,0.00043585565658050656,5.449409512455454e-08,781.2499999999999,673.3650693045687,1.3320175154500583e-09,6.892955907709997e-09,9.857782094680355e-05,0.0,2.96,1.0533543870029432e-08,0.007986604416497903,0.007034417802209363,2960000.0,5105.85467421024,0.29629629629626664,2.96,7.03,3.6670432
281,type0_Step_Response,1000,9.99,17.959804154886065,2.6468005988919394,1.0802165068952247,18.74296585668146,17.662749349786235,35642.42450331576,2063.884148928676,329560.11869215744,390.62499999999994,283.5705909383647,0.010357672515519677,0.04529286235561969,359.5942682721375,1.58,1.57,0.0513606974524663,0.002907854062543496,0.003913280252336317,0.9936702571707233,2017.9431750666329,0.15715715715714143,-0.010000000000000009,8.42,1.7015536
282,type1_Damped_Osc,1000,9.99,45.493489671609105,0.6390280302351976,41.843343705610536,48.15030286634333,6.306959160732795,45073.522196810954,2220.3455266343753,2070065.95932423,1171.8749999999998,1239.9258321627115,0.00494048912244689,0.023778373878506898,534.2614008845941,2.06,2.05,0.029499933442643567,0.004677362369223165,0.007731255733212181,0.9951451479877921,7146.632957040868,0.20520520520518465,-0.010000000000000231,7.94,2.226926
283,type1_Damped_Osc,1000,9.99,23.72185168578049,0.17875534006683716,22.61670761317766,24.3504715283372,1.733763915159539,15470.421176681979,912.9670202430372,562758.2008737691,1171.8749999999998,1287.7806026876976,0.004429511543581051,0.0269777784134142,462.8783480912923,2.37,1.94,0.027076704690877307,0.015617296250147253,0.024779743877302148,0.8185650554577824,8923.026394426652,0.19419419419417475,-0.43000000000000016,8.05,2.2608447
284,type0_Step_Response,1000,9.99,0.0013071382830169083,0.00017721825434624644,4.632636164506484e-05,0.0013474527090859,0.0013011263474408353,3.316880451969997,0.16298796782107486,0.0017400168006019223,0.0,225.0510909871907,5.906740067216568e-07,2.7188778306999183e-06,0.026816740164981034,0.48,1.44,3.981752426700062e-06,0.0030602350274986537,0.0033330313830683333,2.999993750013021,2549.2377861263653,0.1441441441441297,0.96,8.55,1.7454659
285,type0_Step_Response,1000,9.99,26.19458356636571,6.0802237219134545,-0.0027243304189307,29.50479296061426,29.507517291033192,92342.47905417634,7075.880458170988,723125.3287238358,390.62499999999994,600.4625922146847,0.012296022898149867,0.06952153562770391,676.0273610206277,5.72,5.71,0.08518047446047916,0.0028867381020348027,0.002022297773983598,0.9982515737322424,3129.456068546792,0.5715715715715144,-0.009999999999999787,4.28,5.9862814
286,type4_overdamped_no_overshoot,1000,9.99,11.903646309974416,0.35212020569812474,11.788490848614412,14.050806849771524,2.262316001157112,4276.045032310627,476.4162188049364,141820.78411222843,390.62499999999994,311.70948158913285,0.0025469540651052915,0.013314706133979115,286.5396374376583,1.82,1.77,0.015535982510243684,0.006867291086784778,0.00723319486891809,0.972526938172012,1890.1183699013127,0.17717717717715945,-0.050000000000000044,8.22,1.9936792
287,type4_overdamped_no_overshoot,1000,9.99,43.437282284559046,1.4073114715434178,42.82826554066997,49.98667722280201,7.158411682132041,7831.854215126554,1198.4625065152745,1888778.017846405,390.62499999999994,367.99235763235674,0.01350127809217405,0.07368674472557046,640.1962738994291,2.82,2.81,0.07470028998820055,0.010435316283170458,0.009593667333186319,0.9964535473568982,1094.0770890104552,0.2812812812812531,-0.009999999999999787,7.18,3.2020683
288,type2_Triangle_Wave,1000,9.99,0.2238723987141341,0.005385015958549994,0.2213147261566742,0.2471093207820089,0.025794594625334705,141.17202334299748,26.42119834775331,50.14784930289407,781.2499999999999,1196.4921638034114,0.0061011113630216555,0.025790369925746598,29.91774080864107,0.0,0.0,0.025794594625334705,0.9999999999612322,1.1329792537015067,0.0,5472.930487493278,0.0,0.0,9.99,0.1
289,type4_overdamped_no_overshoot,1000,9.99,0.0018784174768916818,5.4808259867053516e-05,0.0018542377926096,0.0021308540490051,0.00027661625639550003,0.3264025418300061,0.0571924434965066,0.0035314561628417666,390.62499999999994,374.940662012336,3.4100227975290133e-07,1.966432203999967e-06,0.0384514197487969,0.93,3.26,2.0218092874999156e-06,0.007309076142293314,0.006221731438989802,3.5053725748681988,1179.9832190026443,0.3263263263262936,2.3299999999999996,6.73,3.609442
290,type2_Triangle_Wave,1000,9.99,10.44293906394118,0.22298535639482475,10.324650750638504,11.376235685411531,1.051584934773027,5388.170006381542,1175.2064316540077,109104.6987623552,781.2499999999999,1268.0916598208773,0.24927845901236392,1.051584934773027,1308.842574994951,0.0,0.0,1.051584934773027,0.999999999999049,1.117914032748706,0.0,5123.8562176049,0.0,0.0,9.99,0.1
291,type1_Damped_Osc,1000,9.99,2.986758604130202e-09,7.884874578433506e-11,2.6622586991479654e-09,3.230838410935261e-09,5.685797117872956e-10,3.0525397086519003e-06,1.931711536850733e-07,8.926944084057554e-15,390.62499999999994,566.3870254518117,6.127094073663769e-13,3.7618104779234445e-12,6.842179722575712e-08,0.0,3.57,4.267850058154689e-12,0.007492981175123876,0.00767337547193609,3570000.0,5359.284478503061,0.35735735735732155,3.57,6.42,3.959908
292,type1_Damped_Osc,1000,9.99,37.027086714485165,1.2903063221137057,32.79453935678988,41.28182023674281,8.487280879952927,33423.02720814984,2370.6365845498076,1372670.0409668905,390.62499999999994,401.9864319516956,0.00868165443150814,0.04455296798804653,527.0966322688498,4.72,4.69,0.06177036333727415,0.007277992116788466,0.006728366964272193,0.9936438572788439,3938.0135618100667,0.4694694694694225,-0.02999999999999936,5.3,5.2118974
293,type5_Square_Pulse_Wave,1000,9.99,0.006703287675606396,0.0003988255187750395,0.006506626131969,0.0076722092453297,0.0011655831133607006,115.91907286072994,0.6552436057549753,0.045093127456362785,390.62499999999994,1307.6805139747305,0.0001657634392499711,0.0004717418682746999,0.5132051984540718,0.0,0.0,0.0011655831133607006,0.9999999991420603,0.41562896813491573,0.0,99451.57186350394,0.0,0.0,9.99,0.1
294,type4_overdamped_no_overshoot,1000,9.99,46.30996395007969,0.7042271418789113,46.09592412501705,51.16468349504088,5.068759370023834,12583.554289799536,1103.2443538061177,2145108.69692504,390.62499999999994,287.7306260698288,0.006194300781497179,0.035839207505866,653.7743436601279,1.67,1.57,0.04293541570530124,0.00847059656436026,0.008795884755253391,0.9401191975334148,2482.570856335183,0.15715715715714143,-0.09999999999999987,8.42,1.9553196
295,type4_overdamped_decay_overshoot,1000,9.99,1.84319536879483e-06,3.3744464493280744e-08,1.7857848586813902e-06,2.1329145848585216e-06,3.471297261771314e-07,0.001536477756166661,7.67296296429832e-05,3.3985078564306475e-09,390.62499999999994,283.92308417337875,3.7666097345516583e-10,2.2711961438457595e-09,4.427582756255406e-05,0.0,2.09,2.300692044878277e-09,0.006627739555686281,0.011161825125571023,2090000.0,4426.222285441359,0.20920920920918826,2.09,7.9,2.2801409
296,type0_Step_Response,1000,9.99,1.4516275302323571e-06,2.3196909872831264e-07,4.466380137290468e-08,1.5230814074951895e-06,1.478417606122285e-06,0.002253080923449085,0.00017721821775696958,2.1610321492933187e-09,390.62499999999994,276.0543958014094,7.094302277258422e-10,3.833647440933003e-09,3.6822822111550285e-05,0.0,2.4,4.406713218425457e-09,0.002980693830676102,0.0030582830787891286,2400000.0,1523.9803626109974,0.24024024024021617,2.4,7.59,3.8760893
297,type1_Damped_Osc,1000,9.99,22.968971677526262,0.48538416275132623,21.294966575640704,24.59096832930224,3.2960017536615354,11827.324809047466,1192.4630769273142,527809.2577084536,390.62499999999994,551.4555932331175,0.0050303936940198244,0.028309612365152503,416.971563202043,4.77,4.76,0.028309612365152503,0.008589076851580769,0.010363736767791187,0.9979033547372422,3588.3854721572516,0.47647647647642877,-0.009999999999999787,5.23,5.4360356
298,type1_Damped_Osc,1000,9.99,22.823631405015817,0.3707910702186337,20.960168443769174,24.33145487446647,3.371286430697296,33155.54011059767,1122.5748861258396,521055.6365297782,781.2499999999999,790.9332123083506,0.003216930637151319,0.01830508734585834,367.07165437528846,2.14,2.12,0.019718003279258767,0.005848806882651786,0.008675857903605413,0.9906537426851669,9834.685005904452,0.21221221221219097,-0.020000000000000018,7.87,2.4366374
299,type0_Step_Response,1000,9.99,0.03043760910468665,0.009195362018589769,-0.000787358898769,0.0357146318256201,0.036501990724389095,38.217063053100006,4.336776430010198,1.011002730662627,390.62499999999994,414.8749344431981,2.0246585693221318e-05,0.00010996659858199948,0.8415504203660638,5.56,5.66,0.00011794688467469533,0.0032312452644577805,0.0022018258389488155,1.017985428419887,1046.985720329987,0.5665665665665098,0.10000000000000053,4.33,5.9659157
300,type4_overdamped_no_overshoot,1000,9.99,1.9673431202591977e-09,4.9710484683056705e-11,1.9537131006668474e-09,2.3229350661422062e-09,3.6922196547535884e-10,8.85765885893808e-07,6.2430562013636e-08,3.872910085118619e-15,390.62499999999994,266.8392318193607,2.718308735216393e-13,1.3052054942804416e-12,3.297224737429498e-08,0.0,1.44,1.5599650039306506e-12,0.00421359386909332,0.005360447158424871,1440000.0,2392.5265610766755,0.1441441441441297,1.44,8.55,1.6242524
301,type4_overdamped_decay_overshoot,1000,9.99,48.33565762586335,0.35710496694696764,47.73534202081645,51.02219390615605,3.286851885339601,13707.934107912932,1314.8995661767513,2336463.3220821004,390.62499999999994,326.1720797630288,0.009354795281470906,0.04976474729024005,1097.7479892781255,2.85,2.85,0.0523321518207851,0.015921664147443674,0.02619620601030161,0.99999964912293,4170.53599800176,0.2852852852852567,0.0,7.140000000000001,3.187513
302,type4_overdamped_no_overshoot,1000,9.99,1.3118917844472799e-09,7.286143753229529e-11,1.2838712944917346e-09,1.6776250771350907e-09,3.9375378264335604e-10,4.5769442642198846e-07,5.347489955398199e-08,1.7263688431795409e-15,390.62499999999994,349.30000968660414,1.691221052476427e-13,1.0175662668191174e-12,2.0625569793646003e-08,0.0,2.74,1.1112836147705128e-12,0.0028151310098388903,0.0022897212794388885,2740000.0000000005,1159.442788254411,0.27427427427424683,2.74,7.25,2.8792498
303,type5_Square_Pulse_Wave,1000,9.99,8.76514323553513e-06,2.607352968445247e-07,8.652168906143959e-06,9.483173719897592e-06,8.310048137536329e-07,0.08233608909492933,0.0006643228480531509,7.689571883446786e-08,390.62499999999994,1612.0232904120605,2.4862299235944114e-07,7.239619773587225e-07,0.0005168640234346957,0.0,0.0,8.310048137536329e-07,0.9999987966389844,0.9535419324747616,0.0,99080.03979300606,0.0,0.0,9.99,0.1
304,type1_Damped_Osc,1000,9.99,0.4531058225792711,0.004502108686178731,0.432536039338562,0.4702303437120951,0.037694304373533105,206.69856739226609,17.53588110978979,205.32515543786008,781.2499999999999,827.3100044896289,0.000115349364337895,0.0005759699421389874,8.74898136828741,2.65,2.63,0.0006137753241918231,0.016282972570426314,0.025621186060299055,0.9924524556783185,5483.549061908543,0.2632632632632369,-0.020000000000000018,7.36,3.319482
305,type5_Square_Pulse_Wave,1000,9.99,7.319771284223471e-06,1.7085514068730827e-07,7.229044862868385e-06,7.775724221193411e-06,5.466793583250261e-07,0.05412603034335791,0.00036751318732197984,5.360824313244181e-08,390.62499999999994,1379.6068622991859,2.504551922775986e-07,5.466793583250261e-07,0.0005704679703214444,0.0,0.0,5.466793583250261e-07,0.9999981707775214,1.4658834693917628,0.0,99008.55137578867,0.0,0.0,9.99,0.1
306,type5_Square_Pulse_Wave,1000,9.99,3.369558626149609e-06,3.3034282322908705e-07,3.227251999383793e-06,4.297625324280566e-06,1.0703733248967734e-06,0.10682672682330563,0.0005953329581429448,1.1463051715918204e-08,390.62499999999994,1603.7749968895323,4.330230417383317e-07,1.0701895316720395e-06,0.0009170286096514659,0.0,0.0,1.0703733248967734e-06,0.9999990657473963,1.310825301667707,0.0,99803.14768257167,0.0,0.0,9.99,0.1
307,type0_Step_Response,1000,9.99,2.1540490169173264e-09,5.761792459938965e-10,-2.5474254853038256e-10,2.3982130239613133e-09,2.6529555724916957e-09,4.220924414748651e-06,3.206337673973827e-07,4.971909690796595e-15,390.62499999999994,361.0307264223361,8.352059788934845e-13,4.289162600789615e-12,3.9019643162131175e-08,0.0,3.37,5.102190393878952e-12,0.0019224852317662215,0.00144704783598944,3370000.0000000005,1590.4276840571938,0.3373373373373036,3.37,6.62,3.5437074
308,type0_Step_Response,1000,9.99,39.86877850052207,5.284136254874018,-0.0030032285486765,41.55000394595531,41.55300717450399,146298.28896851206,4665.518240057912,1617441.5950837648,390.62499999999994,358.9405363715245,0.018060213908548478,0.10188050206857469,651.7979582240591,2.47,2.46,0.10188050206857469,0.0024518201929578723,0.0034178176029973782,0.9959510137850145,3520.7629703939683,0.24624624624622157,-0.010000000000000231,7.53,3.4215338
309,type3_Sine_Wave,1000,9.99,44.764058427956144,0.3073464771556139,44.32674747019574,45.2312681972677,0.9045207270719615,2519.766463558426,604.7339757268028,2003915.3887984918,390.62499999999994,380.12672042797215,0.2671851210052064,0.8232989731867022,571.877394085419,0.0,0.0,0.9045207270719615,0.9999999999988944,0.8693287246271493,0.0,2785.7476209665383,0.0,0.0,9.99,0.1
310,type4_overdamped_no_overshoot,1000,9.99,11.01924134398669,0.38539224358179675,10.896321732761823,13.56821277167023,2.6718910389084076,5516.896416403405,505.71911171941997,121572.2069784386,390.62499999999994,291.21206316895905,0.003867991243849634,0.017483862775804937,290.96180388031866,1.85,1.84,0.023215852974399098,0.008688922054199924,0.010036505166504847,0.9945940569761854,2064.790942468691,0.18418418418416574,-0.010000000000000009,8.15,2.3142872
311,type4_overdamped_no_overshoot,1000,9.99,2.0222922705218116e-09,1.2982487135694704e-10,1.962879789251586e-09,2.617061220170206e-09,6.541814309186203e-10,6.773783291596351e-07,9.959672523307003e-08,4.106520524635113e-15,390.62499999999994,366.66226357377667,5.03778561491823e-13,2.9457175435898074e-12,4.639098830372286e-08,0.0,4.0,3.724721058224564e-12,0.005685022319698816,0.0038507858350366455,4000000.0,1033.879009986429,0.4004004004003603,4.0,5.99,4.9395847
312,type5_Square_Pulse_Wave,1000,9.99,1.102058092484912e-09,1.2089559030136936e-11,1.0972494303993215e-09,1.1523670033857935e-09,5.511757298647195e-11,5.449790659410095e-06,5.565034393730795e-08,1.2146781966490265e-15,390.62499999999994,2468.337216862038,1.147268125942133e-11,3.989156667180563e-11,5.454427884576589e-08,0.0,0.0,5.511757298647195e-11,0.9821802699799389,0.8764757646156786,0.0,97113.79821653824,0.0,0.0,9.99,0.1
313,type4_overdamped_no_overshoot,1000,9.99,5.261783929228458e-09,1.3454659374154545e-10,5.1740340393565254e-09,5.7112386052764385e-09,5.372045659199131e-10,4.182959181576575e-07,1.0746338949103697e-07,2.7704472903774318e-14,390.62499999999994,413.8729086370593,1.5685747633007264e-12,7.600024936512505e-12,8.610915287600453e-08,0.0,5.28,8.938568132862497e-12,0.016608123934408595,0.011572218231404759,5280000.000000001,777.2061863553598,0.5285285285284756,5.28,4.71,6.4758635
314,type4_overdamped_decay_overshoot,1000,9.99,0.024689970629820073,0.0004049512726955917,0.0239713991506822,0.0291755391412101,0.005204139990527899,30.458393609670075,1.1581614146326555,0.6097586352346356,390.62499999999994,349.99734514471993,6.611830601598879e-06,3.7351754116798225e-05,0.600556552894305,1.43,1.62,4.254321349250051e-05,0.00817487876224677,0.016327472046844572,1.132866340652909,5852.723727504436,0.16216216216214593,0.19000000000000017,8.370000000000001,1.8169652
315,type0_Step_Response,1000,9.99,1.824448210606886e-06,2.597755119976473e-07,-1.442900192618123e-07,1.915648214137633e-06,2.059938233399445e-06,0.007736433746736074,0.00024157336782136283,3.3960945898203086e-09,390.62499999999994,256.44714481573936,7.730606189955915e-10,3.9414709475291246e-09,3.9868301562994104e-05,0.0,1.88,4.082119748459625e-09,0.0019816699843728143,0.002975868037686921,1880000.0,3755.6611482994626,0.18818818818816935,1.88,8.11,2.0883708
316,type3_Sine_Wave,1000,9.99,1.6195582227467511e-09,4.1099530409867094e-11,1.5631522200094171e-09,1.6788109578191715e-09,1.1565873780975433e-10,1.6131799873661168e-07,6.606403898269129e-08,2.624658008266526e-15,390.62499999999994,358.95127944030827,4.4733835532715754e-11,1.1565873780975433e-10,5.897604867170033e-08,0.0,0.0,1.1565873780975433e-10,0.9914279888607163,1.0625732661909035,0.0,1382.819682137202,0.0,0.0,9.99,0.1
317,type0_Step_Response,1000,9.99,0.004075359071412277,0.0006206671970321889,-0.0002128480152794,0.0042519651096287,0.0044648131249081,11.774693334405809,0.49359197474212174,0.01699377933041413,390.62499999999994,261.75258606291106,1.6479286154932187e-06,7.55113458190005e-06,0.061641555723294536,1.43,2.01,7.55113458190005e-06,0.0016912543412137145,0.0026550921664910574,1.4055934226619422,2637.219745229751,0.20120120120118104,0.5799999999999998,7.98,2.1777914
318,type0_Step_Response,1000,9.99,46.28486856661527,9.230740447257634,-1.0860433989069642,51.68963836039598,52.77568175930295,58308.81513358505,6639.738789760525,2227495.6274334886,390.62499999999994,346.51134968692816,0.023388916008476278,0.12594314207098023,918.2214526250823,3.64,3.63,0.1388200668143753,0.0026303794131451916,0.002533807135203587,0.9972524732822875,1104.842480283178,0.363363363363327,-0.010000000000000231,6.36,4.0802026
319,type4_overdamped_no_overshoot,1000,9.99,0.03745554888941132,0.0020094459390573548,0.0364245569008333,0.0458997197579544,0.009475162857121099,9.057450147769568,1.5701954703046952,1.406956015589076,390.62499999999994,381.54667540809163,1.2969962675899882e-05,7.663197484480272e-05,0.9319864478231156,4.04,4.61,8.31383564389998e-05,0.008774345906650298,0.006454496942341074,1.1410888264631618,955.9149835621546,0.4614614614614153,0.5700000000000003,5.38,5.615598
320,type4_overdamped_no_overshoot,1000,9.99,36.086225122317586,1.0434144252845068,35.70564059438643,41.85740500777143,6.151764413385003,9036.027404242473,1321.5149858170996,1303304.3572414762,390.62499999999994,337.63874703942287,0.007274309975223233,0.03530551762642631,824.9146826437034,2.29,2.27,0.042998786100184816,0.00698966722565336,0.006971640221700771,0.9912659426786276,1468.8513403699963,0.22722722722720448,-0.020000000000000018,7.720000000000001,2.6299083
321,type4_overdamped_decay_overshoot,1000,9.99,2.9035044206380425e-09,6.898866787682736e-11,2.790787966862649e-09,3.454003277404971e-09,6.632153105423221e-10,2.0995085447804723e-06,1.2574955728605783e-07,8.435097356960076e-15,390.62499999999994,258.7232820535585,5.275641169698175e-13,2.5943413899533418e-12,6.276095195192236e-08,0.0,3.7,3.1494464499064176e-12,0.004741604717504842,0.007537850526006217,3700000.0000000005,3160.885501218354,0.3703703703703333,3.7,6.29,3.9729488
322,type4_overdamped_decay_overshoot,1000,9.99,19.276449906276895,0.335783432907757,18.91166654253008,22.466029822337635,3.5543632798075535,15193.601271110423,859.6700295552083,371694.27150301775,390.62499999999994,263.73769400718305,0.0047164519526737584,0.025559032941398385,526.380957587802,2.34,2.32,0.03289688181106598,0.009255351583768862,0.014046112733487267,0.9914525677553129,4274.633759982122,0.23223223223220896,-0.020000000000000018,7.67,2.5702152
323,type0_Step_Response,1000,9.99,3.2200886663584948e-09,5.750505267248926e-10,1.1339549150673308e-12,3.487259710574782e-09,3.4861257556597146e-09,8.112961106962399e-06,3.999956592530308e-07,1.0699654127497006e-14,390.62499999999994,381.1055464245562,1.6023258704684477e-12,9.600106188998098e-12,7.203215773235643e-08,0.0,3.14,9.859761619833436e-12,0.0028274752075776828,0.002781571747843707,3140000.0000000005,2326.546753811447,0.31431431431428286,3.14,6.85,3.308645
324,type2_Triangle_Wave,1000,9.99,6.05002054700451e-09,2.1976338195636302e-10,5.9578229347504946e-09,7.131916321883746e-09,1.1740933871332514e-09,1.0552575669527064e-05,1.516325908981476e-06,3.665104456322564e-14,781.2499999999999,2041.1664355997202,2.1371680312746464e-10,1.113820844239874e-09,1.538575623616329e-06,0.0,0.0,1.1740933871332514e-09,0.9991490038060382,0.968080853054284,0.0,8980.201731260733,0.0,0.0,9.99,0.1
325,type3_Sine_Wave,1000,9.99,1.0475639865617077e-06,1.5004126385816275e-08,1.0273915919833089e-06,1.069988744477155e-06,4.259715249384611e-08,9.837200354410172e-05,3.7220840557776506e-05,1.0976154297496599e-09,390.62499999999994,389.3663870129565,1.5339017054614615e-08,4.259715249384611e-08,3.5956386380996336e-05,0.0,0.0,4.259715249384611e-08,0.9999765248035077,1.0222517731749299,0.0,2309.302112534409,0.0,0.0,9.99,0.1
326,type2_Triangle_Wave,1000,9.99,0.08478325789727476,0.0020934797106387645,0.0839226304157029,0.0930592414597635,0.009136611044060605,62.593547004489984,11.526067999891952,7.192583476974656,781.2499999999999,1579.7559627770454,0.0017553628055243017,0.009132118179393606,8.101378215280645,0.0,0.0,0.009136611044060605,0.9999999998905502,0.8384904786826013,0.0,6850.849477534565,0.0,0.0,9.99,0.1
327,type1_Damped_Osc,1000,9.99,40.103603771079555,1.802555716408956,33.95163192079497,43.9612257820201,10.009593861225127,28978.90260467264,3398.6292322768004,1611548.2425385045,390.62499999999994,442.18163475456004,0.010709046017112112,0.055113889229787105,481.1231530849605,6.86,6.87,0.055113889229787105,0.005506106440869712,0.005941034676276574,1.0014575799624519,2895.1127294911907,0.6876876876876188,0.009999999999999787,3.12,7.4580092
328,type1_Damped_Osc,1000,9.99,0.013799286923628078,0.00037038083669382855,0.0116642900954292,0.0149562195894184,0.0032919294939891992,22.842778615300013,1.191972700135645,0.1905575015648029,1171.8749999999998,1205.6187412379363,2.1011847529558933e-06,1.2383993451199268e-05,0.18823774085876277,1.76,2.51,1.5137436533399842e-05,0.004598347733887146,0.005673038502852612,1.4261355533320719,6939.024256160432,0.25125125125122605,0.7499999999999998,7.48,2.870263
329,type3_Sine_Wave,1000,9.99,0.2078186662463238,0.0019273379757799038,0.2051860888257064,0.2107692481502651,0.00558315932455869,15.408047355860987,5.470879638576593,43.19231267207381,390.62499999999994,430.10695863281336,0.0018583688627422281,0.005555774683941805,5.710189573456654,0.0,0.0,0.00558315932455869,0.9999999998208898,0.9642153504633859,0.0,2759.7362814501357,0.0,0.0,9.99,0.1
330,type1_Damped_Osc,1000,9.99,7.495189282412224e-09,2.0931155079047435e-10,6.434444538430601e-09,7.945867627949941e-09,1.5114230895193399e-09,9.019245417514081e-06,6.00017100839271e-07,5.6221673704481365e-14,781.2499999999999,771.706761537607,1.919689130847573e-12,1.0245240128880874e-11,2.0698212881895093e-07,0.0,3.31,1.2853814183768103e-11,0.008498821707259935,0.00912783498401421,3310000.0,5963.440706515839,0.33133133133129816,3.31,6.68,3.510398
331,type1_Damped_Osc,1000,9.99,6.873312457018575e-09,7.031187395003086e-11,6.575179088065871e-09,7.278338058265354e-09,7.031589701994833e-10,4.947083052507689e-06,2.673127307748284e-07,4.724736789142507e-14,1171.8749999999998,1048.8293261726928,1.0512158444255546e-12,6.3225946319862235e-12,1.154361660499732e-07,0.0,2.08,7.570321509922239e-12,0.010750869945997592,0.014741105319461316,2080000.0000000002,7025.520176369002,0.20820820820818736,2.08,7.91,2.1504805
332,type0_Step_Response,1000,9.99,2.6544659516910295e-09,5.764345072767885e-10,5.094172074884805e-14,2.893531630675088e-09,2.893480688954339e-09,3.440561902711991e-06,3.4325244471140527e-07,7.378466229866398e-15,390.62499999999994,342.7784044784587,1.3884128519322836e-12,6.682158299505183e-12,8.366378237795354e-08,0.0,3.26,9.657259016847805e-12,0.0033364392630778235,0.0024044507808861503,3260000.0,1188.6629321251164,0.3263263263262936,3.26,6.73,3.4608324
333,type0_Step_Response,1000,9.99,44.34674046415395,6.275662930424489,4.696102188449904,46.79410055144992,42.097998363000016,133006.13141179376,5573.712269855172,2006017.3350113337,390.62499999999994,445.4292657875327,0.02361848663457242,0.1160781479819164,1298.4754851548853,2.54,2.52,0.1776104231911546,0.004218975488090008,0.0037635046522441398,0.992125593651341,3159.440747394058,0.25225225225222697,-0.020000000000000018,7.470000000000001,2.6799233
334,type3_Sine_Wave,1000,9.99,41.45998386273981,0.5917658319588472,40.65384667384054,42.351705748370165,1.6978590745296245,3513.078251988588,1312.383403708998,1719280.4486985197,390.62499999999994,416.63596551512524,0.5707306232600504,1.6683085867428744,1362.066858234267,0.0,0.0,1.6978590745296245,0.9999999999994109,0.9644534923043274,0.0,2069.1224052030248,0.0,0.0,9.99,0.1
335,type2_Triangle_Wave,1000,9.99,31.795001410009696,0.7587303911176917,31.429220992163717,34.41260192242243,2.983380930258715,40068.22264372047,9049.130537777166,1011497.786468924,1562.4999999999998,3219.142637256677,0.7780708790731574,2.9331101526748995,9617.17134767016,0.0,0.0,2.983380930258715,0.9999999999996648,1.0254905934714829,0.0,13430.47488080323,0.0,0.0,9.99,0.1
336,type5_Square_Pulse_Wave,1000,9.99,44.965573053368246,0.6420856951448511,44.71421126873438,46.9836799492908,2.2694686805564217,224442.2284419414,2433.491680731489,2022315.0340577061,781.2499999999999,2341.1532945167564,0.7013912709126872,2.2602051575005504,2609.3424933675956,0.0,0.0,2.2694686805564217,0.9999999999995594,1.092363957358316,0.0,98896.37621560585,0.0,0.0,9.99,0.1
337,type1_Damped_Osc,1000,9.99,0.2139674397080567,0.00619443031464269,0.1845133759084771,0.2315065534457633,0.046993177537286185,236.3687243371215,15.433664782196491,45.820436222143854,781.2499999999999,721.7731001667398,4.597100402310185e-05,0.0002655072230887956,3.610431817117357,2.89,2.84,0.000299020849871795,0.006363069397215742,0.00742134493094741,0.9826986219035909,5029.851921474084,0.2842842842842558,-0.050000000000000266,7.15,3.2917235
338,type2_Triangle_Wave,1000,9.99,0.017007339452429535,0.00018106154184818136,0.0169210015250444,0.0176500914286368,0.000729089903592401,5.850184807439789,1.2746535885988566,0.2892823785321026,781.2499999999999,1761.827021021492,0.0001811145248017244,0.000721753821940202,1.2909028629580903,0.0,0.0,0.000729089903592401,0.999999998628427,1.000292618480488,0.0,8023.95530453867,0.0,0.0,9.99,0.1
339,type1_Damped_Osc,1000,9.99,0.07558401844954989,0.002462684066237225,0.0655889423442939,0.0847650532943911,0.019176110950097205,95.15830227121019,6.726001973150476,5.719008657791996,781.2499999999999,705.0149438141545,2.357705657312642e-05,0.00014419697825429623,2.0120960722676684,3.16,3.55,0.00015539853377839752,0.008103756500715598,0.00957372359970496,1.1234173660071625,4962.33582053641,0.35535535535531976,0.3899999999999997,6.44,3.9409904
340,type0_Step_Response,1000,9.99,4.968901797433657,0.6547110305878835,-0.001173717180292,5.261624524216724,5.262798241397015,22729.487679346377,764.448063068274,25118.631606112867,390.62499999999994,476.2175537549577,0.0031537684457164854,0.013492187268788314,125.68892800192252,3.49,3.16,0.01629746327955406,0.0030967296354543097,0.004817038813107839,0.9054438666349952,4318.897787217565,0.31631631631628465,-0.33000000000000007,6.83,3.8384185
341,type4_overdamped_no_overshoot,1000,9.99,49.15853924030175,1.1649993138698778,48.674085770353145,55.16925588215174,6.495170111798593,8653.264442985175,1189.0564075040395,2417919.2036416037,390.62499999999994,348.1758046678655,0.009761872696124795,0.06244842885738677,739.7592833248989,3.08,2.87,0.06764331889490194,0.010414402968756157,0.008379294802921015,0.9318178792799093,1332.2614025558826,0.28728728728725855,-0.20999999999999996,7.12,3.7945044
342,type3_Sine_Wave,1000,9.99,47.77139493037482,0.5271839390419794,47.06366537576463,48.59860865750903,1.534943281744404,3117.7850285580175,959.8830549032749,2282384.096499425,390.62499999999994,369.82668866265243,0.4599520262272593,1.4645470288839988,956.2895361057348,0.0,0.0,1.534943281744404,0.9999999999993484,0.8724697248217214,0.0,2031.205364808492,0.0,0.0,9.99,0.1
343,type1_Damped_Osc,1000,9.99,0.008572581999410115,8.101681405898907e-05,0.0081346072529098,0.008787979829275,0.0006533725763652014,4.110648219099976,0.39166102287665633,0.07349572586077056,1171.8749999999998,1048.7825438679101,2.1166149369276647e-06,1.068299657300091e-05,0.23790933560855798,1.57,2.88,1.2633763058999409e-05,0.019336230960207243,0.02612562509877164,1.8343937360549452,6291.430588771614,0.2882882882882594,1.3099999999999998,7.11,3.631212
344,type0_Step_Response,1000,9.99,3.6691450115008504,0.7450390872299132,-6.920447680755317e-05,3.899646011257442,3.899715215734249,4814.043554214686,472.6818234582152,14017.708356921958,390.62499999999994,325.2557463172665,0.002300091151202104,0.010409930984103255,99.7722885319654,1.51,1.51,0.011390115242897014,0.0029207556482427734,0.0030872086990104816,0.999999337748783,1234.4602843792659,0.151151151151136,0.0,8.48,1.653647
345,type1_Damped_Osc,1000,9.99,0.9535603041208089,0.024839878365714385,0.8565131346379513,1.0072301298633863,0.15071699522543502,357.9185747174418,52.92350964077955,909.894273152193,390.62499999999994,549.9578993606175,0.00022634342355740987,0.001177684575864646,13.268730601861234,4.93,4.96,0.001177684575864646,0.007813880406090299,0.009112098707403966,1.0060849886237346,2374.772494500107,0.4964964964964468,0.03000000000000025,5.03,6.107815
346,type0_Step_Response,1000,9.99,6.341253745533426,1.1154103455055102,-0.0013218863121648,6.7136702394602255,6.71499212577239,12796.985721251629,776.5860313024034,41455.63930410241,390.62499999999994,311.9269537733357,0.0021877560134875027,0.012163256586060989,142.08943831937245,2.63,1.99,0.017236595371580954,0.002566882439880114,0.001961391179758188,0.7566537046944088,1905.7335409425746,0.19919919919917925,-0.6399999999999999,8.0,2.1293795
347,type5_Square_Pulse_Wave,1000,9.99,0.22879762501040765,0.0026822266326178793,0.2274350233496841,0.2346416449568492,0.007206621607165092,711.08652108475,6.741326044425107,52.35554755011184,390.62499999999994,1352.9174851428374,0.003013836936165078,0.007185677075529501,8.2667992210175,0.0,0.0,0.007206621607165092,0.9999999998612387,1.123632469527719,0.0,98671.27202558961,0.0,0.0,9.99,0.1
348,type0_Step_Response,1000,9.99,1.6313706338399952e-09,3.7990236309145614e-10,-4.2372142820961385e-13,1.800083087448411e-09,1.8005068088766206e-09,1.48674231594018e-06,2.1989808113880763e-07,2.8056959504379805e-15,390.62499999999994,388.36479898123247,9.469282540659284e-13,4.659319527706064e-12,4.698867913653864e-08,0.0,6.67,4.659319527706064e-12,0.002586345777183885,0.0024860130726953966,6670000.0,825.2771005996249,0.6676676676676008,6.67,3.3200000000000003,7.035198
349,type1_Damped_Osc,1000,9.99,14.216098858284534,0.2392056049587445,13.171140760642215,14.998817338821082,1.8276765781788669,12170.069262715799,730.0489885045938,202154.68606996248,390.62499999999994,607.9925671237967,0.0034431366876656526,0.02045368056510455,375.812017770172,3.27,2.74,0.023322711144624364,0.012760852452270748,0.0143940468629282,0.8379202330519165,6658.765236700488,0.27427427427424683,-0.5299999999999998,7.25,3.2780287
350,type4_overdamped_decay_overshoot,1000,9.99,8.937928309481304,0.05492183927224875,8.80930853635757,9.358429155275276,0.5491206189177067,2152.3288618485735,204.59229412067023,79889.57887385639,390.62499999999994,340.0327075685225,0.0013776715268219001,0.007888310325038006,160.1950772699198,2.62,2.56,0.00815780696236601,0.014856129384523646,0.025084220504118012,0.9770988637027237,3919.5921400416587,0.2562562562562306,-0.06000000000000005,7.43,2.8313165
351,type2_Triangle_Wave,1000,9.99,22.583873021329378,0.4574089169876911,22.34786099345536,24.073799776156637,1.7259387827012773,16201.685533379261,4009.7500987306157,510240.5435608687,1171.8749999999998,2164.330863964685,0.4723592791961061,1.7251798481995344,4388.497715205496,0.0,0.0,1.7259387827012773,0.9999999999994206,1.0326848945268476,0.0,9387.172764037736,0.0,0.0,9.99,0.1
352,type4_overdamped_no_overshoot,1000,9.99,0.0024004827761647733,5.523531888635221e-05,0.0023843036493174,0.0027947602224656,0.0004104565731481999,0.9999605491999973,0.0968291642324726,0.005765368499116211,390.62499999999994,280.853540990495,5.423908311200383e-07,3.6002492441998026e-06,0.06567266391823544,0.51,1.33,3.6002492441998026e-06,0.008771328006309122,0.009819637728830365,2.607838023847012,2436.2152105254145,0.1331331331331198,0.8200000000000001,8.66,1.5490859
353,type3_Sine_Wave,1000,9.99,2.2903128884435914e-09,1.5988453356460896e-11,2.2686012308995967e-09,2.3154359742552603e-09,4.683474335566366e-11,1.554252013431199e-07,4.0493319357305764e-08,5.245788757611559e-15,390.62499999999994,397.06490169513546,1.5513421300252152e-11,4.6190156441174644e-11,4.1691370092642175e-08,0.0,0.0,4.683474335566366e-11,0.979094692897906,0.9131744352909105,0.0,3249.2115654827167,0.0,0.0,9.99,0.1
354,type1_Damped_Osc,1000,9.99,6.480492788122459,0.053856859988856844,6.182790971218775,6.804645905013634,0.6218549337948582,6474.670557555483,291.7324819656576,41999.68733827506,1562.4999999999998,1506.0909255223894,0.0016037667555444156,0.009972826046260153,145.0906871909538,1.54,1.53,0.010613325229632764,0.017067204347560736,0.029778318970813778,0.9935058483728257,10411.86650724714,0.15315315315313782,-0.010000000000000009,8.46,1.8551551
355,type4_overdamped_no_overshoot,1000,9.99,0.009892650942594595,0.0007290086239191917,0.0096069591585978,0.013682301856777,0.004075342698179199,5.277282551629895,0.5710834744500929,0.09839599624576631,390.62499999999994,341.6733626539295,3.2765490149922377e-06,1.5545265999099972e-05,0.21720751670466285,2.21,3.15,1.6677867908199834e-05,0.004092384159879086,0.004494527091988017,1.4253387215661892,1294.9297620278103,0.31531531531528373,0.94,6.84,3.566977
356,type4_overdamped_decay_overshoot,1000,9.99,48.060228483423536,1.2746246909575594,44.37595039656266,53.86589686044911,9.489946463886454,41712.70567856239,2065.6799662956714,2311410.229981674,390.62499999999994,335.5281075089795,0.019631287418782718,0.09492553073172161,1065.119435337366,3.4,3.39,0.09492553073172161,0.01000274670599526,0.015401621793486009,0.9970585302769028,4395.4626970019,0.3393393393393054,-0.009999999999999787,6.6,3.6120775
357,type0_Step_Response,1000,9.99,1.393952116038715e-06,1.7078082150076417e-07,3.3966773379904203e-10,1.4348819363621349e-06,1.4345422686283358e-06,0.004755877840807843,0.00017553060747297624,1.9722685908012874e-09,390.62499999999994,232.4572773091549,5.662636157018733e-10,2.8771580672501252e-09,3.690325455240321e-05,0.0,1.91,3.2443682128551815e-09,0.002261603594541517,0.0033157136440270345,1910000.0,3315.2557645439724,0.19119119119117203,1.91,8.08,2.7884486
358,type0_Step_Response,1000,9.99,32.897704116634955,3.9519289074043487,-0.0041201488727421,34.40276023375165,34.406880382624394,172152.6760382345,5637.693683231426,1097876.6782348384,781.2499999999999,634.0329386248618,0.01487244737397914,0.07217102048208801,717.7606399605935,3.2,3.2,0.08082713430416533,0.0023491561398568694,0.0037633387954197008,0.9999996875000976,5003.437513770276,0.3203203203202883,0.0,6.79,3.6435885
359,type1_Damped_Osc,1000,9.99,1.6097187832692335e-09,1.8964270138660866e-11,1.5033515577721914e-09,1.6627945922006116e-09,1.5944303442842026e-10,1.1034267525783579e-06,6.14573151050228e-08,2.5915542047516738e-15,781.2499999999999,892.7282720696068,2.7867321008164165e-13,1.5764390190224935e-12,2.1907139710994295e-08,0.0,2.08,1.9056205255059575e-12,0.011877240618732672,0.013958597441636005,2080000.0000000002,6877.373994510423,0.20820820820818736,2.08,7.91,2.3965287
360,type4_overdamped_decay_overshoot,1000,9.99,1.8760255215275832e-06,2.596656119092097e-08,1.8504989700636308e-06,2.0638680790625087e-06,2.133691089988779e-07,0.0005085427211454929,4.107968578993672e-05,3.5201460197229224e-09,390.62499999999994,277.0914348607756,3.4558277235209013e-10,1.7752739170879838e-09,2.141256827884607e-05,0.0,3.97,1.898486821320995e-09,0.00889762314988075,0.01330824908089236,3970000.0000000005,2383.383143644395,0.39739739739735763,3.97,6.02,4.373218
361,type0_Step_Response,1000,9.99,6.572623452874986e-09,8.92613240823249e-10,-7.820750929020152e-13,6.8090514928450406e-09,6.809833567937943e-09,1.8699979912677062e-05,7.742909055180039e-07,4.399613745097528e-14,390.62499999999994,250.69389670817839,1.715010254735946e-12,8.543091410276321e-12,1.1391864478276675e-07,0.0,1.87,1.4839533072771763e-11,0.002178813051992489,0.0019191862613360316,1870000.0000000002,2745.6227972898027,0.18718718718716845,1.87,8.120000000000001,2.2075942
362,type0_Step_Response,1000,9.99,7.0666748382573825,2.1963904531886027,0.0018549303287234,8.164035358272775,8.162180427944051,4821.215009112567,979.6841342274539,54762.024292518036,390.62499999999994,406.8752472030598,0.00522499653437038,0.026332397801880347,262.5245237061364,3.54,3.54,0.026332397801880347,0.0032261474779123347,0.0023789014957621172,0.999999717514204,590.6773382031666,0.3543543543543189,0.0,6.45,3.6971083
363,type4_overdamped_no_overshoot,1000,9.99,26.07527690666083,0.537790421850192,25.879462598041677,29.054134062917324,3.1746714648756473,5014.913735098858,660.3742764573891,680209.2842968733,390.62499999999994,334.99927021350055,0.00773192582739071,0.03582408153961225,454.98133514402963,1.94,1.99,0.03653798366600469,0.011509217274999,0.014377209993394332,1.0257726671274912,1579.6638457181941,0.19919919919917925,0.050000000000000044,8.0,2.3250465
364,type0_Step_Response,1000,9.99,39.2476036446042,6.905646098121399,-2.608604937452478,42.04615865981625,44.654763597268726,142214.23698111737,5213.864006752371,1588062.339876448,390.62499999999994,438.67788607022817,0.013928506105791248,0.08162918056749646,718.2701332461945,2.71,2.68,0.10130555650353301,0.002268639409160975,0.0020169736340207643,0.9889295243802493,3184.749521097288,0.2682682682682414,-0.029999999999999805,7.3100000000000005,2.83776
365,type1_Damped_Osc,1000,9.99,4.008142713029983e-09,9.319377430972558e-11,3.429610140724764e-09,4.3545496625787754e-09,9.249395218540114e-10,6.707904516234941e-06,3.367036068992842e-07,1.6073893087585444e-14,1562.4999999999998,1473.7121281181471,6.763635453587392e-13,3.6299201936938243e-12,4.959122999645432e-08,0.0,2.09,4.202399515760597e-12,0.00453852483512759,0.007180554663142999,2090000.0,7244.4305031971035,0.20920920920918826,2.09,7.9,2.3502185
366,type1_Damped_Osc,1000,9.99,47.00703172685165,0.6379343403203471,42.83393694452781,49.99346799801654,7.159531053488735,59734.27925556577,3204.0433102115794,2210067.9919917984,1953.1249999999998,1914.0142169656594,0.015697764490105473,0.07755612319509453,1021.9992732360959,1.68,1.68,0.07755612319509453,0.0108325702641225,0.024607178980517067,0.9999994047622591,8343.322880965756,0.16816816816815133,0.0,8.31,1.908159
367,type4_overdamped_decay_overshoot,1000,9.99,0.016610073335975094,0.00022819214906205838,0.0159724410630743,0.0174877189158929,0.0015152778528185994,6.136249329339801,0.5394848218890879,0.27594660788336445,390.62499999999994,352.6274360179506,5.425404420175433e-06,2.525270779799721e-05,0.3744375541928887,2.71,3.27,3.5345507989701513e-05,0.023326090261682714,0.02377559621880051,1.2066416211654534,4049.5868885538393,0.3273273273272945,0.56,6.720000000000001,3.5991347
368,type1_Damped_Osc,1000,9.99,6.094735333675868e-06,1.2269374608097021e-07,5.646953991186767e-06,6.763515441084625e-06,1.1165614498978573e-06,0.007999832237711148,0.00036768619584202553,3.716085254288449e-08,781.2499999999999,802.1689725554909,1.6136921926336983e-09,9.048195447719443e-09,0.00013780860490319888,0.0,2.7,9.548178784684266e-09,0.008551405956341922,0.013152088774598147,2700000.0000000005,7164.6975397058795,0.27027027027024325,2.7,7.29,3.0235724
369,type4_overdamped_no_overshoot,1000,9.99,0.6585394530514205,0.011046344346191245,0.6550686406635037,0.7345958757366404,0.07952723507313675,175.63660848282092,17.279418404673798,433.7962329486785,390.62499999999994,284.89789142904993,0.0001554850775537789,0.0008503352593121072,10.862735043248735,1.43,1.39,0.0010008815284789918,0.0125853932623956,0.014075704383895483,0.9720272922886068,2208.5089255157586,0.1391391391391252,-0.040000000000000036,8.6,1.7180758
370,type4_overdamped_no_overshoot,1000,9.99,38.965928894167405,1.9663917525111347,38.134147948958905,48.37158255445616,10.237434605497256,12608.871647524466,1713.1573003769654,1522210.3111096532,390.62499999999994,361.61701521984685,0.007393662669006712,0.04302598504462907,873.7250614936006,3.37,3.31,0.0460795199008146,0.0045010807567031005,0.0037600150934121073,0.9821955542446426,1231.643681587238,0.33133133133129816,-0.06000000000000005,6.68,3.7567403
371,type0_Step_Response,1000,9.99,33.48874406527555,6.108170840114906,-0.0122058825841088,36.62295220102008,36.63515808360419,168974.63050050772,8013.623314132445,1158805.7300815582,390.62499999999994,614.7602695682381,0.01991605402684764,0.11100816662904833,767.9801808434847,4.64,4.65,0.11100816662904833,0.0030300992935724832,0.003260559429026992,1.0021549564321215,4612.362532048866,0.4654654654654189,0.010000000000000675,5.34,5.102123
372,type1_Damped_Osc,1000,9.99,0.06329902177574875,0.0014230480936172952,0.0559627810295743,0.0672797285854793,0.011316947555905003,72.7201412088499,3.9271252069735354,4.0087912236434615,781.2499999999999,857.5548664568948,1.2089248920446534e-05,5.902463291669602e-05,0.7895876046951525,2.41,2.89,7.973580430080396e-05,0.007045698842366145,0.008495319986846779,1.1991696269005696,6425.773455535712,0.28928928928926034,0.48,7.1,3.2903662
373,type4_overdamped_no_overshoot,1000,9.99,1.5482659345771176e-06,5.8574130744156316e-08,1.5273781707456795e-06,1.8901151647338745e-06,3.62736993988195e-07,0.0006010051479236801,6.544456716697845e-05,2.4005583329643887e-09,390.62499999999994,318.4114348492525,6.167877719561635e-10,3.365542927660516e-09,3.7210348213930554e-05,0.0,2.08,3.6669316321246646e-09,0.010109036530218012,0.010529857366433564,2080000.0000000002,1656.8574505135498,0.20820820820818736,2.08,7.91,2.542321
374,type1_Damped_Osc,1000,9.99,8.699723945014537e-09,8.755984120233918e-11,8.275284315414583e-09,8.918154575478248e-09,6.42870260063665e-10,4.028854355859157e-06,3.1799754342711647e-07,7.569286344525066e-14,781.2499999999999,670.3902461324737,2.2798221295010543e-12,1.4856630535045824e-11,1.829071911523518e-07,0.0,2.43,1.570574535976619e-11,0.02439271749903968,0.025743295138619064,2430000.0000000005,6257.245606375404,0.24324324324321892,2.43,7.5600000000000005,3.1203372
375,type1_Damped_Osc,1000,9.99,0.002935818618692815,6.287454941685023e-05,0.0026913505502474,0.0030758773686026,0.00038452681835520006,1.305193209919994,0.1569348753867059,0.00862298417082776,390.62499999999994,487.6596600224067,1.1791912453303932e-06,5.786660846300237e-06,0.07103273219385613,1.37,4.27,5.786660846300237e-06,0.015048783478883715,0.018754666832804467,3.1167860461415717,3394.283946458216,0.4274274274273846,2.8999999999999995,5.720000000000001,5.3421755
376,type0_Step_Response,1000,9.99,20.28335852884516,6.086808724941754,-0.0067235142894319,23.648326806380677,23.65505032067011,11256.210898826956,2563.2250121668894,448463.8736637027,390.62499999999994,401.01779587017245,0.010202544492825047,0.05280677672844902,381.8865682489295,5.32,5.35,0.05280677672844902,0.0022323679726989846,0.0016761730085285375,1.0056389087144908,475.84810627059403,0.5355355355354818,0.02999999999999936,4.640000000000001,5.744077
377,type1_Damped_Osc,1000,9.99,8.681288079330314e-06,9.422360169918027e-08,8.242345442872209e-06,9.085925461527705e-06,8.435800186554959e-07,0.006235283369130756,0.0003328884434252665,7.537364080343974e-08,781.2499999999999,837.5128241056029,2.405803593946131e-09,1.1966901317836569e-08,0.0001518950172501567,0.0,2.48,1.3043799241499132e-08,0.015462414342001685,0.025532648061775368,2480000.0,7391.445790314941,0.2482482482482234,2.48,7.51,3.0709329
378,type0_Step_Response,1000,9.99,1.6072950066525401e-06,2.1794144226470398e-07,1.0374470552453421e-07,1.6661985437744887e-06,1.5624538382499545e-06,0.003981696210168968,0.00018898847461857623,2.6308957106666085e-09,390.62499999999994,260.73114884648515,7.957969927585708e-10,3.73241545551041e-09,3.668462285848011e-05,0.0,1.44,4.227196871040268e-09,0.0027054841954824043,0.0036514089889477714,1440000.0,2548.3592310602157,0.1441441441441297,1.44,8.55,1.5796143
379,type1_Damped_Osc,1000,9.99,5.528697746983194e-09,6.880106309195869e-11,5.1908191304257645e-09,5.696664929837865e-09,5.058457994121006e-10,2.584546657343218e-06,2.093223006730573e-07,3.057123236377963e-14,781.2499999999999,826.2439134015488,5.937043688871906e-13,3.3937315652004563e-12,6.947660275278082e-08,0.0,3.6,4.679211511685003e-12,0.009232021883406162,0.008505663704649039,3600000.0000000005,5099.276072409161,0.36036036036032426,3.6,6.390000000000001,4.0478363
380,type4_overdamped_no_overshoot,1000,9.99,2.2588640551588503e-06,1.704588380725049e-07,2.161695327704573e-06,2.906611006466425e-06,7.449156787618521e-07,0.0006391788797531409,0.00011300356980095561,5.131523035165714e-09,390.62499999999994,391.4546224967876,7.56582344103113e-10,3.938355433540244e-09,6.618234603644559e-05,0.0,5.68,3.938355433540244e-09,0.005286974430598467,0.004438478603865043,5680000.0,858.0541931421631,0.5685685685685116,5.68,4.3100000000000005,6.787395
381,type2_Triangle_Wave,1000,9.99,0.0016870380535400416,6.783586466768728e-05,0.0016615557365758,0.0019741224353045,0.0003125666987286999,2.4568592084299974,0.3849879151510109,0.0028506990986273853,781.2499999999999,1762.8988125044445,5.656613742136545e-05,0.000303987140592,0.27527264128876056,0.0,0.0,0.0003125666987286999,0.9999999968006829,0.8338677020570548,0.0,7860.271777391801,0.0,0.0,9.99,0.1
382,type4_overdamped_decay_overshoot,1000,9.99,2.7385178554997814e-06,5.867410782204066e-08,2.577695202991444e-06,3.062851113055222e-06,4.851559100637777e-07,0.0017642720822926823,0.0001177086431720462,7.502922695819834e-09,390.62499999999994,311.2480662638571,7.196685464135838e-10,4.030309007890985e-09,6.255142362946302e-05,0.0,2.85,4.433183409197487e-09,0.009137628089466374,0.01226531272164528,2850000.0,3636.4978952082834,0.2852852852852567,2.85,7.140000000000001,3.0057147
383,type2_Triangle_Wave,1000,9.99,50.254595473967754,1.431329362935345,49.68162823636053,56.069603077208086,6.387974840847555,62362.84372466158,10548.730352371724,2527573.0699973414,781.2499999999999,2178.202137382879,1.431080179757477,6.27466763791039,10651.601581816309,0.0,0.0,6.387974840847555,0.9999999999998435,0.9998259078690618,0.0,9762.537467410802,0.0,0.0,9.99,0.1
384,type2_Triangle_Wave,1000,9.99,44.71630856483561,0.6154791065380921,44.39657047353876,46.77300519211148,2.3764347185727246,26759.678020206222,6438.876773878052,1999927.066196175,1562.4999999999998,2630.4529683018377,0.6164425521568414,2.339843829769073,6664.771755528938,0.0,0.0,2.3764347185727246,0.9999999999995791,1.0015653587709368,0.0,11260.430514273372,0.0,0.0,9.99,0.1
385,type4_overdamped_decay_overshoot,1000,9.99,8.039254706743478e-06,1.0671949712444594e-07,7.809339047308174e-06,8.752803543888246e-06,9.434644965800722e-07,0.003967036605557477,0.00030974453860473095,6.464100529096367e-08,390.62499999999994,302.30153494326754,2.1316123374594727e-09,1.059077412305371e-08,0.00024848593803754944,0.0,3.76,1.235759021505381e-08,0.013098083883139669,0.01997378568218077,3760000.0,4204.750062336586,0.3763763763763387,3.76,6.23,4.123961
386,type0_Step_Response,1000,9.99,13.520586501002361,2.794479028951077,-0.7131982963066689,15.076616575204628,15.789814871511297,40140.241607517964,2960.5050190482207,190615.37237433466,390.62499999999994,542.3502605678377,0.007440058738347111,0.03737179985812489,294.5814647656575,4.36,4.36,0.043740817911938734,0.0027701919413162432,0.002662413516531958,0.9999997706422544,2542.16036946312,0.4364364364363928,0.0,5.63,4.5137553
387,type0_Step_Response,1000,9.99,13.041084103021706,2.6209035883145555,0.0011483457355196,14.194749326990378,14.193600981254859,20797.87222352468,1586.0612020075835,176939.01020132558,390.62499999999994,365.05884352616334,0.006861112585083534,0.04127724796457777,319.8141808440045,4.47,4.46,0.04127724796457777,0.002908158966782898,0.0026178424172760752,0.997762640321557,1465.2992042675044,0.44644644644640175,-0.009999999999999787,5.53,5.764231
388,type4_overdamped_decay_overshoot,1000,9.99,9.95329590547949e-09,2.7858770555942517e-10,9.508981542390621e-09,1.2404884141056493e-08,2.895902598665872e-09,1.0992315987354061e-05,5.461103982305812e-07,9.914571049172367e-14,390.62499999999994,254.2928409413627,4.318162702202054e-12,2.2915627461919057e-11,2.9559959395835624e-07,0.0,3.24,2.2915627461919057e-11,0.0079103893491181,0.015444751741003316,3240000.0000000005,3794.5065852115354,0.32432432432429187,3.24,6.75,3.584096
389,type1_Damped_Osc,1000,9.99,0.02255501217533846,0.0004083568734636584,0.0207377715846867,0.0234777715111944,0.0027399999265077003,16.90012132646995,1.2491744635341029,0.5088953295657711,390.62499999999994,609.0703162211549,6.513542944745785e-06,3.426749868570139e-05,0.6782022260408934,2.68,3.99,3.426749868570139e-05,0.012506386712524863,0.015950614161450723,1.4888054146248453,6167.927654597522,0.3993993993993594,1.31,6.0,4.3392215
390,type1_Damped_Osc,1000,9.99,32.71778345267248,0.49025919713641286,30.77601885527332,34.483665715081806,3.7076468598084844,18988.764713630244,1621.023584851426,1070693.708136346,390.62499999999994,590.3936549965586,0.008456760500171807,0.04780485194207529,911.4110990540844,3.6,3.52,0.06450122520603685,0.017396809255278214,0.01724957032841037,0.9777775061729149,5121.5138419644345,0.3523523523523171,-0.08000000000000007,6.470000000000001,4.1110406
391,type4_overdamped_no_overshoot,1000,9.99,2.0462159896244326e-06,1.0477382107785396e-07,2.002487022823787e-06,2.535567522802665e-06,5.33080499978878e-07,0.0006055983542936184,8.628743749421426e-05,4.19797742977795e-09,390.62499999999994,365.7819407279978,3.972291024055477e-10,2.41693095711078e-09,4.360916274544544e-05,0.0,3.03,2.41693095711078e-09,0.004533886389241692,0.003791264908105953,3030000.0,1136.0333350859364,0.30330330330327293,3.03,6.960000000000001,3.2708054
392,type4_overdamped_decay_overshoot,1000,9.99,1.0069564907712317e-06,5.084278533533864e-09,9.894941769537947e-07,1.0428886279886447e-06,5.339445103484998e-08,0.0003878959921957552,2.920343837951574e-05,1.01398722419452e-09,390.62499999999994,741.4728574342269,2.172376790600238e-10,1.0540834297312212e-09,2.5223804286732374e-05,0.0,1.64,1.4788988535125476e-09,0.027697094506183764,0.042718934199472626,1640000.0,7264.588737017773,0.16416416416414772,1.64,8.35,1.8458551
393,type0_Step_Response,1000,9.99,42.00500044349788,6.935982526344707,-0.0089072605495793,44.26290676990317,44.271814030452745,125180.24244587056,5143.421181471746,1812527.915864016,390.62499999999994,330.41677957605833,0.015311645622967886,0.07701633189619628,910.7604094738291,2.07,1.66,0.0979675411089147,0.0022128648498912803,0.002207566925782753,0.8019319797430049,2827.5381343028193,0.16616616616614951,-0.4099999999999999,8.33,1.7725571
394,type4_overdamped_no_overshoot,1000,9.99,0.08353647274796096,0.0030634865262032978,0.0825454128765298,0.101998845243218,0.0194534323666882,32.82873565125105,2.962500223287541,6.987727228867054,390.62499999999994,306.53603817044007,1.828858140288964e-05,9.504742764500362e-05,1.189999348405343,1.76,1.8,0.00010732906213378746,0.005517230075657965,0.005969858604074083,1.0227266916325617,1687.5549276218726,0.18018018018016213,0.040000000000000036,8.19,2.0484138
395,type4_overdamped_decay_overshoot,1000,9.99,0.34765439505108037,0.006778233476393264,0.3386781176649903,0.4034655435992007,0.06478742593421044,207.15821488873075,11.540012377969543,120.90952284739318,390.62499999999994,248.54364701598706,9.271920923498104e-05,0.0004901830512469285,5.0068444757372275,3.48,3.37,0.0007324024657834882,0.011304700799749549,0.013678963633256033,0.9683905263245614,3197.5064898533824,0.3373373373373036,-0.10999999999999988,6.62,4.0043383
396,type4_overdamped_decay_overshoot,1000,9.99,34.26472620736972,0.8682729601361775,32.66226008322941,40.3129196345678,7.650659551338386,24941.23700742534,1459.4696680417987,1174825.3599993126,390.62499999999994,261.70092498790046,0.005952850177583009,0.0307737466960063,692.3694687442631,3.56,3.54,0.03417076291332677,0.004466381320986184,0.006855966327274,0.9943817431511957,3260.0113545843155,0.3543543543543189,-0.020000000000000018,6.45,3.7472897
397,type5_Square_Pulse_Wave,1000,9.99,0.0017172789558065275,0.00014159111577264025,0.0016518941259644,0.0021841316430877,0.0005322375171233,53.10674192448997,0.35471360024623644,0.002969095056121699,781.2499999999999,1658.7225213966658,0.0002105343187822288,0.0005318841811987999,0.49839016447727996,0.0,0.0,0.0005322375171233,0.9999999981211396,1.4869175664479997,0.0,99780.15475449267,0.0,0.0,9.99,0.1
398,type0_Step_Response,1000,9.99,4.456654092226248e-09,8.989401821218239e-10,-3.3117727660635626e-10,4.795749626709651e-09,5.1269269033160075e-09,7.569364135569989e-06,5.789261416671409e-07,2.0669859148790184e-14,390.62499999999994,338.37460899694366,2.0595347931383177e-12,1.0860806126710436e-11,9.63646207880925e-08,0.0,2.52,1.2028748808505495e-11,0.0023457332827281577,0.0022885240975488753,2520000.0,1476.1060908795735,0.25225225225222697,2.52,7.470000000000001,2.6646824
399,type4_overdamped_decay_overshoot,1000,9.99,6.4787565820431685e-09,8.588985047895101e-11,6.3197944327005435e-09,6.762737333937621e-09,4.429429012370778e-10,1.2575695415095282e-06,1.896261329594385e-07,4.198166391578298e-14,390.62499999999994,361.066648557335,1.3762830108665527e-12,7.890284300352428e-12,1.6062008887049575e-07,0.0,7.06,7.890284300352428e-12,0.017773196233942704,0.015839399000921933,7060000.0,2832.7281233807844,0.7067067067066359,7.06,2.9300000000000006,7.3287387
400,type4_overdamped_no_overshoot,1000,9.99,29.645598394977444,0.6662844748588305,29.33839905317079,32.66779036228738,3.3293913091165876,5455.362287067089,860.1718570824069,879305.4391977272,390.62499999999994,391.3483612614996,0.005921957070055324,0.03401018767025121,678.6596958691052,3.36,3.36,0.03630668894422229,0.010904902900658112,0.008888031004025953,0.999999702381041,1638.5464430472614,0.33633633633630267,0.0,6.630000000000001,3.918075
401,type1_Damped_Osc,1000,9.99,1.7878743521217294e-06,4.235068298678352e-08,1.5769826239968687e-06,1.9271144089397084e-06,3.501317849428397e-07,0.002360855806786152,0.0001329367327390586,3.19828827932414e-09,781.2499999999999,817.2718681834398,6.482364139374099e-10,3.0802578902287466e-09,4.830479900464854e-05,0.0,2.55,4.22980039423941e-09,0.01208056079332856,0.015306036696102532,2550000.0,6742.7442053778805,0.2552552552552297,2.55,7.44,3.0992844
402,type4_overdamped_decay_overshoot,1000,9.99,1.8841722362360447e-09,4.265537206625487e-11,1.8239888460346478e-09,2.260456052403282e-09,4.3646720636863433e-10,1.5545890485433532e-06,7.731132292501329e-08,3.5519244965688482e-15,390.62499999999994,248.82285148010166,3.1663320961813705e-13,1.630809483332043e-12,3.5928320657238975e-08,0.0,3.29,1.729137195851983e-12,0.0039526098657893804,0.007253018234218443,3290000.0,3553.612764366547,0.32932932932929637,3.29,6.7,3.5591006
403,type4_overdamped_decay_overshoot,1000,9.99,1.5472484447093551e-06,2.8741294497953643e-08,1.504382598140243e-06,1.844883327552725e-06,3.4050072941248213e-07,0.0016595569713728274,7.335088919077047e-05,2.394803811664936e-09,390.62499999999994,274.60754831142776,3.6557743826680243e-10,1.9429218609212014e-09,4.272115827742169e-05,0.0,2.19,2.05128475529255e-09,0.006024300548581454,0.012719145936411942,2190000.0,4873.857687114559,0.21921921921919726,2.19,7.800000000000001,2.4284964
404,type4_overdamped_decay_overshoot,1000,9.99,2.3825870507481936e-06,2.691754205904582e-08,2.33380854514348e-06,2.5804372525579117e-06,2.4662870741443157e-07,0.0007801739889957412,6.66616965635981e-05,5.677445608463477e-09,390.62499999999994,284.709195724346,4.054402705247369e-10,2.4858384336356135e-09,4.87268479468699e-05,0.0,3.35,2.594101741828781e-09,0.010518204676250559,0.015061747015696604,3350000.0000000005,3163.3415016170484,0.33533533533530174,3.35,6.640000000000001,3.5727859
405,type1_Damped_Osc,1000,9.99,7.865574873034504,0.09181750611883033,7.375065430534837,8.096006253744763,0.7209408232099257,4884.096022996687,341.2295126473998,61875.69853774163,781.2499999999999,838.2594419712977,0.0024280047235054896,0.012547476814905423,186.59793801893034,2.24,2.26,0.01511442738609503,0.020964865491703476,0.026443810402960836,1.0089281210142313,6774.614317502376,0.22622622622620356,0.019999999999999574,7.73,3.000349
406,type0_Step_Response,1000,9.99,3.7136599789901963e-06,8.158614447229729e-07,-2.0666877365886435e-07,4.062385415985062e-06,4.269054189643926e-06,0.00991555053778401,0.0006818985457407021,1.4456900336538923e-08,390.62499999999994,427.65178954162855,1.8432310692671424e-09,9.978881256965078e-09,7.46638525778871e-05,0.0,2.89,1.0979006904411651e-08,0.002571765043245409,0.0022592424509661232,2890000.0000000005,2322.6569105589488,0.28928928928926034,2.89,7.1,3.088026
407,type2_Triangle_Wave,1000,9.99,1.7176689473137916e-09,1.910638924780029e-11,1.7092590673040415e-09,1.791235758125559e-09,8.197669082151742e-11,1.166690650236574e-06,2.2031552485509857e-07,2.9507516666761576e-15,1562.4999999999998,3271.064690546083,1.844104664058771e-11,8.013494819616717e-11,2.0590140333000212e-07,0.0,0.0,8.197669082151742e-11,0.9879484227425869,0.9171734622916059,0.0,14060.46250682763,0.0,0.0,9.99,0.1
408,type4_overdamped_no_overshoot,1000,9.99,42.222553745558606,1.7528579251546206,41.35028027652517,49.4202884426557,8.070008166130535,8060.400269189926,1422.7355789414328,1785816.5557023624,390.62499999999994,386.95278798476426,0.008042618096280072,0.038037547239632374,909.1565017126279,4.44,4.26,0.041926162220114804,0.005195306046414159,0.004588288634725509,0.9594592433650351,998.809431571342,0.42642642642638373,-0.1800000000000006,5.73,4.7868805
409,type0_Step_Response,1000,9.99,30.905209521786755,6.38937955171036,-0.0070822907059817,33.914377247046296,33.92145953775228,101126.27737420857,4586.10434558063,995956.146641353,390.62499999999994,482.16582070252457,0.00751305965982287,0.04223327608868743,891.5612187568632,3.82,3.81,0.0469175022409587,0.001383121566120742,0.0011758668582789917,0.9973819378581315,2981.1888625151555,0.3813813813813432,-0.009999999999999787,6.18,3.9639044
410,type0_Step_Response,1000,9.99,22.76721783959755,4.139642914465649,1.5463954030159917,24.76267585860262,23.216280455586627,31348.269778989386,3403.6119295356866,535482.8516149746,390.62499999999994,375.36855816597955,0.01154070824240063,0.05936610462269343,689.1299007388171,4.29,4.29,0.0598989162604191,0.0025800393122836695,0.002787851145824623,0.9999997668998212,1350.2709807007254,0.42942942942938644,0.0,5.7,4.51766
411,type4_overdamped_no_overshoot,1000,9.99,29.045087024964594,0.871268903779568,28.653660513686503,33.153998600515564,4.500338086829061,5927.806212310571,921.7448892842622,844376.18979046,390.62499999999994,370.9086933137134,0.007980237212775132,0.05035963658899334,609.9658545617912,3.09,2.98,0.06366686466673599,0.014147129268588248,0.00915932747989475,0.9644009823945041,1317.1913082836822,0.2982982982982684,-0.10999999999999988,7.01,3.6640103
412,type5_Square_Pulse_Wave,1000,9.99,9.597205571532932e-06,4.83724516953167e-07,9.3767254817602e-06,1.0821264126569735e-05,1.4445386448095351e-06,0.14385335882319542,0.0009479509972459048,9.234034419056433e-08,390.62499999999994,1437.909005363263,3.8166792591936373e-07,9.085447493794067e-07,0.0009297412576782549,0.0,0.0,1.4445386448095351e-06,0.9999993077379332,0.7890175575672923,0.0,99584.22348606618,0.0,0.0,9.99,0.1
413,type3_Sine_Wave,1000,9.99,1.0752165706874088e-06,1.1047640128229775e-08,1.0612751692620827e-06,1.092828313076325e-06,3.155314381424219e-08,6.449207286096327e-05,1.8631698954910255e-05,1.1562127242331942e-09,390.62499999999994,371.91874234578046,1.0382606783023954e-08,3.0740446833174376e-08,1.789112996522267e-05,0.0,0.0,3.155314381424219e-08,0.999968308441329,0.9397180705067879,0.0,2043.8543108830702,0.0,0.0,9.99,0.1
414,type4_overdamped_no_overshoot,1000,9.99,0.19964712590403544,0.007484220905796477,0.1977180861540281,0.258958238404354,0.06124015225032589,184.33105132197866,10.709978559834113,39.91498844430854,390.62499999999994,248.05161999448362,5.056268732810971e-05,0.00030769070207328775,5.417180207105431,1.33,1.3,0.00030769070207328775,0.005024329476036305,0.006755905251566447,0.9774428741031023,3009.970493957872,0.1301301301301171,-0.030000000000000027,8.69,1.5882565
415,type5_Square_Pulse_Wave,1000,9.99,36.33721931499299,1.60527240958635,35.80126601068412,42.41204224606005,6.61077623537593,658426.303686604,3006.8617075871057,1322970.4070548792,390.62499999999994,1603.0632374873303,0.00812854962021543,0.05377847045174633,917.9563141496151,0.0,0.0,6.61077623537593,0.9999999999998487,0.005063657465031089,0.0,99598.9397074279,0.0,0.0,9.99,0.1
416,type0_Step_Response,1000,9.99,46.03618223789662,13.392819674385503,-28.25467889129371,57.037434017347,85.29211290864072,293028.21584822616,19894.041368265905,2298697.6938714357,1171.8749999999998,755.6346803791542,0.019085197973128316,0.11080374185872444,1284.9933969072326,3.92,3.91,0.11080374185872444,0.001299108886860486,0.0014250321020620005,0.9974487251406313,3435.583969670153,0.3913913913913522,-0.009999999999999787,6.08,4.123035
417,type0_Step_Response,1000,9.99,0.24870458050030417,0.03563939541432398,-1.3601169899320892e-05,0.259000171401452,0.25901377257135133,825.8480149530199,30.4180766681263,63.12413486733082,390.62499999999994,286.2459754907846,0.00015030175839961314,0.0006982496019599105,5.447925650971263,1.5,1.49,0.0007487839113881622,0.002890903846354354,0.00421729259568156,0.9933326711115527,3188.4328263754105,0.1491491491491342,-0.010000000000000009,8.5,1.6228821
418,type4_overdamped_no_overshoot,1000,9.99,20.71855954257882,0.5232372318697699,20.51742390484989,23.61651568560578,3.0990917807558915,4781.925822694788,538.9389396995163,429532.48672019865,390.62499999999994,331.4629062665048,0.004990430686838591,0.027615411840120174,297.506245232892,2.6,2.48,0.033229946873333915,0.010722479108127014,0.00953760623837093,0.9538457869823895,1543.008778374062,0.2482482482482234,-0.1200000000000001,7.51,3.1534805
419,type1_Damped_Osc,1000,9.99,2.8863311259669588e-06,4.3074549732840557e-08,2.707741270145336e-06,3.048400329780361e-06,3.4065905963502506e-07,0.0016839298604960703,0.00011626554071369074,8.332762785560378e-09,781.2499999999999,630.2570605733148,5.007944702966142e-10,2.9125597191359843e-09,4.625299171303896e-05,0.0,3.02,3.558610697672081e-09,0.0104462222588838,0.01162595656706875,3020000.0,4943.138512628078,0.302302302302272,3.02,6.970000000000001,3.472009
420,type4_overdamped_decay_overshoot,1000,9.99,5.513067278416465e-06,9.188568040163073e-08,5.387247283198026e-06,6.38490799440572e-06,9.976607112076943e-07,0.004087204469914493,0.0002262858890554035,3.04023537946092e-08,390.62499999999994,266.2265311105777,1.17057707092152e-09,5.7060902010598605e-09,0.00012811766794928737,0.0,2.47,7.3943432544313796e-09,0.007411673888416889,0.012739355321195666,2470000.0000000005,4096.783933871563,0.24724724724722252,2.47,7.52,2.7136636
421,type4_overdamped_no_overshoot,1000,9.99,22.487507469766534,0.6804244893067601,22.27793222734543,27.145974171600542,4.868041944255111,11005.433765848948,918.8120399617918,506150.96968845394,390.62499999999994,281.49596279323276,0.007186417541496598,0.043300512270754155,518.4287884130508,1.51,1.5,0.045552337706975976,0.00935742506506625,0.010561667979951466,0.9933768255782612,2260.7516311223353,0.1501501501501351,-0.010000000000000009,8.49,1.8078618
422,type3_Sine_Wave,1000,9.99,17.76152787899469,0.2770184973726157,17.374181583579347,18.16991717452585,0.7957355909465029,1658.2882652830476,687.3473011017992,315548.6118441922,390.62499999999994,399.1918891481403,0.2819542486106041,0.7922700236610432,675.2381614430781,0.0,0.0,0.7957355909465029,0.9999999999987433,1.0178174067211532,0.0,2083.968951682155,0.0,0.0,9.99,0.1
423,type5_Square_Pulse_Wave,1000,9.99,5.292380788914413e-09,1.754393156748162e-10,5.2282309807480485e-09,5.953624552428972e-09,7.253935716809237e-10,7.235603007421746e-05,5.432253496271775e-07,2.8040073368354793e-14,781.2499999999999,2310.5843855392636,2.372531403374895e-10,7.253127696560575e-10,6.970682770305421e-07,0.0,0.0,7.253935716809237e-10,0.9986233358347515,1.344672752952382,0.0,99609.9537428184,0.0,0.0,9.99,0.1
424,type4_overdamped_no_overshoot,1000,9.99,45.521741478441776,1.9871289983741307,44.79913285413566,56.4183307305433,11.619197876407647,16406.141327588128,1634.0285450727702,2076177.6288862654,390.62499999999994,329.8905330271278,0.00971792570259446,0.053437679322257736,647.0105099154405,3.07,2.43,0.0588261067829805,0.005062837160422208,0.004890435251330326,0.7915306867978219,1411.98570693927,0.24324324324321892,-0.6399999999999997,7.5600000000000005,2.8007698
425,type0_Step_Response,1000,9.99,1.6012546249351504e-06,2.4839920754023805e-07,-6.442974623006352e-10,1.6710382705295151e-06,1.6716825679918156e-06,0.0035431634870088835,0.00020661559363300603,2.625718540182827e-09,390.62499999999994,281.6989113570156,6.878096295516516e-10,3.412132558792089e-09,4.768681957952644e-05,0.0,2.36,4.920276904503513e-09,0.0029433063761069417,0.002768957547832299,2360000.0,2119.5180444737316,0.23623623623621257,2.36,7.630000000000001,2.830619
426,type4_overdamped_decay_overshoot,1000,9.99,1.2412991496542329e-06,1.4600942586888543e-08,1.1994153202273773e-06,1.3859796079513438e-06,1.8656428772396646e-07,0.0011548562708761164,4.447982362330175e-05,1.5410367664567466e-09,390.62499999999994,431.7909501857893,2.7356422312711165e-10,1.5032389460712159e-09,2.4246941426521888e-05,0.0,1.82,2.2077679612554105e-09,0.01183375529386755,0.018734782820797553,1820000.0000000002,6190.091870599151,0.18218218218216395,1.82,8.17,2.0651438
427,type4_overdamped_decay_overshoot,1000,9.99,38.25717126662898,0.3832958882703482,37.67531974724047,41.09913805112544,3.423818303884971,9270.176050890199,1167.577465434135,1463758.069062147,390.62499999999994,306.2355645693316,0.009519667366524072,0.055675528637408433,893.2299174628762,3.23,3.05,0.059586173689496036,0.01740342751888055,0.024836340951783904,0.9442721534761134,2707.554907446087,0.3053053053052747,-0.18000000000000016,6.94,3.4069881
428,type5_Square_Pulse_Wave,1000,9.99,1.1208429853370407e-09,4.927037259398906e-11,1.0967286028906635e-09,1.2996497211025368e-09,2.0292111821187331e-10,2.024337609072648e-05,9.456205220908873e-08,1.2587165673948002e-15,390.62499999999994,1273.427373197586,6.838593843839685e-11,2.0278232098448203e-10,1.7989452859571893e-07,0.0,0.0,2.0292111821187331e-10,0.9950961430146681,1.3603626730742373,0.0,99270.6212492111,0.0,0.0,9.99,0.1
429,type1_Damped_Osc,1000,9.99,12.481903529254515,0.1220193809918755,11.78790341296846,13.045590277050485,1.2576868640820251,11028.012921504525,537.3421913404196,155812.8044429539,1171.8749999999998,1251.8288205139468,0.0032263603231275396,0.01713130923942252,241.06875834143412,1.76,1.75,0.021058261173694248,0.0167436440461257,0.026441375926304043,0.9943176168649904,8768.488593180155,0.17517517517515763,-0.010000000000000009,8.24,2.2408895
430,type1_Damped_Osc,1000,9.99,4.289097915067232,0.0940414451396186,3.9027595798791,4.6150727587193705,0.7123131788402706,2874.0760620611813,304.0968614435756,18405.20471843802,781.2499999999999,885.5477586946212,0.0012669266033389181,0.007184114722666557,95.3793735130743,3.57,3.57,0.008121878992951359,0.011402118105077502,0.013472002705238142,0.9999997198880336,4034.848922403036,0.35735735735732155,0.0,6.42,4.0192795
431,type4_overdamped_no_overshoot,1000,9.99,21.955329878392014,0.7108108786519263,21.61993011312943,25.00254479384957,3.3826146807201383,3196.674661930032,521.0647814824998,482541.762174223,390.62499999999994,379.042291340202,0.00453721889292367,0.023771544800048616,242.34558168918818,3.55,3.42,0.03133680035340092,0.009264076257931997,0.006383159050016589,0.96338001031549,945.0306829652067,0.34234234234230804,-0.1299999999999999,6.57,3.9557304
432,type4_overdamped_decay_overshoot,1000,9.99,2.1815504899418243e-06,4.367378404549991e-08,2.114412261247637e-06,2.4663887922342277e-06,3.519765309865909e-07,0.0008248671416425783,7.769612954588603e-05,4.761069939578264e-09,390.62499999999994,286.4097757437866,6.757375497936198e-10,3.4605892857424603e-09,4.206253575589318e-05,0.0,5.26,3.4605892857424603e-09,0.00983184715240899,0.015472029560344106,5260000.0,2343.5221541854694,0.5265265265264738,5.26,4.73,5.767413
433,type1_Damped_Osc,1000,9.99,36.54933705369284,0.28129223750367766,34.5221804876924,37.75181475079665,3.229634263104245,26455.79685313848,1757.0463410062112,1335933.1643873248,1953.1249999999998,2047.147218744866,0.01052224234665386,0.056247013158703396,814.828873168116,1.34,1.33,0.057134199812630015,0.017690609882772403,0.03740679956189294,0.992536572733901,8191.576722901628,0.1331331331331198,-0.010000000000000009,8.66,1.6993849
434,type1_Damped_Osc,1000,9.99,0.4761384429164062,0.007226062644867985,0.4518648262202382,0.5076523988802691,0.055787572660030926,223.28649197925208,22.236527899449563,226.76003280420738,781.2499999999999,713.0433605147227,9.43436684226344e-05,0.0005381883702623158,10.718435280382549,3.32,3.27,0.0005466968610359779,0.009799617279599977,0.013056026918972546,0.9849394623676319,4002.441427877781,0.3273273273272945,-0.04999999999999982,6.720000000000001,3.826934
435,type3_Sine_Wave,1000,9.99,8.963423156856272e-09,1.3445362855926988e-10,8.777617157185955e-09,9.162020728438117e-09,3.8440357125216163e-10,8.886407508527331e-07,3.329430840447181e-07,8.036103246710003e-14,390.62499999999994,391.318440809622,1.3774103720971213e-10,3.820704414025592e-10,3.2023069699008743e-07,0.0,0.0,3.8440357125216163e-10,0.9974053172451126,1.0168870238086045,0.0,2305.740831527775,0.0,0.0,9.99,0.1
436,type4_overdamped_decay_overshoot,1000,9.99,5.166242778691136,0.06827391127267247,5.019369823490425,5.825727819290068,0.806357995799643,3817.484585399544,216.77069520910922,26694.72577533877,390.62499999999994,339.7894372585604,0.0012977161342099157,0.007541731505749993,145.37406990164166,2.24,2.23,0.008302846098779959,0.010296724459879584,0.01900749656787769,0.9955352698503258,4734.230460019331,0.22322322322320087,-0.010000000000000231,7.76,2.4704282
437,type3_Sine_Wave,1000,9.99,3.661398264572432e-09,5.229961216156077e-11,3.5909256627687524e-09,3.743100961796038e-09,1.5217529902728558e-10,3.4069977986597696e-07,1.1486752969568214e-07,1.3408572501246266e-14,390.62499999999994,379.47864749181014,5.1670247835652326e-11,1.5119707096069752e-10,1.1426675791763363e-07,0.0,0.0,1.5217529902728558e-10,0.9934715322486698,0.9694300903922237,0.0,2224.247525740342,0.0,0.0,9.99,0.1
438,type1_Damped_Osc,1000,9.99,8.038938728054142e-09,8.54040541386193e-11,7.46589101228054e-09,8.43931789767264e-09,9.734268853920998e-10,1.0715441575405857e-05,4.3547195339141754e-07,6.463182972587203e-14,1562.4999999999998,1558.3035284907908,2.1813362784681736e-12,1.1980810865299456e-11,2.0946181332271183e-07,0.0,1.41,1.4021438302606072e-11,0.01438942060487584,0.025245763063022758,1410000.0,10996.660432962159,0.141141141141127,1.41,8.58,1.820341
439,type4_overdamped_no_overshoot,1000,9.99,37.0405535410558,0.59236268501953,36.81368471842242,40.54733855388728,3.7336538354648567,6730.606053500309,846.0772679376225,1372353.5001784246,390.62499999999994,324.85054238074173,0.008848492048000494,0.042191981284574354,569.57373962452,1.91,1.89,0.06829296874088442,0.01829118920778668,0.014937625667109372,0.9895282777338861,1802.6861487710778,0.18918918918917024,-0.020000000000000018,8.1,2.400796
440,type3_Sine_Wave,1000,9.99,45.013086668273374,0.7107496178264773,43.90161691172381,45.91998249014682,2.0183655784230083,3771.747267681746,1011.3732691207792,2026683.1364247305,390.62499999999994,365.4866909246881,0.7308301851723471,2.0070899267302664,978.6085674048336,0.0,0.0,2.0183655784230083,0.9999999999995045,1.0282526600664934,0.0,1868.7136304746255,0.0,0.0,9.99,0.1
441,type4_overdamped_decay_overshoot,1000,9.99,46.28465567354308,0.7985366088981686,43.97246955884116,49.74136547178056,5.768895912939399,23601.769416871575,1486.816178332432,2142907.011534194,390.62499999999994,330.9042370980209,0.009261500709489109,0.05062695710689269,856.3314787644672,4.22,2.78,0.06553639212256002,0.011360300673054819,0.01159809156684332,0.6587676164057781,4091.2108266556993,0.2782782782782504,-1.44,7.210000000000001,2.9684281
442,type5_Square_Pulse_Wave,1000,9.99,47.24270005919579,1.0010403590958246,46.847955128592425,50.96986911723481,4.121913988642383,409555.9015746616,2480.865332012569,2232874.790683676,781.2499999999999,1735.6307687973324,0.9700303607272622,4.121912015142236,2476.678105838333,0.0,0.0,4.121913988642383,0.9999999999997574,0.9690222296356354,0.0,99360.61322556996,0.0,0.0,9.99,0.1
443,type2_Triangle_Wave,1000,9.99,0.03593591885911847,0.0005488926429641745,0.0357206726179504,0.0383160910992302,0.002595418481279796,37.972126182449905,5.792232140657426,1.2916915473826462,1171.8749999999998,3307.8873311270127,0.0005542153866942554,0.002543908383535201,5.648492902238244,0.0,0.0,0.002595418481279796,0.9999999996147056,1.0096972382279337,0.0,14630.444547460986,0.0,0.0,9.99,0.1
444,type3_Sine_Wave,1000,9.99,2.421645007676478e-06,3.533734132637384e-08,2.3721769763640364e-06,2.4719779671400006e-06,9.980099077596421e-08,0.00022624972052316097,7.94025520853481e-05,5.865613270896428e-09,390.62499999999994,469.95083423521896,3.519151244105523e-08,9.95878067211396e-08,7.943689001573258e-05,0.0,0.0,9.980099077596421e-08,0.9999899801597921,0.9958450544137727,0.0,2266.9860467117032,0.0,0.0,9.99,0.1
445,type0_Step_Response,1000,9.99,0.09191605051119707,0.0244713634151734,0.0040487165552248,0.1021613974470601,0.0981126808918353,85.64900704049055,11.367294028477597,9.047407968974419,390.62499999999994,402.0587822305236,3.833808621095237e-05,0.000197917017506391,2.243940366708104,4.23,3.54,0.00026360849492919336,0.0026867933128554783,0.0015666510099561638,0.8368792347803227,872.965719222795,0.3543543543543189,-0.6900000000000004,6.45,3.6702402
446,type4_overdamped_decay_overshoot,1000,9.99,25.563440445024483,0.2203985573276163,24.892122523318985,27.58427143883542,2.6921489155164338,19111.619656833765,741.7456910195993,653538.0629103857,390.62499999999994,505.7905299676951,0.003962002345308295,0.02225494315636567,450.2568030112953,1.61,1.6,0.02331076772114571,0.008658795799438663,0.017976534843651054,0.9937882026160233,7099.020246122043,0.16016016016014414,-0.010000000000000009,8.39,1.7891535
447,type4_overdamped_decay_overshoot,1000,9.99,35.80094160713252,0.6966027713720406,35.07029614083409,41.67488100942463,6.604584868590543,21217.899788938863,1581.3575290319857,1282192.6753783957,390.62499999999994,264.84861724725243,0.008984689931278869,0.05665339053523866,1027.435149460282,2.5,2.45,0.06153863645059232,0.009317563128493148,0.01289786704920736,0.9799996080001568,3212.601580735486,0.2452452452452207,-0.04999999999999982,7.54,2.695061
448,type0_Step_Response,1000,9.99,3.3051185352840283e-06,7.401958685406263e-07,-5.8271921872008784e-08,3.5843483094072394e-06,3.642620231279248e-06,0.0068786419126404255,0.0005400650085375868,1.1471698456082652e-08,390.62499999999994,420.9651314200375,1.5219928653347688e-09,7.196295060061748e-09,8.467185840788201e-05,0.0,3.38,9.886602117104423e-09,0.0027141449767568502,0.002056200086789793,3380000.0,1888.3769340532624,0.33833833833830446,3.38,6.61,3.5438266
449,type1_Damped_Osc,1000,9.99,1.0048648541749052e-06,1.413868856678523e-08,9.389288053592646e-07,1.0637827215300264e-06,1.2485391617076182e-07,0.0007786491725115017,5.091848139787448e-05,1.0099532776703417e-09,1171.8749999999998,1181.7648260394017,1.2315311036567763e-10,6.408043343222525e-10,1.4216528812173437e-05,0.0,2.66,8.33401997630737e-10,0.006674963415064155,0.008709747020522778,2660000.0000000005,6236.431823369752,0.2662662662662396,2.66,7.33,2.9923346
450,type1_Damped_Osc,1000,9.99,41.794575580398686,1.3619042009081643,37.46786437143003,45.9976990471106,8.529834675680569,26204.983675624757,2402.014017919579,1748641.330998109,390.62499999999994,391.96290698455385,0.009257456387794008,0.047147185250196344,505.30821955634167,5.23,5.29,0.048020812679574476,0.005629747176282455,0.006797435812015281,1.0114720819365044,3072.156105244897,0.5295295295294765,0.05999999999999961,4.7,5.631266
451,type5_Square_Pulse_Wave,1000,9.99,2.2647933296927695e-09,1.0696897383130802e-11,2.259006273743021e-09,2.295252636203252e-09,3.6246362460230844e-11,3.369958933070793e-06,7.813211326783907e-08,5.129403249834487e-15,390.62499999999994,1630.113873634276,8.469762980800937e-12,3.034583957020862e-11,8.335226635867755e-08,0.0,0.0,3.6246362460230844e-11,0.9731517406278872,0.7241033842885534,0.0,90477.53150845287,0.0,0.0,9.99,0.1
452,type5_Square_Pulse_Wave,1000,9.99,3.1817985941008575e-09,5.6182450867857464e-11,3.1578555901302893e-09,3.349378314459628e-09,1.9152272432933873e-10,1.8896971466354975e-05,2.0540472260735794e-07,1.0126998761207712e-14,781.2499999999999,1885.7252319933204,5.4519530279868854e-11,1.7605743075299806e-10,2.1701269322400888e-07,0.0,0.0,1.9152272432933873e-10,0.994805807971586,0.9534311568046928,0.0,98154.4985517081,0.0,0.0,9.99,0.1
453,type4_overdamped_decay_overshoot,1000,9.99,27.27167173403318,0.5948984188402591,25.567206013215028,31.147430091943423,5.580224078728396,25128.415480792653,1132.4678746148104,744097.983297603,390.62499999999994,329.65899538552054,0.008268320132944752,0.041015569002400554,502.0984633024449,2.8,2.8,0.047649509572575965,0.00853899572854172,0.013898709209968578,0.9999996428572704,4503.119431453788,0.2802802802802522,0.0,7.19,3.010175
454,type4_overdamped_no_overshoot,1000,9.99,42.11516468920889,1.560669865483809,41.55032118029524,50.88213356000153,9.331812379706285,15362.058484952711,1416.5773378484798,1776122.7872282169,390.62499999999994,325.23880861528863,0.005503221163039176,0.02980431781053028,632.5295959941656,2.97,2.74,0.036916179265823246,0.00395594958018018,0.00352619172366069,0.9225586119331273,1646.2031018067446,0.27427427427424683,-0.22999999999999998,7.25,3.169208
455,type0_Step_Response,1000,9.99,2.644715766197156e-09,5.958253553742351e-10,-7.33132935996922e-13,2.9156907725741404e-09,2.9164239055101372e-09,2.841812942332478e-06,3.3220050256331565e-07,7.349529338078645e-15,390.62499999999994,369.2460300680584,9.790267618220284e-13,4.983718581715857e-12,5.755000940758196e-08,0.0,3.4,7.478015945162218e-12,0.002563225704375183,0.0016403906988973964,3400000.0,974.082969898597,0.34034034034030625,3.4,6.59,3.5593145
456,type4_overdamped_no_overshoot,1000,9.99,1.9117687081407896e-06,3.868667098250139e-08,1.8920167014633685e-06,2.0792226143329657e-06,1.872059128695972e-07,0.0002716921253100077,5.7764454754695615e-05,3.656356251938012e-09,390.62499999999994,413.81471277547956,6.336607794050215e-10,3.0775428236780014e-09,4.804696029136909e-05,0.0,3.41,4.125845838281972e-09,0.022038960928520382,0.016378881522530243,3410000.0000000005,1451.2932302839713,0.34134134134130717,3.41,6.58,4.407625
457,type0_Step_Response,1000,9.99,3.468844075384335e-09,6.078984490669629e-10,1.4300996758679142e-10,3.6921373415223483e-09,3.549127373935557e-09,4.975123300915574e-06,4.4282253279358344e-07,1.2402419743707021e-14,390.62499999999994,321.0273572210217,1.3894352061127141e-12,8.299382963379705e-12,1.0408465937620258e-07,0.0,3.78,9.700608066627968e-12,0.002732467611682954,0.002281883306225851,3780000.0,1401.3929014046369,0.3783783783783405,3.78,6.210000000000001,4.0627832
458,type0_Step_Response,1000,9.99,0.011070712110999132,0.001483196270309194,-3.220900272730997e-07,0.0114445906868374,0.011444912776864673,40.49820558406999,1.4209706047670587,0.12476053782088199,390.62499999999994,242.94376051977704,4.3792646936192585e-06,2.4533274773400407e-05,0.3436603161120177,1.21,1.44,2.609635727600021e-05,0.002280170918075718,0.0029525860995819188,1.1900816610895364,3538.5333527745693,0.1441441441441297,0.22999999999999998,8.55,1.6371735
459,type4_overdamped_no_overshoot,1000,9.99,1.524153275724634e-09,9.299298587856088e-11,1.4878000089141302e-09,2.006401888441264e-09,5.186018795271339e-10,6.485376322651273e-07,6.709577750137282e-08,2.3316909033247415e-15,390.62499999999994,341.54832733138636,4.183294199982342e-13,2.054490205663521e-12,1.997349431545704e-08,0.0,2.9,2.4160841574552427e-12,0.00464987570802094,0.004450645078332937,2900000.0,1248.1433532444726,0.2902902902902612,2.9,7.09,3.3746288
460,type4_overdamped_no_overshoot,1000,9.99,35.391167258519246,0.8200525682899299,35.048737449392455,39.30623628489322,4.257498835500762,6265.488433168542,907.6154913953256,1253207.2061352432,390.62499999999994,369.09883163878527,0.005210237729905616,0.027902233150349787,623.430607967348,3.08,2.81,0.03341349747959299,0.007848151877569471,0.0063535411403737975,0.9123373661242318,1471.6359710830386,0.2812812812812531,-0.27,7.18,3.1211412
461,type1_Damped_Osc,1000,9.99,33.88063385218861,0.516834115619599,30.54584450635555,36.31262076112964,5.766776254774086,57526.55894244682,2224.899656041164,1148164.4677291373,1562.4999999999998,1728.2230440915891,0.007986768892427623,0.03951894647146048,515.142386058064,1.7,1.57,0.052755793574476684,0.009148229659646167,0.015453254053938272,0.9235288685124304,9975.514290989333,0.15715715715714143,-0.1299999999999999,8.42,1.947193
462,type5_Square_Pulse_Wave,1000,9.99,27.57783068805113,0.295918433035769,27.42989701366469,28.40977193275129,0.9798749190866012,95289.77818106732,954.0539170369947,760624.313177825,390.62499999999994,1399.8800046816507,0.27056138052360756,0.6837700315963104,1047.6456341274416,0.0,0.0,0.9798749190866012,0.9999999999989795,0.9143106691497969,0.0,97246.8794994725,0.0,0.0,9.99,0.1
463,type0_Step_Response,1000,9.99,11.711568595225259,1.7032930499875414,-0.0038056463970526,12.33824865517043,12.342054301567483,48336.310395644454,1661.54639350132,140062.0461748024,390.62499999999994,449.497282720575,0.005802910841529443,0.02809932087727418,355.677141235019,3.38,3.36,0.033751215591449224,0.00273465136084841,0.003406877543220458,0.9940825461294241,3916.391000605277,0.33633633633630267,-0.020000000000000018,6.630000000000001,3.8749313
464,type5_Square_Pulse_Wave,1000,9.99,0.846699343347302,0.07202012540291713,0.8206069609021716,1.0847633447974865,0.26415638389531493,26324.229691105535,229.94726790219653,722.0866764878044,781.2499999999999,2402.432848171601,0.07610352203798847,0.26408078480100994,222.070338134679,0.0,0.0,0.26415638389531493,0.9999999999962145,1.0566979939450263,0.0,99653.95991125531,0.0,0.0,9.99,0.1
465,type5_Square_Pulse_Wave,1000,9.99,1.7751472418761225e-09,5.987878734556308e-11,1.7507311503586541e-09,1.935706745069663e-09,1.8497559471100898e-10,1.8379840290026398e-05,1.7414392972366785e-07,3.1547331995143797e-15,781.2499999999999,2036.5924993611493,5.182158147097181e-11,1.525884352733337e-10,1.5848337492323683e-07,0.0,0.0,1.8497559471100898e-10,0.9946229503846786,0.8512255866205033,0.0,98829.31316115527,0.0,0.0,9.99,0.1
466,type0_Step_Response,1000,9.99,1.6644573734044235,0.2353893755149943,0.0001173555794085,1.8165078359675704,1.8163904803881619,9033.62743564988,373.7349014553123,2825.8265059856913,390.62499999999994,664.5309050003071,0.0007938129463001839,0.004026974323538601,30.02699298252852,5.05,5.06,0.004026974323538601,0.002217020165551529,0.0033723397437122036,1.0019799996079208,4973.3950563947155,0.5065065065064558,0.009999999999999787,4.930000000000001,5.2319713
467,type5_Square_Pulse_Wave,1000,9.99,0.0063905186266905506,0.00024674359592136657,0.0062713184198049,0.0069951925699846,0.0007238741501797005,71.65767562959998,0.6536021750242447,0.04089961072020708,390.62499999999994,1660.6795071065364,0.00027744343507131187,0.0007237474265484999,0.7370721819597322,0.0,0.0,0.0007238741501797005,0.9999999986185444,1.1244199992745054,0.0,98991.8972970912,0.0,0.0,9.99,0.1
468,type0_Step_Response,1000,9.99,6.795294567852978e-06,1.1192888827962192e-06,-2.6098666533811207e-10,7.166734798688112e-06,7.16699578535345e-06,0.018005332576344738,0.0008767086622593905,4.74288358670434e-08,390.62499999999994,307.5920070845829,3.242139747422116e-09,1.9045577041922835e-08,0.0001960258170960707,0.0,1.92,2.488819508257303e-08,0.0034726114477175163,0.0028966041748921876,1920000.0,2512.2562651542726,0.19219219219217293,1.92,8.07,2.0643458
469,type0_Step_Response,1000,9.99,0.0017754263612855456,0.00029996208498418145,-7.559356173121167e-07,0.0018878927999497,0.0018886487355670122,4.0456276834444544,0.22690482129582729,0.00324211601677569,390.62499999999994,343.56151536993474,7.35652640742476e-07,4.266263371500122e-06,0.049796426045623975,1.79,2.61,5.364746431399869e-06,0.002840521017768155,0.0024524854143775717,1.4580997440783552,2142.0752335334587,0.2612612612612351,0.8199999999999998,7.380000000000001,2.7752182
470,type0_Step_Response,1000,9.99,5.98080532901105e-09,1.0678579306818228e-09,-1.853480761655413e-13,6.303173246216013e-09,6.303358594292178e-09,8.862457078110486e-06,7.845282209649515e-07,3.691035294364704e-14,390.62499999999994,314.4093211319325,3.091579427427423e-12,1.5537490331513223e-11,1.6617471629643805e-07,0.0,2.55,2.1946679119753278e-11,0.003481191431531718,0.0028924137985815467,2550000.0,1405.766652635266,0.2552552552552297,2.55,7.44,3.3020236
471,type3_Sine_Wave,1000,9.99,0.016608826765620012,0.0002612535153332807,0.0162382302588621,0.0169756231631635,0.0007373929043013976,1.501899604900228,0.5917415846388676,0.2759213799296497,390.62499999999994,470.12494458838444,0.00026077163276934764,0.0007359646230480008,0.5906885868467557,0.0,0.0,0.0007373929043013976,0.9999999986438709,0.9981554944381368,0.0,2036.7698063033988,0.0,0.0,9.99,0.1
472,type0_Step_Response,1000,9.99,0.0010293487033309794,0.00019397874719939728,-7.594590451993469e-05,0.0011012754258162,0.0011772213303361347,2.1135398287419163,0.14202844161571085,0.0010971865074142163,390.62499999999994,312.38526494720554,4.2759287329050406e-07,2.319144138399976e-06,0.03243411734253074,1.51,2.96,2.9680340357001508e-06,0.002521220060064203,0.0022043284496864935,1.9602636024744355,1795.3631763901774,0.29629629629626664,1.45,7.03,3.14565
473,type1_Damped_Osc,1000,9.99,0.0015445877132707298,2.704205672822033e-05,0.0014507461147275,0.0015958274141485,0.00014508129942099996,0.4644503654899949,0.05697122373511487,0.0023864824768189937,390.62499999999994,378.74752354653026,2.5162605683889563e-07,1.240188407200006e-06,0.02919560758128565,0.0,5.53,1.473222675700027e-06,0.01015446285238,0.00930498926404945,5530000.000000001,3201.3110176311015,0.5535535535534981,5.53,4.46,5.7637877
474,type4_overdamped_decay_overshoot,1000,9.99,48.47966248577025,0.38349211915440184,48.15899297084111,51.25370951916317,3.0947165483220616,8301.936794849495,920.1081995734099,2350424.7409396525,390.62499999999994,306.86181281776135,0.01262315700547172,0.06631633366004053,731.1555343444232,3.56,3.47,0.07993072901347631,0.025828126022329406,0.032916340062666215,0.9747188273261721,2682.616215481213,0.3473473473473126,-0.08999999999999986,6.52,4.458748
475,type4_overdamped_no_overshoot,1000,9.99,1.516850065660633e-09,3.875284422665447e-11,1.502754719967001e-09,1.7399876078742101e-09,2.3723288790720913e-10,3.644467777502445e-07,4.187433297780902e-08,2.3023359046303226e-15,390.62499999999994,321.451335826487,4.805431462051371e-13,2.522135181446416e-12,2.277952621990477e-08,0.0,2.06,2.5287987202329133e-12,0.010614817888694996,0.012088270803097169,2060000.0000000002,1529.7920490818012,0.20620620620618557,2.06,7.93,2.4325242
476,type0_Step_Response,1000,9.99,19.364418601063576,3.3335690550371906,-0.0011886436838152,20.693316531694087,20.694505175377902,49247.649984385745,2471.086233930478,386093.3904019185,390.62499999999994,347.7480766439729,0.010732969944538397,0.045756637139916734,583.0371204216133,3.28,3.27,0.06841597754735673,0.0033059972667891582,0.003219663300004876,0.9969509155637453,2379.7452302931933,0.3273273273272945,-0.009999999999999787,6.720000000000001,3.491667
477,type0_Step_Response,1000,9.99,0.07847803797624889,0.02265032164215636,-8.206332295159827e-06,0.0947115364477619,0.09471974278005706,137.50462776474998,11.323391183214287,6.6718395150947,390.62499999999994,425.3918031998575,4.599893578972518e-05,0.00022823478606590064,2.3068479613858184,6.77,6.77,0.00022823478606590064,0.0024095798760081217,0.0020308292533065837,0.9999998522895344,1451.6997589677728,0.6776776776776098,0.0,3.2200000000000006,6.9977574
478,type4_overdamped_decay_overshoot,1000,9.99,41.140435267866955,0.3142828664440176,40.32688078551178,44.585693279774,4.258812494262216,33518.15646860743,1198.6059133276617,1692634.1877496918,390.62499999999994,551.78779475346,0.01222825685623562,0.059353551534918836,841.9760717882266,1.58,1.52,0.08299836009362593,0.019488615712813823,0.03890844255862386,0.962024707579299,7870.305751605095,0.15215215215213693,-0.06000000000000005,8.47,1.8392869
479,type1_Damped_Osc,1000,9.99,35.428569880344,0.5077675476815914,32.815613330763334,36.92173287359152,4.106119542828189,26382.49908533936,1832.4834205190307,1255441.3916488972,781.2499999999999,919.1159807159249,0.0065018121073931725,0.03726340323340338,719.3456215105795,3.24,2.87,0.041167206693238256,0.010025817871067953,0.012804701948887635,0.885802195740063,6425.165855537014,0.28728728728725855,-0.3700000000000001,7.12,3.509102
480,type0_Step_Response,1000,9.99,1.2146069097648213e-09,2.021629323216959e-10,-1.8361393778147578e-13,1.288231756146333e-09,1.2884153700841146e-09,4.711467682970488e-06,1.4899626850576595e-07,1.5161397964533554e-15,390.62499999999994,379.8815983755905,6.70098606330574e-13,3.562263792560525e-12,2.4790807857710203e-08,0.0,3.33,3.748699249496457e-12,0.002907285996793967,0.0032983310423454334,3330000.0,3653.956507950682,0.33333333333329995,3.33,6.66,3.8565598
481,type5_Square_Pulse_Wave,1000,9.99,15.345347921769728,1.1979779776195507,14.861904121963311,18.35363024547381,3.4917261235104977,348631.7505457075,1876.4729343378974,236914.85407502396,390.62499999999994,1368.413155176571,0.10081899997389715,1.6007252291411795,1451.908343632887,0.0,0.0,3.4917261235104977,0.9999999999997136,0.08415764050533381,0.0,99845.10188190293,0.0,0.0,9.99,0.1
482,type5_Square_Pulse_Wave,1000,9.99,2.8904507000077237,0.020785352937790755,2.879731846769136,2.9552282860127863,0.07549643924365013,7286.865395198338,73.21823306185757,8355.13728007189,390.62499999999994,1367.4626017607509,0.015330546146811857,0.0385101693429859,74.80470361765568,0.0,0.0,0.07549643924365013,0.9999999999867543,0.7375648704141636,0.0,96519.32552189477,0.0,0.0,9.99,0.1
483,type0_Step_Response,1000,9.99,1.508366018254228e-06,2.7309831529500506e-07,9.72555531151727e-08,1.6740078197860094e-06,1.5767522666708367e-06,0.005065631447449976,0.0003663357154653265,2.3497507348410843e-09,390.62499999999994,605.1474808575026,5.760834748041655e-10,3.149829851515062e-09,4.671494499437739e-05,0.0,5.41,3.604532812741435e-09,0.0022860474678781293,0.0021094284845858124,5410000.0,3212.6976074992194,0.5415415415414874,5.41,4.58,5.541652
484,type0_Step_Response,1000,9.99,18.81710540356764,5.435602571651791,-1.638208755262017,22.36304845182524,24.001257207087257,110956.68785599459,8174.317469230399,383629.2310859221,390.62499999999994,761.4923312409738,0.00897213364505207,0.0464563169643597,608.1052339030106,6.16,6.19,0.0464563169643597,0.0019355784808905688,0.0016506235558579356,1.0048699667418886,4622.953160271368,0.6196196196195576,0.03000000000000025,3.8,6.361599
485,type5_Square_Pulse_Wave,1000,9.99,43.41570809819204,0.43324533533318077,43.25243913286855,44.71287819941158,1.4604390665430245,144063.00897250473,1150.860449260757,1885111.4111880064,390.62499999999994,1643.868876250013,0.005290215594628512,0.027253888123574654,573.265815912784,1.16,0.0,1.4604390665430245,0.9999999999993152,0.012210669482564518,0.0,98643.62866806534,0.0,-1.16,9.99,0.1
486,type1_Damped_Osc,1000,9.99,1.284726102130967e-09,1.2940886699376051e-11,1.2028224205155707e-09,1.3256695844786698e-09,1.2284716396309905e-10,9.466748331676758e-07,4.8838488719500994e-08,1.6506886240451938e-15,1171.8749999999998,1248.4715797105998,2.316390400361042e-13,1.1018924798178578e-12,1.6463872126976042e-08,0.0,1.99,1.1147792323391715e-12,0.009001249577837133,0.016615803932074968,1990000.0,7643.895934910088,0.19919919919917925,1.99,8.0,2.270356
487,type4_overdamped_no_overshoot,1000,9.99,28.30473687245584,0.7124078823582036,28.013532590052225,31.91828692232025,3.9047543322680234,5480.193030795277,927.0166693034797,801665.6544098074,390.62499999999994,361.47072193829865,0.005942319342582873,0.0371065900637042,682.922054156675,3.19,2.85,0.0371065900637042,0.009502925640431223,0.008341175736158815,0.8934166478317719,1403.466790601082,0.2852852852852567,-0.33999999999999986,7.140000000000001,3.5971005
488,type1_Damped_Osc,1000,9.99,2.089455538654569e-06,5.5678170362623075e-08,1.867991519710944e-06,2.2080522168592387e-06,3.400606971482947e-07,0.0013759259734210166,0.0001232035014716649,4.368924506669185e-09,390.62499999999994,489.66911258278225,4.896831882912141e-10,2.6869285497404827e-09,4.515348908535621e-05,0.0,4.15,3.0519829630384577e-09,0.008974791894035463,0.008794728533166757,4150000.0000000005,4046.1068828372063,0.41541541541537386,4.15,5.84,4.697533
489,type5_Square_Pulse_Wave,1000,9.99,49.92133006231372,0.654630227855057,49.63602553332041,51.53745952556034,1.9014339922399301,189146.67732805127,1766.2320124706732,2492567.735925689,390.62499999999994,1656.1982642842763,0.5803240023965889,1.898319761761968,1469.1109764853559,0.0,0.0,1.9014339922399301,0.9999999999994741,0.8864913010466622,0.0,99475.80515542006,0.0,0.0,9.99,0.1
490,type5_Square_Pulse_Wave,1000,9.99,16.331301516581874,0.3284868772106342,16.160460613410613,16.995528839717263,0.8350682263066496,82503.16488875987,724.3683777267432,266819.312854009,390.62499999999994,1254.7718386417741,0.07334224331438058,0.830401400337653,883.4152463831124,0.0,0.0,0.8350682263066496,0.9999999999988025,0.2232729780164959,0.0,98798.11288420962,0.0,0.0,9.99,0.1
491,type0_Step_Response,1000,9.99,0.011378226909516521,0.0020160334362628817,-1.4587509395612075e-06,0.012254540082767,0.012255998833706561,27.856843921495305,1.499358499526217,0.13352843842057577,390.62499999999994,422.35505702250265,7.118113399543187e-06,3.7057222535198664e-05,0.3867201244543902,2.99,4.29,4.064054071859988e-05,0.003315971326915756,0.0035307516571785,1.4347821288354083,2272.915026934422,0.42942942942938644,1.2999999999999998,5.7,5.845835
492,type4_overdamped_decay_overshoot,1000,9.99,23.872903022326653,0.4802348345625475,23.05804521651017,26.75170645327785,3.6936612367676815,8690.35934152329,954.9529849257543,570146.1242097404,390.62499999999994,300.45266317019923,0.005440247309699644,0.03133412970867866,592.6567172800118,5.81,5.6,0.03488027378752179,0.009443279053396902,0.011328306316312752,0.9638552557908338,2352.7764958558732,0.5605605605605044,-0.20999999999999996,4.390000000000001,5.9152775
493,type0_Step_Response,1000,9.99,44.618032662558235,9.213010516798537,-0.0095041342942891,47.67161778290901,47.6811219172033,55185.59901396642,5670.369691915506,2075648.4014597544,390.62499999999994,333.0742839865112,0.022632321616002156,0.10309499946177425,997.9083263396163,2.2,2.22,0.12351384825426948,0.0025904140525205054,0.0024565609227008988,1.0090904504134315,1157.3888531774323,0.22222222222219998,0.020000000000000018,7.77,2.6159217
494,type4_overdamped_no_overshoot,1000,9.99,45.74885915806686,1.7280365531889073,45.19102786879645,56.81837297794252,11.62734510914607,23143.936085184432,2270.7392095685204,2095944.2245937944,390.62499999999994,298.9176524716959,0.012912643350427699,0.07635670323305987,1283.2999228240767,2.02,2.0,0.07926632224466346,0.0068172331259270654,0.007472436463563991,0.990098519753208,1990.4746842834672,0.20020020020018015,-0.020000000000000018,7.99,2.4554472
495,type3_Sine_Wave,1000,9.99,8.591145281064102e-06,9.415980580038902e-08,8.456116674561744e-06,8.726533618420138e-06,2.704169438583935e-07,0.0006973823668723736,0.0002296411636740011,7.381664330937837e-08,390.62499999999994,455.4432427518442,9.417609036139793e-08,2.6938201204196274e-07,0.0002261899536521773,0.0,0.0,2.704169438583935e-07,0.9999963020205475,1.0001623240251503,0.0,2578.9056632926827,0.0,0.0,9.99,0.1
496,type4_overdamped_no_overshoot,1000,9.99,4.60135420645131e-09,1.5087480500754585e-10,4.553622307642817e-09,5.528796907031767e-09,9.7517459938895e-10,1.7549961981958695e-06,1.7711047860804442e-07,2.1195223740013227e-14,390.62499999999994,304.38034671803285,8.355778915449024e-13,4.805408399176936e-12,9.515371964872582e-08,0.0,1.68,5.513489438551935e-12,0.005648056650934351,0.005501754497748241,1680000.0,1797.8302235014448,0.16816816816815133,1.68,8.31,1.8794099
497,type0_Step_Response,1000,9.99,44.04942635490259,10.650603505321216,-2.2020818872641823,48.32259373664711,50.52467562391129,70051.92653864327,6461.791841106284,2053787.317223548,390.62499999999994,351.86076933288916,0.019888438898920488,0.0988863349438347,1372.354040943917,3.03,3.02,0.1423052531252793,0.0028165495645048563,0.0018673532339253856,0.9966993410233198,1386.4893870884966,0.302302302302272,-0.009999999999999787,6.970000000000001,3.5282564
498,type3_Sine_Wave,1000,9.99,1.6227413721431938e-06,2.8993962650369207e-08,1.5784024222555336e-06,1.6613059807685695e-06,8.290355851303586e-08,0.00016300898653916456,7.448553472676218e-05,2.634130210735346e-09,390.62499999999994,406.12777165037846,2.8343654610219222e-08,8.259593135330953e-08,7.71516079337311e-05,0.0,0.0,8.290355851303586e-08,0.9999879379370937,0.9775372002370317,0.0,1966.2246499211876,0.0,0.0,9.99,0.1
499,type4_overdamped_no_overshoot,1000,9.99,2.4114095870179957e-06,7.126461025397522e-08,2.385842361226521e-06,2.8295411184555865e-06,4.4369875722906537e-07,0.0007297301230030188,7.7600826958836e-05,5.819974841036951e-09,390.62499999999994,317.79370868066513,5.479657985360434e-10,3.1807623085018045e-09,4.147604145442056e-05,0.0,2.26,3.670553258509241e-09,0.008272605965421509,0.0076890634428472835,2260000.0,1644.648461293358,0.22622622622620356,2.26,7.73,2.833133
500,type5_Square_Pulse_Wave,1000,9.99,6.513447241831715,0.20503557006100573,6.425795273828458,7.006873607564168,0.5810783337357108,57928.03643028401,416.19184221009874,42467.03455711542,390.62499999999994,1586.6602941040237,0.24271478072012362,0.5781788273695749,534.2743464391511,0.0,0.0,0.5810783337357108,0.9999999999982792,1.1837691413578784,0.0,99690.58054147217,0.0,0.0,9.99,0.1
