wave_id,max_value,min_value,mean_value,std_value,tail_amp,periodic_score,crossing_rate,ringing_energy,max_slope,min_slope,band_violation_count,overshoot_ratio,undershoot_ratio,band,pred_type,confidence
1,1.8472072810955125,1.0537823328457756,1.3299006752866973,0.1711043052130846,0.0069589280735764,0.5304555660290843,0.104,1.697067820706054,0.005274686070855,-0.0097433834225961,253,2.46646896482654,0.7563718695577777,0.1878889068679323,type1_Damped_Osc,0.9866667
2,2.011019547170579,-0.0020047292609622,1.794787633201039,0.4431029122815886,0.0142353313778047,0.6163875812412329,0.116,3.350189828875304,0.050001815446269,-0.0063018959855667,297,-0.4572405269584441,11.420810354854924,0.1682628433979296,type0_Step_Response,0.99333334
3,2.9233161102091283,1.5077115039233138,2.24701669097565,0.1632459906822879,0.0034013996390021,0.1766457554043965,0.097,4.966979481261802,0.0516572818101508,-0.0654543049042355,110,1.675241617117241,1.970648912143745,0.304700379264208,type1_Damped_Osc,0.9866667
4,3.3583776623005046,2.880661016808876,2.9152369365784,0.0789725420566446,0.0148994299603373,0.7054240071789319,0.256,2.250440452594437,0.0071112532546822,-0.0112643257896305,76,1.2360673401852649,-0.4711129279535813,0.2706679799664533,type4_overdamped_decay,0.5
5,3.025243382338993,-0.0017339729336191,2.631698781438528,0.8028880346523978,0.0192195977289886,0.5066268159373052,0.068,5.132448892598639,0.0285343114197866,-0.0103057135029107,240,-0.4794311786587114,6.514849724946223,0.4302483690710774,type0_Step_Response,0.99666667
6,3.732577111963564,3.324438418407928,3.362649647662063,0.0807599908821352,0.0041159160295873,0.1607650632832067,0.393,2.441491596314832,0.0123801508974104,-0.0139771250626083,79,0.6267975433228388,-0.4930005310220891,0.3599751005935561,type2_Triangle_Wave,0.8566667
7,3.0781293543905286,3.0099416492139,3.044013227417756,0.0240998241687395,0.0681037283337331,0.9954977489338912,0.01,0.6786005635002406,0.0011411744310398,-0.001159451917045,0,-0.3553102143021847,-0.355480491019192,0.2357728690995237,type3_Sine_Wave,1.0
8,1.568297957732954,0.8753101715191351,1.2803516104560777,0.1232697080650787,0.0083716542389589,0.4611387939639932,0.133,3.207026328078306,0.0174760923380243,-0.0155434247759167,346,2.633093770035284,4.120438182980854,0.0893770465399637,type1_Damped_Osc,0.99
9,2.1033840168967823,0.5049632866749373,1.370235564600356,0.2523606651104728,0.0124431540877374,0.8169572399122976,0.068,6.885375419464099,0.0465795357031757,-0.0445362140915572,311,3.621713959775986,4.060269536182863,0.1841077826243107,type1_Damped_Osc,0.99
10,2.60941992089325,0.2194824988082342,2.097180060869172,0.7182527040880661,0.0261266445798868,0.8266735538625469,0.0,7.145409254348476,0.0652083183666971,-0.0302228875700026,437,-0.5191930341686827,6.97236447840246,0.320660465141187,type0_Step_Response,0.99333334
11,2.4080814693474224,-0.0066921407771833,2.0757556354600752,0.5644599659301973,0.0166408046764021,0.4779699240392542,0.106,4.362044915661443,0.0407263077611776,-0.0093767101231621,300,0.5150449233921425,13.546175251583476,0.1603305430815478,type0_Step_Response,0.97333336
12,1.5059971834368324,1.2094937824008978,1.3337994302535583,0.0444995491324559,0.0088790021143485,0.5783717999978282,0.17,1.3666345877183876,0.0052796428678221,-0.0063824730132628,157,1.8009987970269186,1.177655418356386,0.074523541123407,type1_Damped_Osc,0.97333336
13,3.0623573129357875,-0.1642219587475276,2.5967195276603507,0.8965086922519866,0.0274885932727553,0.6858130975381651,0.017,5.468902381361886,0.0533524087544915,-0.0275450126614897,363,-0.4769460857673019,14.05100201910254,0.2213919917998366,type0_Step_Response,1.0
14,2.8340405295221465,2.078174506632912,2.451228029352721,0.1260985868472557,0.0237536463620657,0.820070201455784,0.043,3.9169972056628986,0.0171176330432571,-0.0220247185373696,273,1.9812855800462583,1.7432928266706558,0.1599859199742823,type1_Damped_Osc,0.99666667
15,1.6319922432235574,1.2852934911598497,1.3334257722802871,0.0808249020585604,0.0021827245037566,0.1793607407121653,0.187,0.5781455386821732,0.001418828585417,-0.0028808451773063,207,1.6910789137209872,-0.4921080572103298,0.1576640959279704,type4_overdamped_decay,0.9633333
16,0.6126298402611686,0.5113755186968516,0.5266506362054291,0.0236998199450335,0.0027116433575878,0.6041864783466145,0.141,0.3386146131646494,0.0011150182928636,-0.0016448513884627,239,2.268011863325724,-0.4553300741193581,0.0359992097054417,type4_overdamped_decay,0.87333333
17,2.2960072131126497,1.801390312618064,1.8294791435759337,0.0762643070249656,0.0070372517144121,0.5438875938569284,0.199,1.5692664218393129,0.0045463295222467,-0.0095548369240821,71,1.6401118589717374,-0.4817967797666205,0.2291680696947859,type4_overdamped_decay,0.7133333
18,3.4478164047750464,2.9198893776893744,2.961035568131855,0.1018942622747106,0.1461373531217895,0.54644005455132,0.406,4.045137906744664,0.0259179111343779,-0.0255450208661307,116,1.317626199084568,-0.4922359358317818,0.2892132371435592,type2_Triangle_Wave,0.8333333
19,4.131076288812679,3.282779861678455,3.403723362578936,0.2836658703111564,0.8455184431789831,0.8887526664769847,0.417,8.895461309884938,0.8453266690246228,-0.8424840131744782,150,1.2692877095437405,-0.4937417330111602,0.4777665227181789,type5_Square_Pulse_Wave,0.95
20,2.131853846781562,1.2605430750863336,1.667033391631474,0.1330704692542528,0.009356947032135,0.6527647078243862,0.174,3.4156706841559017,0.0178909747600739,-0.0221608129808876,237,3.2736696470292643,2.837166384138728,0.1225328172209465,type1_Damped_Osc,1.0
21,4.079491856575751,2.999726654220179,3.0605371673911224,0.1647123696282591,0.0170978367506675,0.5898804851933345,0.186,3.001943222929101,0.0094599119665077,-0.0212722895913599,76,1.9344523843420187,-0.4755283935643486,0.439121016511812,type4_overdamped_decay,0.50333333
22,2.9431517152912474,-0.3162860158761234,2.4875229340946765,0.8296059620088845,0.0197871880115347,0.6243917294391549,0.034,6.7898696631224364,0.0589590472403542,-0.0320804562730828,447,-0.4813886881359011,16.38587920595108,0.1928149048758576,type0_Step_Response,1.0
23,1.7831955896344662,1.3987407395519111,1.4307621707453904,0.0711877409719554,0.0090039074681287,0.4539632746383095,0.215,1.4729337441340984,0.0045972332374395,-0.0069735869180651,110,1.685329757164568,-0.4776938878521984,0.1741477638711788,type4_overdamped_decay,0.5933333
24,0.9152058481475996,0.8617850107125908,0.8851075646642461,0.018544857487286,0.0274009834232289,0.9244040098479858,0.006,0.2678540973242064,0.0004610438326565,-0.0004587601471621,0,-0.2818336177452321,-0.281812399222189,0.122425460777839,type3_Sine_Wave,0.98333335
25,2.578614921394974,2.32329699267792,2.351235404521245,0.0554389732004106,0.156800674961814,0.982864126424832,0.363,2.235001054138284,0.0105508227125334,-0.0107280730921108,77,0.4316315351638818,-0.4957268232571292,0.2728033372082139,type2_Triangle_Wave,0.99333334
26,2.488699082663483,-0.0018487775464242,2.3757802991723924,0.4187261192730251,0.0174492454190056,0.7241348864969099,0.131,4.3043569013038105,0.1129539160520061,-0.0073956513798654,60,-0.4701771513787137,7.570217098619452,0.3074735280852914,type0_Step_Response,0.99666667
27,2.3704865669553747,2.1247114880173203,2.153007695165703,0.0523854226416901,0.1626191138178274,0.9862270468902676,0.344,1.975452106288338,0.0086844841156161,-0.0086494798278398,80,0.4515508480832869,-0.4971729230070901,0.2575238513803972,type2_Triangle_Wave,1.0
28,2.443390874459726,-0.0021253777621462,2.143232297251257,0.5745059845230499,0.0144330700849089,0.534476762862124,0.046,4.764222407885949,0.079903867347553,-0.0233349475054672,322,-0.4643139234824152,13.769749237707428,0.1709501457666307,type0_Step_Response,1.0
29,2.5659603766703176,2.177011887208739,2.23221133959525,0.1335861956339134,0.0020637336208002,0.2196450944756637,0.437,2.022328609735468,0.3862589793558699,-0.385539673689125,140,2.0532327116497013,-0.4913214272358409,0.1518196558279987,type5_Square_Pulse_Wave,0.99
30,0.99732240662495,-0.0003216131089753,0.8850481513002706,0.2649271189572524,0.0065535045536749,0.6181545074286785,0.113,1.5951898946027534,0.0155258002351321,-0.0035759063947607,210,-0.4687961914676584,8.82427221657984,0.1066374406877882,type0_Step_Response,1.0
31,0.7446276346856444,-0.0437799943680705,0.6022224101320499,0.2380794696020919,0.0061201652978231,0.8130076382490496,0.0,1.116943532533798,0.008103206523835,-0.0021843929395171,412,-0.5340725870355979,10.452531704301506,0.0722086899429761,type0_Step_Response,1.0
32,0.8846635823065903,0.8641338005219176,0.8749287996560693,0.0072621441672583,0.0205067064134727,0.974630017959164,0.009,0.1756671906235585,0.0003655102752214,-0.0003314661526705,0,-0.312869145055932,-0.3128661918599121,0.0548536471904547,type3_Sine_Wave,1.0
33,3.654839309180907,2.881327623448505,2.977636311861524,0.2356909070393096,0.5462872143667448,0.9063028743773116,0.428,6.128617675401182,0.7702347913063665,-0.7691627828870429,138,1.677920435721842,-0.4911627349205368,0.3537253740773201,type5_Square_Pulse_Wave,0.99333334
34,0.7675500530217088,0.646834965432528,0.658597252928469,0.0282910935000366,0.1199644627584918,0.977992653580842,0.403,0.998477346901418,0.0051930400039716,-0.0052143922238132,115,0.7569952490817453,-0.4982863236537501,0.0959038941812018,type2_Triangle_Wave,0.99333334
35,2.792379054484268,-0.0034155533350445,2.520555643805703,0.5664655826128707,0.0211902314758583,0.4509865712511853,0.126,4.945414182818789,0.0585620621500925,-0.0116150299664652,257,-0.4639826193847388,8.252519397134954,0.3181183260104658,type0_Step_Response,0.98333335
36,2.766770718139515,2.098347845554474,2.131964600771696,0.1026106701730411,0.0024428282863944,0.1172371901302527,0.37,1.1135627118301596,0.0021648797528563,-0.0128674785973368,75,1.7970601821078305,-0.4939255712121899,0.2902231026457917,type4_overdamped_decay,0.8233333
37,1.5822900606488046,-0.0392610064827566,1.2822752040460552,0.4738490684603285,0.0086975450508755,0.49342484104887,0.0,2.270971012273628,0.0125526899733378,-0.0050705498828862,484,-0.5278973903843422,19.22691851265927,0.0823163271447011,type0_Step_Response,1.0
38,1.1600851161894483,0.4704316694811296,0.8631934706624694,0.1134414063936814,0.0054276362877736,0.5782096836200928,0.075,2.955293707076089,0.0176664139364373,-0.0151407174694901,335,3.0641515012673213,4.226761652950073,0.0831818442528864,type1_Damped_Osc,0.99333334
39,0.7881907111774766,-0.001522502141893,0.6395844538934666,0.2141048253757516,0.0074080342819338,0.6130294386066742,0.008,1.319736042223525,0.007860582059581,-0.0026831212491975,493,-0.4900567708847874,11.429877756018175,0.0661411267641838,type0_Step_Response,0.99666667
40,4.029624490687511,2.583934325111508,3.10463782539354,0.2180654300683285,0.0245589371181513,0.5967369204939534,0.148,5.068250967812082,0.0239734242289948,-0.0318153284724798,222,2.749994882306801,1.159639024566387,0.2944598707353973,type1_Damped_Osc,0.99
41,3.433329811439404,3.209312129884948,3.232048693651685,0.0634980713516835,0.2232197912363624,0.251694201255053,0.461,2.306216026332086,0.2227728861997433,-0.2201407964809356,92,0.3114439378906155,-0.4906538710447433,0.2729293282206866,type5_Square_Pulse_Wave,0.97333336
42,3.245980189391416,2.565952679732181,2.661048391595243,0.1560198119534696,0.0109156200584115,0.3589783917026591,0.162,1.9770339507383272,0.006400442464221,-0.0081781417290764,224,2.1708739049358243,-0.4753368452947716,0.2522790429562076,type4_overdamped_decay,0.62333333
43,2.201798879957803,1.0812515195260726,1.6143750879589835,0.1887103614539932,0.0108398787802654,0.5133938656220193,0.088,3.92329126831588,0.0152802838622652,-0.0203639467046332,302,2.128464061339145,2.023064486242645,0.2175174513897886,type1_Damped_Osc,1.0
44,1.8637035955863053,-0.1238067289668188,1.6187273306189034,0.4735343194435404,0.0117748762745466,0.4130933171528074,0.104,3.305933672758057,0.0471895414377279,-0.0067680509640424,124,-0.0771060019436527,7.631338088328772,0.2323423428873805,type0_Step_Response,0.99
45,3.993501821236851,2.9087804931039902,3.4001607333521107,0.1605730254890877,0.0274571557271121,0.6094622974133123,0.176,5.708519629440117,0.0339410241572846,-0.0425784280405254,183,2.560354640780928,1.9290326109975124,0.1976033532306242,type1_Damped_Osc,0.9866667
46,2.514706768061305,2.0578530747906854,2.081569242711637,0.0703956579910705,0.0032039158237848,0.1523324044035284,0.396,0.935183698137056,0.0020654889010058,-0.0087428301216965,60,1.1437698286180755,-0.4931454598308717,0.2767762926015038,type4_overdamped_decay,0.7366667
47,2.854718711279212,2.687632981452177,2.702104404032107,0.0285382553013879,0.1068045767862884,0.9797525122945784,0.363,1.402879670581016,0.007622821563975,-0.0075937696500596,25,0.3481937055161663,-0.4923884633186723,0.1952380303233485,type2_Triangle_Wave,0.99
48,1.3815215129032457,0.8257081993803985,1.0641160273577872,0.107695751016102,0.0073795598840675,0.5274143798129498,0.129,2.3152090904385494,0.0080988621459164,-0.0113120131115762,358,2.4477150912875447,1.6342345493704509,0.1093700947124856,type1_Damped_Osc,1.0
49,4.654281870715363,1.7694097409400775,3.3380074667849016,0.3315254382826584,0.0338343952664255,0.7597308445683828,0.064,13.980665521114624,0.1290696421044876,-0.1244522227591957,159,2.556211902556424,3.132558090212313,0.4313008419924942,type1_Damped_Osc,0.99666667
50,3.6542031575565854,2.83244964867248,3.0161295094093807,0.336269599802919,0.7855793468633601,0.9628346792918852,0.376,5.573542410492843,0.8174726802334575,-0.8178236201717759,225,2.750739896968011,-0.4898196602723702,0.252000493491618,type5_Square_Pulse_Wave,0.97333336
51,3.3585561273651394,0.1585172498849643,3.09849301847172,0.6438948634449416,0.0267498330265962,0.4769765007826801,0.19,6.434501244498296,0.1087312256700858,-0.0125212663138527,191,-0.4550847927065483,6.682243442483924,0.4427796638418542,type0_Step_Response,0.98333335
52,3.6994893475578032,-0.4483436816545196,2.8942987124279207,1.1037455665750409,0.0231602638929673,0.4278395541126925,0.147,7.152900150844303,0.0476593167241112,-0.0326964561573,231,0.3881005980854948,8.764117360156773,0.4085642217565697,type0_Step_Response,0.95666665
53,2.7470679748676696,-0.0004681186219177,2.378934124448814,0.6181529420274449,0.0037964081303787,0.1719694780565895,0.252,5.868229756380039,0.1563279133437761,-0.0425896457550336,165,-0.0525461246180112,7.2259722639446675,0.3361547589290303,type0_Step_Response,0.95666665
54,3.5789463034990714,2.5233476823199954,2.9142429809502994,0.164424133905654,0.0190949611429482,0.5714579700129364,0.164,3.244069844800012,0.0120372910496424,-0.0214449353518464,129,2.033186340599834,0.8569632310269393,0.271351679862954,type1_Damped_Osc,0.9866667
55,0.6321369019272618,0.5564331244543715,0.5660670864090004,0.0183470847585235,0.0709722895325257,0.9941615586183224,0.346,0.4521572523149871,0.0018245429914222,-0.0018160448845256,140,0.6615797826135955,-0.4965683836237336,0.0649811474278536,type2_Triangle_Wave,0.9766667
56,1.0668932703898772,1.0535235421152644,1.0564255063766372,0.0041329775062565,0.009923278139132,0.9542016303487828,0.392,0.3716387686470246,0.0116870746672164,-0.0119343895293901,0,-0.2604895261170435,-0.4862673513075429,0.0527940428890874,type5_Square_Pulse_Wave,0.8066667
57,0.949820884265744,0.8366026773756065,0.8502346573592101,0.0252549013343954,0.0883533787702426,0.9914580082877864,0.366,0.7718667218344012,0.0032485490999693,-0.0031881583802224,117,0.6469392037517763,-0.496041202482467,0.0983737974740339,type2_Triangle_Wave,1.0
58,3.4839839107021966,2.4366400272907445,2.7798409691770383,0.1401041141527151,0.0181874450435479,0.3758205311873224,0.194,3.825159046781311,0.016900565550499,-0.0263999740307681,104,2.0825892903008305,0.6468549224935056,0.28083109001025,type1_Damped_Osc,0.93333334
59,2.6984914749413944,1.914848351043468,2.222424581368453,0.1125300293890809,0.0181321809302859,0.4732456414516901,0.21,2.885351534528608,0.0142669106691544,-0.0146882751101156,151,2.0471003231850755,1.1497129535239772,0.1867233713367451,type1_Damped_Osc,0.95666665
60,0.8256312357936344,0.027889166352444,0.7452177786693466,0.1737735510036697,0.0044511931174164,0.463558465802841,0.07,1.2533953676442289,0.0146354840712592,-0.0025730040048562,287,-0.4658276339047847,17.738206958191306,0.0436583575287801,type0_Step_Response,1.0
61,1.905675572079489,1.2056778041962646,1.4823188851634752,0.0912115649860429,0.0093348104734574,0.6486062785414297,0.196,2.149857245616132,0.0109039226817275,-0.0173929656502453,144,2.469689507852159,1.356593365266912,0.1450386946405482,type1_Damped_Osc,0.99
62,1.0720176514257087,0.9953329123560242,1.0123018998809938,0.0304821043764759,0.0764468263162519,0.9529886364580904,0.388,0.6884376713777575,0.0753647051940916,-0.0759365434438479,222,0.2476683773793222,-0.4930899209282077,0.1016259322196174,type5_Square_Pulse_Wave,0.95
63,1.0544265995652344,0.4863401301412163,0.7462087304146331,0.0891809256032903,0.0053510918167417,0.5738974377467491,0.142,1.8209438116178456,0.0076301103795871,-0.0105516174077249,294,3.051426272110876,2.578345982197578,0.0856871771205773,type1_Damped_Osc,0.99666667
64,3.5895178300180053,1.723654927742828,2.5183243705204648,0.3108775003844461,0.016116569272504,0.4956536128853311,0.196,4.854558761073456,0.0213796186463315,-0.0357864456866563,226,3.36628198457963,2.166466890808069,0.2856168112178419,type1_Damped_Osc,1.0
65,1.3377878989776406,0.0775261644837603,1.201246682300251,0.2994546513096967,0.0084673846921496,0.5750297733447778,0.158,2.426287254498815,0.0376981720129943,-0.0070251199520643,207,-0.4740900044826168,5.853707418453325,0.1975450333015325,type0_Step_Response,0.9433333
66,2.752125702911445,-0.0036850653193373,2.4309055992692783,0.5684197948732617,0.0222186796669738,0.6236895184144977,0.047,7.86577461882751,0.0991246477857044,-0.0398922044422762,337,-0.4789784427167718,8.637461346806898,0.3009025399829106,type0_Step_Response,0.99666667
67,3.034990656927538,2.536951402028864,2.586856700520326,0.0935064524685496,0.0141514602495846,0.5130337559570263,0.162,1.8045387843802316,0.0061636243872458,-0.0083636583774575,119,1.612208205845142,-0.4559219644474621,0.2309708448428677,type4_overdamped_decay,0.6933333
68,0.6906173600585406,0.5487402705813382,0.5600939215754063,0.0250078380990678,0.0033658367993604,0.7267723309343159,0.179,0.4902389996475651,0.0016536020573688,-0.0031172229813629,101,1.6640481105810676,-0.4684811772890452,0.0646197969762973,type4_overdamped_decay,0.71666664
69,3.9680454943268897,3.068789845776647,3.149675452525286,0.1687063605456953,0.018479056684268,0.5043752561560918,0.187,3.344309921044603,0.0115600783371005,-0.0158505116500062,117,1.7224363964201752,-0.4669553794078113,0.3986979459225983,type4_overdamped_decay,0.45333335
70,3.776435706236777,2.6549565377128976,2.7510761545632123,0.2856691860941616,0.0032013400038493,0.1918630846976996,0.447,6.214647556142745,1.1175560654333294,-1.1178244944295712,102,2.5854296882018097,-0.4941121579226547,0.3627835567000477,type5_Square_Pulse_Wave,0.96
71,1.6847263857909938,-0.1060509734062615,1.3412968383997068,0.5273933181975079,0.0129172361518936,0.6182664569350313,0.016,4.729713578817027,0.0506202158014924,-0.0244560459308362,427,-0.4932322835087214,7.502707978146394,0.2235823451460346,type0_Step_Response,1.0
72,1.5084205210677626,-0.078684952457234,1.2475495037741675,0.440952987660467,0.0149152858390697,0.691885208596126,0.022,4.979675416731735,0.0723989275511253,-0.0363877041262955,392,-0.4799602411434122,9.41675252301609,0.1597201016690561,type0_Step_Response,1.0
73,1.975386669436961,1.4883062754075274,1.706966738932311,0.0934192365152677,0.0090222096247443,0.5603744168101387,0.132,2.26891565231837,0.0096291845164802,-0.0118697818306547,329,2.4451593894992776,1.705291356020168,0.0945704401606328,type1_Damped_Osc,1.0
74,4.240852913218097,2.35491772472427,3.0349004419302688,0.3711465883449563,0.024739947882749,0.6932570431333825,0.051,4.64065652997498,0.0203881029783783,-0.0239857074735105,364,3.1345033962251136,1.2848587620552931,0.3479994754755871,type1_Damped_Osc,1.0
75,0.6078132518694034,0.332265348638553,0.4991324701256169,0.0336030548477712,0.002419258883947,0.5761054055882762,0.211,1.3943114130312626,0.0140040749020718,-0.0127238800872393,185,2.7367055833259704,4.612081534210151,0.0330045429775157,type1_Damped_Osc,0.96
76,3.4944201875912024,3.40262283541818,3.450630196204928,0.032272607599581,0.0915676027431606,0.9703463881006528,0.006,0.5998781130289057,0.0011834829647021,-0.0012412862445487,0,-0.3872514432348832,-0.3876018316208874,0.4077223513431827,type3_Sine_Wave,0.99666667
77,3.3975130382522947,3.098217139976565,3.130252271576777,0.0742297263247331,0.0990292371311727,0.94963664499208,0.417,1.7590977445981637,0.2965856939629332,-0.2962404412131292,57,0.6212838087864274,-0.4925200199622503,0.2651537028730373,type5_Square_Pulse_Wave,0.99
78,2.9441207732970724,1.6633000658274746,2.260059873865081,0.207985721038353,0.0112586778610102,0.3830217030159444,0.154,4.293035681165866,0.0203132687774294,-0.026323208942681,248,2.0236890627284416,1.6550450350697363,0.2737536865094245,type1_Damped_Osc,0.9866667
79,2.524770067511576,1.9296531160680632,2.010413374972753,0.1370703030607187,0.0136179053192211,0.7720144730410979,0.118,1.838208294925221,0.0060889437181479,-0.0074866908625654,195,1.6793860785181736,-0.4810207970628367,0.2707088564688122,type4_overdamped_decay,0.6933333
80,1.7237591539507466,-0.0031922283728072,1.4612588524121024,0.4312935580045517,0.0160128545252853,0.7908190673422847,0.0,2.708139946751664,0.0223799571825321,-0.005084738248156,376,-0.5950809277478178,8.73733771606441,0.1888977111789862,type0_Step_Response,1.0
81,2.7241223047147374,2.3915983384985324,2.4357555494142757,0.0770058606295125,0.0022147965751826,0.1531425260480421,0.204,0.644793414310076,0.0017289929181991,-0.0035469793793994,159,1.080757767660977,-0.4950256773541787,0.2096974440063643,type4_overdamped_decay,0.99
82,3.067833827020663,2.8243080769994227,2.8595449481773105,0.0751770938749811,0.2373261594065541,0.8798326536909591,0.423,2.8300453719950283,0.2382315449864531,-0.2392083364416763,164,0.654264482767955,-0.4884794943572905,0.2088942235851254,type5_Square_Pulse_Wave,0.9866667
83,1.2050892907768955,1.0480147690254085,1.0728140491335876,0.0372336768370157,0.0064243189631107,0.5166418223194701,0.143,0.9255573045378938,0.0034438112399635,-0.0040316653610965,227,1.928676766155787,-0.4515658086294971,0.0634103697592722,type4_overdamped_decay,0.6433333
84,1.4367047550855825,0.5792103059441486,1.122034181269993,0.1357397391997706,0.0064901445115059,0.5091248069410319,0.187,3.7606725064954745,0.0272992123330892,-0.0262918588634776,230,1.5518612108642051,3.2527552694430617,0.1477262885585237,type1_Damped_Osc,0.97333336
85,1.780391279887836,1.595034319513826,1.617230709748026,0.0470277982829451,0.0424556408879457,0.5356244035149414,0.385,1.229362117776307,0.0050901265467522,-0.0051847621198741,100,0.3728935531468748,-0.4977141988961405,0.2117931135757875,type2_Triangle_Wave,0.93666667
86,1.7160071972812747,-0.0020662145733683,1.5686627502220885,0.3488570708549938,0.0118954468029572,0.5870711469712365,0.15,3.3445562973507186,0.0538555418226193,-0.0081352794544555,173,-0.4364593107403677,6.604641406514952,0.2396804920549371,type0_Step_Response,0.9866667
87,2.2375474346333384,1.675477148243279,1.9081856476620165,0.1075735105638999,0.0034490671931333,0.8699766351149518,0.026,1.211531784172292,0.0042039714955015,-0.0063042939523756,339,2.9688063769348942,1.7917141628293538,0.0975728291410731,type1_Damped_Osc,0.9866667
88,3.968532359224824,2.7547427097085486,3.433112339146977,0.1519531690870032,0.0340026903861589,0.7251751652332938,0.08,8.161279018572477,0.0807049996654396,-0.0739021709980489,153,1.8372706544634936,2.286323212728876,0.2369020029648463,type1_Damped_Osc,0.99
89,2.487315522216973,2.4410370116857005,2.4622424480728577,0.0163517614764001,0.0461644642811034,0.975009505416589,0.006,0.312030376645322,0.0006237560772235,-0.0006498742865113,0,-0.3310195575567071,-0.3307654128534923,0.1368316203670803,type3_Sine_Wave,1.0
90,3.196839454208685,0.0495631244511995,2.6630923638231123,0.7207468460188768,0.0259038158032476,0.8499750838795925,0.045,6.692906961648035,0.0881420500335122,-0.0222900362219,308,0.4032555452277879,9.913918784619751,0.2780973622944875,type0_Step_Response,1.0
91,1.0604269211575856,0.829206103159984,0.860817663815831,0.0525245434838301,0.0046386834549639,0.5668149377085844,0.155,0.6112998324908988,0.0020534154334838,-0.0029790567194316,185,1.5475650012116875,-0.4752748275611944,0.1115774329954424,type4_overdamped_decay,0.81666666
92,1.5497649921399326,-0.000294678426608,1.3527968694307688,0.3969197685674313,0.013200457979837,0.5850956177482548,0.179,2.768920849452713,0.0138871105293912,-0.0078685675906431,246,-0.4665614223624054,6.577721552551979,0.2179756386002262,type0_Step_Response,0.9633333
93,1.941988651278516,0.9278414458830968,1.44629353019569,0.1917216669296594,0.0107101148865369,0.6505706107350102,0.061,3.5664422318167093,0.0148841883294146,-0.0172056278850274,333,2.018828520553708,2.298726137425869,0.1907168370848015,type1_Damped_Osc,0.99
94,0.7340641350092255,0.4820428191305154,0.6059091270069176,0.0381033444484981,0.0094302446503912,0.958801761478812,0.02,0.8695699247972937,0.0039352935578699,-0.0048921930889014,276,2.6411520916986198,2.6845446805509803,0.0398408783968764,type1_Damped_Osc,0.99666667
95,3.0817277688068123,2.827334770237259,2.8548168332852666,0.0731167531861375,0.2540941923204203,0.9061132139975736,0.487,1.9863702499946856,0.2509772521434783,-0.2504534264926779,113,0.5738622431585889,-0.4929486969760143,0.2353499958141744,type5_Square_Pulse_Wave,0.99333334
96,1.8454091384024776,0.999471305898388,1.3219624399673413,0.0990035662426717,0.0085124747556015,0.4929074550518874,0.246,2.048647265515207,0.010456006852092,-0.0188353113132455,109,2.586582636643623,1.4007234324133808,0.1696181908210094,type1_Damped_Osc,0.96666664
97,1.5976612363278948,1.4752669392857758,1.4951268158546356,0.0374258871892296,0.0737954140873444,0.9608272038382424,0.377,0.7004766120442738,0.1202617621601589,-0.1208660606661673,161,0.9729750347133148,-0.4877946785535245,0.0824103931448381,type5_Square_Pulse_Wave,0.9066667
98,1.472862161746109,1.2357153314650111,1.2747551018676508,0.0872400944077782,0.0008386502321533,0.1250046013874801,0.436,1.1366364332295218,0.2360539923974924,-0.2361260288786517,163,1.5342557008058153,-0.4952866286470065,0.1163072228604296,type5_Square_Pulse_Wave,0.99
99,0.9012681076336192,0.5314082787343353,0.6834381793656015,0.044307656329245,0.0039309222623987,0.4480518415851259,0.231,1.0540855043809194,0.0060708717617848,-0.00928728966976,121,1.808444727005534,1.089400534543785,0.0948882790570992,type1_Damped_Osc,0.9
100,0.7762916950912888,-0.0005915062175842,0.7422173272709021,0.1229652077467321,0.0037027901928025,0.5730187611637063,0.22,1.2235470678316909,0.0219073499953763,-0.0024677275286343,96,-0.4576220420912075,13.33496716274949,0.055982120106848,type0_Step_Response,0.95666665
101,1.67917535059183,1.5859499109226614,1.633022014284456,0.0332396737416599,0.0931978448076698,0.98701066603427,0.007,0.7148543564326357,0.0012512657499772,-0.0012366914436301,0,-0.3092692400927587,-0.3093053472747611,0.2444132891559469,type3_Sine_Wave,1.0
102,1.2063038005882734,0.9762667333513538,1.005760378615671,0.0497189416413901,0.0089929895725501,0.6638442823827585,0.165,0.920467927562188,0.0044930098220737,-0.0040441482307744,182,2.133791020800794,-0.4401898392399723,0.0854013091513508,type4_overdamped_decay,0.59
103,2.932446507721066,2.627124890675643,2.6675235080107984,0.0920312954649989,0.3053216170454234,0.9090928648370334,0.416,2.7304373311261005,0.3009611324950021,-0.2998094503405766,152,0.9744090688672687,-0.4920162198535273,0.2059653871431979,type5_Square_Pulse_Wave,0.99
104,1.7679608282720043,-0.0562897649351217,1.6568577969971876,0.3661838107450126,0.0136218520107873,0.3814566039111556,0.224,3.603445308208713,0.0715314688974783,-0.0079509347150621,95,-0.4634545878675342,6.58061538818894,0.2563171810203788,type0_Step_Response,0.9433333
105,2.222545897176412,1.9653482602001984,1.9969792055100528,0.0728146354033339,0.1923342380493937,0.918900841624481,0.421,2.235169169339507,0.2538401544865725,-0.2551327841218573,149,0.8367655863090903,-0.4915780413516762,0.1911983484684702,type5_Square_Pulse_Wave,1.0
106,1.9554333798554104,-0.002813894216813,1.7299405209189198,0.4811660623041337,0.013702860005188,0.4967714796335973,0.165,3.3558704191467488,0.0172384756088324,-0.0066911067793899,206,-0.4171355022124798,7.266859240052444,0.2494670308755453,type0_Step_Response,0.98
107,1.513658217920062,1.010674523640315,1.2218835977891294,0.0907486504530567,0.0079493248388553,0.5850685724714896,0.124,1.4604554611166811,0.0054521841414985,-0.0080822795737367,209,2.006819985537153,1.2395496072495786,0.1184502863655958,type1_Damped_Osc,0.99666667
108,2.761123517500102,2.64902481010326,2.709452072234555,0.0397935048889987,0.1120436620308398,0.9786783949471182,0.006,0.7426270266584645,0.0013862298989093,-0.0013117132588993,0,-0.3317035622747794,-0.3318289556867062,0.3331635696789576,type3_Sine_Wave,1.0
109,3.778428642098503,-1.8287096348515148,2.76303938673992,1.113371111923836,0.0233651840736794,0.776799823072152,0.098,17.545480890438387,0.143681647454483,-0.1231529129336387,302,0.7272430847669098,10.21299031291144,0.4696003913994064,type0_Step_Response,0.9533333
110,1.4987080287188876,-0.4207311798343439,1.185534421424166,0.5423692492294501,0.0097132066230882,0.7004357709900996,0.116,3.4071662253515798,0.0237845798149697,-0.021811409147797,239,-0.2050438196824847,8.190171256566234,0.2136240383941552,type0_Step_Response,0.98
111,2.071631867207124,1.478138342571402,1.742770214182739,0.0849941554603219,0.0152248479464822,0.5370439858013972,0.204,3.3172079449078176,0.0213932830927079,-0.025356812094861,154,1.6885868115723242,1.1640647640250867,0.1540480661150085,type1_Damped_Osc,0.9633333
112,3.422351124414293,2.947146420098324,3.0127828073785805,0.1612966860787961,0.4750929195236471,0.9268508415836136,0.418,3.5066029114376347,0.4718616052130868,-0.4731632284403901,135,2.335665271705341,-0.4887078207946692,0.1669166865012199,type5_Square_Pulse_Wave,0.99333334
113,1.529086508968105,1.221357383802029,1.267803103908622,0.0732434119194369,0.0087450597504135,0.6389422825399097,0.147,0.995730555680752,0.0031062647636199,-0.0048958498150031,250,2.416034361615381,-0.4718091236268774,0.1045195595756514,type4_overdamped_decay,0.65
114,2.0579813009010044,-0.1266431975137399,1.938361797422536,0.3685555625635067,0.0130078946722753,0.618802865865475,0.193,3.4450879672245867,0.0805750928096537,-0.0059555056569782,149,-0.4629999378880101,10.840882318604836,0.1920062473239514,type0_Step_Response,0.96666664
115,3.2271259242966384,2.4482991733807453,2.86228861909728,0.109975884009044,0.0125287138252345,0.47249056584539,0.164,4.225036168817347,0.0331798127535409,-0.0314171482297762,176,2.0219437113772467,2.108281230301472,0.1518114234306935,type1_Damped_Osc,0.98333335
116,3.338472240949725,2.3727102195730545,2.4498509496796315,0.2481283923677874,0.965540513363972,0.8421919512757687,0.489,7.53984982785017,0.9635831035439026,-0.9640524302725302,86,2.3615381691147004,-0.495916020987113,0.337016526064926,type5_Square_Pulse_Wave,0.9766667
117,0.8700700292378,0.410711841049991,0.6938647428860433,0.0404876547711898,0.0037742175918873,0.6184438709854454,0.233,2.297581788999441,0.0451129473492897,-0.0393822474692187,96,2.215078917857739,3.89149821099335,0.0646384581295711,type1_Damped_Osc,0.91333336
118,1.2557467550767465,0.6575488441636264,0.8779401908821232,0.0993242476703204,0.0067753539188539,0.6244902291959397,0.163,1.5234286360974785,0.0071122612503548,-0.0119274112967879,198,3.2283031882301114,1.432813456555939,0.1056678299437738,type1_Damped_Osc,0.99333334
119,1.460743825166077,1.4028134346544123,1.4337256688620028,0.0205134956512569,0.0578998116694908,0.9919913610104756,0.008,0.5074358478417145,0.0008899825893995,-0.0008668125319533,0,-0.2751653467188013,-0.275420880706695,0.1289021254951881,type3_Sine_Wave,1.0
120,1.8448837264446407,1.725237288397291,1.7394155526014106,0.0295598875320792,0.0455242387582701,0.7001372235583044,0.394,0.9634202803001986,0.0041751486314172,-0.0043142281610142,105,0.4497860910048502,-0.4926200220055716,0.1250007098271259,type2_Triangle_Wave,0.92
121,4.002233956312318,1.697772032134695,2.84422797242178,0.2709591602152653,0.0139611498589315,0.3827712414617804,0.242,7.440050736970641,0.0765898364077011,-0.1061835530060837,123,2.396514556447427,2.326132400004684,0.4026916113669063,type1_Damped_Osc,0.96666664
122,1.975033701111944,-0.0039367454470181,1.8361401203085457,0.4078173564885561,0.0144205138425916,0.4078104631162494,0.143,3.604679125347305,0.0497980842269215,-0.0080344726308081,128,-0.4716569687527696,6.690846563181724,0.2741263989085607,type0_Step_Response,0.99666667
123,2.183179513081293,1.491283327411926,1.8469609507243367,0.1055178399716774,0.0115199306200139,0.4504052382938669,0.21,2.7695703723676064,0.0160613701282186,-0.0204051398091826,196,1.5240385904526437,1.6151697394631674,0.1671566470014907,type1_Damped_Osc,0.96666664
124,1.1031455983851302,1.0790473086747157,1.0914315727896893,0.008613614179691,0.0240098000998909,0.9705819477338652,0.005,0.1341279427923636,0.000221254680041,-0.000220730127576,0,-0.3025321452324456,-0.302491885885399,0.0610120402479585,type3_Sine_Wave,1.0
125,3.41447479350883,-0.1879890669775934,2.948179258438912,0.9097266928504172,0.024346448296765,0.5078187488341062,0.199,8.08237240913319,0.1159876795764363,-0.0799955463306754,150,-0.1114982354871817,8.757295680171117,0.3734749647341848,type0_Step_Response,0.95666665
126,1.2853146188707687,1.197316623647111,1.20667818315047,0.0235235977468358,0.043570970995195,0.9328506089986708,0.442,0.6415398719297809,0.0871040227910235,-0.08691339015641,84,0.5020510805225886,-0.4920469349536626,0.0871263703319646,type5_Square_Pulse_Wave,0.98
127,0.5601061889157525,-0.0008330389783139,0.5061306058294435,0.1296799770487845,0.0042812971739186,0.4726439817044851,0.175,1.0397822922069713,0.0067600502891843,-0.0022271035338474,244,-0.454567897456488,11.51703082988686,0.0465028768201194,type0_Step_Response,0.98
128,2.409352222123059,2.254605231402143,2.266439948607489,0.0284111779446724,0.1547469907209162,0.8997106241357644,0.429,1.7050170980039652,0.0114606275670783,-0.0112319483512171,59,0.4461941656595506,-0.4967602567985135,0.1629886917632363,type2_Triangle_Wave,0.96666664
129,2.669276372996479,2.580884273528187,2.597100595553366,0.0314142896397243,0.0677074819706264,0.9340174233179404,0.4,1.1824302408891287,0.0859656460350271,-0.0863534378772183,0,-0.0761231236842398,-0.4927696863441178,0.2050350852977107,type5_Square_Pulse_Wave,0.97
130,0.8058867361911514,0.3494406951651178,0.5718822767919316,0.0999145105509632,0.0190921522323547,0.9673587389851028,0.012,1.7376607283443302,0.0062010267819083,-0.0075805474938851,464,2.8201205494632893,2.835966333239227,0.0685757336209389,type1_Damped_Osc,0.98
131,3.514614943585913,3.053349279099131,3.119693973723106,0.1110639070179135,0.0017373759149523,0.1208579966277171,0.202,0.7214995240809254,0.0013547647870622,-0.0036734123272617,238,2.086595146557292,-0.4947677032316899,0.1779692801982708,type4_overdamped_decay,0.9866667
132,3.463554982252909,3.3942726214281747,3.429023583934489,0.0242246537218868,0.0463893677737057,0.9303116839514286,0.006,0.4303160935971561,0.0008819259452681,-0.0008824871119248,0,-0.3559246561517403,-0.355860357302932,0.2403843105286904,type3_Sine_Wave,1.0
133,0.5832258512761652,0.5726075504663286,0.5742817301848858,0.0032839309440043,0.0007307470157664,0.1442699745209049,0.414,0.1943237138670451,0.0101121621896377,-0.0099750235004297,0,-0.250006414465789,-0.4893854423586388,0.0407443170441648,type5_Square_Pulse_Wave,0.88
134,1.1806255152793976,1.106472050504926,1.117402106589703,0.0240937818914632,0.0740545048410139,0.9440563386103562,0.415,0.5992675994867704,0.0733527056821303,-0.0728532439640992,0,-0.0437062344699725,-0.4957989228263468,0.1610299571198195,type5_Square_Pulse_Wave,0.97333336
135,2.379908744303333,1.699825512672319,2.04026783211602,0.0841126655316188,0.0132316236641139,0.6055711224928046,0.2,3.002279163757442,0.023510099294572,-0.0324004368699317,125,2.0017883650051056,1.9387896541082517,0.1376525639307813,type1_Damped_Osc,0.9866667
136,1.287503746162569,-0.1112150196630441,1.046062196642827,0.3885117323311698,0.0109404683866018,0.7344582456229535,0.048,1.9725587043071575,0.0111021383169404,-0.0032040985382362,311,-0.2441245807496224,9.299948867229746,0.1390953865120898,type0_Step_Response,0.99666667
137,1.696438384046629,1.266560348716517,1.2942646030443432,0.0668505484815259,0.0096253060477937,0.4830300231809679,0.23,1.490369660072012,0.005375049857657,-0.0090758752699695,76,1.7631347213385888,-0.4616888902417059,0.1867860757449284,type4_overdamped_decay,0.54
138,0.9434156391604244,-0.0011306693566688,0.8289502111240417,0.2403733030789089,0.0060907927740981,0.391359018382668,0.119,1.4620240832690523,0.0146913755929023,-0.0028087881889816,314,-0.4249115274906079,11.414664307926875,0.0787794649159333,type0_Step_Response,0.99333334
139,3.806109124350232,3.180973250793389,3.2205929036424017,0.1074992676878179,0.0021407651569091,0.1184077183929291,0.363,1.0291328185800517,0.0017955594950915,-0.0087968658517558,84,1.3440280142362333,-0.4960530134988448,0.3382815640403134,type4_overdamped_decay,0.92
140,1.586326909529828,1.294174063905069,1.3257997446353322,0.060800726928984,0.0084964388902535,0.5301473678254667,0.184,1.1436521172003955,0.0049141572458892,-0.005594816280571,133,1.4162572861755829,-0.4700912267814175,0.150117120897538,type4_overdamped_decay,0.59
141,1.9078668742020903,1.818981667281736,1.8665244779966097,0.0315223430972721,0.088839331312017,0.9793204315347456,0.006,0.5827335473783242,0.0011191005859843,-0.0010506884179459,0,-0.3285888398158773,-0.3287632500317551,0.2594068263274378,type3_Sine_Wave,1.0
142,0.908108787509503,0.8931818086911686,0.9002753743628432,0.0052220101233135,0.0149223226848896,0.9610252081376336,0.009,0.140888593238571,0.0002327925250634,-0.0002317623576573,0,-0.3891344954647131,-0.3892154458232506,0.0673447997490821,type3_Sine_Wave,1.0
143,3.089122750197621,-0.0046215015810949,2.8229005143127432,0.5925978057974709,0.0298453539920546,0.6517529000765971,0.112,6.013956034743384,0.0931710598512319,-0.012367685326676,248,-0.4659311057848209,6.373540834501622,0.4478747892946506,type0_Step_Response,0.99666667
144,2.5034864376782875,2.050620604864156,2.104876939311769,0.0972599911271011,0.0148954933160179,0.582976230720154,0.145,2.109854640987549,0.0079431941246355,-0.0079664225119842,148,1.4769190326132748,-0.4569489645129734,0.2241943284041001,type4_overdamped_decay,0.53333336
145,0.6033328108527389,0.5827324635809445,0.5918556318195534,0.0073062513036697,0.0162962030065666,0.9554636477378388,0.004,0.0956913672028838,0.0001632998087517,-0.0001702737913913,0,-0.3646897500857701,-0.3646756744970093,0.0761186823229667,type3_Sine_Wave,1.0
146,3.097046525536534,2.410723635772432,2.496825888332453,0.150174461829456,0.0128259151138792,0.4609703937197113,0.18,1.8172115848033144,0.005436568020166,-0.0100638527721246,202,2.432145064208888,-0.4590513375614798,0.2308446866685329,type4_overdamped_decay,0.6333333
147,1.1607059194354914,-0.0951726403536165,1.0579973847839907,0.2584215622920676,0.0076558511106015,0.5533494652703655,0.139,1.9592964311032108,0.0443163381584787,-0.0031759218772762,207,-0.4720668992769024,9.28427840065536,0.1279913870193969,type0_Step_Response,0.99333334
148,2.084154934996589,1.5156221934300278,1.7414465392783844,0.1012234871989831,0.0176018547294263,0.69247924587822,0.092,2.2250127805214337,0.0079089720911631,-0.0107328975942133,330,3.00396320765308,1.61141135738969,0.1012457379256286,type1_Damped_Osc,1.0
149,3.264559085094449,-0.0007393031475002,2.830718728339808,0.9127014277086128,0.0190696941632517,0.6121782496988106,0.004,4.912008561418698,0.0265261814684016,-0.0094336039190023,223,-0.4939945369922566,7.778046669677868,0.3941668082167622,type0_Step_Response,1.0
150,0.7599566146982847,0.7099058836373842,0.7142791988807387,0.0127220842208166,0.0491182171943663,0.8996268003986152,0.47,0.4451023997693838,0.0492155177808327,-0.049075294900081,56,0.134921899605439,-0.4941120811296843,0.0781054372418206,type5_Square_Pulse_Wave,0.96666664
151,2.577078794395154,2.330717035904365,2.355451382574864,0.045731628425743,0.0134209033729346,0.4799637766161278,0.207,1.9355613193505483,0.0071916336954163,-0.0097353312829882,93,1.0854201684525413,-0.4583161142625058,0.1514111883971836,type4_overdamped_decay,0.52666664
152,3.4387663017015635,2.688608768243049,2.7321983172390256,0.111891022060217,0.0188147158484057,0.6818140978301456,0.181,2.627324181296228,0.0090804587837149,-0.0148970782004318,68,1.6261719297618202,-0.4722957554083203,0.3482825718538249,type4_overdamped_decay,0.55333334
153,1.532440178676246,0.283713656965243,1.0957238656194894,0.1769979292461022,0.0067696831382058,0.6805552963993458,0.167,5.62257515593778,0.0543787796184889,-0.0493527573367976,227,2.107474164388344,4.501628189042436,0.1641095708415565,type1_Damped_Osc,0.91333336
154,3.426706531092525,-0.1099061017662353,2.8777532026011525,0.9150604092216358,0.026717412563268,0.4431044186068817,0.004,6.274062157981764,0.0681504641342476,-0.0166147265070066,408,-0.482201419521036,15.53678326084644,0.2202868108190347,type0_Step_Response,1.0
155,3.175146231140896,2.7972256369600146,2.846410910301078,0.0816404789650271,0.0160219754881816,0.7302415081576017,0.169,1.881124337894883,0.0074730567536831,-0.0075693513710848,177,1.929057359179804,-0.4425493221192344,0.151988486885263,type4_overdamped_decay,0.63666666
156,3.374483555265257,3.189273978884513,3.28070069933938,0.0659123825754287,0.1851440149845031,0.9777598289714554,0.01,1.7773073007222782,0.0029946917362657,-0.0029954957999089,0,-0.2800547302469687,-0.2800525608554482,0.4210335216623582,type3_Sine_Wave,0.99333334
157,1.4598761453398714,1.4324691078629137,1.44570363957833,0.009667419884465,0.0273674729425277,0.9606351749186712,0.009,0.260231525005433,0.0004267948523717,-0.0004378250446899,0,-0.3825507776954695,-0.3825315299269822,0.1166665532918247,type3_Sine_Wave,1.0
158,3.417051486747873,2.7650123812028093,3.0255638056757435,0.1283683666686248,0.0169172455452404,0.4843349136388058,0.146,3.1193336021839486,0.0133269434010712,-0.0132495007800939,270,1.8813079062379063,0.8742002093963459,0.1736220733568947,type1_Damped_Osc,0.97
159,2.3896977939251056,2.283966702268521,2.3400474539254983,0.0368710453508994,0.1055926666514932,0.9707276935516485,0.009,0.9836045320127544,0.001635267601391,-0.0016281848788186,0,-0.3123246311086919,-0.3124240561952881,0.281760750940355,type3_Sine_Wave,1.0
160,2.005699610693505,1.805868835463984,1.8308418644944464,0.0424040039866228,0.0073465399663976,0.4661409948530733,0.201,1.2859107473533635,0.004487805728963,-0.0056358785594745,152,1.574295491619699,-0.4447984991836071,0.093839425901663,type4_overdamped_decay,0.61
161,2.2730353722950456,1.328932819747781,1.739454923328836,0.1450973385592292,0.0097825289096502,0.4906590560725836,0.203,2.6632283505213934,0.0130570057491721,-0.0197462324849018,183,2.738748472866524,1.891476145083573,0.167684704716275,type1_Damped_Osc,1.0
162,2.1386422129727416,2.053925027347604,2.0999523710551977,0.0300127095712646,0.0847035461197447,0.9726502092414918,0.006,0.5712377432736861,0.000944200769601,-0.0009663587975072,0,-0.3164213282496859,-0.3164765949478972,0.2307728312600494,type3_Sine_Wave,1.0
163,3.317163487046352,2.344902971823453,2.696690228039877,0.1072239978598652,0.0159825210794628,0.4586841447713916,0.218,4.018314371884205,0.0293635091777666,-0.0419909673332035,100,2.150303241537627,0.9241612609629593,0.2386228950150877,type1_Damped_Osc,0.96666664
164,1.0736794396973968,0.5672267674985886,0.8414668344001754,0.0858679418514356,0.004818711876226,0.4750674105611575,0.205,2.103347775109034,0.0106796183158608,-0.0134542724853462,210,1.3096125749819203,1.7485774476964315,0.1247976731913987,type1_Damped_Osc,0.9433333
165,1.6098861096059471,-0.0006551304960185,1.4634709850121586,0.3896775763196508,0.0091053985581452,0.6507315343482587,0.152,2.7177287622936177,0.0369046194983075,-0.0085462614630191,150,-0.4055120453636514,8.465473833471675,0.1777646835349724,type0_Step_Response,0.98333335
166,1.9713108084439728,1.8540562998650207,1.8708098759749563,0.0314175001731315,0.1160873122669929,0.9290773077933272,0.374,1.6166992920652496,0.0059928414822782,-0.0060550625527895,153,0.64374035061192,-0.4915013245230561,0.1017623131347653,type2_Triangle_Wave,0.97
167,1.087568743790321,0.9102150270964317,0.9337066848272272,0.039058462367122,0.006082219510636,0.6687245379463168,0.182,0.7952632765884246,0.0025519909064836,-0.0043335233833976,159,1.390645032084911,-0.4566608139631242,0.0917038076278247,type4_overdamped_decay,0.68333334
168,2.5107759563654763,0.1535588238752401,2.1901832471574454,0.4079925229325402,0.0177960571448596,0.8959183421492101,0.045,5.890622865915924,0.0641730203287,-0.0221910684008845,271,-0.1473153138095267,6.0026358008529686,0.3438522147790723,type0_Step_Response,0.95666665
169,2.7464594933718294,-0.1302378001723425,2.095766892217697,0.8553517157926339,0.0286136257378282,0.8509324367379791,0.0,4.619600487009331,0.0318870656111381,-0.0127353316380072,613,-0.5965361873529541,13.63324782828976,0.2049409695896682,type0_Step_Response,1.0
170,3.093168803584588,2.3058162709011256,2.3693074284112425,0.1450995359360129,0.013347207412611,0.6032091720137186,0.209,2.1154965022948704,0.0064672997437447,-0.0115349311218566,128,2.3733008514892067,-0.4748256748412849,0.2716437039126322,type4_overdamped_decay,0.56666666
171,1.7042129311843748,1.3109587797932851,1.3645789272674087,0.0907483705630844,0.0069087860808749,0.6412021144672725,0.136,0.9806901520068818,0.0029003479449838,-0.0042934090413897,189,1.5316869002746671,-0.4834133687464578,0.1919929859649576,type4_overdamped_decay,0.8333333
172,2.7812649346000167,2.229595891015054,2.424277590057971,0.1152669757830941,0.0034686699444055,0.2801527247189377,0.218,1.1859671898755135,0.0040842612518146,-0.0065653774969014,237,2.0383132346781823,0.6612378661174728,0.149117833097728,type1_Damped_Osc,0.8066667
173,0.8617748863066985,-0.0005214226457703,0.7921572773586354,0.1978570566692879,0.0056124013725289,0.534031868023953,0.189,1.545102577896408,0.0139438815438059,-0.0037075518466027,125,-0.4677517207181662,6.633029845569699,0.1203437318032,type0_Step_Response,0.9633333
174,3.120070025289075,-1.508027622023775,2.405353034895441,1.106261092571055,0.011765056305883,0.8969897449028688,0.0,12.094189973279065,0.1239985959989654,-0.1251705295218174,504,-0.5297170666422718,14.757621813992296,0.3039221563372489,type0_Step_Response,0.99
175,3.0705662133620564,2.8940413819381274,2.981474237323898,0.0629267473252153,0.1764408603140292,0.9870624678623348,0.008,1.356812590822086,0.0024505472920504,-0.0024045063553255,0,-0.295553864459591,-0.2958120043245426,0.4319874869450819,type3_Sine_Wave,0.99666667
176,3.0513150047805206,2.610516150911283,2.677913426842749,0.1516012528274216,0.0017164698825964,0.1122752371016178,0.417,2.7736818698770525,0.4392143284655123,-0.4401098082870263,163,1.1198781576213197,-0.4963940639661023,0.2715141192894563,type5_Square_Pulse_Wave,1.0
177,1.6688918748817576,1.572754705620954,1.5883922451462735,0.0334113502877453,0.0018906578585879,0.0992329773327322,0.428,0.7946321806575929,0.0937906010361209,-0.0934875459458992,0,-0.0458325511440958,-0.4921918693359459,0.2081001107476292,type5_Square_Pulse_Wave,0.97333336
178,3.146616875471483,-0.0011523418374257,2.9358749971099205,0.5931959559259162,0.0211120074040045,0.4626824482452226,0.203,5.720210836268287,0.0503618016827257,-0.0122177303612645,143,-0.4586929884429477,9.054524926892984,0.3280350507907448,type0_Step_Response,0.99333334
179,1.3812023606815336,-0.1294393679618816,1.172643501609723,0.3868714991112241,0.009750959253358,0.5982340315281243,0.0,2.5375821136547154,0.0271915377792206,-0.0187505518882477,335,-0.5064753725469625,9.035012677244689,0.1585386802126118,type0_Step_Response,1.0
180,3.1221938511053526,-0.1251957293564704,2.615995441242945,0.9687214220007376,0.0041368270494022,0.3596093651824564,0.006,3.9823761632756622,0.0334908390634507,-0.0141600287717799,351,-0.4989120124889092,7.361179195684625,0.4130347525460056,type0_Step_Response,0.99666667
181,0.7194735099773119,-0.0149958579053789,0.6140864793420998,0.1866189339153347,0.0067403684172062,0.3568720644117329,0.087,1.4466391037334088,0.0153279461881149,-0.0029942433929903,426,-0.429386778143624,16.02054017873286,0.0442687346773977,type0_Step_Response,0.99333334
182,0.5322307210393725,-0.01113089049991,0.5036967564150406,0.085628230833634,0.0049397467431507,0.5635051136663528,0.156,1.0019003529738972,0.0129104112055062,-0.0022813972243375,134,-0.4230999856656532,12.789152074976752,0.040652363757718,type0_Step_Response,0.9766667
183,2.736021469036924,-0.0013642073257476,2.593965170323233,0.4671330865506562,0.0160378366529521,0.5534428412693946,0.218,4.5329256263893605,0.0702239771027327,-0.0079027102949353,125,-0.4452894900542458,14.02752994257292,0.1877205142293387,type0_Step_Response,0.98
184,2.9599172749344587,2.3792693883243534,2.440418260908962,0.1235628408512587,0.4710037325640237,0.9756175087190484,0.363,5.57130900305894,0.0271331362858271,-0.0272858091283354,149,1.1344775056329677,-0.4957865217202696,0.3543364138269034,type2_Triangle_Wave,0.9866667
185,2.562131600460619,2.471276391893966,2.517701547654091,0.0318534578912475,0.0862943001442215,0.9485481883544784,0.009,0.7674877376845641,0.0012553551690293,-0.0012512056733657,0,-0.2627329792514953,-0.2627233749161544,0.1914580657955973,type3_Sine_Wave,1.0
186,1.138195647630139,1.0479821907425946,1.0636826044739405,0.0322701796241311,0.0898738243649155,0.949060280097638,0.405,0.7214251175324087,0.0890903400356482,-0.0891186336237881,179,1.1273307121811522,-0.4871150759235217,0.0550009735874597,type5_Square_Pulse_Wave,0.93333334
187,2.949840353754945,1.741595509855159,2.125821130171941,0.2277596127387868,0.0111046055453494,0.5639190661478789,0.212,2.642741295577139,0.0081535144239857,-0.0152892868033611,199,2.554076172786292,0.7102520248204592,0.2833376766304909,type1_Damped_Osc,0.96666664
188,1.4513916555489532,1.0367261748003151,1.0815208082840386,0.0895249572258896,0.0012894816205537,0.1219158881888449,0.233,0.5703395923001682,0.0009638367608073,-0.0035185343224821,191,2.49482519656719,-0.4946149963219153,0.138212142840771,type4_overdamped_decay,0.95
189,3.231415497926496,2.4149121553173813,2.5517720582889614,0.2016713914167418,0.0169651616561319,0.6096328304766903,0.128,2.4914252021615684,0.0085128182959146,-0.0096138245229142,247,1.793312891698668,-0.4704309188567857,0.3515044466982453,type4_overdamped_decay,0.52666664
190,0.8052752927443244,0.5518823630797273,0.6654199237391251,0.0569927623320895,0.0134659024742666,0.9554870165903646,0.011,1.0196784181271643,0.0032903483736106,-0.0038216519910658,500,3.124938157425697,2.21859399059478,0.0399450848126732,type1_Damped_Osc,0.99
191,3.0312700605404723,2.5996209203023923,2.6741752762657245,0.107487653000727,0.0136564419919591,0.5134696548655774,0.154,1.8767491024632328,0.0070979560012163,-0.0075699105395741,197,1.0669135033974328,-0.4753363125486751,0.2712084231415064,type4_overdamped_decay,0.65
192,1.2570418014300169,-0.0003518982851138,1.109623232733622,0.3306167875978211,0.0093034194024026,0.4754823044155012,0.103,2.2144337461606733,0.01992038829694,-0.0052996323851575,262,-0.418654841699375,18.56800576569321,0.0656624709999771,type0_Step_Response,0.99333334
193,3.390888091752839,2.7964896391116314,2.878396104410418,0.1342683839254956,0.0209180007752687,0.6036671143089835,0.164,2.860187238618744,0.0115497382084996,-0.0133589922759385,162,1.2584967299704464,-0.4637503691114044,0.3311879971477993,type4_overdamped_decay,0.49333334
194,3.1532514311316784,3.0621247027761256,3.1103287372430097,0.0318752740253198,0.0895293263406689,0.9659768058663378,0.004,0.4093960586584004,0.000703709255839,-0.0007132208062481,0,-0.3939389026678467,-0.3939564032492531,0.4296308893566323,type3_Sine_Wave,1.0
195,3.9006981691290217,3.273436700228625,3.38563818760224,0.1589647746078363,0.0177201817745475,0.2436455836148331,0.141,2.598365161365201,0.0103239389039782,-0.0112341470526953,227,1.297852804715271,-0.4701700079963363,0.3432004010906375,type4_overdamped_decay,0.54333335
196,3.227710086073101,2.306489108706101,2.757218857943987,0.1249354564065898,0.0198944489557599,0.9652678401955892,0.024,3.9694245005472406,0.0269640796451766,-0.0335846586235222,174,2.8010709257658686,2.699466725182478,0.1417145822134582,type1_Damped_Osc,0.9866667
197,4.292560299547568,3.233192479033702,3.424251423055019,0.2699948635032891,0.0245044985029352,0.6254800294871316,0.114,3.1480070015134425,0.0106449117371032,-0.011346647957378,280,2.021547543009367,-0.4664967815253852,0.4146171326547665,type4_overdamped_decay,0.50333333
198,0.9240763965905514,-0.0012307445618352,0.7974357028901663,0.2131017165094197,0.007667065280052,0.6531181669551678,0.066,1.5821736373904998,0.01101449447736,-0.0040527832334248,413,-0.4217545926043792,18.815782018877872,0.0477109328977669,type0_Step_Response,0.99666667
199,3.758649661719978,2.9618784275503045,3.029628710448081,0.1471178258416086,0.0168625543386453,0.6712460732043017,0.243,2.2972491649691062,0.0058866693071917,-0.0119883242096978,121,2.012297614297205,-0.4695551246013592,0.3133511306781917,type4_overdamped_decay,0.63666666
200,3.003042402378851,-0.0042086230614568,2.354698745548254,0.9798171688359638,0.0220874744232744,0.5685911350431232,0.0,4.451840480182425,0.0185048846011566,-0.0100430700793783,453,-0.5167118618736976,11.479956425403053,0.25137419948833,type0_Step_Response,1.0
201,2.255511240164868,1.1817764784619789,1.6694616213622184,0.1838741833919742,0.008006289572205,0.4956428243002282,0.14,2.5266913890715825,0.0099128210807981,-0.0130486773820384,222,2.257824184395138,2.022046943437293,0.2033638200074201,type1_Damped_Osc,0.99666667
202,2.325345147747952,1.3566891023499366,1.7800275665780485,0.1562553380067814,0.0130383553432513,0.5327196434240976,0.185,3.127043955874915,0.0154782325421285,-0.0232096500976199,211,2.8272018523433804,1.89764661274838,0.1692020411203127,type1_Damped_Osc,1.0
203,0.7091309762541783,-0.0007670891878907,0.6572689398508139,0.1262773638054467,0.0059912624605096,0.6511792435297061,0.117,1.6268260047425969,0.025698735977511,-0.0070995282039763,186,-0.4662286220019053,9.277791502090675,0.0723532095873034,type0_Step_Response,0.97333336
204,1.876048367758676,1.675023870674737,1.6933600746254331,0.0415019510085343,0.1005444287144579,0.7824566488558208,0.4,1.2816736931582635,0.0067932094056342,-0.0067049715321585,101,0.6930363894090329,-0.4936034637977401,0.1675996154445123,type2_Triangle_Wave,0.98
205,1.3413844914393545,1.083076599796544,1.109749668444823,0.0726781135039495,0.2580572450922671,0.8502141482789435,0.451,2.0626316828563853,0.2566771801032768,-0.2565251307732825,115,1.2945092482238785,-0.4944298487589676,0.1434980544300406,type5_Square_Pulse_Wave,0.99333334
206,1.034757870406903,-0.0010269239275352,0.9597585826908712,0.1706544843210044,0.0078872612784817,0.5571426206147897,0.173,2.25090207506405,0.0364740364080662,-0.0088627579116502,212,-0.4588137646198419,9.437802868300004,0.1037965653206746,type0_Step_Response,0.96666664
207,3.343305824466678,2.9938970074096987,3.0363718090898684,0.0796831078390572,0.0024536186394219,0.1518395968856104,0.369,2.0567305738972093,0.0084667306806935,-0.0088140233480618,67,0.3159757149222847,-0.4964935454197824,0.4263775711790059,type2_Triangle_Wave,0.94
208,1.986332055100912,1.660665044017637,1.72019606735858,0.082740343261513,0.0138744628679732,0.6744018140616879,0.121,1.4928019309795173,0.0070225607266991,-0.0053976047354056,219,1.1855372501305876,-0.4701055450555371,0.1898455124268716,type4_overdamped_decay,0.6333333
209,1.4334146200078934,1.1761855855390944,1.199114058112854,0.0607469114428563,0.2568300377628432,0.9089765084515647,0.438,1.7113839307562446,0.255780389270521,-0.256263957285141,129,1.8393264158256697,-0.4897563324926602,0.1094791920843254,type5_Square_Pulse_Wave,0.99666667
210,0.624749371068738,0.5727286691227966,0.5817059296881267,0.018803638797076,0.0520093266237911,0.9472095693417178,0.425,0.408412503368057,0.0516171309057323,-0.0514015216570017,176,1.2573851286251416,-0.4901027458916389,0.0294354215569554,type5_Square_Pulse_Wave,0.8933333
211,2.633186075999402,1.565138152356171,1.9557088430107048,0.1872324678209262,0.0013522776903633,0.1582625196014061,0.061,1.7506920160126975,0.0073813134436784,-0.0133177975998122,201,3.143351356342741,1.479576519604156,0.1899451579686806,type1_Damped_Osc,0.99333334
212,0.9649519970026216,0.939371684269544,0.9512751083466752,0.0089643782071072,0.0255777840620383,0.9843575577013136,0.01,0.2326883215566667,0.0003695059083915,-0.0003675593110895,0,-0.3288985414616781,-0.3288741901109819,0.0747465649088353,type3_Sine_Wave,1.0
213,1.859960527033229,1.6807196135262774,1.6986047090368332,0.042268673915268,0.1789371460882691,0.9781177326588714,0.412,1.5801836155697366,0.0080960109053962,-0.0081068860063524,90,0.4314490599473169,-0.4972668226064433,0.1918693230746457,type2_Triangle_Wave,0.99
214,1.1033418163792712,1.045614592377387,1.0509803409873455,0.0148630254461706,0.0008766378101936,0.1497894238816879,0.426,0.414878317783768,0.0569445687318765,-0.0568605471767107,50,0.1530876096518203,-0.4934127882301158,0.0875086059484169,type5_Square_Pulse_Wave,0.96
215,3.6939342261541146,3.4879211673956547,3.5162106986599224,0.0535150903061788,0.2047915133383768,0.9871100643995746,0.359,2.250689124245243,0.0096708182666644,-0.0088712188773403,119,0.4395427891239718,-0.4892364809851737,0.2167859531122573,type2_Triangle_Wave,0.99333334
216,0.54051379713651,-0.0002756616013517,0.4840304800492213,0.1089602403893774,0.0029713352399086,0.3637341756426762,0.136,0.857870241182987,0.0094284452534612,-0.0015463555481087,361,-0.4599940773391441,14.606392574830222,0.0357041615422597,type0_Step_Response,0.98
217,1.812700445010709,1.3312772673101532,1.5593585248093171,0.0612642831764343,0.0085435369879305,0.5024794148542866,0.118,2.5223379483825976,0.0151332500606777,-0.0192844390486068,144,1.7161092467455357,1.5304382951448985,0.1133681356328912,type1_Damped_Osc,1.0
218,2.3284865278362474,1.8804092029048545,2.087182327475323,0.0790849550756971,0.0117398196799558,0.4744465475411483,0.132,2.2453861711460488,0.0086058876018433,-0.0098334239328066,278,1.439403080887658,1.2596096151058644,0.1211343030578713,type1_Damped_Osc,0.9633333
219,2.4967548355238165,1.9721492061348025,2.0218961366802604,0.1000949719704739,0.0105878299828325,0.4106055856619423,0.214,2.0569494422895827,0.0067671930440353,-0.0095619580987413,140,2.26980100663258,-0.4597886596733045,0.1866915744895896,type4_overdamped_decay,0.50333333
220,1.938010570276248,1.1686987292392108,1.450237361674909,0.1304075434813457,0.0086383334001718,0.5201660309234801,0.014,2.4284012252778604,0.0124305568973017,-0.0135736090284377,249,2.2228099608091685,0.8330523765581689,0.1896789824322287,type1_Damped_Osc,0.99333334
221,0.5748456940029611,-0.0004451468327155,0.5215186928854353,0.1117847807129904,0.0044435204630418,0.7749273591049467,0.149,1.0455271669381443,0.0100493782733008,-0.0030740396594383,125,-0.1553668792230052,8.641054301078858,0.0606483025690005,type0_Step_Response,0.94
222,4.084517114953239,1.4759186353470146,2.954110426430532,0.3202660952644884,0.0161409809160124,0.5789878368839212,0.105,10.564144071384153,0.1049692890971458,-0.1242992389437778,149,2.5691655760655783,3.5561791589966947,0.3661013714564403,type1_Damped_Osc,1.0
223,1.906878167450012,-0.1736527981638527,1.6524820668031817,0.5478014188777617,0.0125981027257133,0.4069887516853993,0.17,3.433316887526539,0.0527396409690495,-0.006389870602492,273,-0.4644534445949925,8.91666292364758,0.2201105434898169,type0_Step_Response,0.98333335
224,0.9087750294277296,-0.0008143849117321,0.8246710575598672,0.183096752260271,0.0053665522528526,0.4695924122957317,0.127,1.3538875507504922,0.013687408977345,-0.0022907883934804,276,-0.4509131775387981,14.621151732255,0.0599588075730479,type0_Step_Response,0.99333334
225,0.9646190654759405,0.6544853836042994,0.7891906172440433,0.0564156848215049,0.0075591483839146,0.3552851272449956,0.096,1.040590843354692,0.0043960916591757,-0.0050806532909598,299,1.900158450648901,1.3778701753116374,0.072494531707816,type1_Damped_Osc,0.9766667
226,2.511948356476412,2.4343422279614835,2.445328075877637,0.0203330479716114,0.0438048914999718,0.8209180197174547,0.349,0.6851811982082334,0.00292476679336,-0.0029126410034212,27,0.0596159062041674,-0.4935285066791743,0.137092132027754,type2_Triangle_Wave,0.9433333
227,1.7950475679968578,1.4074013747437797,1.4799909464721377,0.1432409628315689,0.325317291320679,0.9454937679322636,0.382,2.5445301740876696,0.386900138364054,-0.3860033460710643,200,2.072616630014001,-0.492235520688646,0.1502282712627782,type5_Square_Pulse_Wave,0.9766667
228,3.6485673123007833,0.2963789016458791,3.1617754759652734,0.6619963347546175,0.033990386341093,0.5315584544449032,0.201,10.770359373534356,0.2652791429983399,-0.0813313622534464,120,0.1103526464064034,5.902083878077234,0.4780347599512486,type0_Step_Response,0.77666664
229,2.803246780339389,1.412486320687119,2.2295714953563577,0.2184339178664625,0.0138869832339758,0.3494969974825569,0.132,6.811801041696104,0.0521587918440376,-0.047661034388208,230,1.7917266960974052,2.868918381311569,0.2456893941651006,type1_Damped_Osc,0.97
230,2.466007943930053,2.047459396018072,2.101887466146521,0.0904017703001833,0.0155865264804795,0.6637849883721338,0.146,1.9003372346235752,0.0070030667341405,-0.0082880299900023,191,2.1437257183242515,-0.4512144208510666,0.1554491334185941,type4_overdamped_decay,0.56333333
231,3.168459265439222,-0.0032480340182588,2.87342111235055,0.7132008725193776,0.0259530031811423,0.4560616719928834,0.113,5.997770303859269,0.0528520305852653,-0.015335274581802,193,-0.476009523894664,6.523439247739293,0.4500516392133953,type0_Step_Response,1.0
232,2.5853660864093944,2.110879668773322,2.163463383337961,0.0985777567202042,0.0141044435615302,0.5081601850937246,0.184,1.9027810236163591,0.0078388938077602,-0.0088558078625218,128,1.2400627107638884,-0.4735942333330302,0.2686073505971433,type4_overdamped_decay,0.57666665
233,2.3236100586550767,2.2000595339407427,2.2144458382737344,0.0337771966430892,0.0028506094000362,0.1759190057956197,0.454,0.9978429183062016,0.119369495520472,-0.1202357740203337,67,0.0200444180734917,-0.4922775523233806,0.2341005711655137,type5_Square_Pulse_Wave,0.99333334
234,3.27336300968241,1.7716386847187895,2.3615247174574208,0.1593062288065159,0.0187551546475441,0.5749297803893166,0.191,5.3291297458980695,0.0426770108504106,-0.0537894639371816,136,3.8935559217376334,2.2662003188886133,0.2097451749044836,type1_Damped_Osc,0.99333334
235,2.362679560540799,1.5161092290097211,1.8408059676387696,0.1283916918031046,0.010675510529704,0.2715999982772166,0.203,2.602179398326052,0.0111181214163251,-0.0193405961008414,171,2.965958622575041,1.4906443898771655,0.1551460367556825,type1_Damped_Osc,0.99
236,2.965011281443452,1.9899781131793977,2.380533799359448,0.1692203008540055,0.0184999883338319,0.7931689048795413,0.083,2.992448656293333,0.012496259412928,-0.0159230699694972,203,1.75597324650934,0.8830715541512291,0.2679365662349262,type1_Damped_Osc,0.98333335
237,1.287312724408617,-0.1096599211345418,1.180307475692103,0.2866717257225627,0.0091109127686155,0.4744691144878292,0.154,2.894139473851202,0.0290827635500409,-0.0132512273241667,181,-0.4335617545085298,10.55209322376281,0.1256436292334255,type0_Step_Response,1.0
238,0.537439540975894,0.5279901231306682,0.5330916423546457,0.0032815477183543,0.0079123697355417,0.9383951950160844,0.007,0.0688762559455451,0.0001105170598909,-0.0001121413047625,0,-0.3442197495394914,-0.344223984833753,0.0303297313768236,type3_Sine_Wave,0.99666667
239,5.0019198472934665,1.14840231577208,3.474065966365931,0.5142554789781861,0.0403484260533821,0.8664333018891313,0.043,20.637858874794997,0.2150464330589567,-0.2001550413399022,229,2.815138674494758,4.353174884376996,0.4717641534874737,type1_Damped_Osc,0.95666665
240,2.9816241792878966,2.463470066183908,2.545550290536524,0.1266948348441284,0.0136558697999826,0.5366272074583919,0.135,1.8963200829381064,0.0066436959785365,-0.0081350418614443,212,1.4380397756640255,-0.4768597770467657,0.264205281243596,type4_overdamped_decay,0.69666666
241,2.186353616372361,1.3188462441996645,1.7401547477904,0.1664605373869878,0.0131902779788937,0.6966636795621027,0.094,2.9827029047615805,0.0110531627741301,-0.0131914151974577,355,1.4904832358644866,1.5468274181131538,0.2148725838865064,type1_Damped_Osc,0.99
242,1.8429634617657844,0.0451452659925081,1.5965026505657187,0.4344948839949069,0.0150833377376926,0.5203706755632237,0.17,7.307950092450264,0.1257130892691966,-0.0564415189997755,187,-0.2270602161635576,6.036157373166756,0.2640318025017765,type0_Step_Response,0.9266667
243,2.7146326993153043,2.5827015500181205,2.600300157755488,0.0387463859687756,0.071133528871552,0.9166859321029608,0.406,1.3490704239575582,0.1304350925434674,-0.130600807483102,63,0.0864884032660994,-0.4957512749544072,0.2233330917835463,type5_Square_Pulse_Wave,0.98
244,0.8674878001565339,0.413802086449831,0.6154850844928909,0.0654713266824261,0.0048014929600435,0.6570640217123932,0.148,1.6561860092448242,0.0134327894315021,-0.0181339365578732,149,2.3987984117163905,1.6740825681212788,0.0894335419084129,type1_Damped_Osc,0.99333334
245,1.3180587973378215,1.2141178078576569,1.2261723052587927,0.0256119256224309,0.0028330516938197,0.1456366487998094,0.367,0.8101876116760423,0.0037177479083874,-0.0036157676448058,56,0.1694215619796714,-0.4955432528514198,0.154242966530004,type2_Triangle_Wave,0.87666667
246,3.128134454216772,-0.2048663147120753,2.5880308368216123,0.921636133030601,0.0245256285205401,0.7695723584482363,0.024,5.000714705746852,0.0273709126233813,-0.0106201715486577,402,-0.486782438330864,8.91003769062945,0.3536995103805385,type0_Step_Response,1.0
247,3.559147123998729,3.2331988523362587,3.276341423424784,0.0674363103653829,0.0186826358238816,0.6632073604860669,0.169,2.5641356502088293,0.0087681811396289,-0.0106294347146849,128,1.1254648347820126,-0.4449889845966149,0.1939618897983628,type4_overdamped_decay,0.55333334
248,0.9567968155299243,0.8441787568619981,0.8554107051636083,0.0262898874745007,0.0784964024198581,0.7385951038155955,0.417,1.0311976243420844,0.0051480416714432,-0.005254258065789,112,0.7180048759850483,-0.4944490769332481,0.0920416206234322,type2_Triangle_Wave,0.9433333
249,3.073332868541208,-0.1211350636600809,2.825150678705677,0.682733166160045,0.0199087605555035,0.5233758388073375,0.137,5.279815050441992,0.0641623614733953,-0.0105489118694528,182,-0.4483731947691756,13.987656986893588,0.2197128811758704,type0_Step_Response,1.0
250,2.1040436157215088,-0.0009653930351388,1.8970320218688104,0.3835402042130187,0.0133827920603866,0.5900279561503508,0.049,4.868834364833422,0.0676081682586164,-0.0206242906490516,274,-0.4885014886596667,6.171255785347169,0.3149912319535757,type0_Step_Response,0.99333334
251,2.9592461130881245,2.4592435312977914,2.5217268279112197,0.1079884519116718,0.0192346699459196,0.7997960240310292,0.137,2.044276066823564,0.0060850143865622,-0.0101463117022375,134,1.0908089413952713,-0.4675864545715929,0.3080308373307088,type4_overdamped_decay,0.7266667
252,2.802683243800034,2.103343746070592,2.4417597432740754,0.1248489059372374,0.0178533428234493,0.6097050055912328,0.16,3.202016480882201,0.0138963073480495,-0.015873228799069,268,1.467607563491251,1.3364020464423865,0.1838427263441224,type1_Damped_Osc,0.98
253,0.6746319027310866,0.6160007154374672,0.6231293585656645,0.0149918268455809,0.058619038501599,0.9576320911849486,0.366,0.8397326213431595,0.0035605707417831,-0.0035496754329349,141,0.71042043138899,-0.4976641218993278,0.0483453986879622,type2_Triangle_Wave,0.9866667
254,1.2713233662546488,1.2257554915313549,1.2334218105528507,0.0163387597090151,0.0454126113043542,0.9386686949908486,0.419,0.4645216255115065,0.0446437182266277,-0.0446996467580118,0,-0.1114629125809631,-0.4953200651374344,0.1158847967946323,type5_Square_Pulse_Wave,0.96666664
255,2.4382208053321155,1.6128597292047613,1.951311480622861,0.1176057153251136,0.0226890719904535,0.87304039958556,0.035,3.3729284483337247,0.0182795927729169,-0.027230852616821,116,1.5986481181296854,0.8521211272330389,0.239181764250538,type1_Damped_Osc,0.96666664
256,2.443290846079364,1.5283600625122191,2.053999344070303,0.1576507623324898,0.0171768194266608,0.4593510524468331,0.136,4.432992760547274,0.0238854370149952,-0.0221701823877134,307,1.7970128170496718,2.4789052201250783,0.1734164134318299,type1_Damped_Osc,0.99
257,3.757391064481312,1.6030552643444242,2.4800802363994188,0.3875414234120894,0.0113744394885761,0.3257467342956642,0.182,5.898716674571028,0.0240705446463826,-0.0345580294876031,323,3.4626537696890707,1.9863136002680395,0.3340590324852606,type1_Damped_Osc,0.99
258,2.129579638821273,2.018550350679836,2.06822726211318,0.0393752422523099,0.0947234980528315,0.9605054544972996,0.004,0.5091332249883669,0.000955541591026,-0.0009923788410088,0,-0.2592655206481409,-0.2593836547905485,0.2306618841727874,type3_Sine_Wave,1.0
259,1.5895954297491073,0.6265848239240415,1.1080024936705648,0.1479196530183809,0.0016977843400525,0.3344272069615213,0.008,4.023416486192375,0.0346297100922474,-0.0329223011366075,217,2.7154997176525035,2.3494458958198643,0.1587830571284731,type1_Damped_Osc,0.99
260,2.3114506784988467,1.676662974477014,1.73274519249655,0.1221668597842852,0.0120301991513569,0.4278844465582583,0.16,1.7604527677850008,0.0051938875020012,-0.0082912463083104,129,2.0011221887779578,-0.4710593426931702,0.250897998444644,type4_overdamped_decay,0.6166667
261,0.913475929085908,0.4911133621712257,0.7193805798661621,0.0662215765511985,0.0052795747987568,0.6747635099711302,0.11,1.8343528258518775,0.0115735869495634,-0.0113089378389029,256,3.1022854010547527,3.5468196872500237,0.0552172524810072,type1_Damped_Osc,0.99333334
262,3.072865121040366,2.9625222971130936,2.9740484557059736,0.0267361325874414,0.0853153893668103,0.0058873842492103,0.462,1.3135794014768707,0.1071012739055996,-0.1061696136651719,21,0.0067983314302041,-0.4910107778176714,0.2139307611330294,type5_Square_Pulse_Wave,0.9766667
263,2.3112645833070333,2.190151440967373,2.244507782597569,0.0416852035199032,0.1039690572358198,0.9565538411339308,0.005,0.6489590842707447,0.0010560590220598,-0.0010662931786349,0,-0.3195194098465801,-0.319537677669361,0.3355465314615626,type3_Sine_Wave,1.0
264,3.7694160026984846,1.6318893752858572,2.4024780651817044,0.280939381616495,0.015639163879547,0.3359583384880873,0.155,5.3517811951378365,0.0256823528958647,-0.0415787227478392,203,3.492036009375889,1.6719000327415707,0.3467794949212899,type1_Damped_Osc,0.9866667
265,2.5159583536023606,1.8812312108298537,2.1276483697412867,0.0984184851366561,0.0100527834129597,0.4796234817194319,0.17,2.1152706872530915,0.0079119953087531,-0.0109910261575718,156,1.7977739649925488,0.926913327002258,0.1704108541236948,type1_Damped_Osc,0.97333336
266,2.3176554504950584,1.0444238387388958,1.813330503418922,0.2081770163225414,0.0097251481222111,0.3602943209574035,0.19,6.347676685763614,0.0468767951534934,-0.0407793643034362,256,2.1083206664950813,3.482209717745359,0.1931910692348477,type1_Damped_Osc,0.97333336
267,1.899201081861214,1.5115359217719164,1.5560802268666376,0.0802955439248189,0.0103949571941301,0.4531983419163306,0.196,1.578832049640942,0.0057896486863644,-0.0064940572916152,174,2.3411125372015564,-0.4495368498264259,0.134067097666465,type4_overdamped_decay,0.54
268,3.371937702827412,0.0004546460196238,2.8427538827008143,0.8879531932722818,0.0200968263807812,0.5213313512023571,0.0,6.332530393925174,0.0886008553214837,-0.0252555441148354,377,-0.5008645257257667,9.397798757699428,0.3406593373042392,type0_Step_Response,1.0
269,2.757024223133309,2.589534412679501,2.601085220654463,0.0325188268209016,0.0541537268196217,0.8899150787019569,0.453,1.3313497109410304,0.1626746132695533,-0.1660788628270344,54,0.4599340688226213,-0.4905696393494596,0.1727831199096474,type5_Square_Pulse_Wave,0.99333334
270,1.3783440106951033,-0.0371303833575997,1.208179262219293,0.3001894135682231,0.0142829897680165,0.5519749644493491,0.103,3.71366132872616,0.0413649969932646,-0.0147453997262901,265,-0.2415059320482715,11.165427366810391,0.1187087990974289,type0_Step_Response,0.99333334
271,1.6196708809775708,1.304821655192865,1.4222419661283323,0.0372564615796959,0.0081594495395518,0.5959665608105623,0.201,1.7755084181587526,0.0092375230782533,-0.0117815032350945,112,2.0661446695871155,0.960907545865793,0.0781835469072247,type1_Damped_Osc,0.95666665
272,3.930763721438267,3.214406837547263,3.316559385104453,0.1586175967889824,0.02398872608665,0.8422226349423318,0.156,2.388594460811717,0.0097833466772887,-0.0100939804758719,215,2.366505757518247,-0.4287348244083884,0.2438436829152928,type4_overdamped_decay,0.56333333
273,3.318408092253536,-0.2761720192078185,2.797821626779034,0.8306279063517727,0.0239177348037418,0.5611698983784658,0.114,12.52039252331286,0.1577395249884394,-0.0681345251948428,275,-0.0748050490479587,9.619389200099784,0.3408934918597803,type0_Step_Response,0.98
274,3.5781776824845246,2.35179559260759,2.9933440476869646,0.1459895946310293,0.00208014466974,0.1718050180258321,0.262,4.824004563009051,0.078377253941424,-0.07547048838815,130,3.323675364016345,3.450595638206148,0.1577488216613929,type1_Damped_Osc,0.95
275,3.371105130246417,2.518511163913048,2.5851090196071045,0.153004489185673,0.0136410035934635,0.5480857167767449,0.211,2.2655262336366677,0.0069743963809618,-0.0146223633221613,125,2.472509009513908,-0.4722046930570558,0.2841691629935132,type4_overdamped_decay,0.53333336
276,2.453342366062226,1.4141608285424934,1.8594839736291904,0.1522061975415815,0.0131509130428251,0.6139423738844375,0.098,2.801887462396492,0.0132959839083917,-0.0198425533899231,149,2.0654724657679435,1.4761005598040495,0.2288153315312708,type1_Damped_Osc,1.0
277,1.0200215424957886,0.9470014329702016,0.9533232522355434,0.0159964173066756,0.0718937320448174,0.9706318379931258,0.421,0.6758727787024709,0.0038638522375633,-0.0038582354984413,85,0.5288015053786409,-0.4956961390198173,0.0706802151100484,type2_Triangle_Wave,0.99333334
278,1.5103899159723793,0.894372382510553,1.1412297852925992,0.0753807715257089,0.0132131446290721,0.927020297634544,0.033,2.1957258508428223,0.0120392231036223,-0.0172443207295924,171,3.025083019794724,1.8055939862574213,0.1056511161263795,type1_Damped_Osc,0.99
279,2.062035442839253,-0.0033483634501074,1.8261785417064025,0.4990136838518735,0.0160230419011955,0.5434649245928377,0.126,3.837551168875084,0.0491423471569409,-0.0087823880351378,241,-0.4403044373619769,9.039803698482954,0.2151553690570498,type0_Step_Response,0.99333334
280,1.600739070871634,1.3458055994916749,1.3869672655517336,0.0610579306275085,0.0090664123582622,0.7030057063232232,0.158,0.9900437627623068,0.0035835612272407,-0.0044084660713752,262,2.4362462283968798,-0.4484684439262731,0.0853254457895134,type4_overdamped_decay,0.67333335
281,2.851008188585338,-0.0044930561787859,2.586060860609998,0.6950606311657105,0.012986571686004,0.5182203754416961,0.186,4.442222025615575,0.0475520192589012,-0.008645829638112,164,-0.4742641672916453,8.248486272833317,0.325442097363894,type0_Step_Response,0.99333334
282,2.964047331142997,-0.6568132945092392,2.5783079914107376,0.8820985586401914,0.0195111073858758,0.4652472462376835,0.095,6.491254046590034,0.0705963799997911,-0.0505123917694476,231,-0.4677896915165601,11.889995163491657,0.2914829120980986,type0_Step_Response,1.0
283,1.4647735267122477,1.4396356683265816,1.451398286909214,0.0087652115716655,0.0251275266141377,0.9748424493342234,0.01,0.2326324137568021,0.0003934789904294,-0.0004027354657687,0,-0.3665148148802311,-0.3665368514420202,0.0941675043981045,type3_Sine_Wave,1.0
284,3.2572993029931325,1.9663412764814148,2.506033078520157,0.1804856999877927,0.0183348093934934,0.6453700092611704,0.134,3.9055368180717456,0.0186595631563819,-0.0300141566747242,173,2.721672497932284,1.761583670919601,0.2354363879340741,type1_Damped_Osc,1.0
285,1.1911326793837156,-0.2736323677500951,1.0556909832517305,0.3459647560091758,0.0075473190264143,0.5795987225025316,0.057,2.8324279100736582,0.0298735067507197,-0.0249858301202182,196,-0.4778118358105688,10.443820365971863,0.1335732179220059,type0_Step_Response,0.99666667
286,2.188790327329184,2.078584039607388,2.0911306810614616,0.0222031166517166,0.0436802452617026,0.9844706397088772,0.328,1.0779636651495803,0.0046104913240254,-0.0044890298241071,68,0.4710478779656638,-0.4881166653976382,0.1121200408662055,type2_Triangle_Wave,0.9
287,1.6448325252433758,-0.0017559986277372,1.4628243890172177,0.4238064763371847,0.0139235362539347,0.4993064129665573,0.13,3.188752320847538,0.0233271337515118,-0.0075871760230887,262,-0.3965100484488394,13.72878887634855,0.1148867213402105,type0_Step_Response,0.99
288,2.45442406567813,1.491945448568541,1.94025032750171,0.1536511192042593,0.0127035615454991,0.9555935357561712,0.023,2.5433000345319723,0.0107629076565736,-0.0143809219250696,308,2.3400315336995026,2.11184233739862,0.176540881147664,type1_Damped_Osc,0.99666667
289,2.5212094253460813,-0.0875295944127168,2.1215249804556,0.6167931742781693,0.0171992025788378,0.7189880727262711,0.004,4.124295517527475,0.0496340765199628,-0.0105412092036883,418,-0.496387052921575,8.422770202659702,0.2922503970530696,type0_Step_Response,1.0
290,2.717228277968172,-0.0012995644804501,2.373076086521856,0.5915308597982022,0.0213814397591258,0.5951634432632964,0.115,5.977175213246275,0.0663931864841052,-0.025182226623741,361,-0.4596362592477037,10.334788348974236,0.2499760757384481,type0_Step_Response,0.99666667
291,3.4615573676746507,2.7593339751746497,2.8430490765583327,0.1525924158350471,0.0176508822003249,0.5782138757565566,0.159,2.736740601453464,0.0101688918214626,-0.012808754771493,142,1.266170329479447,-0.4750536276761553,0.3920589829758185,type4_overdamped_decay,0.54333335
292,2.333763355800327,2.1923850268271985,2.2190518400517223,0.0531489012953803,0.1407150037651874,0.9332084495989424,0.409,1.2625278260097446,0.1391381886809255,-0.1392505145848748,179,0.1633593956696603,-0.4910295509502133,0.210281203613865,type5_Square_Pulse_Wave,1.0
293,1.0380508412003355,-0.0010604714149422,0.9234157750991536,0.2739947578149813,0.0077489582114651,0.5519799036609325,0.135,1.784660211104098,0.0133256773829734,-0.0039477141962158,239,-0.4470363885985411,13.815769014313096,0.0723175341682998,type0_Step_Response,0.9866667
294,0.6466839338469205,0.536102667703785,0.5494831964201993,0.0236395241054479,0.0030543670571664,0.5835869631355151,0.159,0.3814084023804704,0.0012463697941248,-0.0016536388779428,159,1.634023120871294,-0.4653466400052887,0.050990208599015,type4_overdamped_decay,0.81666666
295,1.7194386872494445,0.0561225147351008,1.535744822909568,0.3701649378075628,0.0111316579364175,0.5659401439289822,0.138,3.322564988867941,0.0489132909894765,-0.0086078625625214,280,-0.4051989909871409,8.794527255118537,0.1771496453977921,type0_Step_Response,0.9866667
296,2.137907759958486,1.3166919942763136,1.7426602898817878,0.1307139100847098,0.0108061726952966,0.6270609908479956,0.129,3.536339697531702,0.0186352282584876,-0.0206334969503756,286,3.4270198661504985,3.5394194168066933,0.1030844190878377,type1_Damped_Osc,1.0
297,1.0395292713370792,0.4938526397850422,0.7669321672541585,0.067503242603564,0.0047374445387844,0.5448575522093899,0.152,2.49046092145772,0.0231593004622095,-0.0286430585923231,129,2.4044755784611285,2.412976866628477,0.0937999299010396,type1_Damped_Osc,0.99666667
298,2.712208061427033,0.6173415921765172,1.746284436871175,0.3879152833373469,0.0092432443878589,0.628329229274533,0.075,7.745312113064883,0.0403750952761881,-0.0393733409345524,357,3.34767932733342,3.939436257659246,0.2527859600563746,type1_Damped_Osc,0.9766667
299,2.95981360079598,1.490275835230783,2.025043713520569,0.2760180057219259,0.0122263322058671,0.514051717073542,0.141,3.2801640632200986,0.0115204770584735,-0.0171142759457891,285,3.688999200626783,1.6018462639642326,0.2335994062859618,type1_Damped_Osc,0.99333334
300,1.5356193031608618,1.3707086466661615,1.383541202301683,0.0397558706749374,0.0500155096355916,0.8234991690773511,0.47,1.6963599994179013,0.1632958077790658,-0.1631826912913669,73,0.3710267144704886,-0.494456772903948,0.1881317721207553,type5_Square_Pulse_Wave,0.98
301,2.9855807006598734,1.7047621415407264,2.2132361518416057,0.2103993094693064,0.0158250943491982,0.7672692823926598,0.062,3.241111907290545,0.0114224069642816,-0.018665850939608,274,2.9330157676931186,1.7675604943278167,0.224682295306243,type1_Damped_Osc,1.0
302,1.2715664644615472,1.244250805162872,1.258787573431488,0.0095236986138343,0.0255232345612383,0.946509043980688,0.008,0.2030547854329043,0.000318680182636,-0.0003192559811433,0,-0.3143218472563869,-0.3143169283723626,0.0735554966594134,type3_Sine_Wave,1.0
303,3.7729573595717714,3.339479310686834,3.3687193494731504,0.0949154713313804,0.4333274136195664,0.8965241740062071,0.459,2.432202833740845,0.430962503776358,-0.4317349843635969,54,0.4260369243500863,-0.4970849161709157,0.4666312630451097,type5_Square_Pulse_Wave,0.98
304,1.7538962046240003,1.6446437195059755,1.6584150312863808,0.0331708806811527,0.10388083234139,0.7000925231351669,0.434,1.041601915388768,0.1072100836630465,-0.1070291924660065,124,0.8113087769435063,-0.4840061752327799,0.082311663502514,type5_Square_Pulse_Wave,0.96
305,2.3584430942659544,1.379501565946489,1.8582324274268105,0.1115724734625021,0.0118038818864532,0.6063766014951899,0.246,4.0587571060369605,0.0334878520918879,-0.0420150818752338,120,2.2696742725562444,2.182689398371718,0.1795444301595632,type1_Damped_Osc,0.96666664
306,0.6965265525800569,0.0001326798765541,0.6275378260269587,0.1657439150537087,0.0068164628068174,0.5901936568890587,0.113,1.333136666155287,0.0214046065659396,-0.0026589711051827,183,-0.4652393159178956,6.390065202556301,0.1005648205606453,type0_Step_Response,0.99666667
307,2.3000178861363776,1.6662379514638077,1.779275917062606,0.1625989648162581,0.0138822402612239,0.6801200982907382,0.13,1.832428628571862,0.0081777917540908,-0.008158629647422,300,2.462901869455626,-0.4669354781209367,0.2115444073423746,type4_overdamped_decay,0.51
308,2.7261950057454305,0.7619372226114667,1.8207038569873684,0.2983840324654218,0.001556561811729,0.1927271969142698,0.294,7.936814632082393,0.0673517065889257,-0.0646137706778375,235,3.096980083160185,3.495494590351024,0.2587111406491627,type1_Damped_Osc,0.96
309,1.7706493922230775,-0.0752594141014711,1.4484224320045864,0.5900808027555432,0.0132920404970229,0.7067990484767004,0.018,2.868882179203004,0.0177282083657805,-0.0080016793859953,239,-0.4844023877616933,6.794361408460873,0.2525197201649964,type0_Step_Response,0.99666667
310,2.4955431767289578,-0.0020338386861436,2.1693335630248844,0.6411731596501017,0.0206372341135776,0.7231591264791789,0.048,4.185934003472422,0.0275609855755367,-0.0099152669167938,358,-0.4279222298463438,15.31676121969242,0.1571906554664695,type0_Step_Response,1.0
311,2.691612176088404,2.586246642944148,2.640703417018387,0.0368964721777795,0.1022908265327688,0.9618104969480074,0.007,0.6816980634814009,0.0011307503268027,-0.0011120370009738,0,-0.3058223977549372,-0.3057396421679008,0.2712544704006934,type3_Sine_Wave,1.0
312,3.773251827491816,2.9736184579947573,3.1112328389691792,0.2052181889840227,0.0112073712242328,0.230280881050434,0.139,2.192887906999273,0.0076412566248338,-0.0102171511741286,236,1.4203668897623254,-0.4839892402810717,0.4129532117411481,type4_overdamped_decay,0.6566667
313,0.9245802526425244,0.4978472309173309,0.6729202524438049,0.052021606090262,0.0048607904626688,0.6440345644618112,0.215,1.481105296437017,0.010324322756595,-0.0147649325030246,153,3.748264440728128,2.350299743457135,0.0601153994882377,type1_Damped_Osc,0.99
314,3.370038468967819,1.5569522204210506,2.593844436905884,0.1966802714755981,0.0131032865343354,0.5959299966662329,0.2,7.939795690199168,0.1413569117453503,-0.1420522846040528,107,2.687742366602715,3.5512517655743228,0.250461074486533,type1_Damped_Osc,0.9766667
315,1.1347498696884513,0.8519769610449555,0.9469283808584036,0.0525352054610318,0.0009103856487949,0.1515956445505346,0.032,0.5726131805893889,0.0023610818794395,-0.0043477304262424,161,2.2147581993988528,0.630106780974056,0.073545601753763,type1_Damped_Osc,0.86333334
316,3.490797160927268,2.5600360118720333,2.6720265038394437,0.20540772367676,0.0140229504042097,0.3697989474209279,0.174,2.7263956538706644,0.0101657048877599,-0.0119531621775936,191,2.1542333046129043,-0.4769682823355924,0.3476537217311115,type4_overdamped_decay,0.49
317,1.0879216305900603,0.858137319973298,0.9542981923908792,0.0335754676212497,0.0054034890552111,0.4296589648888208,0.112,1.1125636114506627,0.0046802651180953,-0.0059435071616593,225,1.7366774473582518,1.1060523255643595,0.0597971557188103,type1_Damped_Osc,0.9766667
318,1.418760649345301,1.086839731062787,1.2294251818022777,0.0605691131313585,0.0102408036376053,0.6979052963362256,0.095,1.615273878528548,0.0061184126373932,-0.0081173190244359,283,1.6007305187977108,0.9861697096676488,0.0925369809978029,type1_Damped_Osc,0.98333335
319,2.0566527600111457,-0.0008058004951608,1.8293698152490536,0.4117684173461604,0.0134623745479918,0.75052636422794,0.088,5.006787484971271,0.0544909547843346,-0.0194418095955716,300,-0.3111425641938221,12.364844116852469,0.157614953291717,type0_Step_Response,0.99333334
320,2.211274248643752,1.68502205234038,1.882851853794996,0.064980013363759,0.0157505642030453,0.5131781152339295,0.224,2.2650598120111134,0.0106035198200387,-0.0141827295835208,107,1.892064011925268,0.9290390387678152,0.1377225867300069,type1_Damped_Osc,0.91
321,2.010727570070401,1.0773490991833012,1.6080272588382394,0.1396996314347549,0.0154773590276269,0.6961385920586031,0.241,4.431240857929874,0.0306303790688626,-0.0288766146412893,198,1.7023219644268008,2.5312990378259843,0.1783427708054006,type1_Damped_Osc,0.93666667
322,2.266258022272996,-0.0015541486209682,1.8895166328962771,0.6407586468441898,0.0205101166340533,0.514362809794879,0.048,3.92729499528038,0.0270533233831881,-0.0091452297867111,451,-0.4500956404218541,15.539302217835486,0.1409523931452012,type0_Step_Response,1.0
323,1.8047711146825915,-0.0013706761280965,1.4947358373753514,0.3890608956899178,0.0189620541732187,0.8240169484179485,0.049,4.318613453507585,0.0533073780840175,-0.0152916447188535,309,0.5167655121086415,9.308321076371897,0.1668477915671071,type0_Step_Response,0.98333335
324,1.4657195964632563,0.9171061567476568,1.120790357795657,0.0792572671276859,0.0067351176476777,0.6542077503128525,0.206,1.5486251381070086,0.0063828776311503,-0.0109987238866211,140,1.8500663634989865,0.8074402151241361,0.1499965694995759,type1_Damped_Osc,0.96
325,1.7823958463928078,1.4574101945571256,1.4998764790325654,0.1028799131691848,0.3249713280320876,0.8800895342096616,0.458,2.5525377518793366,0.3240588567175877,-0.3241977454488871,144,1.9586927394998104,-0.4959651093041053,0.1319616704060191,type5_Square_Pulse_Wave,0.99333334
326,2.581549141262345,2.279897637552939,2.3089761452381343,0.0625774537293701,0.0007585197952462,0.1772703838219285,0.381,1.5254087778990495,0.0077314703643045,-0.0078088660477613,136,1.030812662905243,-0.4979181225766149,0.1967855555443081,type2_Triangle_Wave,0.85
327,3.970453347003384,2.6780826339773105,3.120055250323995,0.1949637835640554,0.0181880262706739,0.4337738381064425,0.114,4.619373155726091,0.0286250120427653,-0.0457305081176833,143,2.83592702765772,0.9876142290655524,0.2679298557309337,type1_Damped_Osc,0.9866667
328,1.613831200221539,1.525104999003584,1.570910664506789,0.0312386126454782,0.0882001886614167,0.9549887511014876,0.008,0.753407135281803,0.0012144124052571,-0.0012070984296321,0,-0.2623479298629098,-0.2623303620948157,0.1866655776850478,type3_Sine_Wave,1.0
329,2.8923035968477806,2.6036192640210287,2.6278545798622943,0.062887023544436,0.2878016404633956,0.8087743715872999,0.409,3.465411717553315,0.0211583853583219,-0.0208949147990611,95,0.705302600197747,-0.4961324499227532,0.238745831396101,type2_Triangle_Wave,0.99666667
330,0.5474872044559271,-0.0215774629048865,0.493001203481807,0.119362498421511,0.0043231163671394,0.397195042078465,0.177,1.0512023604204788,0.0156661098319349,-0.0024549922060364,227,-0.4544880897109273,9.861467220804537,0.0546810616407005,type0_Step_Response,0.9866667
331,3.530052075919652,2.418450993228656,2.522310552716797,0.2862560881919903,0.0022404844899686,0.094366705176533,0.444,3.462132900795557,1.1089194217170153,-1.1093300822610632,139,2.7965710301828874,-0.4960250014217624,0.3367930860543824,type5_Square_Pulse_Wave,0.9866667
332,1.86220445656562,1.786931885051663,1.7942531110127693,0.0174330660452328,0.0280748402147543,0.933499732492413,0.416,0.6122328535909438,0.0733864715446728,-0.0730356384542811,0,-0.0843415870370706,-0.4939016279892408,0.1784738839913457,type5_Square_Pulse_Wave,0.99
333,1.2129722934216618,0.4724808927360991,0.8151386147338091,0.1384683922868667,0.0052460963532297,0.5593441530579757,0.105,2.6939674611081394,0.0108402715689269,-0.0135745126714624,351,3.088536588680444,2.5335705115051383,0.1118211151651127,type1_Damped_Osc,0.99666667
334,0.7029387434888765,-0.0007355616289268,0.6561906474599927,0.1264743278444771,0.0060550506744132,0.613849885607162,0.157,1.3106125349745466,0.0183994076768834,-0.0035521674987091,147,-0.4574124429454866,7.4337268933203005,0.0882204819651684,type0_Step_Response,0.97333336
335,2.0042377318621,-0.0010036098029844,1.887109669201417,0.3930137776448904,0.015337760821835,0.5194169689048003,0.259,4.023398268347386,0.0403293736231761,-0.0088434549605924,81,-0.457094069442276,7.299215389365899,0.2557013925008513,type0_Step_Response,0.91333336
336,0.766086150062107,-0.184359890665585,0.6568550001542757,0.2048116217975045,0.0038796952797381,0.4346094777248623,0.006,2.288184052360957,0.024935141960068,-0.0185203128375597,335,-0.4973940913464276,8.835411823126089,0.1017824197841348,type0_Step_Response,0.98333335
337,3.3725901883198337,3.2462461618925493,3.3038299950106675,0.044698206747016,0.1263312436391603,0.9703197856894418,0.007,0.8573000661385932,0.0013889878486907,-0.0013805526851107,0,-0.2633770542317902,-0.2633776623240442,0.266973662173203,type3_Sine_Wave,1.0
338,1.840766796446413,-0.0028188705636851,1.657225978287519,0.3027617179131777,0.0109685442571492,0.6086780023632931,0.117,6.005087893052089,0.0872813412762933,-0.0374729878318602,187,-0.1176476290715533,9.326065889479551,0.1805946445356967,type0_Step_Response,0.9633333
339,3.9328933007374167,3.20337559106913,3.2566632793986576,0.1207411156132317,0.0163110662967214,0.3443166442247383,0.206,3.152167560735977,0.009898652921684,-0.0157967311669695,92,1.8388183530827784,-0.4604892399046314,0.3067353906682144,type4_overdamped_decay,0.41
340,3.023777425149313,2.1475194249462417,2.236507044935415,0.1798398185305266,0.011612911744335,0.5737302357665729,0.175,2.108645798953793,0.0065596950758592,-0.0119055305927266,158,2.1859517635131938,-0.4736856083064334,0.323072276118961,type4_overdamped_decay,0.61333334
341,1.8813168553202344,1.814310395359077,1.848072660209093,0.0234533094253173,0.0662988322034501,0.953870305721527,0.009,0.5554177809517153,0.0008926088257388,-0.0008982660578151,0,-0.3688442359834543,-0.3688039017567482,0.2554068394407029,type3_Sine_Wave,1.0
342,2.403204097375919,2.2671586227653995,2.33999653449723,0.0479106867356854,0.1360031353789597,0.990358233078695,0.009,1.216657911578388,0.0019658558487756,-0.0019532153573238,0,-0.2947562272092654,-0.2947434298165084,0.3314137903632916,type3_Sine_Wave,1.0
343,1.1402907399779123,0.6985156769647258,0.8926226105268774,0.0755054370164293,0.0026809865284456,0.9314309830181626,0.026,1.0723535334340348,0.0040870248623426,-0.006089559439652,355,3.318460966163544,2.515110635268873,0.0646477550510459,type1_Damped_Osc,0.99666667
344,1.3612878577947978,1.2921349555278658,1.3014451812610834,0.0180881425959389,0.0690584640948699,0.9107227405920888,0.379,0.9599242230767582,0.0040399148281389,-0.003845146286552,99,0.3076702376126868,-0.4916379582369538,0.0847428514958184,type2_Triangle_Wave,0.97
345,2.583698198820964,2.1192134819586204,2.185984920254049,0.1116152193559865,0.0027988304983899,0.236457035705974,0.196,0.9026929259262362,0.0018944967165217,-0.0044809891665331,183,1.1932941762213407,-0.4941065347074236,0.2733569298141223,type4_overdamped_decay,0.9766667
346,1.9301287045696167,1.5631612290702803,1.5961837823064071,0.0686088020326529,0.0065560536521596,0.3705678322052309,0.21,1.4138873027895065,0.0045177129678954,-0.0064699835960277,91,1.0593975360637484,-0.4684256958816829,0.2306561726808074,type4_overdamped_decay,0.6566667
347,2.193675395421665,2.132197858070015,2.1591446753183874,0.0211924080684712,0.0383589622890281,0.9328411525991084,0.005,0.316052395993708,0.0005883149109204,-0.000599282257597,0,-0.3882625822391192,-0.3883722183703003,0.2752332839644777,type3_Sine_Wave,1.0
348,1.8733444862501656,1.801510135178939,1.8368108583677103,0.0256928897215554,0.0701821001553213,0.9671476191781312,0.006,0.4046458232323109,0.0007445310599907,-0.0007163337655238,0,-0.2940827735114743,-0.2938913156037802,0.1743442564497368,type3_Sine_Wave,1.0
349,2.441033547684475,1.4389102811105672,1.8451234463869817,0.1123150542624763,0.013728271095923,0.6965413823993402,0.222,3.862681486448161,0.0324276025179377,-0.0463750643634133,117,3.4480174791849456,2.1181905404171704,0.1526182636283022,type1_Damped_Osc,0.97
350,0.8901484232550934,0.8531782376123943,0.8718325080055908,0.0132162614156032,0.0348891018674255,0.9616858920194372,0.006,0.2116575552116167,0.0003895426236383,-0.000380537348498,0,-0.3202676084519695,-0.3203345867635652,0.1028670324374142,type3_Sine_Wave,1.0
351,1.966777228403849,1.4864083915782489,1.7212962202260802,0.0734927450514144,0.0141366549631833,0.6870330725534625,0.184,2.469333822342203,0.0138677017840935,-0.0164759937465091,199,2.1888427863764712,1.953021725833403,0.0934230833358047,type1_Damped_Osc,0.99333334
352,3.315282199403802,-0.0017934188661843,2.9615507957649005,0.6797019969101936,0.0190887285725454,0.5518653894854343,0.056,5.016162219185771,0.061108032499764,-0.0078847961136627,385,-0.4607987681058075,19.324932377223394,0.1669881850143948,type0_Step_Response,1.0
353,4.4373762955242695,3.4136578515179656,3.502121399538003,0.1836512268491777,0.0355305170566193,0.7232531889618621,0.194,3.726786714041661,0.0148930560780309,-0.0209187856265895,117,2.1371992669269377,-0.4531539040348231,0.3814087713119818,type1_Damped_Osc,0.44333333
354,1.3622930696116005,1.238995473543453,1.2501559040697734,0.0185145455285098,0.0116026215577855,0.770389246824875,0.205,1.287860657264205,0.0048118538275252,-0.0062422311668133,64,1.2581001536364464,-0.4160613557009444,0.0669353958268064,type4_overdamped_decay,0.51
355,4.277738205687801,2.5154627485757803,3.26538578766501,0.3269644863759623,0.017429684820029,0.476802578805104,0.143,5.006320088318228,0.0174799555915017,-0.027658903140443,288,3.0449195034457563,1.910097622714084,0.2959312156081815,type1_Damped_Osc,0.99666667
356,3.142595017707033,2.9133857872242075,2.9432416900789287,0.0569693491667149,0.0857363289377279,0.9006585981277138,0.344,1.4095320257056485,0.0055800458276111,-0.0058327577955852,65,0.2021679629362637,-0.4943667913113797,0.3238327932640108,type2_Triangle_Wave,0.93333334
357,0.9258431466766096,-0.0463494514624431,0.8691613146765094,0.1633579779488265,0.0046962024285335,0.3486902814028967,0.205,1.5657802943120325,0.0209729727996523,-0.0027429321904496,166,-0.4403294171904685,14.131421720169389,0.0661756510740811,type0_Step_Response,0.9866667
358,1.0094343731459845,0.6166092288678926,0.8206624554455293,0.0469439752442659,0.0038703061529855,0.3749034337697122,0.177,1.734473717315748,0.0131214032782595,-0.0160566426445963,132,1.8421100623775732,2.130158838169665,0.0790031979635812,type1_Damped_Osc,0.9866667
359,0.5817987239450463,0.5713441601628483,0.5766035508074472,0.003638338551811,0.0070476333073862,0.9532412250462146,0.004,0.0443993504501433,0.0001003999934323,-0.0001087908486687,0,-0.3406820263378766,-0.3403126928999819,0.0327723846991523,type3_Sine_Wave,1.0
360,2.902553204265004,-0.0017494346986295,2.655212139749895,0.6632810294640573,0.020234114230103,0.5300068530313513,0.153,5.25621643816598,0.0466738785363178,-0.0110441491321409,144,-0.4683807047373262,6.8470582067803045,0.3936074775133487,type0_Step_Response,0.99
361,1.8042302561272825,1.1755475634450077,1.4697961116271123,0.0983755952514829,0.0072212201622776,0.5852665091937737,0.167,2.528679797592603,0.0132275691801766,-0.01530390744116,222,1.8704596884391704,1.557517136670366,0.1419796709678404,type1_Damped_Osc,0.99
362,1.575314196130437,1.2989878899056884,1.3412253373420913,0.0980865023052178,0.276205079624106,0.892877014892521,0.403,1.838809510657385,0.2752997564658728,-0.2751039047596797,153,2.1471793740912903,-0.4946190051391194,0.1041734278545014,type5_Square_Pulse_Wave,0.98
363,1.0222694002370294,-0.0001295569628224,0.8983942019046866,0.2597959692428945,0.0063912233888316,0.6055041452771704,0.12,2.330886682263957,0.040588456794446,-0.0118402236698575,252,-0.4138749522639003,9.361996265554003,0.1027730689043756,type0_Step_Response,0.9866667
364,2.7909575083342206,-0.0034206455432504,2.47145629524677,0.6340442384468032,0.0212597008468029,0.6290980734609191,0.144,4.448621951226257,0.0307802118844625,-0.0105675077332034,277,-0.4658258596625269,8.159290567698127,0.3214343472625538,type0_Step_Response,0.98333335
365,0.8990428322347106,0.7489072857442411,0.7658758548855326,0.0312574133168256,0.0046762162136694,0.5771484477215099,0.174,0.6506913689279747,0.0019749441411511,-0.0027830557668914,119,1.0696008879636505,-0.4687318225177456,0.0937837764068798,type4_overdamped_decay,0.7266667
366,1.2259030066391905,1.087798941495549,1.1070081169496844,0.0449723155508059,0.1116641399100326,0.9168837855197952,0.382,1.1909550679942558,0.1373939236634067,-0.1372153347477576,149,0.8728789429603371,-0.4950455621516377,0.1002327763772013,type5_Square_Pulse_Wave,0.96666664
367,1.7749121322057224,1.3574709260419582,1.5380017964452903,0.0674059059273986,0.0095533048493468,0.5505036230188662,0.217,1.68738216420431,0.0078196695159005,-0.0086817625085533,214,2.023250136347186,1.346520093721054,0.0955293262998968,type1_Damped_Osc,0.9533333
368,2.8775011348606645,2.388446035726369,2.4551681926217954,0.1088186392145461,0.01335163390514,0.3083465352744972,0.177,2.1478503331935097,0.0082007594380564,-0.0099438205177775,146,1.0190670545248792,-0.4748657245805415,0.3167042338656216,type4_overdamped_decay,0.55333334
369,3.910050114886308,2.990710361700927,3.3362619159565354,0.1730288998484689,0.0168833014037788,0.6353649852936437,0.118,2.895776575088548,0.0097313645515391,-0.014497784558892,261,2.6908223235313065,1.1817725059832305,0.1886756000348537,type1_Damped_Osc,0.9866667
370,0.8737475519625632,0.7551105115334328,0.7712298622909545,0.0269593840768474,0.0035920382698066,0.4672259417631831,0.167,0.527260068211166,0.0019601750776787,-0.0023848090906283,216,2.4593846199024094,-0.4544384624197531,0.0394805877415509,type4_overdamped_decay,0.7633333
371,2.46686908140771,2.175600060716553,2.216119640890918,0.0620661804526254,0.0172645443361467,0.5349353763089738,0.173,2.2255872678086472,0.0100547805173518,-0.0094080951731498,178,1.9359022098331535,-0.4205299550324943,0.1157955925351652,type4_overdamped_decay,0.46666667
372,2.581855567509996,2.5166494874566565,2.5502317678139708,0.0227950339054301,0.0622797105931445,0.9591208052903522,0.007,0.4212293747500255,0.0007764233314557,-0.0007875300033117,0,-0.3638921083727023,-0.3638333880775858,0.2394865446570691,type3_Sine_Wave,1.0
373,3.81409670222046,1.885079607659608,2.7420701662771734,0.3566742102369995,0.0225514759289211,0.9607141389413124,0.013,4.271396302157356,0.0159579865636927,-0.0264754857561917,332,2.886230028904392,2.09234656534538,0.3226549102701455,type1_Damped_Osc,0.99666667
374,3.785993778647202,3.245401170744725,3.2955088971790203,0.1337678803411245,0.3712013318747424,0.8235887304229477,0.439,3.8114063150038366,0.5361777418262439,-0.5369767022581029,124,1.313459548376219,-0.494724418704168,0.297235479253076,type5_Square_Pulse_Wave,0.99
375,2.0518262739784565,0.7898014883024779,1.510552152163089,0.1559920957018669,0.008095227680902,0.4472536104543781,0.21,5.512439903866488,0.0519428095588729,-0.0475451687622878,195,3.3541704059479245,4.627096851849977,0.1405174514298344,type1_Damped_Osc,0.97
376,1.6951903568109448,-0.0009561700227935,1.4452315645632894,0.4591561907417362,0.0191504805974782,0.7521641247019015,0.014,2.782322521445048,0.0121262723481894,-0.0063504531386751,294,-0.464738864413255,8.843927835897269,0.1808414919446246,type0_Step_Response,0.99666667
377,2.525533910207782,-0.0027738639960837,2.2438675833803874,0.6141885643807893,0.0243068308228862,0.6057406115517923,0.144,5.785816349588205,0.1232115324137164,-0.0221831530561138,182,-0.3062366095447072,8.729362790523345,0.2683088102234547,type0_Step_Response,0.99333334
378,1.2163086203645386,1.1605841759055866,1.1662435250366947,0.0128711624557614,0.0293032399804114,0.4559568680070146,0.431,0.808595995218528,0.0040102859965125,-0.0040377956604036,21,0.0609508455155285,-0.4961294138860043,0.0986585163707147,type2_Triangle_Wave,0.8833333
379,1.4239434764258223,1.0377619262377191,1.080858767990228,0.0827461814928167,0.0067570060630961,0.7707574041046272,0.162,0.9646092857212544,0.0029386630955043,-0.0050011191182679,170,1.9799739271318728,-0.4783253084202704,0.1543708206258776,type4_overdamped_decay,0.68666667
380,2.1842493564493743,-0.0017532562819242,1.985902793011373,0.4965697823491628,0.0198863395247923,0.5800311003474528,0.138,4.121895151349562,0.0400417269871276,-0.0108608418820916,230,-0.4249907705247583,17.829240353286117,0.1187770575975482,type0_Step_Response,0.99333334
381,1.286676287949864,0.7215637941912083,0.9229523660153224,0.0601078116843554,0.005545735364545,0.5406541141492704,0.234,1.4907827408929442,0.0128556744833764,-0.0198856402694185,98,3.6033891980903183,1.675459531019173,0.0900025654605639,type1_Damped_Osc,0.98
382,4.058700969147002,2.520679406838678,3.134000933644292,0.3017892181554182,0.0171155532135012,0.4631065908255724,0.162,4.01325832723678,0.0172737052363882,-0.0216065343391367,285,2.6292338575289507,1.414605993714216,0.3049306892504217,type1_Damped_Osc,0.99333334
383,3.068210596174977,-0.1047516651366533,2.7928579130866376,0.6764090046118134,0.0259052457819302,0.4538358878294828,0.158,5.774693361641312,0.0375153077832143,-0.0156764910571585,229,-0.4547300992484817,11.640102795006442,0.2603910721923359,type0_Step_Response,0.99333334
384,3.4195602222409427,2.1482097605620374,2.9309635089113626,0.1129685309045049,0.0146592771290658,0.4948836789140772,0.253,6.82700987141617,0.122472524219412,-0.1129431270946099,91,2.5465993402872624,4.44416442934071,0.159102496123233,type1_Damped_Osc,0.89
385,3.619436293506424,3.38040725256462,3.416205023577444,0.0657508524216405,0.2373097916991042,0.9848256244195074,0.347,2.6308696654997936,0.0096923473337713,-0.0097506043811499,28,0.050822436853875,-0.497472189881005,0.4319669906165657,type2_Triangle_Wave,0.99333334
386,2.59830218258658,1.6363750449095755,1.992402463825475,0.1886267850839292,0.0135653923404359,0.694400744654246,0.206,2.5339703696238773,0.0083988284925691,-0.0135140267655367,249,2.416141946955419,1.1108881993791164,0.2124852511653499,type1_Damped_Osc,0.99
387,1.389734508468968,-0.0005729625551631,1.2801732789523286,0.3021805156663931,0.010243928730157,0.5301956200120197,0.194,2.448278420736375,0.0262121725477941,-0.005644790793355,151,-0.452154528707548,8.945649106889487,0.1464484399895642,type0_Step_Response,0.9866667
388,0.8488521398829206,0.7050275894759686,0.720999209641636,0.028970724758749,0.0056258243729032,0.5730354292116479,0.177,0.652492252397036,0.0022452663283001,-0.0029964335866906,149,1.95071863450508,-0.4480021549788424,0.0574673765820161,type4_overdamped_decay,0.6433333
389,2.544381334986072,2.2914142521438747,2.321685393894124,0.0506080422182681,0.009483100914494,0.2860691146331564,0.248,1.7125239249516602,0.0066954568123329,-0.0070570659775732,131,1.4084532836987047,-0.4475800139900197,0.1290073595015037,type4_overdamped_decay,0.54333335
390,3.172595371056339,2.9110268843019096,2.934999113007472,0.0403732700539569,0.0158235771357544,0.5474271933681182,0.211,2.2664529593139,0.0091737130995652,-0.0090802255946234,63,1.0434868349083382,-0.4287962790475731,0.1619929501693229,type4_overdamped_decay,0.48333332
391,1.0539826635736782,0.8259606915289215,0.8591967028847843,0.0527034282700289,0.0046392597454602,0.5377884636367984,0.137,0.7533495955411149,0.0026109040446908,-0.0030837638817593,188,1.381835263282804,-0.478031378090279,0.1197717757686462,type4_overdamped_decay,0.75666666
392,1.0652088923948622,0.5528410061762489,0.8181117078351613,0.0735490918668825,0.0055190061013233,0.5313879514066319,0.161,2.336152752607066,0.0137536737375486,-0.0154347508293134,213,2.797951542683128,3.195791246788142,0.0732608992984353,type1_Damped_Osc,0.99333334
393,2.790392487494908,2.3721879389366176,2.3956237318567437,0.0689694575317864,0.0017238658348825,0.18488130543201,0.382,0.6724880883000486,0.0010168301854727,-0.0064578658689122,69,1.1384825821010576,-0.4963088668792854,0.2546652310177872,type4_overdamped_decay,0.8233333
394,2.373697165653016,1.98856105757387,2.0356675222390668,0.1112307926405758,0.0027747703426219,0.0930453579401546,0.423,2.7986495817138017,0.3829948173678046,-0.3830607507550836,166,0.9978519093335966,-0.4935283281609713,0.2560194581134807,type5_Square_Pulse_Wave,0.99666667
395,4.015116659761792,3.000858175244664,3.4667133672478148,0.1545590257892221,0.0319337592652231,0.7383534183981345,0.143,4.220520501477084,0.0164568194831762,-0.0192533057012278,190,1.728312070775493,1.450758691509712,0.2426995239397453,type1_Damped_Osc,0.98
396,3.0316272380503166,2.967093660726579,2.975452074355915,0.0188984112262822,0.0547626910444876,0.91809984530082,0.432,0.8005647127800244,0.0617624570448831,-0.0624775945539743,0,-0.1260407904519343,-0.4934078343662874,0.1695791462924338,type5_Square_Pulse_Wave,0.99666667
397,0.755821683989066,0.7152051444279717,0.7187592243319877,0.0103838782225832,0.0383074261765499,0.8699657788197253,0.446,0.3861974762470532,0.0400383205117024,-0.0401334941991606,68,0.15041806551347,-0.4944132810065495,0.0619150050736647,type5_Square_Pulse_Wave,0.98
398,1.981801621848344,-0.0035777744203101,1.8059453306370232,0.4205701605955116,0.0197067348566539,0.4519749426100786,0.144,3.7781793409779514,0.0255446600919265,-0.009544677170068,214,-0.4449024355092593,9.745207569935792,0.1927495710426048,type0_Step_Response,0.99
399,3.0043395044920804,2.747627472517048,2.7829041899276934,0.06819937395498,0.0019320732893204,0.1850927353088084,0.361,1.2938399165938264,0.0051059431113391,-0.0048914667034933,134,0.5072114064050537,-0.4953421143721131,0.2537007832891871,type2_Triangle_Wave,0.76
400,2.9354394555394028,1.6928436908262166,2.209621853605125,0.2423738629577758,0.0025581868102459,0.1547933912915599,0.235,2.4153159830757707,0.0082265418804259,-0.0137874112581797,312,2.64545718163192,1.5775433490415522,0.2379084124950226,type1_Damped_Osc,0.9766667
401,1.3141609741181952,1.1841436140062536,1.198598372000598,0.0265176804957271,0.1300173601119416,0.9944698091500812,0.344,0.7227286405643569,0.0031367476022901,-0.0033605722358209,137,0.9484272062101368,-0.490620004335807,0.0891869377135576,type2_Triangle_Wave,0.9766667
402,3.5704117996739164,1.930859658410394,2.4400503460576317,0.2201003077885785,0.0108649294266065,0.4717473804551906,0.236,3.48866501358212,0.0146353941737666,-0.0315284066530017,130,3.561330097242378,1.2335943210161344,0.2829289949145255,type1_Damped_Osc,0.98
403,3.648496279883522,2.484159470167753,2.927042000482001,0.2046430375309577,0.0219951407701897,0.4953694121249926,0.089,3.467461267492922,0.0106890335721208,-0.0196595077554522,265,2.746252014147295,1.590014850053247,0.218193137514723,type1_Damped_Osc,1.0
404,3.328348990452105,2.334700747084248,2.4060675456295004,0.1696507997356773,0.0171672584511859,0.6085883799372657,0.197,2.882480978366427,0.0073641366132144,-0.0187345582591911,107,2.3322690114474565,-0.4660627368107985,0.3466771572446645,type4_overdamped_decay,0.49333334
405,0.9416761140491876,0.8832146430255778,0.89229247671353,0.0184115800894758,0.0011674920373987,0.1660847736265051,0.431,0.5397481542513757,0.0573989155081182,-0.0569615303726872,124,0.5788193530247664,-0.4862201028893082,0.053506783037204,type5_Square_Pulse_Wave,0.94666666
406,1.5328472587378688,1.3582378629510623,1.3786950108973637,0.0469227090210501,0.06172150178818,0.9392251401538874,0.399,0.976631334744574,0.1738334802492238,-0.1727532297960694,133,0.8546635936149771,-0.492750870356646,0.1282089467297575,type5_Square_Pulse_Wave,0.9866667
407,2.0527927133613133,1.1466771760873489,1.5406254320604336,0.1343160245401294,0.0094186371983489,0.3911898426551326,0.141,3.588607588205773,0.0184149455694258,-0.0242226501824849,220,2.715390419532434,1.928530722987944,0.1605471647092016,type1_Damped_Osc,0.99
408,3.524871816531316,3.293445187386909,3.408432001853934,0.0826715381633382,0.213739881743316,0.9587302813952892,0.005,1.3330364477295928,0.0022849805337465,-0.0022642393493574,0,-0.2689347086474196,-0.2688805868238225,0.5007232538782715,type3_Sine_Wave,0.9866667
409,0.8807913420184831,0.4651858834814833,0.6906211248637777,0.054597605880168,0.0039242512563061,0.4574062468953621,0.217,1.937082988104073,0.0233182608382553,-0.0220274426816466,145,2.607019682332014,2.9728246144988906,0.0631634184318268,type1_Damped_Osc,0.98333335
410,2.3215776740481515,1.838917814481185,1.9102922518675776,0.1139799155267648,0.0086618986556299,0.5256953978159445,0.149,1.3653857726472325,0.0045274972863735,-0.0078850389468945,199,1.4706229646275006,-0.481515086142393,0.2426514241824617,type4_overdamped_decay,0.75333333
411,1.5860931144997743,1.2989500679403068,1.3265797895430715,0.0540142597736913,0.0102848971057243,0.6546745541286542,0.222,1.432058401942155,0.0063090474798153,-0.0055704626752581,101,1.2871925258903034,-0.4564647670085371,0.1568463935538173,type4_overdamped_decay,0.45
412,2.943738450831932,2.4143995463431303,2.4729670567709,0.1094997700699627,0.013204757206553,0.5931427364179693,0.175,1.8085037530965176,0.0058455553196741,-0.008203570014202,161,1.9677745594362743,-0.4677010228591758,0.2117293338553274,type4_overdamped_decay,0.6766667
413,0.8449517142197505,-0.0543452365004392,0.6713019140067629,0.2830739418030743,0.0073236323317426,0.5457625792973809,0.107,1.4520376924099754,0.0068495031220089,-0.003362818454722,346,-0.4672107801242765,6.645068474825142,0.1252876539171438,type0_Step_Response,0.99
414,1.0626733624211295,-0.000721953225053,0.9997191048641972,0.2026511462914917,0.0090699821851572,0.672789455867799,0.189,2.0534404617470656,0.0293603131698,-0.0040410922133189,106,-0.402312703463323,15.629830027660471,0.065530376236945,type0_Step_Response,0.97333336
415,2.043357719793468,-0.0025277107227183,1.7836405165565994,0.5094725249944784,0.0170400292916954,0.6616053887089158,0.145,4.978514545102708,0.0758944378950952,-0.0193326640248179,244,-0.3130307870480142,10.120634836230597,0.1893005536847849,type0_Step_Response,0.98
416,2.729275262320792,2.631659171291914,2.6760456786892166,0.0344099093193433,0.0972383476601632,0.9657557354941398,0.006,0.6706243620573575,0.0010743249887905,-0.0010799718804181,0,-0.2958398904624321,-0.295878316128514,0.2390899927567367,type3_Sine_Wave,1.0
417,2.690370180512473,2.5653018239527228,2.583645516267506,0.0403836354833188,0.1053704909889043,0.9406488892515662,0.416,1.3741274510588195,0.1230278623572886,-0.1238258660079334,0,-0.1467422110341873,-0.4946139807345101,0.3487258212445958,type5_Square_Pulse_Wave,0.99333334
418,2.4912569170214844,2.0891187963509825,2.1468161958135026,0.0915490600308288,0.0141005617561051,0.6152905547286458,0.187,1.8056632153544392,0.0070986709263096,-0.0083176044485493,195,1.7514317135181636,-0.4504872865799884,0.17477089666421,type4_overdamped_decay,0.56333333
419,2.031067113291115,1.5297374599950444,1.7698424350305266,0.0689051471608178,0.0095959513451548,0.4824914069915444,0.12,2.0511062100983404,0.0096907094419333,-0.0120912911463337,195,1.5593272366009774,1.4741512315881071,0.1242921357458375,type1_Damped_Osc,0.99333334
420,0.8792538600685604,-0.0001002902943846,0.762404919245964,0.186423765978633,0.0086953482413647,0.8151794815410355,0.0,1.280768941113802,0.0107627676841653,-0.0027680726676168,373,-0.5431065254128885,9.932131761441312,0.0846426041312716,type0_Step_Response,1.0
421,2.184761137059463,2.118052611046377,2.153977820295007,0.0231613262495647,0.0550078427125559,0.9383954200057366,0.007,0.4883958025768451,0.000793349220149,-0.0007968190171392,0,-0.363548091100091,-0.3635452396610791,0.2444371410898238,type3_Sine_Wave,1.0
422,1.9858758301029769,0.9021383877830416,1.3322267694567518,0.1731863290744477,0.0091394457064621,0.2924796709044756,0.059,2.563804281466166,0.0101717983303026,-0.0195104210955001,167,2.8695583034067176,1.671532674088002,0.1955819615165248,type1_Damped_Osc,0.99333334
423,1.1524638570204628,-0.0007980481022224,1.0222233601345994,0.2780283263383454,0.0066580476876965,0.3343742035687559,0.175,1.696979149309504,0.0198846631228786,-0.0025974225681408,218,-0.4680199197528605,6.958833427310453,0.153956830450944,type0_Step_Response,0.9866667
424,4.1589200018483705,2.848343805470747,3.441232395875718,0.2163684092802219,0.0248020689132149,0.5557426743634138,0.182,5.366599176828741,0.0223403450219379,-0.0279273544615086,279,2.183315013908409,1.738907339817208,0.2662570079520385,type1_Damped_Osc,0.99
425,3.014276009191667,-0.0011261400241399,2.67070288443642,0.7473183777024958,0.0141579336866448,0.5015468250213996,0.157,4.795970163542733,0.051336317892856,-0.0129245995682767,247,-0.4773214469469382,8.6962544575101,0.3270879770750827,type0_Step_Response,0.99333334
426,2.5177324785768933,2.2840531608656853,2.325568457698856,0.0819726255873779,0.2336793177112079,0.9210525377619012,0.373,2.712613183786573,0.2290905784891888,-0.2291426024418683,193,1.1682962002426636,-0.4833851804592717,0.1386894114688912,type5_Square_Pulse_Wave,0.95
427,1.4645636099004014,1.278502564696,1.3074221940147135,0.0424441341431079,0.008136510515464,0.7365407796310904,0.146,1.02963918982641,0.0031639074841498,-0.003978875780993,232,2.286659977491741,-0.4240327323410892,0.0649966025159554,type4_overdamped_decay,0.67
428,3.492542830335579,3.239465323786982,3.259069849535184,0.0581373527092039,0.0027245741461188,0.1516720318619656,0.469,1.2692086136490528,0.2511487722407062,-0.248736085196962,48,0.2906732084045277,-0.4950049674648867,0.3180691317397892,type5_Square_Pulse_Wave,0.99
429,3.2367744231238325,3.1599682693015825,3.1978699788427125,0.0272469696152523,0.0766928435543521,0.9755234457572056,0.01,0.736607982259756,0.0013775389234518,-0.0013645082350577,0,-0.3333870561201686,-0.3329255771390036,0.2301739936169196,type3_Sine_Wave,1.0
430,1.0696441346639898,0.0359359120400634,0.9934369943898655,0.2277588551863172,0.0081657737138185,0.4407752220587488,0.222,2.1012921010119823,0.0351497037065082,-0.0050482806889748,132,-0.3779685039709338,17.703012892222237,0.0564095890150566,type0_Step_Response,0.97
431,2.377522264761041,2.130528696556873,2.1707354594450234,0.0589951782584572,0.0101662327746101,0.4657732060719322,0.182,1.7504603190650014,0.0070138616185406,-0.0080305614751816,186,1.1704851262581089,-0.4635257377902578,0.1446979757531705,type4_overdamped_decay,0.58666664
432,2.0106368531449674,1.7105169287523516,1.7562888815423972,0.0700867829890283,0.0090051198849112,0.4782545456210387,0.129,1.41617098908107,0.0064749141006157,-0.0060772142978398,246,2.3133942963858387,-0.4646843764003131,0.1053529256478809,type4_overdamped_decay,0.5733333
433,4.428303178416784,3.337357302642672,3.4571096381583355,0.2277029836598885,0.0205100798232789,0.7598436748484524,0.14,2.9062806942931685,0.0085163976611366,-0.013604061072689,165,1.9793153323963328,-0.4772175058915955,0.4360124788957953,type4_overdamped_decay,0.63
434,1.811997272218576,1.5201181289566386,1.5488955133646831,0.0554682748031797,0.2913983439066439,0.9359099262456748,0.37,1.5413597694367422,0.0078889683990313,-0.0079479276476368,113,0.9266008518008236,-0.4940649090046942,0.2037499615487665,type2_Triangle_Wave,0.99
435,2.440867888253144,-1.0087246604779705,2.010362360112842,0.7718079558837813,0.0185661316157146,0.5571195618827303,0.024,10.06009787404417,0.0933383249766295,-0.0856393757853297,416,-0.4817933437448604,11.457241771226869,0.2880553968079202,type0_Step_Response,0.99
436,1.4044972093783188,-0.0039008355850641,1.2343849984183055,0.3193023754066931,0.0148790934974922,0.4348520363369539,0.026,2.789245169416736,0.0351208547594476,-0.0075253633083229,324,-0.4644614996308911,10.318612588648891,0.1297566279861692,type0_Step_Response,0.99666667
437,0.9961374280940808,0.559314479956844,0.691721165796668,0.0789114655321908,0.0052296933926628,0.4593942591256435,0.259,1.0572361829944437,0.0042301195165052,-0.0079297381808608,149,2.743499179815678,0.6862357306677749,0.0986115325103196,type1_Damped_Osc,0.92333335
438,2.9322130878061823,2.7990621521981995,2.8134596440410027,0.0347071354504344,0.0035378152320841,0.1238508333277677,0.423,1.1307396563299212,0.1307509606724228,-0.1284972840885196,115,0.3710384609351204,-0.4858668097146402,0.1504238589480282,type5_Square_Pulse_Wave,1.0
439,1.862962794242213,1.7650290612055457,1.777606887734701,0.0256152057330241,0.0466723920135296,0.9436074388787296,0.431,0.8744924428261767,0.0958597306135211,-0.0955774384343468,0,-0.0927543654836289,-0.4934602749398381,0.2366776174413047,type5_Square_Pulse_Wave,1.0
440,0.6640729360928396,0.405240398944949,0.5241433743909018,0.0364480764249685,0.0024334973785606,0.5381339926647054,0.211,0.8607718885577151,0.0067953286224262,-0.0098321922999101,136,1.6387526257273204,1.204020047121356,0.0673556723708082,type1_Damped_Osc,0.94666666
441,3.9063898303527087,2.0181684785494,2.886031203729432,0.3357968372708999,0.0187205859751924,0.4056662679692611,0.104,5.475123448530884,0.0248335994329615,-0.0321580997704478,331,3.1429317028992245,2.523768308750931,0.2832317861166116,type1_Damped_Osc,0.98333335
442,2.333122956484361,2.0992686004083385,2.125518326425269,0.0532417833999492,0.2336903140284287,0.9924335365119964,0.375,1.4309050373743668,0.0064503092652241,-0.0062131434833099,128,0.7203685100028651,-0.4952474438617864,0.1908826503266518,type2_Triangle_Wave,0.99666667
443,2.4143817427396743,-0.7679534738639817,2.0868148447153128,0.6396717978101083,0.0264760215000117,0.757598184449527,0.051,7.21753962123781,0.0783157912050662,-0.0754866735549152,300,-0.4632367655285804,8.320641656624991,0.3592852822842709,type0_Step_Response,0.99666667
444,1.2391024238457513,-0.4974547219736885,0.9403314340337684,0.4280072994950155,0.0120710919143165,0.7480650988463707,0.0,3.40598361925038,0.0236807688591905,-0.0276693097738257,557,-0.554900814100506,10.993358286647496,0.151817423807999,type0_Step_Response,1.0
445,0.7736924217367221,0.4820273492179138,0.6252555238038842,0.0375478132381484,0.0031076761075941,0.5208918092906331,0.134,1.285211517019026,0.0100979158250926,-0.0125492991787442,140,2.1974772484270284,2.110476362015761,0.0549486852984153,type1_Damped_Osc,1.0
446,1.4519782687994045,-0.3461732176792622,1.233760320030517,0.4636349867746092,0.0128968888380045,0.6081507792214075,0.13,4.037026863254103,0.0378762281993321,-0.0301324900551945,236,-0.4138912273153073,10.38665748311535,0.1638740354583048,type0_Step_Response,0.9866667
447,2.708025380544483,1.8433646042944347,2.2163093354407226,0.1135270768046225,0.014467109701262,0.6544529557993628,0.271,3.4977980862608407,0.0209409896009384,-0.0304300408678575,157,3.178798585907449,2.1651316976312303,0.1362973326635828,type1_Damped_Osc,0.94666666
448,1.799202796883819,0.8781324918330707,1.2629870947355903,0.1360650374585144,0.0064324086132365,0.6073499775808112,0.186,2.595610295794746,0.0110669471529341,-0.015947188708997,273,2.7604715792616497,1.8363544195755863,0.164570116212672,type1_Damped_Osc,1.0
449,1.7383860443850023,1.0208187153138968,1.3768942386406915,0.1229415380103174,0.006529411055016,0.3625298931871544,0.15,2.316947780095469,0.0089721542151255,-0.0115238108056736,291,1.2728941934165705,1.4987709183439195,0.190252132097743,type1_Damped_Osc,0.94666666
450,3.560834138186372,2.9949802270739148,3.091137928514795,0.146868439379793,0.0019737582817023,0.1760088692496529,0.187,0.8169790565019159,0.0019159522799085,-0.0031613070483857,293,2.324462117604074,-0.4947091558104375,0.1999658340330143,type4_overdamped_decay,0.96
451,1.972765174693073,-0.1638582773817095,1.6076295128761098,0.567588870815879,0.0111837303106905,0.5498569413027891,0.0,3.1775072968460774,0.0266289123311627,-0.0154605317124056,573,-0.5868583541412288,18.912476248159944,0.1105591274644868,type0_Step_Response,1.0
452,3.36239197627887,2.8823835740075108,2.929423383148606,0.1044193708828728,0.046424878317866,0.0184612416192087,0.391,3.785283548948943,0.0193625616069526,-0.0196394971365716,114,0.7533344329287627,-0.495165236105669,0.3815133954029326,type2_Triangle_Wave,0.78
453,2.83530374378918,2.561799007839576,2.580093275120167,0.0436611730319455,0.0010980356690755,0.2135876258594733,0.393,1.8478234153100892,0.0135837494335122,-0.0137616825462227,50,0.6237341234331228,-0.4976105745678761,0.2428727613637109,type2_Triangle_Wave,0.91
454,3.602658009465257,3.250449488821946,3.271803295347032,0.0548989633165762,0.3522060706084682,0.9270866583262536,0.389,3.3558041369944056,0.0288121932720422,-0.028841322267429,30,0.4424314910622354,-0.4984830362335554,0.3731226200346227,type2_Triangle_Wave,0.96
455,1.461461921995768,0.0103628411979194,1.1907395663293183,0.4496011519928369,0.0187503566619997,0.8046580231372713,0.018,2.723867647892173,0.0187124044637759,-0.0070247437332036,442,-0.4069652486758104,18.226907096509414,0.0771043339310257,type0_Step_Response,0.99666667
456,3.083537291663462,1.611750456814413,2.528431972739169,0.2172406531562382,0.0253160265439711,0.857812879939645,0.081,7.1464400602589535,0.058743448399372,-0.0603278025062374,262,3.007565856457498,5.2361288789950855,0.1592206230268797,type1_Damped_Osc,0.99333334
457,2.991237492518488,2.192962008309681,2.3034976570976724,0.1899031558511313,0.011763881467107,0.5717460821440419,0.169,1.8468133362045656,0.0061182038024516,-0.008316137235893,236,2.4238101082044774,-0.4821703249469902,0.2713709165725313,type4_overdamped_decay,0.63666666
458,2.340950535757718,2.0447355762877364,2.0643744212690374,0.0511682763549194,0.0029065946507822,0.12667212112874,0.386,0.8365569455441508,0.002230061057888,-0.0049720009680118,86,1.4020451604759527,-0.4888559760677117,0.1548278455073968,type4_overdamped_decay,0.75666666
459,4.110602848313894,3.3979244856060324,3.457488151363591,0.1330963043819808,0.5596453447512899,0.8583312931446001,0.424,13.117681047005814,0.0830546477108473,-0.0838371936620743,126,1.2040987467250768,-0.4969576471696881,0.417468926788461,type2_Triangle_Wave,0.81666666
460,1.063233608250315,0.881460587453829,0.8980634859896629,0.0414828965038511,0.1816372905353632,0.8940900669697245,0.422,2.692421073436796,0.0157555444657042,-0.0157032349513956,112,0.9267605243459704,-0.4951027507053614,0.1269668101855442,type2_Triangle_Wave,0.95
461,3.4274472341708178,2.876287337472942,3.132189322025489,0.0687468787498923,0.0216435699375292,0.6125192371445711,0.202,2.891345330213336,0.0170889755269882,-0.0175619802575539,88,1.1288475364683277,0.9156129340855876,0.181036969285266,type1_Damped_Osc,0.82
462,3.865977207054127,3.3930677800516404,3.448597678018703,0.0959839484783542,0.0170798121598498,0.2847563080301955,0.225,3.12907498489907,0.0119902079203875,-0.0103704745139054,114,1.076371863951411,-0.4568775374832953,0.2920105487703894,type4_overdamped_decay,0.42666668
463,0.7275830011473783,0.5093208996479117,0.583998115711156,0.0278946898118335,0.0030249886467355,0.5719378690550821,0.204,0.7977819762430458,0.0040897032102922,-0.0067961876220444,112,2.0472835109755585,0.728215817778479,0.0578101285404004,type1_Damped_Osc,0.92
464,3.02519000629792,-0.0011215017034074,2.565919757176685,0.791103227284301,0.0061306673640957,0.5204456528815108,0.0,3.584312258877566,0.0463164248330324,-0.0040991105990717,374,-0.5058774604180687,9.723235561998669,0.2961931526637169,type0_Step_Response,1.0
465,1.5787239010966805,1.5193157383232931,1.5247443931574023,0.0128749810045426,0.0432161708260359,0.8861788442108834,0.455,0.7261659529164326,0.0570930349049456,-0.0588440372595628,0,-0.0277314375490822,-0.4916464033308599,0.1236067910022171,type5_Square_Pulse_Wave,0.99666667
466,3.443190015607944,3.193951268840203,3.221516641320617,0.0608186289188119,0.2438048785147977,0.9725286173534096,0.409,2.7852532681165947,0.0127982489252254,-0.0129769878062213,99,0.4296963225650098,-0.4963393117906965,0.2670347400733317,type2_Triangle_Wave,0.99
467,2.530842410113477,2.093283378130429,2.155184132604773,0.135148687255951,0.3751308293324213,0.9545537001027382,0.4,2.533485460508649,0.4353727953544579,-0.4349381728935548,188,1.015650394219219,-0.4937634863971458,0.2875108720195416,type5_Square_Pulse_Wave,0.99333334
468,3.8433636723268574,2.645449925754012,3.1694178884311888,0.2055240019046456,0.0204010517412793,0.3646627631711415,0.119,5.033403471569801,0.022439416380009,-0.0260501822859233,282,3.314622709824935,2.3642464536366097,0.1793587682666908,type1_Damped_Osc,0.99
469,1.4804979449014488,1.4212272925011515,1.4512273173470944,0.0211447751116751,0.0592589067643163,0.9863889291042032,0.007,0.4525828666764404,0.0007693638191725,-0.0007493356486165,0,-0.2559625885962618,-0.2559484122277563,0.1214341083293439,type3_Sine_Wave,1.0
470,1.3470888501070104,0.8845551621754597,1.0575029650322991,0.0660950698944707,0.0053794240090248,0.5683881836946586,0.213,1.300653319735071,0.0066985562239479,-0.0110187711957085,104,1.629540745826747,0.6877780564660855,0.1394299780931097,type1_Damped_Osc,0.91
471,1.5010792698021922,1.3488696561658775,1.3709988725198985,0.0466236850213009,0.0832471507914163,0.9398859143387028,0.422,1.2859224582766238,0.1505610703920863,-0.1516180227757784,184,1.1185239214961722,-0.4919699217949073,0.0935779652346431,type5_Square_Pulse_Wave,0.98333335
472,3.783839747252184,3.4815413877836905,3.4999231014354364,0.048081602073949,0.1796743038458994,0.8582046210809643,0.407,4.094419284174977,0.0346919388454898,-0.0348870667422223,46,0.5867394041435972,-0.4950607602753587,0.2769114896278761,type2_Triangle_Wave,0.93666667
473,3.440670965805152,2.885512590099641,2.93851475076034,0.1259768294721184,0.5548698830176599,0.9189156127733792,0.432,3.4605780961228336,0.5527932074162498,-0.5529292986848571,177,1.72041174411603,-0.4941069274513303,0.2493631471979709,type5_Square_Pulse_Wave,0.9866667
474,3.4487506341109,3.257414245637438,3.28237607966781,0.0491306028960011,0.1908607001190714,0.9699548415714422,0.372,2.648672562410244,0.0111333190121585,-0.0109763655444403,94,0.302316486544006,-0.4933163188306575,0.2365097018635698,type2_Triangle_Wave,0.99666667
475,3.2049622550271035,2.661991199159461,2.7591192371551068,0.1349859458593164,0.0238161831108043,0.7495970480235795,0.153,2.6201730026925087,0.0098369885690208,-0.0098768175567207,263,1.9858211622405924,-0.4429322462575855,0.213525275309852,type1_Damped_Osc,0.49
476,2.5421603650649094,2.154082510356918,2.203899964669429,0.0995193886804819,0.294968294977143,0.7901288215381737,0.333,3.686878260748776,0.0148528901812814,-0.0151290864386339,166,0.9681911564354464,-0.4941420705693625,0.2632733593671168,type2_Triangle_Wave,0.92333335
477,1.691763754379927,1.3560334412648476,1.3808131369614278,0.0535806606558727,0.0106405366138595,0.6557880713746944,0.226,1.517379294568732,0.0048709473683383,-0.0066636162728879,80,1.6646980949591146,-0.4514528916872272,0.1516914224500576,type4_overdamped_decay,0.5366667
478,4.222852138158359,2.731704619255426,3.3850441733222114,0.2395628418020804,0.0282694714271216,0.638989186587037,0.126,5.493002656197304,0.0249892757660137,-0.0280301716579214,277,2.441065935988389,1.745407699921752,0.2875070083415667,type1_Damped_Osc,0.99333334
479,4.318779455184062,2.695769175408356,3.4718635855759,0.2251948513616454,0.0227388142198505,0.5476088079288703,0.166,5.152558932090208,0.0235454637909588,-0.0332607223149361,152,1.5718989899560951,1.4921681443050574,0.3993561686255877,type1_Damped_Osc,0.9766667
480,0.6339833699314065,0.5188612982335988,0.5264136417410699,0.018065745052788,0.0034929744987663,0.5581670877366063,0.223,0.5392141424053918,0.0020338181970935,-0.0027904122403953,66,1.1760947667872004,-0.4730447666900169,0.0675975876757806,type4_overdamped_decay,0.68
481,1.529090473314159,1.1929194046491436,1.2297243948565069,0.0677699328260266,0.0085342299522488,0.4217134952786667,0.175,1.3346136924772107,0.0044733154120333,-0.0083640473659942,164,2.26397586496516,-0.4557317689077922,0.119708635419899,type4_overdamped_decay,0.55333334
482,1.384120071903848,1.3527704771337827,1.3569566395973252,0.0092329970943175,0.0312112318947495,0.8883934438342519,0.452,0.522375599987714,0.0307321099260482,-0.0298249950602023,0,-0.2333735641355468,-0.4939077748491888,0.1149521439176859,type5_Square_Pulse_Wave,0.99333334
483,1.7184418346537371,1.6649110351273482,1.6949187983326848,0.0189276427521813,0.0386465661602672,0.9484220269172862,0.005,0.2528014847039415,0.0004253002159935,-0.0004243889104524,0,-0.319632828075854,-0.31966889679603,0.148408803749825,type3_Sine_Wave,1.0
484,2.42471170208738,-0.0027906178869523,2.0886941345099195,0.5270382167053431,0.0339940001411984,0.8388127609675894,0.016,7.143339332332435,0.0662109963074226,-0.0316981408950396,448,-0.4711613824095032,11.715983046352273,0.1982472580325591,type0_Step_Response,0.9866667
485,2.667682939586692,2.5677306643121938,2.6148054722833134,0.0348984539749102,0.0999260957897565,0.9671341738198334,0.01,0.9353252993976064,0.0014940608799003,-0.0014823095903047,0,-0.3249294595412151,-0.3249805759657127,0.2855045428657989,type3_Sine_Wave,1.0
486,3.76344207082218,3.294700195214486,3.3593109029559742,0.1252238825286113,0.468293584255572,0.9932880539555956,0.4,3.4062367459237373,0.0139696462752469,-0.0133721625497691,174,0.9274787209167172,-0.4930701805249503,0.3267840802730237,type2_Triangle_Wave,0.9533333
487,4.157155825551956,2.7104188165681222,3.4175622535250167,0.269265150924679,0.0176830895899069,0.5418366442195782,0.155,4.03418967635538,0.0189687673715606,-0.0229127809799138,211,1.255502149852577,1.2734723199011917,0.4099596133051024,type1_Damped_Osc,0.96
488,1.628052856012735,1.13697586890632,1.35433839251779,0.0790272363348879,0.0076781319294765,0.508716338830971,0.127,1.6469250542014937,0.0075690515900448,-0.0103548954651397,219,2.6746987838002063,2.077667568594329,0.0853695604595827,type1_Damped_Osc,0.99666667
489,2.494215002237158,2.1900061596312543,2.213633281239162,0.0436795658155014,0.0185699620897348,0.5819123984693747,0.24,2.313751119359435,0.007752695396884,-0.0086485573166434,70,1.9614854388508152,-0.4084664566860759,0.1191565142018493,type4_overdamped_decay,0.45333335
490,2.051985280889152,-0.0014633180291903,1.880628556198347,0.484003898658712,0.0180362351668641,0.5352802406035158,0.188,3.840640427043588,0.0757332584111656,-0.0095543845842787,136,-0.460323651566236,7.7663304106814115,0.2472245277990952,type0_Step_Response,0.97
491,1.501361211742881,1.3807810615037093,1.4052401328206592,0.0291054863057995,0.0113720547504148,0.7442543889650565,0.153,1.247899265647852,0.0055308999994072,-0.0056412822103366,205,1.0952524607614824,-0.4183781784711706,0.0719076865288199,type4_overdamped_decay,0.56666666
492,4.51264699417142,2.631158807484072,3.3996859739067014,0.3272151475992527,0.0149850612757891,0.4709192654105711,0.112,4.727754075255952,0.0178364735735221,-0.0343927338174983,175,1.988584840938202,1.130586521336408,0.4567637568854112,type1_Damped_Osc,0.9866667
493,0.6842495307650863,-0.00101203288806,0.5484705921716161,0.192924175072941,0.0073925192233399,0.7029553870010754,0.0,1.7045911584636326,0.0176504681253562,-0.0085971714828285,481,-0.5098814201080664,7.495574770978218,0.0858111542159927,type0_Step_Response,0.99666667
494,2.261447931796714,1.3297549268391629,1.676678813060242,0.1155368923971236,0.0113452898605161,0.7539967858528298,0.179,2.9805371563543392,0.0150609393495912,-0.0239764134301883,134,2.286491165793358,1.091465102809709,0.2128145983639162,type1_Damped_Osc,0.99666667
495,3.5559441751646,2.94168288311744,3.0019138626670374,0.1599199139654145,0.002507112654126,0.176046631244656,0.435,2.285225547454496,0.6102575399834365,-0.6111019014451786,135,3.1392946654950324,-0.4912030657302924,0.1683788016964191,type5_Square_Pulse_Wave,0.98
496,1.5087643338574304,1.4318266507498436,1.4419964531112888,0.0199531572841876,0.0264511915334877,0.7900256956258138,0.363,0.4213187499914936,0.0016130865684385,-0.0016088660831246,68,0.1848239403030141,-0.4970469420987074,0.1118642864016399,type2_Triangle_Wave,0.9033333
497,1.0528822401676832,1.0349802808805515,1.04392791084906,0.0063003438784488,0.0141971039039843,0.9401015023836604,0.005,0.1086870227650858,0.0002717588135145,-0.0002518212159043,0,-0.3567163405022132,-0.3567992780556993,0.0624884302488599,type3_Sine_Wave,1.0
498,3.2279998218176327,-0.0049950337365388,2.73384779259438,0.9274903640577036,0.0171816365680004,0.4729903642952476,0.074,5.113034314775247,0.0256753364385022,-0.0113331846417015,291,-0.4739262200025251,8.246302451084487,0.3685426582707594,type0_Step_Response,1.0
499,2.886954722913682,0.2062634650796313,2.6036202038305136,0.49223830580819,0.0155728372356471,0.2905623700094205,0.14,4.095702193345813,0.0430101108321415,-0.0088708212525014,302,-0.4781763631270481,8.96042403609325,0.2827063108124328,type0_Step_Response,0.98
500,3.328529811579771,3.21004964353009,3.267664814107029,0.0423598024952108,0.1180383974689105,0.9705178476280988,0.006,0.6596797855312677,0.0010592815712953,-0.001060172949828,0,-0.2570857224503109,-0.2570859696142255,0.2438725082800648,type3_Sine_Wave,1.0
501,3.336801106563664,-0.0005311709793525,3.0792890293230397,0.7001444132163321,0.0264436974910422,0.464687555973902,0.175,8.044762948332629,0.1679702178558516,-0.032721716550021,156,-0.4519443097476873,6.749894130927666,0.4572972354314455,type0_Step_Response,0.98333335
502,3.228632709371888,-0.0033456675605156,3.015715295350229,0.6465116654173159,0.0188020311433918,0.5682870788509147,0.209,5.443597805794099,0.0643102744817731,-0.0108313979985652,172,-0.4270946870595687,12.923483388633471,0.239469864746523,type0_Step_Response,0.99
503,3.4732618051087454,3.356189619990157,3.4173475619301,0.0414477226977069,0.1170493117948354,0.9670327353213964,0.008,0.9960751699462888,0.0016323810368072,-0.0016271671971166,0,-0.2814886526213422,-0.2814914209306923,0.2678875219034839,type3_Sine_Wave,1.0
504,0.81409813734219,0.0336971635231901,0.7203108766728037,0.2032707795199432,0.0060414877179117,0.5978064337658838,0.136,1.3167888702723791,0.0076330531236331,-0.0027995502186145,347,-0.4484364104550595,16.737116059450493,0.0451394201097563,type0_Step_Response,0.9866667
505,1.4808161758654768,1.2291493370392268,1.2607064408487776,0.0795572165756821,0.1381426992452881,0.6668089154073613,0.434,1.9518272122197111,0.2506507714385124,-0.2502206310612587,133,1.7738159892717529,-0.4943701262220429,0.1104070260697223,type5_Square_Pulse_Wave,0.99
506,1.428103228196839,1.0923273069077633,1.2471813370227491,0.0646910606577619,0.0081895124760138,0.6241527263409294,0.119,1.2100891380437742,0.0040976908281078,-0.005445711062092,296,1.8512898235903317,1.6389062349822192,0.0747797906614839,type1_Damped_Osc,0.99
507,2.872518300834312,2.7381930017723457,2.8017012021395917,0.046885309682003,0.1342216783529841,0.9643910085457944,0.01,1.2614931550766473,0.0021286984759125,-0.0021367677790729,0,-0.3007286667255753,-0.3006255915896434,0.3369540547310814,type3_Sine_Wave,1.0
508,2.4855924347806786,-0.0042052427677868,2.2719198424434133,0.5677880240947596,0.0173845196326327,0.6043862595751437,0.197,4.363764929714684,0.039962423776118,-0.0095607014459004,206,-0.4064764246183222,14.377232239441865,0.1663107533343875,type0_Step_Response,0.98
509,2.738152116803966,0.0008664530137747,2.623924785183565,0.3623720514352285,0.016978395946412,0.3828545560677981,0.163,4.851322401315877,0.0761069527860573,-0.0104473614877567,104,-0.4568057169494816,8.870234540922684,0.2907851873080656,type0_Step_Response,0.98333335
510,1.3054473369259725,0.7939296825544409,1.0075141836385824,0.0944363527136103,0.0063857215259968,0.6029685900314161,0.091,1.4638949512358366,0.0053626485784658,-0.0072325628251932,453,3.4900236372187368,2.349739017071371,0.0747858778477776,type1_Damped_Osc,0.99666667
511,1.299437340682776,1.2564422487376392,1.2768300870946063,0.014991076982541,0.0418687880628487,0.9657074163116344,0.004,0.1926510335485272,0.0003785607757791,-0.0003370580332024,0,-0.3322010018933174,-0.3323547964181216,0.1281736030275908,type3_Sine_Wave,1.0
512,2.9774388179486864,2.807295075937763,2.9029890030939787,0.0599336879280592,0.112931741343234,0.9412325569749552,0.005,0.8150955260588817,0.0013265605982009,-0.0013339260181006,0,-0.291479431290929,-0.2915298488019069,0.408027646391754,type3_Sine_Wave,1.0
513,3.013915727751284,2.6795940990558704,2.712961120120649,0.0778534638897365,0.3323548136065941,0.97750036857402,0.44,3.1610767714305603,0.0164905871469134,-0.0158099126007735,109,0.668158406667904,-0.4941622120953148,0.2847723274070137,type2_Triangle_Wave,0.94
514,2.161881945499814,0.0935949160682592,1.747524252609958,0.6356235871383591,0.011707464508603,0.4063270246918525,0.0,3.3063653365284544,0.0288393385344801,-0.0124050642798284,416,-0.5003537160264743,6.793879973793526,0.2835784716931657,type0_Step_Response,0.99333334
515,1.9231884385995093,1.1430730873159691,1.5597285254366553,0.0918214799762375,0.0142113928354299,0.7686207847419896,0.2,4.079613945639768,0.0474985092594704,-0.0481605159428111,127,2.800583129616677,3.1466523314499835,0.1122914799211027,type1_Damped_Osc,0.96666664
516,2.0063999364986995,0.1178324540429421,1.6392851855853412,0.5076605908809851,0.0123117983808307,0.9547712443169872,0.0,3.094341699869916,0.0283671575346545,-0.0097302233762274,545,-0.5571641872169812,10.77924345813961,0.1682903352277325,type0_Step_Response,1.0
517,1.6121539970318417,1.3485422423340967,1.3757287254097628,0.0547420415844805,0.1684195195305524,0.9415067188812584,0.384,3.011071681050603,0.0148316883873924,-0.0145990266150899,156,1.218306625433715,-0.4960718086074507,0.1530637704697719,type2_Triangle_Wave,0.98333335
518,2.15197418112688,1.9097696153268784,1.939337099598468,0.061156833154649,0.2418778903085379,0.9285431228168468,0.38,4.642311365322233,0.0203250967006685,-0.0198112912410279,132,0.6410499745501893,-0.4933763239027255,0.2110395805143399,type2_Triangle_Wave,0.98333335
519,1.2917171985547509,1.2712270160501242,1.2823944778947676,0.0072265434915489,0.0204386166264574,0.9666576223491854,0.006,0.1404373008330062,0.0002274121592678,-0.0002269045980571,0,-0.3517452153407869,-0.3517995574850697,0.0691172920104739,type3_Sine_Wave,1.0
520,1.5457070009873326,1.39122655901066,1.4187796317178123,0.0388666546958364,0.00659995949403,0.6009467218854802,0.143,0.9143105205749128,0.0037499952061776,-0.0036752137656257,235,1.4927467271511703,-0.4579711759090335,0.0759201386523291,type4_overdamped_decay,0.7
521,1.6363082797970907,1.1577920375402315,1.3676108194201884,0.0986311076821674,0.0182125973171589,0.878934262306416,0.019,1.6761478931806888,0.0065343274034768,-0.006206207563713,537,3.161912971623061,2.36226175375482,0.0733450991733124,type1_Damped_Osc,0.99333334
522,3.463331895005452,-1.289913537360142,2.7655895221849414,1.0078146811533488,0.0324539120147084,0.4979473214693382,0.14,11.939886571059166,0.1500772876917937,-0.1303606753398213,177,0.2356249945016449,9.679717073510789,0.4354646334259233,type0_Step_Response,0.9633333
523,2.57840591576062,2.305316403041561,2.3424178935207345,0.0729387943329117,0.0007182051941034,0.1497623428469315,0.379,1.762002841801892,0.0064839777467211,-0.0065616135268844,135,0.4938231989269606,-0.4984824398435921,0.2743678586723939,type2_Triangle_Wave,0.93666667
524,1.850578906415895,0.0420588096128811,1.5577471244731482,0.4959234868015106,0.0169129327395958,0.7936121069697116,0.06,4.4827292721491965,0.0450204795315848,-0.0148103194527864,402,-0.3832119253002948,14.05334673310389,0.1232790373433374,type0_Step_Response,1.0
525,1.663498374148791,1.5652100501738206,1.577955286898272,0.0250503468932794,0.0872940876695722,0.9757440233392596,0.379,0.6966936814404012,0.0027121177213689,-0.0030781349184443,27,0.0781534163688122,-0.4973886594861156,0.169239477447876,type2_Triangle_Wave,0.98
526,2.06910057681696,-0.0010566260524117,1.814310792777109,0.5385288565133166,0.016604725793262,0.4438136421695067,0.212,3.8078357456917407,0.0400248614803226,-0.0095751689200564,278,-0.4412119711936616,17.168339005336225,0.1167790583822316,type0_Step_Response,0.99
527,1.046045637054556,-0.4242647735506903,0.79168119283488,0.372466825771212,0.0173125822060933,0.9412279926882112,0.0,3.200419468926654,0.0244336976030637,-0.0272697431250802,532,-0.5668386094735505,9.578324517602177,0.1468623563073147,type0_Step_Response,0.99
528,1.6588586186964445,1.5024987396960046,1.5133860989756618,0.0284723541154376,0.0925025843952369,0.8069083138750706,0.448,2.2058124986633008,0.0163836747291536,-0.0168180834951843,68,0.6055923936702935,-0.4949418209585154,0.140782243166426,type2_Triangle_Wave,0.83
529,1.460639516676684,-0.0001988248324674,1.270940410812458,0.4067818633437663,0.0061541973495529,0.4332145037901341,0.025,2.221827653343353,0.0191606375142782,-0.0033164804456438,267,-0.4868222089593044,13.773198781613088,0.1022539434040545,type0_Step_Response,1.0
530,0.962719044731752,-0.0470555195839542,0.8446790738373248,0.2623198585635628,0.0061751909388785,0.6186903978589129,0.172,1.678084971442888,0.0160203797313558,-0.0038853749728664,261,-0.4523897738446383,12.981171441720177,0.0746389873903755,type0_Step_Response,0.9766667
531,1.5557389413005,1.3977813689323584,1.4133611274807738,0.0318597664351272,0.0903941554685199,0.8637571718099498,0.356,2.135055138171944,0.0114487535583194,-0.0112333145343084,118,0.8316843262859475,-0.496811139007574,0.118331519333455,type2_Triangle_Wave,0.9866667
532,3.5550934437880675,3.3315990814680485,3.4457427561934346,0.0793643401946756,0.2233924459352727,0.968522709490662,0.009,2.1288817891428398,0.0034544024607319,-0.0034938927243737,0,-0.2662560168944732,-0.2663436486078756,0.47816474620247,type3_Sine_Wave,0.9433333
533,1.302107837458785,0.6894913437813311,1.031956015267829,0.0988936632869592,0.007095280784318,0.7998176284172523,0.067,2.965491920994614,0.0200001910175392,-0.0184314684808374,265,2.143989864602985,2.759865029535244,0.1037655065482221,type1_Damped_Osc,1.0
534,2.801114151684187,0.6933685417185012,2.0081250749473964,0.3050778443997315,0.011617348626193,0.5011277307264292,0.041,9.98617204772691,0.0853412773393937,-0.0819930508371566,221,2.1666669269529253,4.154723869073491,0.2878886906446294,type1_Damped_Osc,0.9266667
535,1.691360821991536,0.6830809335561207,1.0811384965811028,0.1794002780209968,0.0047719201404567,0.5263903419898255,0.108,2.485507561968504,0.0092161375555537,-0.0129552181262853,393,3.789569200564741,2.162050592628385,0.1450424388029249,type1_Damped_Osc,1.0
536,2.98329689627755,2.494591407575863,2.5404461833181453,0.112812321274131,0.4834404196501314,0.9765599732758796,0.429,4.030137607290968,0.0216559823950506,-0.0215488812089494,124,0.9704711609312696,-0.4985587184680628,0.3320207606125342,type2_Triangle_Wave,0.9766667
537,0.6076981963430733,0.5670468022853958,0.5712250926079278,0.0105048253861251,0.0007211892943018,0.1109616142797755,0.433,0.2734079541085272,0.0399276522871947,-0.0395330543746663,0,-0.0237555784614211,-0.495008865114266,0.084472964466147,type5_Square_Pulse_Wave,0.99333334
538,0.8849291039545808,0.0506938763697771,0.8053326767346641,0.195461733831737,0.0061172213478805,0.5237713234136308,0.192,1.5273798642865546,0.0290965905415458,-0.0039252007319785,199,-0.4301203373867712,11.815436687563889,0.0673567960638222,type0_Step_Response,0.98333335
539,2.171116367729883,1.8875415339206625,1.906554505306574,0.0488905512378702,0.1427875220137133,0.8812457691918664,0.405,2.905048423786994,0.021777367431564,-0.0215770172196991,78,0.927763876002994,-0.4937859314201233,0.197753971656593,type2_Triangle_Wave,0.99
540,0.7904758634679111,0.543067492797273,0.6585121319271031,0.0470003065899417,0.0038983622325435,0.4434461922012235,0.15,0.9714442321447044,0.0038710316566549,-0.0050710791896494,336,2.2927549308409625,1.849768266356601,0.0481103071747861,type1_Damped_Osc,1.0
541,3.1209904573911413,2.2360713844093696,2.605529982360792,0.1680520493015407,0.0317793576222351,0.904711331021222,0.029,4.082736679224612,0.01549125652559,-0.0166960337748491,381,2.725443099328016,1.7524243252737537,0.1615444486676498,type1_Damped_Osc,1.0
542,2.310720509178867,-0.0018454632568671,1.9271778209702977,0.6429373393618775,0.0221421088570292,0.5522715988410785,0.038,3.96081592407211,0.0223429285281424,-0.009218165764687,466,-0.4665105041073621,14.0746825214853,0.1583063212621467,type0_Step_Response,1.0
543,3.557956171790659,2.51212393339106,2.980949733241121,0.1890306356493255,0.0251485561701989,0.4803349163854942,0.113,4.406399217954322,0.0174143691094443,-0.0236875840929613,351,3.242294564176523,2.509403339918931,0.1548991458526627,type1_Damped_Osc,1.0
544,3.423692876729545,2.7923103054112928,2.899476494156968,0.2202967640934457,0.003234127394637,0.1960992406892876,0.432,2.9364866578145183,0.6283013568357125,-0.6268499914367456,189,1.9691184552507883,-0.4920529208890195,0.2548913472654375,type5_Square_Pulse_Wave,0.99333334
545,2.5370236882721664,1.9799984988470207,2.2228114515832105,0.0961882211411778,0.0123160794945413,0.3522826171054444,0.159,2.1207512830078525,0.0076309677078612,-0.0130871608619829,250,1.9325069431279944,1.336444328370209,0.1304829111412311,type1_Damped_Osc,0.97333336
546,2.461850029392941,2.162584967338197,2.1902055943427405,0.0650248274769251,0.0024378166096066,0.1541193302054273,0.398,1.5071062056769635,0.0075788998287671,-0.0088373040107829,121,0.9915123510132114,-0.493732035815334,0.1998057118377918,type2_Triangle_Wave,0.86333334
547,3.1848034312024347,2.46448108083112,2.528954857280759,0.1339176528252033,0.0177819370699987,0.6510891790468294,0.188,2.331073568775541,0.0066670442388026,-0.0162286149645942,117,1.921439293337026,-0.4554501093788756,0.2921028020143739,type4_overdamped_decay,0.56
548,2.1744505602646966,1.9637687308135856,1.9783911552365565,0.049340048108689,0.1215589266591548,0.6992807185121828,0.469,1.420621445504481,0.2092008197496204,-0.2078160254706558,71,0.7268560102795807,-0.4931974839562926,0.1707780759064769,type5_Square_Pulse_Wave,0.99333334
549,0.5563778979827138,-0.0002931244671362,0.519578093620567,0.1130312036965931,0.0040861210255498,0.5821970440745695,0.221,1.0458542772131838,0.0217923194326307,-0.0021512150738897,129,-0.4230787777218568,16.139646541208215,0.0333005572869913,type0_Step_Response,0.96666664
550,3.230518295281998,2.8967567647096004,2.94657681701392,0.1143185657056337,0.2841710802076007,0.911521411964364,0.436,3.1781185099166724,0.3303354664601357,-0.3295299547730055,150,0.6697246204562346,-0.4932086624069769,0.2836863608087361,type5_Square_Pulse_Wave,0.99333334
551,2.040562875753159,1.9683087666191053,2.0036551804832774,0.0258446370337883,0.071374078810602,0.9689338176130926,0.006,0.4047206734900768,0.0007300597158557,-0.0007167716693632,0,-0.3170744980938694,-0.3169544968227986,0.1974312394436856,type3_Sine_Wave,1.0
552,0.960397982641878,0.940693744089424,0.9502271857158412,0.0068925507176641,0.019017892527547,0.9610507576085534,0.006,0.1275355836998735,0.0002305290030207,-0.0002229353775211,0,-0.3566113027977538,-0.3566546886990551,0.0687195727333291,type3_Sine_Wave,1.0
553,1.7439013752315486,0.9242387968510136,1.3026868643524503,0.174967665129113,0.0348172000377158,0.9340960904487964,0.012,2.9993121919660064,0.01008995752185,-0.0112607431179678,469,2.686404446731625,2.035256171966086,0.1432560637556821,type1_Damped_Osc,0.99333334
554,1.1593301076420357,-0.0014933226811209,0.9766391750905952,0.3283425330119758,0.0082171291324137,0.5730336597674095,0.018,1.7590617602527168,0.0123340240606323,-0.0031902404172003,385,-0.4829352545010631,10.123669771820936,0.1090924154186621,type0_Step_Response,1.0
555,4.029056352767502,2.159191724610071,3.2845716802263736,0.2578461950993717,0.0039828080575685,0.1933038719797946,0.264,7.555718185612838,0.0645980547918969,-0.0657925738469553,215,2.251485808409348,3.703974468167555,0.2688340604078147,type1_Damped_Osc,0.98
556,2.510365975804076,2.437753239146782,2.448580951586228,0.0197012439204394,0.0715101932870339,0.9322808539690236,0.374,1.5696000152701397,0.0057318849826879,-0.0056192713832556,13,0.0232771189193956,-0.4960169434330252,0.1377170892725061,type2_Triangle_Wave,0.9533333
557,3.060731620029438,3.0092018801759424,3.037265009429732,0.0181936243640029,0.0515189725039828,0.9699547485776452,0.006,0.3508396768360873,0.0007458179445332,-0.0006362984506393,0,-0.3754222211585652,-0.3752604446634486,0.2066833420283123,type3_Sine_Wave,1.0
558,2.296609441193588,2.0633334325473567,2.096137462702388,0.0630770729142964,0.2322874782835962,0.9740299542358444,0.364,1.535474259944562,0.00562339720063,-0.005580686399631,146,0.5440341212418175,-0.4977905743866689,0.2229653022448015,type2_Triangle_Wave,0.99666667
559,3.954552078405664,3.187800586898464,3.2916756183823983,0.2536799356975832,0.5120840390956864,0.8799185094328552,0.478,4.582143887353753,0.7644069301195358,-0.7646539032536186,142,2.670835273645372,-0.4927651784102933,0.2412632410646953,type5_Square_Pulse_Wave,0.99333334
560,0.8574663760411251,0.4613793378989986,0.6654643086060669,0.0650597446651152,0.0029899594453031,0.4574985544438307,0.126,1.537273939803781,0.0075459376242811,-0.0075015303877605,322,2.337334415931406,2.4737785694066274,0.0681602713871663,type1_Damped_Osc,1.0
561,1.708718195946153,1.584689903288328,1.5958303773315958,0.0293742726927505,0.0713793547614829,0.7666844254939854,0.462,1.0660586462652677,0.1232884469675976,-0.121974193642359,71,0.3364341208582337,-0.4919325376768353,0.146865672164387,type5_Square_Pulse_Wave,0.99666667
562,2.0906972865853604,-0.0045816523505814,1.884139312587924,0.5442931127328977,0.019366681710232,0.5567115938154988,0.145,4.154705103209154,0.0506434189496469,-0.0123227931808869,161,-0.4604096057505771,7.082616434330414,0.2748913780559707,type0_Step_Response,0.99
563,2.2733903727764373,-0.0035486145779445,2.019963381610341,0.5090906206078479,0.0202732758269461,0.8063552038729263,0.046,8.657033844103097,0.1219452478247109,-0.0555438368630314,286,-0.4642861972153359,8.18062265592184,0.2612266057123129,type0_Step_Response,0.99333334
564,0.5906682789896455,0.5045855931201132,0.5156802753847789,0.0187028992409551,0.0028731588161765,0.6137734031394864,0.169,0.3709760102969145,0.0014246475498642,-0.0016656705358214,201,2.492149065666879,-0.4434441601053098,0.0282358209587608,type4_overdamped_decay,0.77666664
565,2.6113870241758224,1.2257071460215463,1.9697136369770765,0.1596952635847549,0.008923343823928,0.4395975948854224,0.239,6.509001928650799,0.1075713564261764,-0.1029405038155177,113,2.493318187345108,2.805629210137133,0.2199859422080818,type1_Damped_Osc,0.9433333
566,3.86195743744082,3.293872937026843,3.361295556302316,0.1401824424797732,0.2808065615857438,0.8335012462204788,0.371,3.142595314743592,0.0136736549640534,-0.0133111119384512,135,0.7454485353397611,-0.4948244295904991,0.454240804892875,type2_Triangle_Wave,0.9533333
567,0.8852985685336188,0.8228445730465384,0.8323049258075639,0.0207682790418449,0.0623103619386263,0.9331591045956528,0.411,0.5156508094535003,0.0615721273688018,-0.0618772176434974,103,0.1704989993165002,-0.4949889744258898,0.0924545797779892,type5_Square_Pulse_Wave,0.9533333
568,0.852280804884241,-0.0007191199709181,0.7486096833156412,0.2241624644590084,0.0050265071175944,0.4054548304388395,0.141,1.377943336301398,0.0134863041684225,-0.002528615743365,285,-0.4394177108417213,16.97600801033658,0.0486411503198389,type0_Step_Response,0.99
569,1.0403753706176015,0.548397241896723,0.767106239490603,0.0927535893955918,0.0018793543414541,0.9169244514114048,0.017,1.1669370045725405,0.0047037566917121,-0.0063984763825052,390,3.158652209754899,2.3372063946566013,0.0757371979104908,type1_Damped_Osc,0.99
570,3.502573488958051,-0.2292866168731862,3.119003043371346,0.9538193583594192,0.0287867837281066,0.7273483468822298,0.175,6.781518747571189,0.0572552196506692,-0.0122197491603524,206,-0.45457081192365,9.068147842138416,0.3881864257291822,type0_Step_Response,0.9866667
571,1.8332025185103809,-0.1628432220419411,1.4396654168635146,0.5821650716439144,0.0174123098916798,0.7076619671546139,0.0,3.4960771342489725,0.0234733307240018,-0.0118535233379498,519,-0.5175955186571712,11.243155273706774,0.170230315844216,type0_Step_Response,1.0
572,3.4927569453220864,2.5500390612180586,2.979207099278302,0.1816372095285302,0.0170791392624458,0.4302846435900705,0.154,3.231241931495757,0.0124198170847571,-0.0167785118158492,280,2.2567946893611475,1.7572908274735688,0.1880139221676349,type1_Damped_Osc,0.9766667
573,2.1205454438538665,1.1839721993829395,1.5784438985885614,0.197593141040837,0.02856701230311,0.9273425876098405,0.009,2.3486066300938457,0.0085815931239474,-0.010473993692148,472,3.099707730216483,1.9019555167824211,0.1560522818302501,type1_Damped_Osc,1.0
574,1.8152693749201227,1.6566166909022806,1.6785450980837509,0.050616875621068,0.0723336045885818,0.9260063709122116,0.44,1.2144137297373536,0.1568665389221679,-0.1566379392771328,155,0.6489159191556785,-0.491013839560845,0.1370173582150893,type5_Square_Pulse_Wave,0.99666667
575,1.220699612531806,1.188617388131476,1.2034833464918882,0.0111450254247615,0.027681278431344,0.9395041412607118,0.008,0.2363780797333259,0.0004226578956005,-0.0004140169670565,0,-0.3682331198044472,-0.3681547613045635,0.1217023880969474,type3_Sine_Wave,1.0
576,1.7069049291853688,1.5367232128142123,1.556446841936382,0.0317123423165386,0.0114703844666244,0.7460861563231387,0.193,1.153218613393189,0.0047422326104726,-0.0051927765579888,119,1.5807855040335683,-0.4200855152868336,0.0787623072418612,type4_overdamped_decay,0.6166667
577,4.63893923970768,2.649176889317645,3.43476744413081,0.280912576124576,0.0229582606413689,0.4598000544147545,0.247,7.514153292348954,0.0618336276414215,-0.0905037660026515,136,3.542936018751142,1.9109690267312431,0.3083036295649921,type1_Damped_Osc,0.97333336
578,0.6958691256003904,0.6640251333457353,0.6788260830501459,0.0111857349514809,0.0318407633812238,0.9876132471437786,0.009,0.2873433098988188,0.0004540348794894,-0.000456086161362,0,-0.3232966737077097,-0.3232795154669763,0.0901014342533772,type3_Sine_Wave,1.0
579,2.181531972794378,1.5355870479241034,1.5787251498213668,0.1096005905601604,0.0113935356990129,0.3328955657434481,0.249,1.855982930711346,0.005595876482958,-0.0125050453366828,101,2.38741123119764,-0.4728876517984253,0.2216296788387715,type4_overdamped_decay,0.5366667
580,1.7539339544094883,1.6289605601764423,1.6479497894657944,0.0342522965503155,0.122911931362865,0.9783296775265228,0.357,1.7156693495594428,0.0062027855867714,-0.0061153193073471,23,0.0403128020147692,-0.4961004016034036,0.2296408426904268,type2_Triangle_Wave,0.99
581,2.758276468828184,2.216314883584752,2.4022075874352304,0.1043183819410072,0.01468722694581,0.5648602364231556,0.218,1.9671796971166824,0.0070031113956523,-0.009344287666448,195,2.2061145547526024,0.688429346193554,0.1391591927136231,type1_Damped_Osc,0.93
582,3.1009777572840567,2.371484568519865,2.423261959674927,0.1222517834799699,0.0092012840612598,0.421872335926844,0.16,1.973994166692167,0.0089901207234808,-0.0143554009437512,92,1.784715879043835,-0.4714758833312438,0.3153556008525919,type4_overdamped_decay,0.62
583,1.5601117278607155,0.8544028103423896,1.1452451726971675,0.1209373436930872,0.0075517732048411,0.520124534550345,0.091,1.8104664464514524,0.0072065696945518,-0.0132353039361883,204,2.131262687950092,1.224197755619456,0.1620285447799767,type1_Damped_Osc,0.99666667
584,2.0675852932158927,1.7918868333367912,1.815738710330259,0.0541801281349082,0.2101875395033536,0.931940545409817,0.382,3.6454811578108135,0.0213125341036983,-0.0212903295759669,136,1.3701291154907855,-0.4950478810066295,0.1470328083972039,type2_Triangle_Wave,0.98
585,1.6721781633527824,1.563018535210318,1.5728863826744597,0.0243679288652858,0.1074629299189329,0.9730921511791754,0.405,1.0106936111048863,0.0056512682921008,-0.0055354544532209,84,0.4695278678714296,-0.4959929371610952,0.1121270790590087,type2_Triangle_Wave,0.99666667
586,2.924652141907349,-0.0026752451256008,2.735908942384657,0.5315917929630809,0.0162450326452612,0.581172673528046,0.136,4.586069713223594,0.0469413545988013,-0.0100292936893446,149,-0.4688020722755937,10.409293687486802,0.2675681760920976,type0_Step_Response,0.99666667
587,3.234898618423675,1.9597122524115032,2.445109589274705,0.2484488700461633,0.0168752546862682,0.5948383974946851,0.102,3.3947997310304623,0.0124835144811399,-0.0188589345882888,306,3.544557129574144,1.6415806275638631,0.2061361088412185,type1_Damped_Osc,1.0
588,3.7971835381158656,3.156723858591363,3.2203675597840684,0.1351950180829765,0.345282665513992,0.8602588680110201,0.362,3.640578899906619,0.0181705277566153,-0.0177905197836576,146,1.2282967048529052,-0.4966145848228278,0.369848294970776,type2_Triangle_Wave,0.9266667
589,1.5738476104160892,1.0091947351220898,1.288647104938516,0.0928038714939588,0.0019892593947139,0.1444093298255673,0.282,2.077160060881788,0.0107595586214812,-0.0129404727105555,276,3.06909813880726,3.088190740680751,0.0788920057303026,type1_Damped_Osc,0.99333334
590,1.5583510414293955,-0.9593604954118112,1.2819492504701089,0.5637337543566397,0.0042011392637986,0.7936251171862915,0.0,7.245625966071304,0.0760669771909933,-0.0764393710065027,299,-0.5090359343735752,10.805775003429536,0.2228706462502727,type0_Step_Response,1.0
591,1.2150472550385245,0.5392917446275938,0.8167561075389913,0.0904868115725063,0.0051340406791505,0.5464917994410147,0.179,1.6587860976742703,0.011955125903005,-0.0187335529484163,125,3.124549768616433,1.9084137157624503,0.1120105421093067,type1_Damped_Osc,1.0
592,0.5827026554307773,0.5404996008576887,0.5440941705854616,0.0090994802561448,0.0417609889145326,0.9818698073503814,0.417,0.3161240036950912,0.0018242719769239,-0.0018073475791087,99,0.8082055636832649,-0.4925116857985982,0.0320766519343704,type2_Triangle_Wave,0.93
593,0.7731589585644337,-0.0005114917399704,0.6341655494276722,0.218124893296504,0.005798372725316,0.6492765981536348,0.008,1.2038791081398452,0.0087290702481394,-0.0026844424073366,497,-0.492618305613773,18.58532460561425,0.0405217803148412,type0_Step_Response,0.99666667
594,2.3218438194842914,1.989954515710508,2.034869821774324,0.0738679185612896,0.0148416160640538,0.742439062038993,0.162,1.7625199017263014,0.0072476089824289,-0.0069113978902417,183,1.854817856989228,-0.4436546979154646,0.1376469703117384,type4_overdamped_decay,0.58666664
595,3.4611674784875635,2.15967787673867,2.7413747556131347,0.245456240533325,0.0056713020763519,0.7122368879445318,0.073,3.613595496084944,0.0153333192347635,-0.019714348005583,339,2.6104523044909245,1.8597493781536236,0.2379235131088792,type1_Damped_Osc,1.0
596,1.3952905980318449,1.1991963696306438,1.2270328347584796,0.0428173811115086,0.0100649605763638,0.6298031160553994,0.185,1.2086003979498148,0.0049573091678474,-0.0049801821429489,162,1.35881343498745,-0.4496692258235081,0.1027131567431856,type4_overdamped_decay,0.48333332
597,1.23095299809502,1.0203293722005395,1.0471565989422038,0.045463185292427,0.0080431870744368,0.5941940978130306,0.223,1.0945071099735166,0.0042354836563529,-0.0046553784216067,175,1.8180843277166732,-0.4542679578777444,0.0891032097847907,type4_overdamped_decay,0.5133333
598,2.2104306141451486,1.925104281652565,1.9482593008983269,0.053524729578918,0.002356858721652,0.1737508027820853,0.26,0.6233045899059564,0.0020108118563668,-0.004208325539631,94,1.1113879081485774,-0.4915914862944077,0.176149501655259,type4_overdamped_decay,0.9533333
599,1.9473454089291824,1.5938888971745555,1.6460455179092983,0.0825588629196057,0.0128378501643953,0.6578005823979143,0.133,1.403357755580538,0.0054382025462618,-0.0060626333811002,163,1.07502256695824,-0.4701236146104776,0.2202359913298996,type4_overdamped_decay,0.7033333
600,2.281022854166446,-0.0033237216921391,1.9247130923164448,0.5569445346072719,0.021947542018506,0.7665904745256436,0.0,6.249979280211608,0.0818317163817417,-0.0358649354959254,455,-0.5022393495171085,11.564186797590654,0.1893845571532004,type0_Step_Response,1.0
601,4.307395551955975,1.8582491752013184,3.1195786435404758,0.5021745322264778,0.1137477211415918,0.9928028977333262,0.011,10.09437863589434,0.0360043922909394,-0.0395997429344121,393,2.1116255931015173,2.465469946429701,0.4391437011244958,type1_Damped_Osc,0.98
602,1.1105223880681774,-0.3532898428902447,0.888909264370097,0.3883318584716552,0.0034372505967419,0.9019818730875996,0.0,2.162461430381075,0.0197354490620506,-0.0235438900697622,389,-0.5197370432107343,8.717196911486807,0.1591539677174793,type0_Step_Response,1.0
603,0.7578868594456877,-0.0006079159456931,0.6382669693874846,0.224724112330614,0.0057857328390195,0.6940460504179315,0.092,1.2184754382190484,0.0098218127873281,-0.0019832515271699,334,-0.4708497938797883,9.631726157720694,0.0746485586706482,type0_Step_Response,0.99333334
604,2.5029761262894445,2.388477869539402,2.409941746623969,0.039357113547761,0.0482045305257936,0.931141127629052,0.386,1.186117928842004,0.1109519419194375,-0.1109910574564567,168,0.1426177388571284,-0.489037680643239,0.1751862764340521,type5_Square_Pulse_Wave,0.95
605,1.3083008741797486,1.060592848755266,1.0865556442772857,0.0686821320518844,0.0010900249291612,0.1302366956706372,0.431,1.3864580736024037,0.246349385958926,-0.2470235948583337,133,1.7752351130033706,-0.4950068043146344,0.1086329927931335,type5_Square_Pulse_Wave,0.99
606,3.8219213550158657,3.1807828704054626,3.240670867909046,0.1223218256952254,0.0165751470740382,0.5522979677140416,0.218,2.441482790100092,0.0095237738512361,-0.0111069739045608,114,1.4645728964500833,-0.4696674999171267,0.3213879142964218,type4_overdamped_decay,0.50666666
607,0.628066025182519,0.5150300445523813,0.5301988928614375,0.0245681586762279,0.0049149027569391,0.7144824309270807,0.189,0.5276158302715303,0.001870996931903,-0.0020117132447428,190,2.242652421576196,-0.4210540564015971,0.040060974667861,type4_overdamped_decay,0.6433333
608,2.907837219542878,2.661203090486433,2.712967615392023,0.0643992927192568,0.013736846885155,0.5934302230763716,0.13,1.7912279721950477,0.0066075474083473,-0.0066471139657422,236,1.1045767416394157,-0.4516619975899588,0.1492116456364947,type4_overdamped_decay,0.68
609,4.2265715779920585,3.1893271361509163,3.3002120346400106,0.221825003760267,0.0056704214569207,0.0953776342279349,0.262,1.713311831671256,0.0046039988766133,-0.0099765790928074,185,2.4215962667240665,-0.4913844313151828,0.3539827494063767,type4_overdamped_decay,0.88
610,1.4403792733080456,0.7600127142247544,1.1457295137511236,0.1195073878924385,0.007213091755158,0.496524890845861,0.108,3.2891221849041994,0.0183155369011491,-0.0163111098164997,316,1.8699602465750125,2.3392300524069385,0.1306088892963379,type1_Damped_Osc,0.99666667
611,2.299992934433552,2.2417573049518853,2.272659586494524,0.0203115277676649,0.05540519764339,0.9494018090213268,0.007,0.4337931592018749,0.0007277196182657,-0.0007286013482312,0,-0.300113339795638,-0.3000694214800534,0.1456556242234032,type3_Sine_Wave,1.0
612,2.463197150862681,1.7098724042888558,1.7783557243762342,0.1474001521870238,0.0148511994473077,0.722147828798838,0.168,1.766903017927929,0.0053183495708537,-0.0103821419487584,144,2.483304572871879,-0.466808613857183,0.2497350425159827,type4_overdamped_decay,0.6066667
613,2.1344337038824035,1.276198319851719,1.6447282553973577,0.1718263683915804,0.010845818774763,0.3956911031470659,0.113,3.3701313025479047,0.0122973442332654,-0.0128560850642829,430,2.633988358136556,1.7215874468198014,0.1602508143450092,type1_Damped_Osc,0.99666667
614,2.593092221100976,1.98213229620349,2.0436580505365622,0.1423355745675769,0.2486951582202177,0.9453527490027014,0.407,3.185528084303032,0.6086929724527868,-0.6095714603516216,184,2.211060014753649,-0.4940340455981236,0.2248634837624969,type5_Square_Pulse_Wave,1.0
615,2.222324184797904,-0.0029063488720076,1.9261726629897868,0.5140151108119845,0.0180504796698812,0.5098805833649942,0.072,5.953061586250438,0.0722277433749623,-0.0307332286171793,434,-0.4090831536462196,19.508493409664467,0.1107112350723635,type0_Step_Response,0.99666667
616,0.5384085473267789,-0.0004332212758531,0.4753049471372359,0.14396181513967,0.0034461147024175,0.6560828001295824,0.14,0.8512358026416277,0.0054034706730848,-0.0017881812033863,186,-0.4801009725135278,6.386862799943065,0.0780165556690653,type0_Step_Response,0.9866667
617,0.6307333336733351,0.5684427677186897,0.5753707552897116,0.0140588748532497,0.0003498317354259,0.2382963383605789,0.374,0.3577951434971728,0.0016005206583432,-0.001592394470096,120,0.6937999234819431,-0.4965642435692078,0.0520286581829783,type2_Triangle_Wave,0.78333336
618,3.850611843332712,3.0386401742608986,3.139357161858343,0.2302812246594795,0.8110132262685004,0.9482369732292806,0.433,4.04799437807433,0.8084437899566734,-0.8089139867302859,174,2.2402774541247394,-0.4919324678524274,0.2954402278926133,type5_Square_Pulse_Wave,1.0
619,2.3736274651046423,1.6820069220057017,1.9554589152618296,0.0849578009410353,0.0093112312551544,0.4830765122966,0.233,2.366490602519087,0.012337823756195,-0.0177314373731261,151,2.8968506476414078,1.68026271658932,0.1240104867752385,type1_Damped_Osc,0.9766667
620,2.483056392448108,2.176545179397104,2.213943269516041,0.0607764895357199,0.0204390500614581,0.786403890255328,0.172,2.1477235548368743,0.008951788400167,-0.0097033052570538,143,1.7065372453434655,-0.4312387143074394,0.1347125262333985,type4_overdamped_decay,0.49666667
621,1.5039546694031072,-0.0020498634733511,1.3917247743586667,0.2802041041230349,0.0081950195978399,0.5876420422955261,0.129,2.4527128935196734,0.0390481774572891,-0.0046504300580403,172,-0.4678908908526836,8.275046760196915,0.1709978289493579,type0_Step_Response,1.0
622,1.2465767747568186,1.1627526992540718,1.169772812621688,0.0163126433357652,0.0752347363804994,0.96959003704117,0.398,0.7472534866265494,0.0044414520302635,-0.0045396147932763,42,0.2937857789435719,-0.4960749269685012,0.1050807761925325,type2_Triangle_Wave,0.99666667
623,0.6471911759392935,0.6265721648592197,0.6368950210998114,0.0073122096407636,0.0206182318278104,0.9801543531417928,0.007,0.1624993340236741,0.0003032088856085,-0.0002906836286428,0,-0.3550872457498958,-0.3550703402410045,0.0711386949717665,type3_Sine_Wave,1.0
624,0.6940957520778127,-0.1194969812217102,0.589451055098843,0.1919240369831583,0.0061975858057455,0.4181324289978463,0.056,1.8542356469373544,0.0168579493349152,-0.0120618075465494,368,-0.4704594922464125,9.288708617553672,0.0828653584682861,type0_Step_Response,0.99333334
625,1.595796592347078,1.436135199599977,1.4513533242143462,0.0297425413412413,0.0054192831545958,0.4012719625817039,0.234,1.0285327494666343,0.0045405721087137,-0.0038860926391961,108,1.4900084280244534,-0.4512129357280904,0.078311627306606,type4_overdamped_decay,0.60333335
626,3.0634367233197404,-0.9169660202014516,2.437811833809938,0.9427217269592094,0.0251549788338931,0.6405240199911972,0.0,8.428675442963188,0.0712393429560288,-0.0683306848368648,472,-0.5375327594532604,8.81667116885856,0.4289625359490996,type0_Step_Response,0.99
627,3.0980329291745363,2.799924570124757,2.8442513949956965,0.0658445527790165,0.0192822391091507,0.3758870387598268,0.194,2.438780757626413,0.00906394214755,-0.0103930456351224,173,1.4890179317842904,-0.4405972800448142,0.145530830689796,type4_overdamped_decay,0.43666667
628,1.6395401380683017,1.4570592771515134,1.484208797715447,0.0500135175172693,0.1817356484324173,0.9843560269779332,0.355,2.056440150569397,0.0073742280331969,-0.0076367960328789,115,0.3305903025142819,-0.495664828470704,0.2185594602031078,type2_Triangle_Wave,0.99666667
629,2.2491817212933487,2.0946498402819773,2.109335999244259,0.0393626716272306,0.1536670891879055,0.0038719244222186,0.433,1.2668537159091997,0.1524273098152702,-0.1526822723123642,66,0.5246761041167107,-0.4912797966231486,0.1495378683771173,type5_Square_Pulse_Wave,0.99333334
630,2.30576322572476,2.2719210761577755,2.29031956751082,0.0119387488493408,0.0337787886836116,0.9697914918163651,0.007,0.2310148101622546,0.0004418165035127,-0.0004716977064678,0,-0.3676462327580038,-0.3679829114539586,0.1280101373735305,type3_Sine_Wave,1.0
631,1.9430633406085915,1.522954252026362,1.589262510161484,0.136562034570587,0.3544709037520721,0.934734609941139,0.403,3.027059881523237,0.4186023739616313,-0.4175998560548002,196,2.26731081027447,-0.4918255562470904,0.1513641940531402,type5_Square_Pulse_Wave,0.99666667
632,2.5195020070816687,2.387216311212776,2.410642579433484,0.0417776727106335,0.0971197795306983,0.9545888923043536,0.398,1.1902594600472765,0.1315761288405124,-0.1305191071907407,57,0.1048000752352253,-0.4952514424364364,0.2170223813996479,type5_Square_Pulse_Wave,0.9766667
633,2.2882718899374166,1.721673559351664,1.7709462709545654,0.1068644382921225,0.0085463707049169,0.7611643859921071,0.18,1.427950000548188,0.0048277758247883,-0.007779290866686,129,1.998207595909291,-0.476365518652685,0.2246763727576979,type4_overdamped_decay,0.7366667
634,1.1858512274916388,1.1667906098760032,1.176184889952439,0.0066113932809767,0.0150754226680267,0.9591925308027656,0.004,0.081838163246124,0.0001355796729496,-0.000136856016428,0,-0.3497801110043798,-0.3497308337587722,0.0634319862352785,type3_Sine_Wave,1.0
635,1.6273842061046508,0.927039797606954,1.2250734138304629,0.1099111524199534,0.0073386624146962,0.5529232140300157,0.08,2.2564950377792354,0.0089786237904241,-0.0114899424990941,244,1.7744258107233408,1.1712646155978612,0.1774960356306181,type1_Damped_Osc,0.99666667
636,2.404540026208314,2.22103737550206,2.2328876710152628,0.031221052795003,0.0018792920323509,0.1791540413820213,0.401,1.2630264651988496,0.0089941594886457,-0.0087393488746019,68,0.7738314290906737,-0.4900323733982963,0.1429372064830563,type2_Triangle_Wave,0.8066667
637,3.1910666001273427,2.9949564697033817,3.019865221237209,0.0561377271150103,0.1889272392215821,0.9111221228869812,0.428,2.188770841457345,0.1920735356436536,-0.1932777261173925,73,0.1994120414247712,-0.49085391296695,0.2767735243554332,type5_Square_Pulse_Wave,0.97333336
638,0.6017582784494491,-0.0006714072145146,0.535422144307995,0.1312354141011875,0.0070683705613445,0.7509045277760857,0.141,1.105791407964955,0.011881194141554,-0.0022299818605185,295,-0.4546452921398324,9.778383657031062,0.058353831177347,type0_Step_Response,0.9866667
639,4.1344632187816925,3.4350894000994887,3.523542427059368,0.1518681381925186,0.0260649017627856,0.6929891916852439,0.16,3.125138298562714,0.010416247132055,-0.013430454862136,190,2.288384540243357,-0.4434152425595085,0.2458282482175042,type1_Damped_Osc,0.48
640,0.8707809630954274,0.8475103830433983,0.8592669609702138,0.0082657620800205,0.0232597903978049,0.9795100790152688,0.009,0.2237115673042259,0.0004309215589645,-0.00042077138159,0,-0.3317204673285204,-0.3319873575861268,0.0691975067398547,type3_Sine_Wave,1.0
641,1.047286934857881,0.8597174172587145,0.8799586465960169,0.0571095624608834,0.0011499776903676,0.1182319142837365,0.441,1.0092653605436963,0.1864842078450946,-0.1866691476829592,105,1.670880772516179,-0.4920498678396434,0.0860872301731063,type5_Square_Pulse_Wave,0.96666664
642,3.4045152175008377,2.762680096099718,3.073817980849226,0.0906959928423506,0.019206982314643,0.5738176052415498,0.223,3.6984731794735626,0.0224971853592363,-0.0256992513052813,152,1.3798849043348136,1.2293379195577714,0.1778319468535594,type1_Damped_Osc,0.8833333
643,0.7941939686137675,0.7430637875530905,0.7537937564954513,0.0196029180012604,0.0306041553247431,0.9471058268703656,0.412,0.3690514885915075,0.0506204738354157,-0.0507087736733804,173,0.1053410530716212,-0.4967845182809877,0.0840187856634677,type5_Square_Pulse_Wave,0.96666664
644,1.6966549448129418,1.0115000690272755,1.347930010320722,0.1488999311454671,0.0091691006265601,0.3873431475947664,0.082,2.1133880455380702,0.0081021303065891,-0.0095712232317191,361,1.4253650515615564,1.38529765368222,0.1797994020417599,type1_Damped_Osc,0.96666664
645,2.339549834087405,1.5155152123283686,1.7564465434477905,0.1225194903705396,0.0090162836032581,0.4796505274914402,0.189,2.11772041586009,0.0078352111267452,-0.0153349853762412,131,2.1914937290336773,0.5103675024572139,0.2226000841817519,type1_Damped_Osc,0.95666665
646,2.367111073434304,1.740465640649192,1.988581641323046,0.0738531424220031,0.0098860120419239,0.616466235157278,0.191,2.4784677793285024,0.0159355502410314,-0.0246735193807237,105,2.679758941547001,1.5090859530654588,0.1207678096980222,type1_Damped_Osc,0.9866667
647,3.192104635599625,-0.4029854129496405,2.724279012542058,0.9719779862045248,0.0280334945204612,0.5818870007558626,0.099,6.512352787555581,0.0458276281085467,-0.0355704168628715,281,-0.4712535556928469,7.247069664070707,0.4623424729239449,type0_Step_Response,0.99666667
648,1.8438104659243573,1.4658827947702502,1.5044472574783463,0.0784228176798836,0.0100118357005125,0.4765739068679209,0.224,1.4013347337498334,0.004382623802513,-0.0065608209445906,145,1.786267794890379,-0.4783756372869406,0.1637544760958653,type4_overdamped_decay,0.6066667
649,1.5907055505920755,1.2428407581062126,1.373278916413688,0.0559998411197616,0.0085753224741118,0.7014559142474462,0.164,1.3135177976502097,0.0045420762071815,-0.0074122026646883,148,2.1794424090933275,0.9914961158617284,0.0834020425869526,type1_Damped_Osc,0.9766667
650,1.6208821801365043,1.2792852582344425,1.426105080183221,0.0410438634203121,0.0106662127652539,0.5452037894677993,0.234,1.883031074855471,0.0121321278737935,-0.0135911487482278,123,1.677492919288608,1.0982086964940203,0.0904724357650956,type1_Damped_Osc,0.89666665
651,1.830195172245168,1.7773326434748005,1.8007051589581724,0.0187428520197058,0.0412073842761839,0.9543745443828892,0.005,0.2461647371689062,0.0004065952301204,-0.00040916639617,0,-0.3992039930284095,-0.3992070191222037,0.2622292484044943,type3_Sine_Wave,0.99666667
652,2.615151759807048,2.253712958103987,2.2965423672522336,0.0748668147197171,0.0168841100228425,0.7190062789453796,0.182,1.9231420750800128,0.0072946139039706,-0.0092139533264146,155,2.0236471067731245,-0.4311351764153511,0.1394164468331613,type4_overdamped_decay,0.57666665
653,1.8333176359136785,-0.7591863986780994,1.5958945856850533,0.5746615945028257,0.0133936139229933,0.633881498163407,0.042,5.90629527370749,0.0641605112687119,-0.0632958078520447,187,-0.4840905745930513,8.95544467026124,0.2737205270128675,type0_Step_Response,1.0
654,1.1733403402409428,0.8859490445440951,0.917494627055321,0.0611768132578343,0.0056971247032376,0.5752277429245385,0.169,0.8685371138914044,0.0032274976798365,-0.0035816241645392,174,2.3685101143903804,-0.4642232650431181,0.0989541703710977,type4_overdamped_decay,0.64666665
655,2.177156448320764,2.09310740814208,2.09958548690754,0.0163226889237234,0.0034165607983061,0.2460973112590012,0.458,0.9029269060820018,0.0819670082752024,-0.0812306722420554,0,-0.1703808883165875,-0.4918202417028726,0.2488138583279622,type5_Square_Pulse_Wave,0.98
656,1.218344858307109,1.133084244007476,1.1434626660014502,0.023403470092827,0.0015104895243291,0.1035648339892953,0.431,0.6026498611757665,0.0832670561638466,-0.0837543688124762,54,0.0510695450666916,-0.4953067519953692,0.1534118788853347,type5_Square_Pulse_Wave,0.9633333
657,1.915008457412472,-0.0828667746210848,1.5722382698117736,0.5386191658290667,0.0172746899698135,0.6727096035120107,0.0,3.0918430554640794,0.0248638741459642,-0.0092166430766271,456,-0.5092000294554817,14.193860820656326,0.1360518476007766,type0_Step_Response,1.0
658,1.6250839898640308,1.3445328279141395,1.3726178466763013,0.0523672362179264,0.0099509552258887,0.3358966461936342,0.207,1.4376307152846783,0.0055338241159579,-0.0064731739424575,139,2.3866753308174946,-0.4310154168002796,0.0949199739183042,type4_overdamped_decay,0.50666666
659,2.605071175373749,2.543023411766264,2.575385781339932,0.0217564459738778,0.0618437042532162,0.9594088034342658,0.01,0.587748888492523,0.0010125922027608,-0.0010179448207678,0,-0.3210695467879606,-0.3210593750027883,0.1733802125557768,type3_Sine_Wave,1.0
660,2.143001957786748,-0.0022094418960248,1.99944008666334,0.4342130703739299,0.0177487330034713,0.6384307227131729,0.187,3.861385742135937,0.0424982207180717,-0.008123394955267,155,-0.4189815821784188,18.6725799336864,0.1114187260229595,type0_Step_Response,0.9766667
661,1.6709968025095343,1.587861431337773,1.627405915705652,0.0294698615237726,0.0830922185631592,0.971267584491815,0.009,0.7085012660972025,0.0011594328740036,-0.0011611090670231,0,-0.2963081030029584,-0.2962679120525224,0.2040512445114939,type3_Sine_Wave,0.99666667
662,2.8274472198194034,2.5061010696434924,2.537669256527962,0.0693974288759684,0.2189964211635007,0.9728113054654156,0.38,3.2058376581538304,0.0168952039814085,-0.0171578405331871,110,0.7001030645063101,-0.4935625000742575,0.2663367976584991,type2_Triangle_Wave,0.99333334
663,0.9506571677403454,0.4525277752552648,0.6565051199951683,0.0972789716209996,0.0082919955263822,0.7491127943955536,0.047,1.192123823211912,0.0044815397088212,-0.0056598467167469,351,2.8958378495822603,1.7740484644312549,0.0878552699114829,type1_Damped_Osc,0.99
664,1.8047135143507365,1.3819167752328188,1.6068475468090178,0.073400587384306,0.0021643432635665,0.1641550861634571,0.059,1.7752597762728324,0.0084527188851939,-0.0102008032207792,214,1.1573057394863209,1.6669577843184096,0.1105563820291548,type1_Damped_Osc,0.96
665,1.5891983442228217,1.3649934141677933,1.3942341816432426,0.0497850228798767,0.0060342670864654,0.371272012654593,0.169,0.9927346701073584,0.0031728530515064,-0.0041958720357218,150,1.1699360210980023,-0.4704343162730012,0.131923921828672,type4_overdamped_decay,0.75333333
666,1.1402696765901987,-0.001407617513852,0.9332186229628742,0.3485253029958537,0.0120563915026519,0.5838586966555768,0.048,1.9592282942518835,0.0077328196308168,-0.0060382242980068,341,-0.4650087212662424,8.336511338395473,0.1286904083080224,type0_Step_Response,1.0
667,2.014511073642058,-0.0020292777564233,1.7382786434027722,0.3593337701325787,0.0167935423405689,0.5945054333204284,0.066,4.139450692212671,0.0461336473503889,-0.015368133231395,305,0.2437567431386323,10.482500136949556,0.17196794953577,type0_Step_Response,0.98
668,1.7439616630544914,1.5914987118031194,1.6131046487747571,0.0436229819296663,0.1007743321278953,0.931734944745608,0.383,1.15188193226175,0.150960215416734,-0.1505134008520914,202,0.9115643018378776,-0.4917808526226734,0.1073846517478753,type5_Square_Pulse_Wave,0.96666664
669,0.9830031883119084,-0.0010136680733008,0.9381283380835967,0.1436300849230094,0.0079827965325691,0.5214990511445136,0.237,1.8613176140688985,0.0278102057260675,-0.0044962303186484,131,-0.4523804273238805,12.415491124193707,0.0759090066725124,type0_Step_Response,0.94
670,2.4597700218097365,-0.0011643001481821,2.285105159351133,0.5058119659437725,0.0208823823298107,0.5945319613567689,0.169,4.274712607855024,0.0425836488641356,-0.0077537424284166,158,-0.4043758098546273,16.587628773391916,0.1432170222471844,type0_Step_Response,0.99
671,3.8035136661261206,3.3745565150737105,3.450151667077439,0.105791484915997,0.0210415296245303,0.6013822357167617,0.144,2.6131875681160857,0.0109488110578364,-0.0097490724726139,223,1.3468394943033246,-0.4671204238673371,0.2282027978536795,type4_overdamped_decay,0.55333334
672,1.4694690320416288,0.8367440304464162,1.1895434329255163,0.1060434058270612,0.0139695294196673,0.8489890544874247,0.039,2.9568980464125074,0.0175791025322482,-0.0153238905294483,275,2.15485318117877,2.7461294347454857,0.1072236681205864,type1_Damped_Osc,1.0
673,3.3050193029949995,2.058946404552884,2.84533964511357,0.2071068207522703,0.016333907313744,0.5737475055935072,0.103,5.9063795257718645,0.0395713090828491,-0.0371328902792282,309,2.17256435123832,4.205831170890665,0.168881282482749,type1_Damped_Osc,0.99666667
674,2.1296679735962845,1.9510038790985984,1.967826145539796,0.0396517935111393,0.1778335123387,0.9720959088965292,0.42,1.8285516638797368,0.0102874358474687,-0.0100450294893232,109,0.8707240824100052,-0.4871630032252048,0.129133507140108,type2_Triangle_Wave,0.93333334
675,2.6788397580636496,1.5683159071754695,2.069308065344162,0.2475493285659031,0.0530045595504913,0.977559412624392,0.009,4.058286551673126,0.0134390058635336,-0.01633184205384,498,3.4460609534112554,2.682278201974865,0.1557899851116198,type1_Damped_Osc,0.99666667
676,1.7046053016629046,1.6647446387860918,1.669906273542223,0.011069381848445,0.0181534153745028,0.8897585329714642,0.418,0.544881464174511,0.0388589653996145,-0.0388447566173641,0,-0.1453562977374936,-0.4928730225159713,0.1101821267128118,type5_Square_Pulse_Wave,0.99333334
677,2.036845040299038,-0.003893648687845,1.7420041133372277,0.554008077689624,0.0169187096049761,0.3777414406285336,0.155,4.0337411340685705,0.0445309938200615,-0.009284794957892,380,-0.4294449490912279,15.67100896353786,0.125649148516219,type0_Step_Response,0.98333335
678,0.9519618185398117,0.5796999285550088,0.7350223113341819,0.0723955256031377,0.0048360940155521,0.710179255129046,0.078,0.9337621148278068,0.0030031631815,-0.0046351868055373,316,3.289743021548935,1.983245859654138,0.0593436234360753,type1_Damped_Osc,1.0
679,1.8051159555548228,1.6779933514122447,1.6882050892426677,0.0304835513199113,0.1271226041425781,0.8965528770830092,0.469,0.8788017705842799,0.1260585948722223,-0.1254082998397152,91,0.7933675193655179,-0.4932349504940815,0.0977766476944157,type5_Square_Pulse_Wave,0.98333335
680,0.8658249567419464,0.8311468542763929,0.8358457807858748,0.0099933369180905,0.0175812384024982,0.9185527878949652,0.406,0.3569256347799593,0.0340121513867514,-0.0340647122228958,0,-0.1349578864091638,-0.4960259167352292,0.0939744725598663,type5_Square_Pulse_Wave,0.97333336
681,2.847923001126903,-0.0033151505463091,2.126893109112796,0.9908572731766632,0.0346361492621474,0.7817381167270847,0.0,4.587253181670198,0.0281826781280464,-0.0103836041866318,661,-0.6367484692141722,18.261192940258223,0.1530911784298378,type0_Step_Response,0.9866667
682,2.1474933367638465,1.6439995833269287,1.8697989591688744,0.0903629341494428,0.0116896294157462,0.591330643838196,0.139,2.471955717712251,0.0108953321601847,-0.0108788017531387,310,1.9740835250582955,1.4234220392097052,0.1144953078690937,type1_Damped_Osc,0.99666667
683,1.768818891228447,0.000498952514783,1.6701484175660926,0.2181771806847956,0.0159788605728301,0.6268489065724161,0.139,3.589840178639854,0.0504004911968612,-0.0073672030847609,188,-0.3811311529150708,7.895841717993037,0.2076782205570451,type0_Step_Response,0.98
684,1.2026182814629074,0.9702554368150302,1.0014258998494223,0.0530428041532727,0.0046342314642425,0.7837467818578587,0.123,0.6210328347255173,0.0021985631018142,-0.0029810471978641,192,1.7047202862934423,-0.476304155232765,0.1042726452250538,type4_overdamped_decay,0.8666667
685,3.8486395025981777,3.2070620824855323,3.274145580712206,0.1848894303169556,0.32623786230657,0.8966840036891488,0.444,5.250076760730615,0.6372869368974987,-0.6393455975813538,116,2.2670877812612287,-0.4899739381332817,0.2310230895648186,type5_Square_Pulse_Wave,0.99333334
686,0.9956381717969844,0.7988989533003227,0.8221735442870608,0.0461996625512504,0.1672858796075885,0.988155412478605,0.339,1.486433875463491,0.0063312012612786,-0.0064903017480288,181,1.307439856663262,-0.496144550968624,0.1086179696254507,type2_Triangle_Wave,0.96666664
687,1.6016759761581547,0.6116389116911308,1.0207076825407504,0.1810169744996064,0.0054919088046311,0.5749555121197786,0.071,2.7287135768033446,0.0122616973602114,-0.0164719013534155,339,3.622821863545416,2.123291781016592,0.1467566537757758,type1_Damped_Osc,0.99666667
688,1.8062539249271408,1.557400875000618,1.5905823586696324,0.0647013393178549,0.1941277341784133,0.8544000281801798,0.349,1.949082446313773,0.0074964769658554,-0.007492807983225,153,0.7097128889279138,-0.4950103451884232,0.2048674806923702,type2_Triangle_Wave,0.98
689,0.9128881555246692,-0.1365977182977457,0.796232768926332,0.2543511633247787,0.0084170114678405,0.5213943118512863,0.107,2.028002314779514,0.0152897920771922,-0.0107030996284269,271,-0.4713748983972072,7.627250668650104,0.1286785016576916,type0_Step_Response,0.99
690,1.923956006756858,1.4983773108888143,1.5284507752704315,0.0804824088648818,0.3797455811306636,0.9392791202930336,0.413,4.255671563530224,0.0312705555584198,-0.0311892149605754,112,1.449622319756089,-0.4984170574207124,0.2181106745062142,type2_Triangle_Wave,0.93333334
691,2.520290555226574,6.868279000169419e-05,2.2821243327310383,0.6003488692219751,0.0031874286929252,0.1826676827828039,0.051,2.938776966492516,0.0650542346854902,-0.0029677012975191,221,-0.4958857572809197,7.528253320899432,0.3137582851476526,type0_Step_Response,0.99666667
692,2.694950678673707,2.260675042423916,2.3049043438289445,0.0911108114244744,0.0019128058572639,0.1104873419368265,0.264,0.6686962311073326,0.0015494823151138,-0.0040809667403354,158,1.8776599954086235,-0.4931563413278066,0.182124122773549,type4_overdamped_decay,0.99666667
693,2.9844275630863666,2.892087878455312,2.902744906369955,0.0233244771725834,0.0031310755258342,0.1534621657742635,0.45,1.0851362618661082,0.0884783915546765,-0.0904511204573088,34,0.01101977624182,-0.4909410092265276,0.1775494222942182,type5_Square_Pulse_Wave,0.97333336
694,2.0140802636535224,1.5250411786498483,1.6105978106861627,0.1236759245885253,0.0085326874470617,0.6858006079044069,0.092,1.0804484733496589,0.0032730955849669,-0.0048528495790325,292,2.293593016893178,-0.4765942618892723,0.1736028758035415,type4_overdamped_decay,0.81
695,2.0539387965598035,0.0927184812476031,1.9096902691404145,0.3611522004228645,0.0086795173275806,0.5279014920273027,0.197,2.97333786760104,0.0289453329294161,-0.005431683775773,215,-0.461444752032644,14.12899864318523,0.1337114784009896,type0_Step_Response,0.98
696,1.2599929933301617,0.8617423693167026,1.0078008148016946,0.0756283045138843,0.0082331331315718,0.6232089028909995,0.227,1.4522779700182875,0.0059683361746766,-0.008293967593929,287,2.9189977460346754,1.1753514255205777,0.0781749759590737,type1_Damped_Osc,0.96666664
697,2.700723042044817,0.1682676781319498,2.278725250053032,0.7508491546834584,0.0232593853132021,0.8204425394098254,0.016,4.114219608080862,0.0210473149473304,-0.0103640272837108,310,-0.4877366712814581,7.40568091920203,0.3198374836470901,type0_Step_Response,0.99666667
698,3.525099671050609,3.021936262589791,3.054833146361862,0.1041799183288064,0.22494336556294,0.9112058503659262,0.435,2.3527801768696133,0.5004473576914577,-0.5005172314340269,104,1.9454606802180885,-0.4910527983000561,0.2050039898289495,type5_Square_Pulse_Wave,0.98333335
699,2.658687205312737,2.613638620887515,2.639041305132228,0.0156807196136,0.0243912917192292,0.9262475172415509,0.004,0.2233272405318498,0.0004596100537312,-0.0004792228643011,0,-0.3539232622291616,-0.353823312890883,0.1541421950614467,type3_Sine_Wave,1.0
700,1.633220269258181,-0.0016853782092969,1.2514991670736118,0.4917163662180184,0.0245982498835086,0.7788952390909293,0.0,4.96069522729039,0.0501910534852892,-0.0283628705853019,561,-0.6039672396171373,7.725412974788504,0.2013072180470563,type0_Step_Response,0.99333334
701,1.2607763791611024,0.7875480864170814,0.9866784945910128,0.0806666427563901,0.0063775673356908,0.5382550774099739,0.176,1.9558791740783052,0.0085718342881652,-0.0132957671510054,233,2.826973096318868,1.736496997921126,0.0850599148962742,type1_Damped_Osc,1.0
702,3.607250107893978,3.398832862196017,3.422083422933054,0.0438998637235158,0.1247320781052736,0.9686426597621366,0.373,2.5256236781866925,0.011239417000961,-0.0112516531737836,52,0.3241360415617189,-0.4951595914922475,0.2514151586338728,type2_Triangle_Wave,0.97333336
703,1.910431390624128,1.6252924004910234,1.643577910912238,0.0479995662943976,0.1926516623602205,0.9595659410487586,0.421,2.1506884516468814,0.0168973026916394,-0.0168167674093693,65,0.6926393741140106,-0.4982425055029756,0.2387305238540125,type2_Triangle_Wave,0.99333334
704,0.7942933777191694,0.2754008013990726,0.5127446542695993,0.0645308767996283,0.0035703222475599,0.4485069403844362,0.169,2.0469362323629103,0.0164508310553888,-0.0197567002866174,160,3.2871834254919574,2.6155343644457254,0.0751722136281601,type1_Damped_Osc,0.9866667
705,2.426403128537388,2.1166488515739146,2.14763651014536,0.0810660473798261,0.2132429649281046,0.900030229477036,0.453,2.577972790710404,0.3081078960657368,-0.3079021642275852,118,0.5176983840353072,-0.4943911629456455,0.3026991997902972,type5_Square_Pulse_Wave,0.99333334
706,3.4755484314739373,-0.0036927425870774,3.0691438538882787,0.771400861382193,0.0316761685374817,0.5822468009280946,0.096,6.676615013353903,0.0780062477657372,-0.0148753804544368,312,-0.4657653299546819,7.480512310747804,0.434104929625204,type0_Step_Response,0.9866667
707,3.279801912261044,2.415160389331809,2.483227343241768,0.2130848454277034,0.5281961298496962,0.699816276812452,0.432,4.655399297779583,0.8608053085795433,-0.8614604039993141,91,2.72380160375659,-0.4929479459198655,0.2676201445497135,type5_Square_Pulse_Wave,0.99333334
708,3.0632260131878235,1.9548103647515995,2.5564952194626973,0.157388857794777,0.0150758253360154,0.4413559816611399,0.118,5.347127761642532,0.0373302911979163,-0.0388307811727508,211,3.09952739304614,3.847217722167657,0.139480458019749,type1_Damped_Osc,0.99
709,2.5334997854217938,-0.0023801755097413,2.345986976459344,0.4959311820043104,0.0237429395905817,0.570231059817662,0.205,4.429301021539242,0.066185862202637,-0.0097065382876171,181,-0.4182279857583928,13.308243678807791,0.1825685454193184,type0_Step_Response,0.99
710,0.9044486201897022,-0.150518226000459,0.7888917893393265,0.2556259519890328,0.0065905014408336,0.6486503892465224,0.066,2.7713871648793136,0.0308524871101696,-0.0179330715881819,239,-0.477622956076412,8.890098509631581,0.1120817621451023,type0_Step_Response,0.99666667
711,2.8440687726811555,2.740454283025671,2.7909232188664244,0.0363264317958024,0.1007021618503953,0.950180034954568,0.008,0.8781361803918601,0.0015824937664858,-0.0016206323093652,0,-0.261850825676194,-0.2618087501294682,0.2175219326193733,type3_Sine_Wave,1.0
712,1.0149086377691436,0.8565612302639676,0.8698416761033443,0.0315340983129168,0.0012171747001252,0.1319615740165099,0.407,0.9553758386872764,0.0056965616571107,-0.0055090287727418,133,1.5023209434447833,-0.4928123365692447,0.0787990690676267,type2_Triangle_Wave,0.63666666
713,2.1870504286164243,0.0531949540796005,1.8641619697371856,0.5722093322681258,0.0148281802394407,0.6884337226266548,0.077,4.958859045836773,0.0571372174669488,-0.0176154299979105,379,-0.2977344868410211,17.214209668211677,0.1191001830960356,type0_Step_Response,0.99
714,2.5499130046044343,-0.005179803578514,2.26765173089682,0.552181204217224,0.0211993760985591,0.7055701868657738,0.116,5.136918410122406,0.0672595240669385,-0.0136640266616987,309,-0.4569925233195066,8.870107009077106,0.2714396825884675,type0_Step_Response,0.98333335
715,1.0104256456840133,0.7919067373138364,0.8115190049577222,0.0421093064537803,0.0045504540432191,0.5641241071871199,0.21,0.7235323143727185,0.0023008127064851,-0.0035183742749248,127,1.937026278364299,-0.4726609901605268,0.0886714763497789,type4_overdamped_decay,0.66
716,1.5719829841456818,1.1915291790447171,1.2379865344403511,0.0819496851774745,0.0090011298725662,0.785332540064901,0.124,1.0231349089788953,0.0035764923504539,-0.005238754910009,184,2.054114896053698,-0.4705231459724786,0.1472577101583501,type4_overdamped_decay,0.78
717,2.405614208283516,2.323115726260831,2.36466359946337,0.0288241544943522,0.0618226601776927,0.9337762609993494,0.006,0.5155379869962147,0.0008356268575391,-0.0008243671747614,0,-0.3012177168129762,-0.3011795356029542,0.2074897181268635,type3_Sine_Wave,1.0
718,2.24756601824561,2.0037050889010874,2.0361707455865488,0.0698144852715678,0.1642301567068815,0.9538315577564624,0.4,1.5430317137044025,0.2413146328825237,-0.2412400508450192,177,1.322407547049235,-0.4911711040303764,0.1331673636543127,type5_Square_Pulse_Wave,0.99333334
719,2.410891503530672,2.131843303072901,2.160894945120847,0.0636321321556135,0.2789828033770529,0.9908389227899262,0.352,1.623760673050167,0.0079865794361282,-0.0077259391759665,89,0.4155410793741851,-0.498538713706179,0.3043047770705518,type2_Triangle_Wave,1.0
720,3.196017773305661,-2.2737098828923386,2.542187417625497,1.2015416763279751,0.021617190873473,0.4458070502500659,0.022,14.138255322251554,0.1311591795634968,-0.1562887986339637,412,-0.4898377168072362,11.248714725396106,0.465157314954721,type0_Step_Response,0.99333334
721,2.495708181487841,1.7964060662402688,2.218746153861284,0.0759996048524563,0.0168172004342732,0.3997660257761082,0.221,4.5331152458024295,0.0444119366484838,-0.0424666299511753,122,1.5578260524797145,2.683299794652428,0.1334259347407616,type1_Damped_Osc,0.93
722,2.4768004520994804,2.258337449795292,2.2849398486536603,0.0551813521847886,0.217599827767839,0.972253738919438,0.387,1.6889627409185732,0.0071462420591763,-0.0072910544674988,142,0.7826965636467841,-0.4922338480797414,0.1692904410711264,type2_Triangle_Wave,0.98333335
723,3.5094287142425094,3.370581451286496,3.436234241479504,0.049242592498088,0.1387519504743597,0.977505379221433,0.008,1.1881916576961329,0.0020446342159998,-0.002042156657104,0,-0.3101179924240745,-0.3100263271561279,0.3655263567536124,type3_Sine_Wave,1.0
724,3.873256166785764,3.059655307532996,3.318341944415324,0.1168915424065498,0.0213971934539616,0.5121433784142801,0.235,3.707021793803485,0.0131035329570159,-0.0295333367113013,88,1.830917944911528,0.4697940279302889,0.2464925343220061,type1_Damped_Osc,0.8466667
725,3.047354418936317,2.696067849294403,2.733755084970433,0.0794364101505888,0.0022349013919717,0.1224006345727519,0.397,2.1765957610941085,0.0103020296901368,-0.010145761926751,89,0.4126471658123755,-0.4967928412942319,0.3835616213601827,type2_Triangle_Wave,0.93666667
726,1.954290276706216,1.604643986198462,1.675967325124722,0.1302976850617428,0.3461692219220618,0.9650986733310566,0.35,2.057775075776868,0.3481340928829113,-0.348060571270758,241,1.0208588177834723,-0.497033307809669,0.2294529709728805,type5_Square_Pulse_Wave,0.88666666
727,2.33235519256179,-0.2485936038135457,2.027384157232023,0.5627992004010095,0.0213661265007725,0.6020842234749605,0.008,4.534685228651384,0.046924876854729,-0.0297720121139458,394,-0.4727136831601812,20.650573573523047,0.1218701422021313,type0_Step_Response,1.0
728,2.639781068096193,2.155532679571326,2.2441817481670405,0.1230383372268558,0.0135128521202396,0.4600753395597593,0.119,2.0901827334585223,0.0072139625611518,-0.0084095862887676,259,1.6746804689416437,-0.4642481410623749,0.2190740618553404,type4_overdamped_decay,0.57
729,0.8543736864483795,0.7034387857639248,0.7280057007728062,0.0366558298117361,0.0034823228395005,0.2953307254616071,0.131,0.5807372950915208,0.0020103947883359,-0.0025227315244623,187,1.085665684605472,-0.4790745397821877,0.0939473002641606,type4_overdamped_decay,0.74
730,2.0377634474496484,1.129004463219971,1.5244396324312224,0.1094020278782568,0.0062878549152898,0.3079047193919004,0.239,2.283091346394737,0.015201036106357,-0.0240070993380618,98,2.826297001144713,2.0501256962785317,0.1546449312824551,type1_Damped_Osc,0.9766667
731,3.70704125215604,2.3420775776516267,2.992757428926394,0.2206527184306176,0.0683244935083,0.9588817079333538,0.029,7.245386343875269,0.04184738788814,-0.0421528928387044,258,3.6560765929401433,3.0549777236870965,0.1770138840237658,type1_Damped_Osc,0.99666667
732,3.243341565952281,-0.8303818870298407,2.4451118052947733,1.11447229037733,0.0333743004330426,0.6795704664530889,0.0,8.17638979292833,0.0570560951490789,-0.05443221578228,611,-0.5579719410974929,15.85378031640325,0.2499859693462851,type0_Step_Response,0.99333334
733,1.4194412572241029,1.2096689191397136,1.2353272871028398,0.0436712491434769,0.0084769566174365,0.6420879629824945,0.148,0.96822900589744,0.0030841894893214,-0.0047242647687528,150,1.6538336154224809,-0.4436428729967403,0.0949114183032722,type4_overdamped_decay,0.68
734,1.2232279415677911,1.176301506489049,1.1813064794604338,0.0109391331704116,0.0460922757862607,0.9785504205436864,0.397,0.4935746108520344,0.0024287966272682,-0.0026293287846597,10,0.0265600357098857,-0.4945515887105734,0.0882061842127157,type2_Triangle_Wave,0.93333334
735,1.5832276840313495,1.4479316866832783,1.464129637885602,0.0338177693490327,0.1320119273456756,0.9406965965534184,0.399,2.293909790016209,0.0101991494004274,-0.0102645219131261,149,0.9477804293343844,-0.491121086356433,0.0928810143567788,type2_Triangle_Wave,0.97333336
736,1.70412192962241,1.0975202557958337,1.3505555789949737,0.1044445217304737,0.0020595927646138,0.2072365741328902,0.229,1.26337229970407,0.0047316202290876,-0.0072738602962294,198,1.6328828370867636,1.0537523246995693,0.164540738968228,type1_Damped_Osc,0.9033333
737,3.609883313432961,3.3395006295305176,3.3729818059399204,0.0781420462198684,0.2703826839024432,0.909047263703884,0.425,2.4466498359939908,0.2668968061592807,-0.2658169677617148,149,0.7901364681461621,-0.4906267571654059,0.2080651507393369,type5_Square_Pulse_Wave,0.99
738,2.675349349011569,2.190167617512858,2.2355224704816465,0.0981994959169658,0.3252753660173142,0.9462526027635596,0.356,5.958046414327683,0.0332866468068595,-0.0334546234628696,158,1.593743661196688,-0.4954477493109253,0.2312265532951798,type2_Triangle_Wave,0.89666665
739,3.293911619504555,3.122545714495365,3.1476402076704235,0.04496712547607,0.1705990883155066,0.9820154283814104,0.388,2.252193348400425,0.0092910025237546,-0.0089010161493945,30,0.0637063647818937,-0.4915602810620845,0.2995142497437957,type2_Triangle_Wave,0.96666664
740,3.750661073525166,2.687610898230333,2.810984981659816,0.2276371695313743,0.0227178326074435,0.7540795940457947,0.139,3.0361710242703754,0.0093276465656511,-0.0156744432721565,188,2.409732349581622,-0.4654576894893226,0.3610567280640548,type1_Damped_Osc,0.48666668
741,0.7098437737423586,-0.0385999978266789,0.6326205659451205,0.165529941302708,0.0068067435936994,0.603021773322183,0.115,1.3789760365729726,0.0098841755393982,-0.0027526148304433,337,-0.4396621455764212,14.917460576008535,0.0483559580474612,type0_Step_Response,0.99333334
742,1.2334117316200497,1.206232584309195,1.2108979836786715,0.0083454176031235,0.0163498254781866,0.9374169114531722,0.436,0.5311988283321483,0.026025950884168,-0.0250741344061227,0,-0.1969186839585125,-0.4875500847925356,0.0861377404806262,type5_Square_Pulse_Wave,0.9766667
743,1.82175322831494,1.50568878651046,1.539166159416332,0.0646502164361962,0.0077244378096612,0.5630099371427544,0.176,1.1798183562761595,0.0050339846651485,-0.0053212222026564,144,1.6645383769636677,-0.4743948365287127,0.1443122041862656,type4_overdamped_decay,0.64
744,3.477989193682095,3.027583594226567,3.07510454006536,0.0990857753500999,0.4498679575368411,0.9915316568162532,0.375,2.7424607552717357,0.0133511535340811,-0.0133431969850668,124,0.7316411752621753,-0.4944169531805543,0.364045248562725,type2_Triangle_Wave,0.99
745,1.764288578880174,1.6289061503450426,1.6413076888018336,0.0252539082870312,0.0929719732668701,0.9746226892253036,0.345,1.1884507143624887,0.0067298724493956,-0.0064801591646979,49,0.4397610602024843,-0.495491897337553,0.1433727096672081,type2_Triangle_Wave,0.99666667
746,3.407709578225917,1.6776275807652792,2.5047278762922245,0.2704627480532698,0.0137802067615573,0.4030449960442502,0.111,6.154965251252805,0.0342323274095064,-0.0421926828394574,227,2.964523066244797,2.724677204351184,0.2586380923689244,type1_Damped_Osc,0.98333335
747,0.921640869056152,-0.0696943751936568,0.789666583056483,0.2610820525206967,0.0078474053379377,0.6825059003775076,0.064,1.5802844605165571,0.0079922293397398,-0.0033457515218056,253,-0.4598877088669191,8.612005193253381,0.108317582891722,type0_Step_Response,1.0
748,3.6709465212117713,2.548895787631181,3.074703495657104,0.1764400889736423,0.0148590647822577,0.5315958673024859,0.218,3.489734554603643,0.0164107583935133,-0.02364087452586,209,2.7515689324998966,2.2871005378455487,0.185810920615995,type1_Damped_Osc,0.98333335
749,1.5053679652990544,1.336866046066672,1.359654267002682,0.0443920268652282,0.1673853690939415,0.9930948881226151,0.376,1.2228387135830012,0.0048649994460678,-0.0048242548485228,141,0.5852468432857145,-0.4944219102875679,0.1544720093344884,type2_Triangle_Wave,0.9866667
750,0.6830536202068277,0.6258224990492817,0.6324533148426195,0.0176519592162095,0.057231121157546,0.9091966066394884,0.451,0.4852313402243579,0.0564146500029852,-0.0566184094129874,110,0.4992359233839021,-0.4925225232299932,0.0568494679307898,type5_Square_Pulse_Wave,0.99
751,1.074694974731702,-0.0142122889159473,0.984074477758802,0.2473829982718119,0.0073096505069774,0.424372958136796,0.183,2.028517650161766,0.0168100351497371,-0.0041867567229409,183,-0.4180580085567304,19.175522525807043,0.0551137147530707,type0_Step_Response,0.99666667
752,4.5737001881470185,3.4888306058382104,3.626417150771012,0.2485021328543109,0.015284230085196,0.5490801547026103,0.15,3.0737482556223914,0.0116532444360077,-0.0162153905892568,204,2.2686790376445978,-0.4763300413911325,0.3885150401201258,type4_overdamped_decay,0.50666666
753,3.7949989198106726,3.22048782697854,3.2537852100463462,0.07858526738955,0.0230731333775251,0.6710844091784133,0.24,2.86698902343526,0.0094681065265112,-0.0153619555375579,66,2.299576417110192,-0.4406932588033515,0.2009564788133504,type4_overdamped_decay,0.44333333
754,1.9406147198351555,1.6694456002410558,1.7191437697724532,0.0646934711061452,0.0151526009274438,0.670303955497551,0.137,1.6197671524197803,0.0055458707330737,-0.0066158735546113,197,1.1477635983107195,-0.43966168589889,0.1587546490192792,type4_overdamped_decay,0.62666667
755,2.713578196898386,0.8911582232805259,1.7761762762772395,0.2662143238693583,0.0098043642462426,0.2913658454333852,0.183,7.442470610475359,0.0563463992584332,-0.059831432101522,216,3.8326523348878103,3.386108743279061,0.2217390134942742,type1_Damped_Osc,0.98
756,1.3167623020861072,0.9755902851484904,1.0294148941296153,0.0843438692274274,0.0046345704429705,0.5867911378024832,0.134,0.7509767279711692,0.002198392492822,-0.0038126818466488,268,2.365113743957,-0.4835989301510702,0.1184002300814112,type4_overdamped_decay,0.75333333
757,1.9943220911654984,1.679930213729955,1.7286574922704032,0.0741979283908657,0.0073062227323548,0.4756047602148197,0.147,1.1623267739967886,0.004811128977894,-0.0046056040847912,227,1.8510467328232312,-0.4636311260187762,0.1316871166207862,type4_overdamped_decay,0.68
758,2.3699005637506567,-0.0016150481295829,2.015089541893775,0.699712443074582,0.0172927481407123,0.4681027102047868,0.03,4.304446880100024,0.028054967669141,-0.0100096528179056,299,-0.4865622825307585,7.285667885399218,0.3040753302542809,type0_Step_Response,1.0
759,1.7982171341262592,0.8555883125558329,1.4327669778520389,0.1437444396865459,0.0135071271189561,0.6936451133671765,0.075,4.465692814209719,0.032110395581709,-0.0288728947363128,234,1.5069970275174909,2.8153844362546048,0.1771065880915576,type1_Damped_Osc,0.98
760,3.1943685599517826,-0.0578224502558405,2.6249092319101663,1.0051504242745015,0.0213064394717936,0.6030963583538156,0.051,5.377304080745763,0.0454558796756425,-0.0153476923373197,419,-0.461470081037066,15.212624726647151,0.2064731813876275,type0_Step_Response,1.0
761,2.341706730892395,2.172784215593,2.1879335561045505,0.0384708621820759,0.1046301711259261,0.9079591807620322,0.434,1.4351876252622966,0.1664512782671638,-0.1643041677447874,71,0.3836041548134161,-0.4892025429239755,0.1888665148339154,type5_Square_Pulse_Wave,0.99
762,2.729864488161596,2.491048353802401,2.520794653870577,0.0671660140746934,0.2179848131004682,0.9165903458307304,0.428,2.405901560142662,0.2365441073747449,-0.2360738242972186,159,0.99737428678856,-0.4881246363932791,0.1582350105541836,type5_Square_Pulse_Wave,0.99333334
763,3.523991480571555,0.2392567662999925,2.3512206738872945,0.4712330619342214,0.0591811137403976,0.9417939990333194,0.025,16.027430845023105,0.1429884094674562,-0.1299703712491045,280,2.967308162855768,5.764389603556475,0.33752946229058,type1_Damped_Osc,0.7133333
764,1.5546884827856282,-0.0031011117602798,1.4503991172575066,0.277595333593822,0.0145472445014174,0.3708422265126295,0.183,3.0095667383119684,0.0517934344762955,-0.0074869511547877,178,-0.4160205063043279,17.207200406346068,0.0875596561497449,type0_Step_Response,0.99
765,0.7136646614339441,0.043132793215648,0.6315455295420113,0.1829955229157708,0.0059578898715577,0.5225869515257587,0.179,1.1920506979908336,0.0095736057426403,-0.00283788997518,219,-0.4487595092840537,9.46529948910487,0.0669424641212574,type0_Step_Response,0.98
766,3.2241969653795923,-0.0060550051474453,2.6347369938922585,0.9334965256086744,0.0276288022213235,0.595073939422333,0.006,5.422797040232709,0.0241645993987217,-0.0151136252487042,432,-0.4926957081507723,7.693472026829794,0.3938958758293953,type0_Step_Response,0.99666667
767,3.209623105417674,-0.7414837353762581,2.8462941156396218,0.8339068765711899,0.031184131666524,0.5813068585026485,0.122,10.65968785713736,0.1149269164950841,-0.0854081676847672,251,-0.4481417101838039,11.07883402453031,0.3397138135896025,type0_Step_Response,0.9866667
768,2.1350927908318504,1.952074908861876,1.9830101829398668,0.0609029946369663,0.1828765587386611,0.8695686031615687,0.396,1.5986152562536085,0.1822603666967488,-0.1808611173633028,197,0.167506121413995,-0.4967963717124546,0.2728719569849933,type5_Square_Pulse_Wave,0.96666664
769,3.4195891800880376,-1.1419441831588455,2.787145552624955,1.1824781850446169,0.0315916017680995,0.5167638590995555,0.045,10.874863910650308,0.0872743813203605,-0.0877795400365023,270,-0.4205838001137408,9.23273623952919,0.4648861084672093,type0_Step_Response,0.99666667
770,1.1196959293771334,1.0903311783452427,1.103696712350784,0.0102449257638661,0.0281169353939474,0.9536581628036626,0.008,0.2077354916466589,0.0004028381231191,-0.0003844254380016,0,-0.3788547545160447,-0.3787850450535587,0.1211616056586151,type3_Sine_Wave,1.0
771,0.7473087598889062,0.3858625994715458,0.618935332468403,0.0457107514666365,0.0063170466780511,0.7674584313705434,0.211,1.859677899210537,0.018983111788195,-0.0174282882126245,165,1.435926127678535,3.1296335570576703,0.0649433625532114,type1_Damped_Osc,0.93
772,2.7711033933109803,1.974892256852533,2.3150914177965465,0.1416890553710588,0.0183508272193231,0.6499340350639592,0.101,3.177072929876194,0.0143741406688389,-0.0190507376047466,279,3.283573280179886,2.010639524388291,0.126498922292646,type1_Damped_Osc,1.0
773,4.409657466512107,2.6094418117512723,3.503564976699562,0.2580505693099725,0.0303744740650162,0.6279439131977788,0.206,6.530184245290669,0.0441515208276719,-0.0567636456630271,164,1.6864465394053545,1.6002246451133828,0.4199565530620339,type1_Damped_Osc,0.98333335
774,3.9020925531538873,1.6477904895206343,2.715244508020969,0.46866198918288,0.0036048325119351,0.1356489915788609,0.117,5.294889535952358,0.0154095554102751,-0.0207625862126819,510,2.684517856126383,2.5698761044006644,0.3604349322829172,type1_Damped_Osc,0.97333336
775,2.08095071911753,1.7259010317680268,1.7780908798618569,0.0804008057500895,0.0132647834277888,0.6018594490990528,0.165,1.6738450150642863,0.0058041171547094,-0.0079132678379474,227,2.3491375135362307,-0.4409006301481634,0.1220841704393329,type4_overdamped_decay,0.56666666
776,3.414266608973838,2.4003477856847293,2.48300319534732,0.1880112477806199,0.0156326881354886,0.8062172450744721,0.112,2.240985660715515,0.0053682748349972,-0.0157904174438727,129,2.3756007677828337,-0.4776587500129453,0.3498754692370864,type4_overdamped_decay,0.75333333
777,1.0437441785488568,-0.0009611735467762,0.9414506135371348,0.2246879458694029,0.0100182111826117,0.5901341415403089,0.199,1.9436183858130407,0.0232362913205499,-0.0043345625390269,274,-0.4179826236769492,17.866066099561525,0.0566294787998589,type0_Step_Response,0.9766667
778,1.6105059857560502,1.441403470222174,1.4618897046204609,0.033616302676878,0.0116504103708496,0.7630117590367923,0.183,1.2999034305984818,0.0047437088339443,-0.0069708479561609,109,1.0254773330310425,-0.4501400793996959,0.1073436911011112,type4_overdamped_decay,0.61333334
779,1.0804326828853943,0.9387680755901564,0.9607987453229108,0.0325917564349743,0.0040712145957569,0.5494989336994711,0.158,0.628569703962207,0.0019666794986695,-0.0024257647110952,164,1.0737193353596863,-0.4604752047281308,0.0878134961754231,type4_overdamped_decay,0.82
780,0.6998942307120497,0.5632622944896356,0.5773587256528081,0.0293199743561845,0.0007332160228005,0.1362559792904345,0.313,0.2594377105365236,0.0005771608201575,-0.0015183581713446,150,1.5880175830051355,-0.4936261342431245,0.0652370579068095,type4_overdamped_decay,0.89666665
781,1.0927572856401817,0.6532817843766644,0.8181450210932617,0.0677070615839874,0.0045238744367817,0.6125286509303699,0.181,1.3552881931947858,0.008409466655492,-0.0125737966299686,177,3.7123477727891663,1.7486801921219537,0.0680194395768356,type1_Damped_Osc,1.0
782,1.3597247630695328,1.0190100171216463,1.0555243256854905,0.071580552765583,0.0058713190819532,0.6918441500891669,0.182,0.850639693353314,0.0025785797310786,-0.0043413025867267,165,2.068277777874796,-0.4779335457562564,0.1315326132037785,type4_overdamped_decay,0.71666664
783,2.96763467925232,2.15138006115394,2.5200163508737323,0.1525122912390313,0.0161922686084281,0.5229081099185,0.152,3.883401252848973,0.0163206998486726,-0.018674334945401,307,2.80731209951004,2.0852690866297507,0.1385224220615457,type1_Damped_Osc,0.99666667
784,2.442899499489948,1.598322213029519,2.018963883920343,0.1206193996446854,0.0152819239328541,0.4170908197190602,0.204,3.7757947205189057,0.0212940466722297,-0.0222286473061599,199,1.7614501653322006,1.8822314474699855,0.181876656688092,type1_Damped_Osc,0.9766667
785,1.0728589212981912,1.045587707622821,1.0609545649036562,0.0095648558344157,0.0166440634835762,0.9338799262414832,0.004,0.1323842245253625,0.0002220442402094,-0.0002174228029057,0,-0.3429434982908296,-0.3429326292043196,0.0868167498952152,type3_Sine_Wave,1.0
786,3.6255262764857816,2.4873461066130966,2.849010325944753,0.2275141313541607,0.025245192815424,0.6747063999564689,0.208,3.428372868104811,0.0129035003069706,-0.0216761617754635,211,3.2749586620407314,0.9570757959361818,0.2175406486739364,type1_Damped_Osc,0.98
787,2.2567668047175093,1.6305620660950926,1.9051413465766005,0.1247612625407963,0.0137631674478511,0.7800422582009705,0.043,1.9977521397865197,0.0073270303590404,-0.0082768137327335,383,2.027989394124029,1.4999788760589434,0.1382970686314266,type1_Damped_Osc,1.0
788,1.8399401755575424,1.0222028263560623,1.433044382032123,0.1785955286706005,0.0216527112284463,0.8832409116011681,0.035,3.527342674479425,0.0130252314890204,-0.0148227664659099,372,1.649579196562252,1.7334308752341412,0.186569808375167,type1_Damped_Osc,0.99333334
789,1.8311400379795164,0.9123553019305872,1.4083339018032623,0.1273767460195617,0.0085445605985334,0.3703279605877873,0.229,4.414590288117406,0.0416095182522846,-0.0394491345272924,189,2.636962518671252,2.898185404197432,0.1405912684598602,type1_Damped_Osc,0.96
790,0.5770155860718764,-0.0100295327813027,0.4507938407893948,0.1657642900187703,0.0056682341168973,0.8512905099982471,0.0,0.8711315509655513,0.0055345920901519,-0.0017912016055242,676,-0.644317726944164,19.7587320036415,0.0291852952205162,type0_Step_Response,1.0
791,3.29114642695205,2.57874432723863,2.690956481011928,0.1754430175849896,0.0142351220801182,0.4799908843535743,0.111,2.203764009270184,0.0070227768307886,-0.0094267681920126,239,2.000773234027351,-0.4666330116274089,0.2811218153661379,type4_overdamped_decay,0.6
792,2.5004571474614194,1.7457816494000478,2.014218286053552,0.1215951641448347,0.0109903388104446,0.5570877225361885,0.149,2.0645354443717303,0.0084214280766645,-0.0108493654808532,218,2.5504540959112383,1.0673659352507372,0.1634267886077565,type1_Damped_Osc,0.99
793,2.1052519465170256,-0.0033880814972065,1.812108782158948,0.5857818195086386,0.0171927899728498,0.5465708505158102,0.13,3.784029691923236,0.019816237569284,-0.0091478669260101,215,-0.3580265796256785,8.137064572775841,0.2401903294711216,type0_Step_Response,0.99
794,0.6461760763102854,-0.00107098168936,0.5969389755097547,0.1365671041040303,0.0046442059164276,0.4434682489882654,0.196,1.15860902264967,0.0248164581881985,-0.0026653718937194,152,-0.4398173348111339,11.352686411242844,0.0543317528168048,type0_Step_Response,0.99
795,2.029166280642772,1.7148948406698723,1.7577201199883148,0.0679777778503938,0.0108397325677613,0.6518810387633156,0.155,1.5401085497035958,0.0077292709081477,-0.0059292956599499,190,2.1300844020058087,-0.4240373340014878,0.1161367234475605,type4_overdamped_decay,0.52
796,2.4127266801379585,1.9947135042950568,2.023277292970921,0.0619356549613519,0.0125489670670668,0.5992414845847466,0.243,1.912613144997401,0.0057084294996405,-0.0096024691485965,78,2.1862522144077747,-0.4321256224728836,0.151777037797391,type4_overdamped_decay,0.57666665
797,1.7045073808173363,-0.0011294355708794,1.4015934177485878,0.4625437357622688,0.0095052083966709,0.4696321580609998,0.0,4.399861301984809,0.0635178617659813,-0.0312397387692291,456,-0.5268750395878685,10.710119165906953,0.1525171763329482,type0_Step_Response,0.99666667
798,1.5854898541353295,1.535070645851298,1.540389490812116,0.0129399165340829,0.0016579073678943,0.1459420954125319,0.428,0.5398641771066579,0.0483101406402028,-0.0486326445297622,0,-0.0503360547459247,-0.4901869020582403,0.1097317244259845,type5_Square_Pulse_Wave,0.9866667
799,5.054615232154133,2.1731724901151046,3.327568991803272,0.515900759863469,0.0224555903031973,0.4809775568652188,0.168,9.917921246031591,0.0560467619508648,-0.0681057852676434,261,3.7582877253058,1.9740278983046176,0.4280017312221265,type1_Damped_Osc,0.9866667
800,3.654087534737905,2.955880058777276,2.9936707358716856,0.1050871632860948,0.3044322801038581,0.930840004141278,0.41,5.945525069847161,0.0545129397964658,-0.0548099225857048,91,1.5035716181729342,-0.4950696306016863,0.3476259820907255,type2_Triangle_Wave,0.92333335
801,0.505845995361086,-0.05592920601014,0.4311282488392689,0.1351409645192626,0.0036456051322864,0.5246229371552531,0.032,1.1021652594070734,0.0105085121144565,-0.0055461929597966,355,-0.4911364789746344,9.09445414103814,0.0584980338191286,type0_Step_Response,0.99333334
802,2.6087296916344203,1.3769148027357785,1.898466855231269,0.1726116951298915,0.0014490192475202,0.1421507782303668,0.267,2.8683719390803653,0.0185138298205176,-0.0282082879708096,197,3.1934503560981917,2.111195140037431,0.1953821019205079,type1_Damped_Osc,0.98333335
803,2.3022632646068377,2.128849745943928,2.1417356172409545,0.0358122257171591,0.0809362257377235,0.8982455953964426,0.457,1.3403992442395718,0.1702467999548997,-0.1691575246234817,56,0.5948032495504171,-0.4876541794828997,0.1566306862835862,type5_Square_Pulse_Wave,0.99333334
804,1.7185429206634648,0.9694285278949688,1.2448276149313915,0.1313836889939683,0.0090858443905847,0.4632902794730116,0.231,1.9119770846649844,0.0065984148193687,-0.0123179624327267,200,2.600459429645397,1.221354195936224,0.155359466569622,type1_Damped_Osc,0.9633333
805,0.6026994402161703,0.5467944992691328,0.5507675133271251,0.0118115728517094,0.0200889628428487,0.9064034131460584,0.463,0.2833645586808989,0.0554321902251251,-0.0552594809653419,80,0.815028213507878,-0.4941425285478126,0.0423238298238712,type5_Square_Pulse_Wave,0.97
806,2.535760426818921,2.449675482866722,2.49286883562971,0.0305985632436174,0.0860773034543909,0.9903294960447876,0.009,0.8408323502589359,0.0013963311281277,-0.0013986246000636,0,-0.3004898082690799,-0.300431978043104,0.2157094549379228,type3_Sine_Wave,1.0
807,3.379326363583562,1.8561116981335208,2.631289573622769,0.2575218252264449,0.0143814704766622,0.4159223665246878,0.136,4.924172575568132,0.0212894570054782,-0.02772555656564,293,2.0704944302389885,2.3518455324287144,0.2809146375803122,type1_Damped_Osc,0.99
808,0.9834846749140174,0.7934158324064536,0.8079475746379338,0.0329472578364423,0.0047638765421336,0.4295069965270705,0.201,0.8684606375123882,0.0036751896207238,-0.0049420144191254,97,1.7718010959858703,-0.4634275202119906,0.0823388573246179,type4_overdamped_decay,0.56
809,2.3952361660883845,2.2872095845837177,2.3452380996844404,0.0383762222833556,0.1080048669093813,0.9794365395457112,0.007,0.7110993687618965,0.0011682441047171,-0.0011931551517037,0,-0.342040070279982,-0.3420116099219311,0.3419121885937022,type3_Sine_Wave,1.0
810,2.4334868358215,-0.1779171195834567,1.9184619395572835,0.4881203416396735,0.0213465825192105,0.817532768034802,0.042,7.758896404577531,0.0902233193341107,-0.0346536921687115,306,0.5050249764946564,6.788772478980594,0.3148622774337233,type0_Step_Response,0.9866667
811,1.7075894471998836,1.4756443187456718,1.504401920227408,0.0493631412747179,0.0081590145812955,0.5698346210514584,0.171,1.0778736431656617,0.0042594288834632,-0.0056212354152009,156,1.532111062005219,-0.4621107248936573,0.1120507684447353,type4_overdamped_decay,0.63
812,0.6660687274631124,0.5133350953754494,0.5287458206009519,0.0305816879307102,0.0043747918743894,0.686647662707546,0.188,0.5398111812638979,0.0016460019000473,-0.002256566847042,149,2.260103055592184,-0.4586579565654203,0.0545195878158467,type4_overdamped_decay,0.68666667
813,3.79877997555804,2.821785444669389,3.1840770155470777,0.1036290706780786,0.020335438463392,0.5009129906351166,0.235,5.011795299016791,0.039744275810615,-0.0505191885460809,97,2.7846361715614605,1.3511477181070777,0.1902327963709753,type1_Damped_Osc,0.93666667
814,2.138220196275325,-0.2111508756713812,1.965851047757684,0.3504114799376318,0.0120779712566898,0.5676911672789019,0.174,4.591167462606012,0.1225527652017894,-0.0189414284159088,129,-0.2579336661543469,6.906744759549987,0.3071550654421664,type0_Step_Response,0.98333335
815,2.681058494922654,1.3207153792998028,1.851325829057824,0.2533274543264827,0.0171300158884011,0.5742800164747995,0.119,3.2092023479881098,0.0111821256816189,-0.018090447050207,244,2.661964464490411,1.4389572902792858,0.2666857444638983,type1_Damped_Osc,0.9866667
816,1.9494655639934504,1.26585702301202,1.4798996479546238,0.1180370626157212,0.008105982749557,0.4688186948577461,0.241,1.937239338886104,0.0077482826985986,-0.0149589595507839,136,3.557107136946427,1.075517390720362,0.1213658992577306,type1_Damped_Osc,0.9633333
817,1.2968534465654338,1.076355585115244,1.1520899290497328,0.0362677423462537,0.0067269440503541,0.6217752305626016,0.108,0.8647713868248053,0.0033403932178086,-0.003785826611673,207,1.8812737176724,0.6124913962589049,0.0631118161238029,type1_Damped_Osc,0.8833333
818,0.7443754128051994,0.3837916892686812,0.5309791814016214,0.0610254896994195,0.0033134728126826,0.4545291938190974,0.192,0.9669865069293668,0.0041478799500137,-0.0067531864235544,212,3.442176136047328,2.0002747415066024,0.0559699608720066,type1_Damped_Osc,0.9866667
819,1.2205057200596614,0.6585477525131478,0.9521274069433788,0.0906472092288226,0.0088326121719539,0.9831686966031278,0.017,2.243800172839684,0.0119253253586515,-0.0127812281435751,258,2.4567212858082463,2.9175322096646954,0.0881605929142325,type1_Damped_Osc,0.9866667
820,0.9978093708664294,0.9431475767273882,0.952383661720998,0.0156849821361078,0.0546052034418077,0.9944374598714616,0.335,0.3970961152942852,0.001282827756034,-0.0014074891849183,116,0.2728787424432416,-0.4956514094305821,0.0703292226318947,type2_Triangle_Wave,0.94
821,2.3599179597085604,1.749480513839911,1.825645784402184,0.1383769918174675,0.0102828801002679,0.5516321505238397,0.151,1.838104517659364,0.0075515198780373,-0.0079860997967997,201,2.319926261028902,-0.467551985818821,0.2140102900148648,type4_overdamped_decay,0.52666664
822,0.6035063387841343,0.5037230831733958,0.5159634069045667,0.0211803136236896,0.0035618982345777,0.722141051577166,0.179,0.410370353325268,0.0014470772668543,-0.0016314161913951,175,2.067787483096244,-0.4529137004545974,0.038159874588644,type4_overdamped_decay,0.75333333
823,2.1650833480551706,-0.8074657786156187,1.7093652141099032,0.5520903275694498,0.0160433587973656,0.5028078395429108,0.123,9.301938495306356,0.0875744313656569,-0.0663901445203065,259,0.6227213094018662,10.563295401847665,0.2439311546263249,type0_Step_Response,0.95
824,2.812878928121457,2.5769825163136373,2.6084976462330074,0.0768084625774914,0.0029184500084484,0.1508493587325615,0.408,1.605522104780091,0.232720217997842,-0.2324074820517219,126,0.1266911913239914,-0.4936866695287121,0.3726614955905658,type5_Square_Pulse_Wave,0.97333336
825,3.0839325328296816,1.548818382698736,2.130344520760969,0.2300199682830035,0.0033608304578147,0.1769997994820132,0.167,3.615729060034625,0.0176339146492741,-0.0286272974574646,217,2.757157813315972,1.3538035507061974,0.3003572206468134,type1_Damped_Osc,0.99333334
826,2.040587858656427,-0.261375678468507,1.817649717713041,0.5412289856420891,0.0147369751706429,0.507642658374333,0.068,4.067729941381927,0.0310165337898972,-0.0257222982158887,207,-0.4819826831703241,7.02448554549423,0.3051988947360744,type0_Step_Response,1.0
827,0.7899602254055949,0.5462897231095608,0.675708817676574,0.0451526590436283,0.0044692391529798,0.479421862610116,0.197,1.174232226954329,0.0045679305437537,-0.005378009899149,261,1.2005952593273606,1.6762542996875764,0.0628527103223339,type1_Damped_Osc,0.93
828,4.731089675303195,3.429741560331327,3.608171141945245,0.3079594759095091,0.0182277307929248,0.5397895191341392,0.141,3.3651200588662395,0.0100210284004447,-0.014499391551999,216,2.0813629508594267,-0.4749966772553141,0.49929594629551,type4_overdamped_decay,0.5
829,2.9935849734056275,1.0319111677936252,2.179274494301941,0.3078827235271378,0.029791554383717,0.9691383809072298,0.021,8.985209220021236,0.0599578897604775,-0.0538580232375118,321,2.550181462778204,3.6674650827655824,0.2717885661529311,type1_Damped_Osc,0.99666667
830,2.8331522182334288,-0.0021589080255583,2.43473836300225,0.7270028414525551,0.0217800289969121,0.636746857922967,0.078,8.925133390984145,0.1231653346117704,-0.0603783417638812,369,-0.4563304157923394,12.725791537184453,0.2136719117921144,type0_Step_Response,1.0
831,2.0159163076893343,1.679396920782958,1.70006601604379,0.0675036641938204,0.1093886117901159,0.6657435314298027,0.457,1.4126290681216715,0.3349615964399446,-0.3349068273184239,105,2.003210434717725,-0.4932086980185012,0.1340713761214029,type5_Square_Pulse_Wave,1.0
832,3.464802713641869,-0.0802844747983778,2.9313959872537114,1.0021520176952057,0.0209573099498525,0.4175383956707519,0.119,6.709240557482101,0.0543492945237069,-0.01596545844885,368,-0.4252019121253046,17.334224660516057,0.1979497842091242,type0_Step_Response,0.99666667
833,1.2667966164821325,0.9866699265858452,1.0219720313178215,0.0624911218153642,0.003780792391843,0.4354926933394798,0.158,0.7064544642910253,0.0022754158361854,-0.0033877385452365,201,2.106215942044892,-0.482545347563625,0.1067690015985683,type4_overdamped_decay,0.8
834,3.6346259862832215,2.252764463053909,2.8044868740415927,0.2251220937342467,0.0028293504517811,0.1292617238395308,0.291,3.4937357102974262,0.0170297355737973,-0.0242868177325581,252,2.3334536854788963,1.2612503828488368,0.3007509303493072,type1_Damped_Osc,0.96666664
835,3.3919668165730426,2.0997244618276585,2.575805974086853,0.2054515828414594,0.0175724218383335,0.5952601563531665,0.098,3.928037682253146,0.0194593894827295,-0.0335214504290615,136,2.2984468767174144,0.9553483624895384,0.3037857447473895,type1_Damped_Osc,0.98333335
836,2.035028313322603,1.9734157183257448,2.0053397977790794,0.0216908014182144,0.0615252844054996,0.958769725311352,0.008,0.5235421036971672,0.0009206753519501,-0.0009412345600707,0,-0.3822109498681157,-0.3822805430388168,0.261615156740433,type3_Sine_Wave,1.0
837,0.9399793379794268,0.6793643934458933,0.7866926162591106,0.0544426739931023,0.0058011000732655,0.6690556516454459,0.107,0.9300503968692572,0.0030512143862818,-0.0049663834610854,343,3.117278365061484,1.8188495883999247,0.0439031885054914,type1_Damped_Osc,0.99333334
838,0.5719308074542214,-0.0530344466070848,0.5229625867569713,0.139452442333297,0.0038356069435712,0.6747888980009557,0.218,1.0858305796386405,0.0260580271670516,-0.0020011420828216,93,-0.3715235191746439,8.04838925841374,0.0720266133927884,type0_Step_Response,0.93333334
839,3.789132295906972,2.8238393182919954,2.919096981504841,0.2605635224385773,0.0033040219842455,0.1461466797302434,0.434,3.912684009820747,0.961386988849092,-0.9622643197304116,118,2.750181895362182,-0.4934948840791238,0.2964033615360151,type5_Square_Pulse_Wave,0.9866667
840,1.4318084111533982,1.3443071741784496,1.3596112084656549,0.0323569046825355,0.0009691714542112,0.1457519992297725,0.419,0.566141975966981,0.0865036714443061,-0.0863325430738712,170,0.2345618785702691,-0.4944238225092335,0.1182228589090854,type5_Square_Pulse_Wave,0.99333334
841,2.9856884423559777,2.247517433644928,2.304130387300216,0.1243717590541495,0.0162453413483687,0.643680291409104,0.181,2.502222124330654,0.0071704609255593,-0.0150523616749049,104,2.1684653863887124,-0.4562003520001121,0.2721603528238709,type4_overdamped_decay,0.5233333
842,3.617206281324696,2.993704396708032,3.064911034377537,0.126245818068098,0.0157043446233937,0.2239868614849503,0.192,2.6796555850351176,0.0110928616809671,-0.0119563204927062,139,1.521316895581761,-0.4588973723406399,0.3023157401248908,type4_overdamped_decay,0.48
843,1.119627990928047,-0.0011526804976649,0.9472120360462666,0.3017085825032402,0.010935737401843,0.7860746289620686,0.01,1.8335804699188003,0.0137470593338686,-0.0045302293250861,403,-0.4849246803918479,15.169708254568016,0.0714565595454561,type0_Step_Response,1.0
844,1.7220322753672574,1.3505359912706352,1.4158980019058118,0.0944169663485281,0.0100937462234549,0.5780844025181494,0.111,1.3181036574423834,0.0048768229623914,-0.0053714021361797,231,1.3950952884076235,-0.4723590238329254,0.1932122938237688,type4_overdamped_decay,0.67
845,1.170849439316246,1.0225283044967273,1.037708016428186,0.0417368316182897,0.1148562260579784,0.9166134308125596,0.468,0.9357002304376238,0.1478130089052522,-0.1478993803623942,112,1.6025769342850693,-0.4936587021183075,0.0703304341331098,type5_Square_Pulse_Wave,0.9766667
846,1.6783799257734997,-0.1128563593142529,1.406948735689025,0.4116045381927529,0.016812606828177,0.5214748119878352,0.0,5.450879301527372,0.0826275127920121,-0.041090649391163,462,-0.5107634967102207,8.396072386688928,0.2015952745444784,type0_Step_Response,0.9866667
847,2.885415726785216,1.4716805291396775,2.26272741281898,0.1895513488310238,0.0176520783961535,0.5415037738358308,0.163,6.9710269779004,0.0498733383576412,-0.0548440389684758,213,2.8888206968281804,3.955819472408552,0.1802167042906051,type1_Damped_Osc,0.99666667
848,1.8188149802852296,1.44303231528202,1.4670055330441036,0.0779697952634528,0.0009576438951754,0.1702398585233603,0.452,1.7966779414733958,0.3747892871221157,-0.3750025127459526,90,2.7259538138267967,-0.4951640148245864,0.1163129415349972,type5_Square_Pulse_Wave,0.98333335
849,1.0236820779166365,0.0308229542539732,0.9716495698595464,0.1588877341419898,0.0053058263386276,0.400563707016339,0.199,1.6746696442885507,0.0197209468560618,-0.0028646466164583,147,-0.4370478365203146,16.615479938116945,0.057796841864886,type0_Step_Response,0.98
850,2.942962990716084,2.5381751067865976,2.572949628868672,0.0793594438163609,0.3975975745981173,0.9032219397113108,0.389,6.24264866585063,0.0375497818950743,-0.0374194272838934,117,1.0150271476125257,-0.4971460691307857,0.2666795769892429,type2_Triangle_Wave,0.97333336
851,3.548853436927144,2.440512081829356,2.997286324618125,0.2214022316136008,0.0038885715386531,0.1363361198146905,0.132,4.582519510361691,0.0180938473179375,-0.0206247953641693,348,2.0804846339551344,2.304602253385275,0.2058168007842815,type1_Damped_Osc,0.99666667
852,2.6405964006022944,-0.0023641323449166,2.270047624358096,0.6275149058753663,0.0236624106066116,0.6095773505898125,0.05,5.991542214762347,0.0583977391978388,-0.0230248111481142,346,-0.4751095497373427,7.456919143992522,0.3311229742750883,type0_Step_Response,0.99666667
853,0.6860416418215248,0.5955666511970099,0.6035961004022942,0.019062426331213,0.0904652919247467,0.9546018805653405,0.383,0.9908264097969698,0.0058021299000924,-0.005760351148718,89,0.5630015909256638,-0.497894079621197,0.0849444677314383,type2_Triangle_Wave,0.9866667
854,3.413738284055853,3.2077444625612737,3.2266987132202893,0.0452589898408024,0.0927763090790612,0.9291239197499432,0.42,1.8056963620405464,0.2018839511158976,-0.1977249938437801,39,0.3422726139060601,-0.4879039055943454,0.2411064678406069,type5_Square_Pulse_Wave,0.98
855,3.3707041178945047,2.6990520003681064,2.787887097791669,0.1495234325212079,0.0171746174766087,0.4616263854614196,0.182,2.5611493817995337,0.0098741195237743,-0.0125996872251992,147,1.1294532867316942,-0.468736655812237,0.4044351125420702,type4_overdamped_decay,0.53333336
856,2.5624850443311846,0.0584954570421419,2.3761308205180325,0.4851048616369884,0.0226582013510174,0.4288393992110402,0.137,4.887933567045956,0.076869488367115,-0.0114207625329809,251,-0.444656497169463,10.85791299594425,0.2193930879900794,type0_Step_Response,0.98333335
857,2.6930604622003096,-0.0033727638857302,2.2273001481718007,0.6902004099660187,0.0273479022895704,0.7153762294250796,0.0,4.981851149823816,0.0493801953510921,-0.0170232665442681,481,-0.5598265808132158,10.657010459738135,0.2429835583068005,type0_Step_Response,1.0
858,2.4561085250234216,2.0730956016166537,2.144115995882669,0.1421705570761449,0.3829319642639452,0.9317021553560908,0.378,2.403105823735785,0.3814216900226292,-0.3820457987200427,197,1.532339259993395,-0.4956317980959577,0.1880549517160139,type5_Square_Pulse_Wave,0.98
859,3.303823287235564,3.107181197549688,3.139954331376245,0.0682080479526934,0.1350059146681879,0.9356404505175436,0.387,2.083753093783192,0.1930570630729895,-0.1938009018336184,175,0.284057633929517,-0.4928110723852412,0.2485218884263957,type5_Square_Pulse_Wave,0.97333336
860,2.769683144270442,-0.0031926347256319,2.493363899624254,0.5470441021294796,0.0181176413078407,0.5530521330514673,0.14,6.843672498535637,0.0974318995672227,-0.0317581792387062,267,-0.4740943243670868,7.470274996068438,0.346775028334382,type0_Step_Response,0.99
861,2.898900249899377,-0.0032513813067099,2.569556915089219,0.6946912424789173,0.0218344966096322,0.6827749246433026,0.108,4.399884772261384,0.039715341276082,-0.0068387622641115,326,-0.4586446341495744,15.022172030192518,0.1864713285976522,type0_Step_Response,1.0
862,3.3348786123496503,2.9386167474588083,2.9753726064742443,0.1035258329789699,0.0039153861307457,0.1237260882970985,0.435,2.0839145510355648,0.3934341300459336,-0.3922407402117041,105,0.5494602654243194,-0.4949569025706838,0.375780560640889,type5_Square_Pulse_Wave,0.98
863,2.382750890221609,2.1222749331490665,2.156248089290956,0.0679136071635623,0.2604082454680219,0.980181126048966,0.39,2.869584686542055,0.0114133169935626,-0.0114056853088251,165,0.9616271398251088,-0.4943408469167,0.1775222452029012,type2_Triangle_Wave,0.9866667
864,3.3048700099618284,2.783292000052753,2.8468583488237065,0.1121451855338402,0.0143310715289306,0.4636696750113871,0.188,2.4642845810901948,0.0107221517919779,-0.0091630263324358,188,2.2492731883182664,-0.4641501262131018,0.1872728774558476,type4_overdamped_decay,0.47
865,3.110053708869516,2.8554708633814654,2.887889531110151,0.0819380437595878,0.0033348293235735,0.1250840502130085,0.442,1.7743326091488814,0.2513581571382763,-0.2525365783745066,121,0.3369396542410482,-0.4933057556527255,0.3017693408409165,type5_Square_Pulse_Wave,0.99666667
866,3.2737673269665133,3.079898023403376,3.127774834166245,0.082121395164042,0.1928273155341502,0.9665737189785392,0.381,1.5881433365502096,0.1918365403795352,-0.190825292544984,0,-0.0309962932369556,-0.4969836760635742,0.4107226197071529,type5_Square_Pulse_Wave,0.9533333
867,2.8274161386959,-0.2613026619197098,2.528042429289498,0.7531574809014551,0.0180100909468103,0.5969073585642969,0.065,5.311652008055077,0.0513339554356072,-0.0321076644635133,202,-0.4804515307789624,7.414079758259759,0.3893198309843648,type0_Step_Response,1.0
868,4.064427386409528,3.4131726213215248,3.4610041571121792,0.1040404731989296,0.6504738751120556,0.9686648065332488,0.388,5.066369943306736,0.0350759275972647,-0.0351348775265965,106,1.15664381610481,-0.4938971242956962,0.3916740705581678,type2_Triangle_Wave,0.98
869,1.7711305125718702,1.656544497236701,1.7211363116458906,0.0398626551000394,0.0579512418909937,0.9243675031576334,0.005,0.5713634282360234,0.0009856857054666,-0.0009435340979226,0,-0.269047775700379,-0.2690564706382971,0.2480776548103691,type3_Sine_Wave,0.99666667
870,2.695988276477057,2.503723910092853,2.526706449675672,0.0432559964899671,0.1650360340634873,0.9536176808332908,0.375,2.8966256530119194,0.0126230426711573,-0.012661591601482,37,0.198784768942793,-0.497402745158746,0.274122175739425,type2_Triangle_Wave,1.0
871,1.9321831818997,-0.0035072046794442,1.717621853393546,0.4292581658504485,0.0127702102326789,0.4919662907206876,0.13,4.914744174902603,0.0717363826475448,-0.0211924844199018,277,-0.4568284100708531,8.112177556709891,0.2236409362331493,type0_Step_Response,0.99333334
872,3.363017503580879,3.187288445738786,3.275049032722713,0.0623556785217006,0.1756808248028436,0.993686766896296,0.009,1.7318703571160228,0.0027828533256819,-0.0027959067327465,0,-0.2500194175321381,-0.2500165037535532,0.3514833671530804,type3_Sine_Wave,0.99
873,0.576322928332751,-0.0002283723157543,0.5311640853557839,0.0944116171968327,0.0043002466567869,0.6084700902200165,0.09,1.3554433429002763,0.0237056163298275,-0.006995411076055,216,-0.4770164941266367,7.047139157908077,0.0761614211889805,type0_Step_Response,0.9866667
874,1.8536611196960384,1.7882608082999492,1.819566716941288,0.0229234833421964,0.0651907617419447,0.9593690420481412,0.009,0.6198637007659649,0.0011022826984874,-0.0010987946830751,0,-0.3728010629335602,-0.3726800654900222,0.2569566295458498,type3_Sine_Wave,1.0
875,2.264794076501727,2.059846849865404,2.090471523510549,0.0675676607705257,0.0956018311790365,0.9167228973479316,0.424,1.4193301794625155,0.2033845905595805,-0.2030033751073614,121,0.285473089568573,-0.4948416389261699,0.2592196736795624,type5_Square_Pulse_Wave,0.99666667
876,4.805481805468944,2.807538147760801,3.5180698778639927,0.4304301663155913,0.0363703450337729,0.7763153636587259,0.047,5.151066863657386,0.0173557157830779,-0.0249724658003294,358,3.179434872161491,1.1367440059829057,0.3758232564223878,type1_Damped_Osc,0.99
877,1.212934087516457,1.1551888807667496,1.1651033724310536,0.0166268192578312,0.0573085631060179,0.9836555968984406,0.344,0.7582414463298048,0.0024267212524746,-0.0023207895406747,131,0.3234540831268895,-0.4960346506085876,0.0697895220734134,type2_Triangle_Wave,0.9866667
878,3.204885824122995,0.0801882406793222,2.7429995989791403,0.7606578134587836,0.0294056219549645,0.5958114746823437,0.026,5.367717710969116,0.0318005648010155,-0.0126150998489689,401,-0.4657002729281903,14.18367286335488,0.2123048921477224,type0_Step_Response,0.99333334
879,1.056116359459265,1.0285444331777216,1.0417967763512384,0.0096535681068594,0.0271207459479485,0.9648376890604384,0.006,0.1790463992580797,0.0003172445466133,-0.00032005816112,0,-0.3876158133514457,-0.3877709837792846,0.1227529189261016,type3_Sine_Wave,1.0
880,2.65907391721495,1.4673566865010164,1.9648971411265028,0.1861474757647146,0.0116966944371232,0.5148839453362907,0.075,4.391124390434361,0.0201090037444158,-0.0284543572754398,246,3.488070493461528,2.2521401935149448,0.1768071186582618,type1_Damped_Osc,1.0
881,3.403213791464822,-0.0050988085718245,2.847349282387361,0.9709522627581858,0.0323663744895301,0.7998787095082099,0.034,11.78742861177121,0.1369168530383598,-0.0657406231575856,349,-0.4583185639585999,8.502460228782992,0.3768530753219714,type0_Step_Response,0.99333334
882,2.316654276300236,2.0856676408239823,2.1118092408868496,0.0482959741245422,0.2307820131266758,0.9946224625640756,0.371,1.3201081847514011,0.0056914309282909,-0.0058106196360951,113,0.6930545247396083,-0.4940460260947325,0.1926480385562867,type2_Triangle_Wave,0.99333334
883,1.3976789894678985,1.09509285649541,1.1510469126859832,0.1168902822583982,0.302332545790219,0.9210851959237528,0.413,2.0037216329787717,0.3021253779565833,-0.3015327743290488,184,1.8060292723221576,-0.4965076187940037,0.1310167984397292,type5_Square_Pulse_Wave,0.9866667
884,1.13872054129551,0.8938585555207044,0.9061628879920136,0.0443856943684036,0.1123811149782613,0.8746289295709482,0.497,1.140052152183998,0.2436938216684686,-0.2439981765359302,77,2.236722921619146,-0.4915630779649492,0.0891977151497522,type5_Square_Pulse_Wave,0.9866667
885,3.2719229261738323,2.400729209635096,2.7268332682742145,0.1617326820602878,0.0239050688786366,0.5423677042929029,0.21,3.117428270407534,0.0137939759787335,-0.0161687173315021,232,2.044627611945776,0.7920492098768801,0.2270698724436388,type1_Damped_Osc,0.9533333
886,2.143234968487368,1.7734786352319634,1.8382446181938608,0.1391693044618686,0.0015765115196588,0.1524395835544952,0.406,2.524769731234445,0.3683447791079413,-0.368068451797291,173,2.260752736650672,-0.4915931793289958,0.1335265540325281,type5_Square_Pulse_Wave,0.9766667
887,1.4251176320855428,1.363836233888143,1.3910672396158887,0.0217481162494145,0.0498933262115881,0.9574472191296391,0.005,0.2831371416637926,0.0004911237406972,-0.0004801061138277,0,-0.3488774869089968,-0.3488509825978202,0.2027362553708376,type3_Sine_Wave,1.0
888,2.538134600251513,-0.2221083116147843,2.0395068821708917,0.715197455319846,0.0191827567144811,0.6709414151060301,0.078,5.049933104544873,0.0357751527822903,-0.0151984208350085,319,0.4617874685650378,11.3479318316647,0.2154803588722504,type0_Step_Response,0.9866667
889,3.472518653246025,3.1887785513331472,3.217512874157791,0.0651296092071885,0.2808737004684429,0.9404911158669153,0.418,2.313525346382924,0.0113974072026183,-0.0110018590841001,74,0.3301145736534006,-0.493048542619573,0.3389697961610523,type2_Triangle_Wave,0.97
890,0.6863263563943216,0.5235750815672287,0.5412013623595983,0.0339387161911037,0.0022975089873157,0.5578578432343493,0.151,0.4219666245633441,0.0014048217636868,-0.0022670629636252,146,1.5734815090223673,-0.4803565738213165,0.0777551650596815,type4_overdamped_decay,0.78333336
891,3.611885010998496,2.894553076677504,3.002232089287507,0.1691309794399045,0.0176504695778962,0.6360842062257492,0.131,2.806132776620988,0.0098670189549912,-0.012751299843936,202,1.5597566639251887,-0.4701114054880998,0.3432792869625665,type4_overdamped_decay,0.52
892,1.262614598331537,1.2292626052731563,1.247381972325876,0.0118194101265044,0.0333519930583807,0.9730675332415708,0.007,0.2246658923041464,0.0003664357378516,-0.0003760280166824,0,-0.2906313869982306,-0.2905892357532062,0.0796409634053803,type3_Sine_Wave,1.0
893,3.253668213443432,2.500913992578146,2.768299022956372,0.1596397005256286,0.0124791235232057,0.3764062741893578,0.169,2.434824141843128,0.0092310104720012,-0.0144218544922294,248,2.131348892998909,0.7156347229265756,0.1956738827140007,type1_Damped_Osc,0.96666664
894,1.895653143631998,1.533680540721721,1.5694407202619765,0.0723309091752725,0.0065709296398923,0.5010384121509918,0.176,1.1971775585381403,0.0043302552277666,-0.0063034332935247,137,1.6803638374908598,-0.4822864118434094,0.1646769120535673,type4_overdamped_decay,0.69666666
895,3.10067332965267,2.659856953907232,2.7122816357380755,0.0921085830614024,0.0162090264560075,0.5544192996671788,0.205,2.474533710481886,0.0085305265265889,-0.0101826389826533,134,1.228027246367039,-0.4648433863550236,0.2500115760715018,type4_overdamped_decay,0.48
896,0.5759797045652315,0.5467460826135089,0.5509923120374374,0.0086825171309729,0.0291913663187898,0.9421389004165606,0.405,0.2541888760025637,0.0283582868915628,-0.0285458364467091,89,0.2494658988132195,-0.4888050104850182,0.0384318720737344,type5_Square_Pulse_Wave,0.87666667
897,4.122472394926962,1.9313970071477835,3.019194161290433,0.2972773739294714,0.0190567448747871,0.5497503848867988,0.165,9.081551085568863,0.0880490903422406,-0.0955024761370944,156,2.8184520060742164,2.583670595124693,0.3422420225705864,type1_Damped_Osc,1.0
898,2.5378145703568937,1.9993521097878924,2.048576280662569,0.1046395863005713,0.0099275116992934,0.3703914489926981,0.226,1.7521692065972654,0.005738764947373,-0.0082377941249851,143,2.207257380860157,-0.4765737043715795,0.1971896141633722,type4_overdamped_decay,0.62
899,2.3367662599079218,1.1486981432180638,1.6359955611120467,0.1619428239860267,0.0018555801858772,0.4285599721175886,0.122,3.9796171810702505,0.0279870247887994,-0.0379086140950155,191,3.692197640394302,2.3448292564995903,0.168830975651701,type1_Damped_Osc,1.0
900,0.7475037942717548,0.6889492085457074,0.7001986799606318,0.0217588556770256,0.0424912179014416,0.9419303424802244,0.389,0.5960057876111804,0.0577139232839705,-0.0579872921226912,202,0.2463604028958645,-0.4946383904665986,0.0778939352019536,type5_Square_Pulse_Wave,0.93333334
901,1.5395208432427188,-0.1059120615707943,1.3009687852728578,0.4650018196507024,0.0115019106561042,0.4540974285351459,0.116,3.211119632449546,0.0288844995785232,-0.0150695881710332,338,-0.4379260088191511,15.431642473482649,0.1028799596672187,type0_Step_Response,0.99666667
902,3.735993270830696,3.152510927639303,3.227472317313697,0.1264059568533037,0.0136957621590698,0.2938814805745267,0.181,2.717049072162721,0.0089392019827934,-0.0107732197020249,178,1.9295772730771017,-0.4457600990024823,0.2349135633981505,type4_overdamped_decay,0.48666668
903,0.9019090049841726,0.7961336806737866,0.8130762186969812,0.0246886313654356,0.004159349225442,0.3485042206572454,0.188,0.6643415591045028,0.0024982727895247,-0.0028778059815867,202,1.4806500866442591,-0.4522934140941737,0.0521482862170405,type4_overdamped_decay,0.62666667
904,1.934233519875749,1.707585696550923,1.7310638559084006,0.0431942060823466,0.0066460297404074,0.5014288881766125,0.178,1.1114838503927758,0.0051032350413213,-0.0052413137123901,95,1.0191961187994638,-0.4606078707112688,0.1454186656436285,type4_overdamped_decay,0.7133333
905,0.985410698327389,-0.0004671590485712,0.8630616915308837,0.2539020189469785,0.00700498858476,0.5088482048902009,0.143,1.670589190367123,0.011146972824254,-0.003443576142862,268,-0.4632879443119876,9.146454302080455,0.1018135825566008,type0_Step_Response,0.98333335
906,2.84698563494156,2.159671760410405,2.465536872147891,0.1186602424156776,0.0127868432049975,0.455991280993441,0.079,2.5734398347436005,0.0093832979366763,-0.01289286203684,180,1.4063520695346,1.0684522128801566,0.1977993057075195,type1_Damped_Osc,0.98333335
907,4.13888758479512,1.8371220393105696,2.7560520986781367,0.4007405987919164,0.0139773748536056,0.4986412399597804,0.161,5.558275258105201,0.0260538234658018,-0.0420385705821235,227,3.4884864672534177,1.8400624949240985,0.3637114225142319,type1_Damped_Osc,0.99666667
908,1.593455801414597,0.1469020240179298,1.1062455252195522,0.1911473721338607,0.006013318741443,0.4443767741091032,0.156,6.219174540206892,0.0657670064882094,-0.0613911339065252,209,2.482953816873679,5.620037666655793,0.158909714461888,type1_Damped_Osc,0.83666664
909,4.486037659640569,3.382324963192618,3.495275023613424,0.2222345755863901,0.0218045235866539,0.6777281659591515,0.167,3.0876370267091127,0.0122594004921401,-0.0169225689430971,157,2.2689334229896376,-0.4670163919050272,0.3939134114976661,type4_overdamped_decay,0.47
910,3.4019144822898744,2.5435612188195047,2.611575149492788,0.1579638608602232,0.0122649835875217,0.5898153756264475,0.183,2.206001203449246,0.0067853723370046,-0.0116773854791647,126,2.4094825752742994,-0.4764310197329854,0.292648542726333,type4_overdamped_decay,0.60333335
911,4.260229745297744,3.1034401114198933,3.4294544655921717,0.2049990676915185,0.0229058752368889,0.6747968814008067,0.192,3.547673816612682,0.0123718448568173,-0.019499392405629,190,2.5218069215195493,0.5108879114024758,0.2868527577227211,type1_Damped_Osc,0.9066667
912,2.9294131613955425,2.649731858654801,2.682063640405344,0.0692664211369373,0.278849266534023,0.8696668854664211,0.397,2.7013579648341746,0.0123486413034066,-0.0128453119334412,120,0.6144558112387114,-0.4925789355991727,0.2492976803549016,type2_Triangle_Wave,0.9633333
913,2.152692565192778,-0.0020831621217343,1.768312051267197,0.6335755089721391,0.0135926271973652,0.6364460645976145,0.002,3.06419066974968,0.0170079278559301,-0.0062131002007559,433,-0.4973239750907288,7.7924330009857075,0.2597646059368133,type0_Step_Response,1.0
914,2.0713938804926486,2.025060192614001,2.0466608967370035,0.016422436447375,0.0463211538887793,0.9914485616684938,0.009,0.4054116718026512,0.0006696981305149,-0.0006670818780736,0,-0.3841431062625319,-0.3841761063540927,0.1999893405143542,type3_Sine_Wave,1.0
915,2.99238940895626,2.2828105860766743,2.3831478218878166,0.1664968527295484,0.0147121386479867,0.7114725846822405,0.151,2.1022195138971225,0.0091014836958094,-0.0085182302416835,235,2.410483797068892,-0.4676406235838593,0.2411201620503869,type4_overdamped_decay,0.55
916,3.009819264594104,-0.7564841329067977,2.6179205572031896,0.9012722735501624,0.026880926511275,0.6565779470391733,0.13,7.952230143159621,0.0904302507740493,-0.0779125811893504,215,-0.4637698157020981,9.499509779534662,0.3752890580140722,type0_Step_Response,0.99
917,2.8299162366041406,-0.0056633898990662,2.581376888304612,0.5873942795014672,0.0222536272844897,0.4019858900159849,0.19,5.500943410010885,0.0647098828896215,-0.013848179892681,129,-0.2683641312605898,9.243581776124454,0.2842624319042519,type0_Step_Response,0.98333335
918,2.1139605523341984,2.046866847236539,2.0522386752264747,0.0143791851010742,0.0537164528028828,0.0198590369268042,0.466,1.0322728440813438,0.0638220783192711,-0.065831441543672,45,0.0821219795331104,-0.485847587023196,0.1125215269018007,type5_Square_Pulse_Wave,0.9433333
919,1.2644131369387257,1.1676622384197997,1.1772979417423095,0.0193187720639111,0.0651105571778682,0.9580702956038598,0.384,1.2050745450683922,0.0060907620253276,-0.0060898148640169,58,0.3736284892665609,-0.4930071372612035,0.1098666280332678,type2_Triangle_Wave,0.99333334
920,1.9280448776034893,1.6790380503117863,1.7166373645938962,0.0573623785239595,0.0093399897685153,0.6363308870559672,0.166,1.1285576150656496,0.0034084483500769,-0.0056827895389577,157,0.9991789936263684,-0.4732587147746033,0.1631846897526503,type4_overdamped_decay,0.76666665
921,0.7875845624871135,-0.0004586164543193,0.6632646613015093,0.222788756514708,0.0056184697242245,0.593772760785669,0.006,1.4716119144597903,0.0180435682146878,-0.0049992112137589,327,-0.4916638079448127,9.980955894267314,0.0751283473142101,type0_Step_Response,1.0
922,1.350968397730909,1.102403270118057,1.1298468202731915,0.0512982875047733,0.0073595320307533,0.5526161917114624,0.17,1.0079804574458104,0.0040517251837162,-0.0045193683960573,113,1.0160463305377168,-0.4729644850767599,0.1610835668529295,type4_overdamped_decay,0.7033333
923,2.1004836549651507,1.6902532966720605,1.7550588287232882,0.0961042292215272,0.0126274454551464,0.6994068683730938,0.139,1.5630292744654897,0.0050206571551298,-0.0065435465390413,217,1.6392587074038478,-0.4618199586278003,0.188400412422018,type4_overdamped_decay,0.67
924,1.7477199229201423,1.7169944339248593,1.732331764704309,0.01076769558746,0.0182952062914254,0.9473171973397222,0.004,0.1259757852503547,0.0002219607318776,-0.000224086804873,0,-0.364847244187177,-0.3648779865835462,0.1136824169081736,type3_Sine_Wave,1.0
925,1.0715775368510194,-0.0004990805419301,0.9426891117786228,0.2182854868624033,0.005211471165575,0.433821879007386,0.022,2.02695698402917,0.025177390825275,-0.0067326664043348,384,-0.4938453364252866,7.932241753954775,0.1270474346483501,type0_Step_Response,0.99333334
926,2.669158669278945,-0.0018285848648156,2.4690400066921194,0.434603098072136,0.0201239098539565,0.5961368985647235,0.098,6.919270561250896,0.1463480461261997,-0.0399292578764842,228,-0.4695875260548956,7.604011991645608,0.3283560214299434,type0_Step_Response,0.99666667
927,2.083952971070552,1.7251763334745729,1.7697707029319176,0.1038320861694953,0.2248141518438258,0.8694813876426781,0.446,2.9682224618092388,0.357985803684484,-0.3573998637652997,158,2.823194465373797,-0.4925467368216866,0.1077197791049326,type5_Square_Pulse_Wave,0.9866667
928,1.5129448037868114,1.0092446367700003,1.2558038312744666,0.0728853373145482,0.0067428630907282,0.4154904550551253,0.197,1.80723510806986,0.008886729380412,-0.0141834301330903,201,2.11049803180381,2.0269871442197203,0.0980441110307359,type1_Damped_Osc,0.98333335
929,1.8104710920499725,1.663137868171428,1.676969852536934,0.0329457883917796,0.0014567930535822,0.14062248417184,0.421,0.867454343946009,0.004196045052025,-0.004212740459599,91,0.5448648544209632,-0.492469847199327,0.1399980262805598,type2_Triangle_Wave,0.86333334
930,0.8892605097542526,0.7091770563552637,0.7327863773007972,0.0403419662791784,0.003266635795829,0.6215529226056355,0.153,0.5019997391622558,0.0018358613933889,-0.0021413210626269,202,2.0396583743063688,-0.4739789571654708,0.0701893822727344,type4_overdamped_decay,0.75666666
931,3.9341245535706353,2.3112527602459534,3.036742847624626,0.2427612190551534,0.0171597226676016,0.4360884193495445,0.211,5.351897520099847,0.0384092499152304,-0.0453367000618145,206,3.2999916443630117,2.398593297348144,0.2422708389079737,type1_Damped_Osc,0.98
932,3.000242309907452,2.5447038069727776,2.5715459869943658,0.0632765676269818,0.0186339547235308,0.6215171479514671,0.207,2.4108713393260714,0.0087341677501671,-0.0129505084695611,63,1.825117151782233,-0.4531860987113243,0.1920538551678787,type4_overdamped_decay,0.43
933,2.492433160761758,-0.0761411843414612,2.103897407445704,0.6582248867576846,0.0202834519218626,0.540362565057021,0.036,4.112632173824895,0.0349905783220886,-0.0102122886177042,418,-0.4518995294095384,13.679637893465747,0.1805328632969702,type0_Step_Response,1.0
934,2.585496366182247,1.6929125018739364,2.170949995339905,0.1576672303240327,0.0176796746530323,0.5950364487400747,0.103,4.187891714807653,0.019611922616697,-0.0235454568846815,225,1.2103890360208045,1.6456599958260376,0.2314762745329539,type1_Damped_Osc,0.97
935,1.9769184812331315,1.9056103108236624,1.93740986537726,0.0253073416976556,0.0595690469755827,0.9591154082688996,0.004,0.3279451293955926,0.0005616769291953,-0.0005653245670627,0,-0.3298729994535851,-0.329851748116694,0.2095602601138231,type3_Sine_Wave,1.0
936,2.518200341464701,2.3118746163195447,2.335285969967087,0.0619705509194354,0.1885370743461139,0.9139708696449232,0.466,1.520576841949529,0.2049352287530212,-0.2045446370876087,116,0.758588519902521,-0.493999570673631,0.163156356277641,type5_Square_Pulse_Wave,0.99333334
937,2.7608067290622254,-0.2372391160995202,2.4740838952151543,0.7021925340981543,0.0225822832879631,0.745791268214772,0.105,5.837734689663376,0.0636682730735125,-0.0343640839070738,201,-0.4520223460736716,11.563357072756736,0.24754049927764,type0_Step_Response,1.0
938,3.869064195902478,3.387772628497281,3.4466186927618625,0.0985936841143836,0.0214868753313099,0.4427765183498437,0.205,3.0649662980857637,0.0140799188653444,-0.0114428732668914,138,1.415545680712205,-0.4533491255521243,0.2452820366744208,type4_overdamped_decay,0.40333334
939,2.08297962548357,1.2127014653794872,1.6326576308664784,0.1484826925591921,0.0025458158401003,0.2120884268432584,0.209,2.496466867848129,0.0124784871991054,-0.0149284682589085,282,1.748305685853904,1.627344375898477,0.1988911699569389,type1_Damped_Osc,0.99666667
940,1.969671642731736,-0.0028357959471191,1.7134637617207655,0.4189175818943762,0.0156442034869472,0.5917816089681307,0.01,3.6896972794533776,0.0465539109347789,-0.0090006152674075,346,-0.4915302778913825,6.412150181692627,0.2850188951419552,type0_Step_Response,1.0
941,1.7939161205916028,-0.2438042801191651,1.4692993092458746,0.4899533418657004,0.012173324005118,0.8237978941801355,0.0,3.6061075613852607,0.0330300883160923,-0.0217640467318568,509,-0.5457510402421383,9.0784863836488,0.2137603035544422,type0_Step_Response,0.99666667
942,4.22030158171911,3.1101160539786687,3.2133285548826387,0.2156288946078184,0.024000871277428,0.672652835369003,0.172,3.218627218191729,0.00980715572978,-0.0165947375689841,137,2.0288814501862555,-0.4714561421666606,0.4341028159294087,type4_overdamped_decay,0.5133333
943,2.5493401820960058,1.3572601688961707,1.949824840469135,0.2390187338193797,0.0213399669665148,0.8270163121578553,0.044,5.243110243791115,0.0206731238487642,-0.0251267535027359,360,2.9030170469633294,2.667946486767369,0.1814163184867083,type1_Damped_Osc,1.0
944,0.6776709479414309,-0.000567318885974,0.6215366446254793,0.1510035990036796,0.0045164422660078,0.4253440963274714,0.236,1.2134911993172544,0.0132095236108872,-0.0026364340138361,160,-0.4721996748007885,7.820219260824408,0.0812454091462508,type0_Step_Response,0.95
945,2.1160423311884164,-0.657618240347928,1.8025552822101296,0.6486406004303346,0.0192853078961476,0.6381082803141936,0.01,5.77316589743873,0.0699949062897788,-0.0586476118308323,295,-0.492154239587926,8.79522619619508,0.2981445897090431,type0_Step_Response,1.0
946,1.0197958112182337,0.5776889304536109,0.7709837501941607,0.0495396326367488,0.00103624224848,0.1950311901984079,0.295,1.4503849328113558,0.0154751026024012,-0.0199972609245633,118,3.034915220041534,2.2098152099274677,0.0707967919068073,type1_Damped_Osc,0.9766667
947,1.039042107687734,0.9015749338470516,0.9121848818707348,0.027339206358603,0.1024321412290804,0.9575645783812078,0.404,1.274157136725067,0.0084576243302322,-0.0083400461207328,120,1.3786169432916708,-0.4972870402742547,0.0730691483828553,type2_Triangle_Wave,0.98333335
948,1.514132934677722,-0.0007171280529009,1.3188816802431669,0.3610039954747377,0.0099742120056989,0.4318410462196928,0.068,6.420807826738711,0.0705137381580003,-0.0380848931473389,338,-0.4843815091760198,7.61750117856298,0.1862569498924888,type0_Step_Response,0.98
949,1.6240866070189606,-0.0009413083617641,1.4252625335748854,0.4116272603743952,0.0140319795370542,0.5524285353611658,0.129,3.5375375498790462,0.0542125571899816,-0.0147386608886134,264,-0.4391557379204708,10.871732701575064,0.1421401247108911,type0_Step_Response,0.99333334
950,3.2443784565387475,2.880753159485776,2.9442334640931085,0.0863863745183375,0.0188516929493496,0.4512987216878967,0.139,2.8116826420199077,0.0116083899559247,-0.0102851830571091,194,1.2377698157434518,-0.4426765350476925,0.2025662404084283,type4_overdamped_decay,0.46333334
951,4.095395381432909,2.367638962217454,3.0868638795659145,0.2828081465569392,0.0249877327771264,0.605185998406328,0.086,5.695079032432772,0.0253736695194559,-0.0354951335307323,273,1.966369959482122,1.210972987991116,0.4136017657493331,type1_Damped_Osc,0.99
952,3.699771656376757,1.808798608346276,2.916691417561017,0.3217112290663381,0.0255937032234259,0.6100881556698223,0.133,8.895082995653208,0.0463597273597731,-0.0490599397476065,298,1.847589235654323,3.1524234132234232,0.3151615102651779,type1_Damped_Osc,0.99666667
953,0.9033179392681387,0.8868764978139009,0.8944479531703102,0.0058208999124015,0.0164260246623605,0.9782509794136058,0.007,0.1096302580686132,0.0002253032716919,-0.0002311675779482,0,-0.3382624519353652,-0.3380816925402765,0.0507991472225982,type3_Sine_Wave,1.0
954,1.818622979340689,1.7445007782200346,1.7539876594061772,0.0186045732743808,0.073309256198693,0.9842570509670912,0.395,0.8471655781368317,0.0034398615119601,-0.0034039343347322,8,0.0157198225640172,-0.4932834862462125,0.1418779590314807,type2_Triangle_Wave,0.9633333
955,2.198826315348632,-0.0011897883875889,1.9744480055994624,0.5567925300689991,0.0098525251966044,0.3440974705624643,0.159,3.472673290345775,0.0367855505480944,-0.0067212444363513,188,-0.4777952928237829,7.914897885824237,0.2607549309121104,type0_Step_Response,0.99
956,0.616195318294858,0.5048964603441445,0.515046442959145,0.0224874475642371,0.1072195614874822,0.9786203459388754,0.381,0.856790319172052,0.004688072637386,-0.0046981973773413,151,1.558270863251833,-0.4967618469120573,0.053989023122647,type2_Triangle_Wave,0.9533333
957,3.0796487061151665,-0.0045051065077437,2.7899813450414688,0.6173434173401219,0.0204338175769422,0.4315285034606176,0.006,5.353847579244901,0.0472746215449349,-0.0118925510359035,432,-0.4949034372710781,11.633061952232431,0.2540874555906827,type0_Step_Response,1.0
958,0.918045099882994,0.7228385762001626,0.7494196746654409,0.0468234868984492,0.1631779901542368,0.994300581953472,0.322,0.997680447078463,0.0037057173507543,-0.003773165420061,216,1.3602943652015695,-0.4976128378874612,0.1047986576450936,type2_Triangle_Wave,0.9033333
959,0.9673753390371967,0.8874423535512702,0.901103401967012,0.0188699800249696,0.0047987902109539,0.6440262679465978,0.169,0.6293231686250628,0.0027463270929586,-0.0030951717743723,177,1.0700194978390578,-0.4513689615854347,0.0493824847894172,type4_overdamped_decay,0.69
960,2.3669868318544625,-0.0033436602783534,2.1056511958199637,0.5659771386284393,0.0211429014722601,0.5923543405947885,0.153,4.7700315671679085,0.0706313865779292,-0.0114298447221847,189,-0.4225206269639008,6.3690449968516685,0.3412253907015534,type0_Step_Response,0.98
961,0.7444521171200973,0.6984307038868386,0.7046438042952977,0.0130039863040254,0.0459166600436556,0.9163024720594022,0.416,0.4603272552750055,0.0449581227916393,-0.0454181425057325,79,0.397189291955046,-0.4886531838564699,0.0506544680206209,type5_Square_Pulse_Wave,0.93
962,2.5369719129146984,1.4779527837883315,2.009582683412763,0.1742148345258277,0.0417172282658289,0.9781084448261008,0.019,4.283931356320087,0.0201080380914049,-0.0260782924407783,273,2.453790986339502,2.5565729492618874,0.176198835956246,type1_Damped_Osc,1.0
963,2.239457396610998,-0.002739412043428,1.8534806683816096,0.6459130186359069,0.0159967290636022,0.6735907476546011,0.002,3.8218576733823495,0.0444501818559352,-0.0093938650568633,340,-0.4978603670108223,6.213251583062546,0.3338892309497812,type0_Step_Response,0.99666667
964,1.3502835439944847,1.1375133053852011,1.1705498214683874,0.0501548410641785,0.0077878073280748,0.4993934289061441,0.156,1.0350571823427503,0.0033870788834842,-0.0047923166841581,199,1.468180460958919,-0.4614449796802435,0.1060280443507721,type4_overdamped_decay,0.63666666
965,1.5395813148921171,1.1292726099338162,1.3108005481580431,0.0568441833141245,0.008695536610654,0.5650160060101651,0.214,1.6257021838131485,0.0104048670453595,-0.0160324055266072,125,2.7543248821936843,1.9205831519156185,0.0723022650749793,type1_Damped_Osc,0.9866667
966,2.9491824534013475,2.0615821382026924,2.136136390128147,0.1667708226048855,0.0138272143634594,0.7324614854334188,0.146,1.9991122319873988,0.0066058240234978,-0.0119612396103199,136,2.4121253909683245,-0.4778457237589884,0.3024934279842564,type4_overdamped_decay,0.66333336
967,3.9301769076229096,1.921973217528006,2.766634866390441,0.3339242406942876,0.0176438621226098,0.5894077006587499,0.216,5.494576552222797,0.0271043560174448,-0.0354636328689066,260,3.543179418553412,2.204257439112942,0.29762467325844,type1_Damped_Osc,0.99
968,1.8967864918611668,0.0483230529966078,1.6587710018782311,0.4610649050477503,0.0114604070694364,0.4320644325337557,0.142,2.8114089184639868,0.0246626450894967,-0.0053965769836048,312,-0.4704914969515035,11.28515238750242,0.1564550566443185,type0_Step_Response,0.98333335
969,0.6916559438198276,0.5568040571493671,0.5643935061307787,0.0270225303282892,0.0005903478647945,0.1524402852540756,0.469,0.5221865030236642,0.134302901412423,-0.1344414843335657,77,1.7113333733249674,-0.4939061019108008,0.0608145702945461,type5_Square_Pulse_Wave,0.98333335
970,0.838758212410219,0.7705671451695618,0.7781176520924007,0.0152873397268466,0.054689621490337,0.986619741146808,0.393,0.529980020155473,0.0024896196208487,-0.0024428526114284,112,0.5571601257338517,-0.4954918236783449,0.064230105682379,type2_Triangle_Wave,0.99333334
971,0.5198547440308802,-0.0002220463681846,0.4800095564201218,0.109747714711863,0.0035698790017767,0.7197595631523163,0.086,0.8993360888832624,0.0123048474960962,-0.0017469507755055,113,-0.4647812470174661,7.102735652082967,0.0680911095848057,type0_Step_Response,0.99666667
972,1.0727942332841305,0.6084902813075582,0.8170043436720532,0.0851280017901765,0.006865940202361,0.6477449154447178,0.075,1.2691086865493435,0.0052378934361533,-0.0067878928266098,245,1.920310242185308,1.4638490513509277,0.1059049000936431,type1_Damped_Osc,0.9866667
973,2.972352995823244,2.297661368359184,2.3570226254111284,0.1244749422589761,0.0168554964776848,0.5065674290481674,0.213,2.495785216701336,0.0085797457811134,-0.0110633948892515,105,1.436790223436045,-0.4736145324809468,0.3436735848821648,type4_overdamped_decay,0.49333334
974,4.441302739213842,3.342849163692048,3.5140627453455364,0.3898473172168415,1.097727361633082,0.924888513752216,0.446,9.693566962491976,1.095228733848213,-1.0945345733349563,157,2.8314216150456653,-0.4907251861441594,0.3288097553607976,type5_Square_Pulse_Wave,0.99333334
975,2.644230913967235,1.4186389249953058,2.041136345250277,0.2515076826932823,0.0838455979985695,0.9786633235731856,0.009,4.812380811137667,0.0172651127675835,-0.0195262884840941,392,2.010780183246818,2.325492061951099,0.2296719381352465,type1_Damped_Osc,0.99666667
976,3.743186354336051,2.0250378705266145,2.840089177886669,0.3141539184669303,0.0241131298176773,0.3868190548038407,0.204,5.248546513150887,0.0238867518501169,-0.0277170568719831,347,2.646431300143957,2.319410604101062,0.287997655886067,type1_Damped_Osc,0.9766667
977,0.9669073882987076,0.8538873876815173,0.8678791814909695,0.0348542486085354,0.1126498031817209,0.9058200515294974,0.439,1.1104012628558175,0.1114896084117016,-0.1114205807968661,126,0.9334644351062634,-0.4890239207891835,0.0782448287049226,type5_Square_Pulse_Wave,0.94666666
978,3.320367338229224,2.6469357574512755,2.717551032248716,0.1370996955304432,0.011825936252638,0.4234373039575803,0.191,2.125996021226111,0.0077471048149537,-0.0121470941811736,122,1.220283667584256,-0.4790503294472702,0.3867555060130421,type4_overdamped_decay,0.58
979,1.5937305926083505,0.5357035122774866,1.1689691921851364,0.1137682313193671,0.0053123546877837,0.5549688104794941,0.254,4.389292152974541,0.0616456211761907,-0.0594400969984649,128,2.6421517719254277,4.266969716962003,0.1337730216709183,type1_Damped_Osc,0.93666667
980,1.41254572739379,1.116532921818545,1.1548592376068103,0.066003693657705,0.0096202085250378,0.6433314676626826,0.171,1.1079987168789731,0.0040690010228265,-0.0045633914948477,188,1.989741185312202,-0.4612274233664496,0.1170698811413453,type4_overdamped_decay,0.5833333
981,3.409442818632596,2.3422172794767104,2.7300933285379188,0.2067235463316571,0.0149830698568491,0.5237742631431331,0.11,3.0252535959118134,0.0139431988935574,-0.0135344737467146,232,1.921885503896395,0.7317297521886779,0.2921012379117993,type1_Damped_Osc,0.99
982,2.4816767327595604,2.3406607921866343,2.357033227528849,0.0353307397728964,0.1400610697309865,0.9745465185157912,0.388,1.5613697526534347,0.0070138945366591,-0.0070943420593487,50,0.1491067333175688,-0.497454134028108,0.216397419003139,type2_Triangle_Wave,1.0
983,1.7918055347841215,1.6963776362443124,1.7093333636479842,0.0290929914735514,0.0948203896881583,0.8920586514845601,0.431,1.37048011808532,0.0935873178104793,-0.093502549250086,134,0.4688469683007535,-0.4835039744944935,0.0968473913547431,type5_Square_Pulse_Wave,0.94
984,2.4789862372300164,1.8890332533100496,1.9291607129913309,0.0916186128692707,0.0177172764877289,0.6853638364391074,0.236,2.26160884968304,0.0110530142513771,-0.0136436047903156,88,2.3276021703033383,-0.4449700898905704,0.2046577459290228,type4_overdamped_decay,0.41333333
985,2.250475591398676,-0.004892901747458,1.78680956671347,0.6373148356130766,0.0237366558419349,0.658788050475437,0.0,3.6710433012959727,0.0149440606646785,-0.0105814788592741,530,-0.5534415355112372,9.80490247404786,0.220004593166609,type0_Step_Response,0.99666667
986,1.4225005115771423,1.2789314353795436,1.292261939328054,0.0229408210712188,0.0078722639485242,0.5159694446144355,0.244,1.1901305192595968,0.0048019753444443,-0.0054466758392355,72,1.1936062367575455,-0.4349115738970711,0.0816338840558525,type4_overdamped_decay,0.5
987,3.603472279556637,1.962807380000132,2.6897887629903634,0.2414103552996682,0.0172100070413967,0.5938978924840996,0.192,5.024983528801419,0.0259030035319063,-0.0375969963938569,182,3.06636422822832,2.238926985646382,0.260204460651436,type1_Damped_Osc,0.99666667
988,1.5556211564306206,1.226610504303693,1.3737594368537898,0.046731497902861,0.0017827988383227,0.1205257670358856,0.318,0.8387171029592451,0.0043277326477857,-0.0067805586414302,137,1.9028786574744383,1.5017601539734788,0.0746963976414614,type1_Damped_Osc,0.9066667
989,1.86654841953042,1.5498356610663433,1.5831762059109538,0.0654394749363878,0.2218858076819592,0.9828611215619814,0.376,2.589614066825396,0.0126920559546115,-0.0127714925546482,137,0.8705137411026365,-0.4962902355120554,0.2304667015049837,type2_Triangle_Wave,0.99666667
990,1.667973792712228,1.2218821916347955,1.2642976687495702,0.0887240211414716,0.0067034802822283,0.4445506462854201,0.208,1.167041515528694,0.003659205126961,-0.0061456856137014,157,2.5017985602382318,-0.476352442435732,0.147446552907525,type4_overdamped_decay,0.6433333
991,0.7732156108133705,0.6843661054279883,0.6910703869324089,0.0133087761877192,0.0048438490513731,0.6468462029988855,0.251,0.6217319534120443,0.0024178534824347,-0.002587707406779,55,1.011668217736216,-0.4519625844440051,0.0569655603524619,type4_overdamped_decay,0.56
992,3.429026685502012,3.038971636572087,3.075996377298483,0.0737402201441342,0.1861431732394809,0.989178682314989,0.347,2.4389944593156927,0.0136259961512075,-0.0128513076457248,68,0.5796453634154494,-0.4964193080286011,0.3600864722466688,type2_Triangle_Wave,0.99333334
993,2.8818656005811274,-0.0023832323113103,2.479311961851296,0.779965840207733,0.0162529440151426,0.6245510124718472,0.102,4.415493863389399,0.0544394810331297,-0.009904340991611,278,-0.4748475481928974,9.496397429902425,0.2878046676349455,type0_Step_Response,0.99666667
994,2.425839041584626,1.9483706631351068,2.012504304526136,0.1180125709481498,0.4683983990888265,0.9940037216508906,0.362,2.640287199353752,0.0101302835919621,-0.010162083357859,200,1.288195519071624,-0.4956895690261849,0.2663692014173875,type2_Triangle_Wave,0.96666664
995,2.7806527907968146,1.764740783818941,2.2601560164244874,0.1293157788709581,0.0130234983569907,0.4911285768142999,0.213,3.205597861728544,0.0207248123726708,-0.0310919629854602,93,1.1074306399296423,1.0392549802539337,0.3228514473964532,type1_Damped_Osc,0.88666666
996,0.9111966289292311,-0.1780304537781264,0.7813974981170895,0.260774851692495,0.0090288302528495,0.6293173261349504,0.0,2.160929935012702,0.0233497104652024,-0.0193735504721035,281,-0.5033717974774291,8.806809989950622,0.1170779082069444,type0_Step_Response,0.99
997,0.7358811494922132,0.6885004620944787,0.711658802916913,0.0166106792154769,0.045055127146256,0.9485785549734173,0.008,0.4002909578556327,0.0006391074058127,-0.0006389143527243,0,-0.2651991739385096,-0.265372430443125,0.1009327255018759,type3_Sine_Wave,0.99333334
998,3.692571077789124,1.917527009789234,2.5922486865399628,0.212065201364159,0.0156023739752657,0.5681051408919564,0.179,6.543681021332223,0.0569643139432298,-0.074837560195168,121,3.1858479429264475,1.6336609965546949,0.3050161253224486,type1_Damped_Osc,1.0
999,2.651041725692837,1.191049571094405,1.952297701171176,0.2273655497292778,0.0119910558718017,0.6162897303156226,0.122,6.369898886144362,0.0359648170871809,-0.0341901629520817,268,2.451568410958473,2.6557169346007177,0.239057465304129,type1_Damped_Osc,0.99666667
1000,2.4542391940700354,2.048130368596228,2.0959299884184466,0.0835667273783739,0.0122637807733165,0.6418930173490571,0.165,1.6699380249912137,0.005990669455862,-0.00690337999823,133,1.3115958091915023,-0.4595827644470287,0.2192796787399729,type4_overdamped_decay,0.68333334
1001,1.3083662276228365,1.202198709958984,1.211699216040662,0.0208760467719939,0.1031514910193049,0.9712793076284516,0.392,1.0590324763548504,0.0059065403880456,-0.0059228740305499,45,0.3022642968527894,-0.4935236760829334,0.131275114588395,type2_Triangle_Wave,0.99333334
1002,0.8612582124416239,0.745817701669137,0.7576455996763375,0.0211016594521587,0.0061450012452557,0.7796700294351424,0.181,0.7044706171728293,0.0037120305353633,-0.0027561546425254,90,1.0240573829682351,-0.4519329677652496,0.0734296278692305,type4_overdamped_decay,0.63
1003,3.62780529606413,1.6857543262739811,2.531502010180547,0.2778850702825657,0.0183050089560059,0.5135758362581955,0.178,5.347527215716867,0.0285140417835592,-0.0398434181389508,233,3.301625236523515,2.410625816110475,0.2893293106234544,type1_Damped_Osc,1.0
1004,2.206361489674024,2.1278188719480444,2.169169346411184,0.027842640146566,0.0784761785790455,0.9762117335584016,0.009,0.6718694188128942,0.0012314870546981,-0.001244865573168,0,-0.2560018923558902,-0.2562492162257493,0.1610308482661633,type3_Sine_Wave,1.0
1005,2.8580672728963408,2.057835515480917,2.1944056536360548,0.2032262243185295,0.0133488743507612,0.4006000685725966,0.138,2.278148751613992,0.0070601467113258,-0.0097997364731483,282,2.2581967303489607,-0.4755047276573705,0.2875746782760688,type4_overdamped_decay,0.49
1006,0.8980429418955584,-0.0005154930105274,0.825925689624745,0.2065389531264797,0.0047625281194235,0.5126943406389977,0.214,1.4306657312213666,0.0367924106490001,-0.0022996070686633,148,-0.4763454421761625,7.744669633297232,0.108674794811626,type0_Step_Response,0.96666664
1007,1.377824632267315,-0.0770454838220778,1.1137302596669838,0.4386087306523726,0.0097500910120131,0.6875226787210951,0.0,2.14980931236087,0.0116663172074062,-0.0044146110164202,440,-0.5444804977182303,13.491226903083676,0.1043160945071526,type0_Step_Response,1.0
1008,1.123575613037948,0.8030965467903904,1.0116110365465278,0.0518718374992654,0.0084519534459217,0.6438818873126441,0.14,1.867028175040206,0.0115492524035799,-0.0102641259804834,312,1.4957449613140938,3.315309117876995,0.0551499025615966,type1_Damped_Osc,0.98333335
1009,3.0543269212774486,-0.0023998950419825,2.497467497699144,0.8700777030742348,0.0232084909796395,0.4417676606242526,0.0,4.680278883515422,0.0261070099600701,-0.0111521973980965,475,-0.5299504886189649,13.087457778687332,0.2254637781798321,type0_Step_Response,1.0
1010,2.2338683442361025,1.8447744737698475,1.8782968244657887,0.070500578687541,0.0119790535910808,0.5736075231303419,0.212,1.6273729441274465,0.0058344833442613,-0.0088133754805435,108,1.6488333312576875,-0.4652624484177231,0.1781915455660396,type4_overdamped_decay,0.5966667
1011,1.0385041071190997,0.8773221999808156,0.8880606551053911,0.027867650220817,0.0012607471891981,0.1474625468029938,0.375,0.3898401367312079,0.0009674455718803,-0.0027463478847136,99,1.842634764392014,-0.4893388246110737,0.0684919836955516,type4_overdamped_decay,0.89
1012,2.703051596137626,2.3432494420811816,2.394318458076702,0.0841158581668951,0.0102049174086373,0.5441793475485636,0.116,1.5243454655970563,0.0060675967963685,-0.0067865780159279,164,1.0926910816158932,-0.4825816490785442,0.2234644098006661,type4_overdamped_decay,0.78333336
1013,0.8874040793022192,-0.0011583829671865,0.785745014289279,0.2322944742465284,0.0063409473754286,0.5343857438390321,0.176,1.4860239173475494,0.0101143718756591,-0.0025553689696319,268,-0.4374506907441143,18.67993430625998,0.0461771193378035,type0_Step_Response,0.99333334
1014,1.215797600033545,1.0807697875634847,1.094417777607018,0.0245370458308672,0.0062954333832387,0.4117642824676363,0.204,1.0315983039390633,0.0037649922507316,-0.0043535907734904,117,1.8193453064732852,-0.4295700897264409,0.0565023067959802,type4_overdamped_decay,0.6
1015,1.2500104291986671,-0.0014919634147778,1.1330472783597587,0.2957885531703267,0.0108697986183841,0.4865513924616317,0.108,2.367974154621325,0.0532384173303528,-0.0075625245996193,187,-0.4559546661805834,8.558376293401993,0.1374911472866453,type0_Step_Response,0.99666667
1016,2.640676886268814,-0.0018550008107878,2.488046595490736,0.529940647983727,0.0145856582361632,0.651309361755455,0.205,4.4439959252468695,0.0986774689181909,-0.0076960170565438,87,-0.4681710179567078,8.439923121844496,0.2945391108091915,type0_Step_Response,0.96666664
1017,2.979757837217568,2.12335064802276,2.3521359511988806,0.1292781406678105,0.0149315150636288,0.6180044838100996,0.244,2.520641931256435,0.0087869122557036,-0.0223439663944313,107,2.39845193592124,0.440894177990436,0.2230606889260804,type1_Damped_Osc,0.89
1018,2.8583075303487004,-1.1425120851670456,2.555376390748687,0.770653125913384,0.0176816538970556,0.5606364085008788,0.155,8.65562920962141,0.1125283962519688,-0.108422429161212,144,-0.3539512122017403,9.900666806020618,0.37934270436386,type0_Step_Response,0.99666667
1019,2.723265671855956,-0.0411533074438435,2.2662501561254538,0.811947820098144,0.014231730950148,0.6058979058594025,0.164,3.979011888301255,0.028257069492306,-0.0085220998535358,363,-0.4722399500612893,11.201157761455868,0.235692586797239,type0_Step_Response,0.98
1020,3.521813263817111,3.279184200617555,3.290328650215356,0.0378147887719427,0.0033944695442045,0.1644089180953855,0.486,1.7054858558825696,0.2385247816925115,-0.2398190040323631,20,0.3404455020351956,-0.4931220901849075,0.2863476446021131,type5_Square_Pulse_Wave,0.97333336
1021,2.684737110964848,-0.1712539145759677,2.407810410805848,0.6723772739119428,0.0242975161840113,0.7173406030208657,0.116,4.9558113423964665,0.0503115748546522,-0.0086147293661653,215,-0.4596091075643133,9.745754614842236,0.2776541536885775,type0_Step_Response,0.99666667
1022,2.020813775735082,-0.1683156145399146,1.7458751269704809,0.5932643172174691,0.0180447437612327,0.6220648260863958,0.122,3.973977391429009,0.0446897495329092,-0.0268941530349047,281,-0.4349184014754351,15.703274370398818,0.1345636519422601,type0_Step_Response,0.99
1023,0.8913409720807617,0.829348328380848,0.8355557611580073,0.0162078633225257,0.0010102438935745,0.1417726886757966,0.447,0.377244487077123,0.0609997408882139,-0.0611119492606186,119,0.9014966057313608,-0.4857352466731138,0.0437874951899737,type5_Square_Pulse_Wave,0.95
1024,2.069201824274568,-0.0032694342674815,1.660597007138248,0.5735715662548174,0.0192634520997376,0.5452284835168668,0.0,7.154410008566972,0.0707159511281904,-0.0417601555948503,493,-0.5541312236231164,8.63911169668696,0.2281206068286818,type0_Step_Response,0.9866667
1025,2.210900010913644,-0.5412131909687472,1.7977696679401995,0.6628047115807486,0.0159147759192448,0.457999402722784,0.012,6.392411701674096,0.0540869158322072,-0.0512831758038449,452,-0.4916979463146619,12.501684194482351,0.211538517365458,type0_Step_Response,0.99666667
1026,3.147498049221209,2.519091497280201,2.7679092289068814,0.120843554438437,0.0174448805560261,0.5372796745173304,0.075,2.591829944083196,0.0102509491406506,-0.0129292619899765,236,1.5826376975437315,0.8218526703726877,0.1845816800843525,type1_Damped_Osc,0.96
1027,1.8439049074089795,-1.3229585704888218,1.5154567022355154,0.6575679010100314,0.0157276147570795,0.7134025206418838,0.062,8.671143148693137,0.0804082524538587,-0.0961991848972894,360,-0.479880024302553,11.579712978858034,0.2617278676318837,type0_Step_Response,0.99666667
1028,1.8127517096734909,1.549085213447749,1.583026603555506,0.0805483071370861,0.2633877642662368,0.9089976441967642,0.419,2.308688207046767,0.2606892899511104,-0.2607353210633676,142,0.7595134671309429,-0.4936306619857963,0.2082866558847915,type5_Square_Pulse_Wave,0.99
1029,2.5800336315440906,2.5192129183459664,2.548335501475327,0.0213328740513072,0.0604021337501712,0.9673045319565918,0.007,0.3965255327575763,0.0007582383517141,-0.0008338612403666,0,-0.3685590550709942,-0.368575581338851,0.2313759118639629,type3_Sine_Wave,1.0
1030,2.465208365553585,2.1556741353512536,2.2038336508130425,0.1007131090483515,0.206098808456161,0.9304181316532942,0.403,2.671451464762074,0.3066490023900163,-0.3067489678820294,182,0.5978766125213955,-0.493611021154067,0.2803077743453532,type5_Square_Pulse_Wave,0.99666667
1031,2.4884556320530984,1.9940186493006744,2.0473126271320456,0.1003370296593522,0.0130311516747487,0.6524236668518121,0.177,1.7461761364812078,0.0064368971931587,-0.0110147686178492,157,2.063839851155777,-0.458126437351005,0.1897510985409805,type4_overdamped_decay,0.62333333
1032,2.4687946859593874,-0.0029014065848721,2.21140901767543,0.539245900442592,0.0234460246824554,0.5866357992211245,0.099,4.419906169496354,0.0346464583046704,-0.0116538013644533,305,-0.4082372333763959,17.437007156049976,0.1370973229535628,type0_Step_Response,0.99666667
1033,0.7508697548089079,0.4630695319264161,0.5739344452096943,0.0381822034890706,0.0069063488021559,0.9521037941596822,0.035,0.828216030986227,0.003924855000575,-0.0071841994217465,141,2.7434038907619,1.4904518440199424,0.054988184135436,type1_Damped_Osc,0.97333336
1034,2.3044268725369337,2.034051114067964,2.081804735403693,0.088020949270255,0.1963283535486599,0.960560528844518,0.403,1.5776984915852823,0.2684794082620811,-0.2692624177604004,232,0.6195518062053743,-0.4963064493886494,0.2407094379051912,type5_Square_Pulse_Wave,0.99333334
1035,2.262508600882023,-0.0011564176985048,1.84818856086104,0.6602237241916155,0.0145420765619279,0.8010085122616898,0.0,7.287437349789838,0.1326810150843043,-0.0666049593579261,399,-0.5370164392219121,6.337872780799323,0.3328499978365205,type0_Step_Response,1.0
1036,0.7370767664221005,0.5902503422172716,0.6038203531554887,0.0279289211102827,0.0045877207951569,0.6761802845005559,0.176,0.6259972844842416,0.0021850102625167,-0.0031274201868363,131,2.017411849160696,-0.4611675330027897,0.0574383376724774,type4_overdamped_decay,0.64666665
1037,2.289744220878444,1.431233592309712,1.7752500249623664,0.1419551545447606,0.0105670834135407,0.6725237674978412,0.204,2.1811583177282645,0.0092802213522329,-0.0174671816574372,154,1.5857675660747914,0.8371197205847474,0.2508147527716489,type1_Damped_Osc,0.94666666
1038,2.6031448629388536,2.482520012956846,2.494461090302907,0.0328603008902297,0.1196241260195307,0.8922269875818511,0.47,1.3355580539979326,0.1171315395616496,-0.1180586001935992,0,-0.1695760566993234,-0.4947501752767572,0.359351434257479,type5_Square_Pulse_Wave,0.9866667
1039,3.1989169024394823,-0.1785161198146664,2.788146911364129,0.7668940746495039,0.0191784199160003,0.6181531268623338,0.0,4.969255182452867,0.0385999617318705,-0.0108281255638882,341,-0.5051975240772651,9.867080127643424,0.3259478177345656,type0_Step_Response,1.0
1040,3.333318183379189,-0.0037719839403001,2.9821254352092663,0.7184505471754219,0.0153276688473265,0.4597549058330786,0.07,4.962533798451396,0.0402991828917251,-0.0111151643146949,256,-0.4850931044896813,7.408874845801904,0.4211486732302205,type0_Step_Response,1.0
1041,2.4924046408535045,-0.0039579948575124,2.2527191071244497,0.4444191066064581,0.014440872372829,0.4300716632417848,0.14,7.866217328766551,0.1197213917956965,-0.0429729382864287,211,-0.2584717552097592,9.168035150567851,0.2519144927091723,type0_Step_Response,0.9866667
1042,1.46706193139065,1.2804290152748137,1.2994638009661448,0.0388823558088335,0.1206586264691997,0.957710258459703,0.33,1.894829664907257,0.0092766661103564,-0.0094712864107542,170,1.652679753269308,-0.4909383881355194,0.0863345260103702,type2_Triangle_Wave,0.89666665
1043,0.6648781944142386,0.6471364927327049,0.6495146667752849,0.0052015236503534,0.0146346417904227,0.7682688264426851,0.442,0.2375785864609457,0.017497405890452,-0.0169053786851502,0,-0.1051337668178853,-0.4929964854407274,0.044147890656728,type5_Square_Pulse_Wave,0.97
1044,2.2142744586536423,1.7938685508430687,1.835465486294912,0.0903706439122951,0.3774286174139505,0.9859230758791376,0.375,2.881733960882126,0.0147950096075328,-0.0144771748578618,145,1.2294392203265505,-0.4969006980341035,0.2426531372325875,type2_Triangle_Wave,0.9866667
1045,1.4994851608149833,1.3319800842624128,1.344232001134237,0.0303382040426002,0.056587325416016,0.7754689398332751,0.389,1.2091743163898705,0.0080679116942805,-0.0082491147424594,99,1.1428055037688836,-0.4926279750771438,0.1015073067231551,type2_Triangle_Wave,0.9433333
1046,3.630808874083335,3.390333226622617,3.424188618047675,0.0717281352992979,0.1441198415347311,0.924934044116768,0.412,2.0657771279760238,0.2374177393105236,-0.2381121307698142,174,0.7072523787464747,-0.4910533566008276,0.197727216583734,type5_Square_Pulse_Wave,0.99666667
1047,1.382896426970587,0.7845327050815811,1.0281103661503708,0.1174876542430493,0.0056828015765297,0.594771445288881,0.1,1.998554185523144,0.0081688610743912,-0.0096609640267217,373,3.783919915991593,2.0978506395203613,0.086949095013019,type1_Damped_Osc,1.0
1048,4.569047513393224,3.3191802402567427,3.470387782841073,0.2698488124153299,0.0371157940593755,0.7201234125073822,0.178,3.9100529533615993,0.0130637064525296,-0.0156495369842,183,2.36364419855076,-0.4458771371455404,0.428364309704194,type1_Damped_Osc,0.46
1049,0.5782465456870608,0.5440675988983315,0.5494899693583032,0.0094210753934705,0.0339586008697498,0.9424822607449728,0.357,0.55753303131983,0.0019020985812007,-0.0021596504067245,7,0.0091928875005381,-0.4946219007192647,0.0664222190266192,type2_Triangle_Wave,0.92333335
1050,0.6338635288484193,0.0099740011911382,0.6043894106941062,0.1088244736441329,0.0034343090883973,0.6552899225584818,0.25,1.044350844151508,0.0251961439440476,-0.0017268730432529,82,-0.4357300695973109,11.390071732723516,0.0521893672808182,type0_Step_Response,0.9066667
1051,3.887120028140057,3.1600804841115333,3.230219114344817,0.142127364346776,0.0205248311882031,0.7194662771156048,0.186,2.454056165938592,0.0085675590628162,-0.0127148000692978,123,1.5123993554272823,-0.4731377324070788,0.3565209759362595,type4_overdamped_decay,0.59
1052,0.638100768243126,0.4696433705646038,0.531766136214574,0.0228772302246644,0.0043554765028896,0.450819214888387,0.217,0.8508947335738253,0.0043912764472868,-0.0062294196282481,148,2.403091660387748,1.072279598897082,0.0376409884049355,type1_Damped_Osc,0.9266667
1053,4.258623567351569,3.4157462186570284,3.5342751312281977,0.289122522532024,0.8166848856700866,0.9063747784925656,0.426,7.423263145231638,0.840878710222527,-0.8409539022302441,140,1.5438374743550598,-0.4954232887337582,0.4114779884903448,type5_Square_Pulse_Wave,0.98
1054,1.2820847078869038,0.7319992786868392,1.0359443832223232,0.0586542186164603,0.0053118954307469,0.5981374325042542,0.246,2.739481669264233,0.0368737832869455,-0.0388589836628709,94,2.009875787342802,2.608737482919266,0.0979041273603098,type1_Damped_Osc,0.9433333
1055,1.6008680279230452,1.23877575143519,1.3664363509088135,0.0546945634452858,0.00802327449263,0.6344302886768582,0.207,1.2504261108531372,0.0060611135984738,-0.007411136247861,145,2.2259737745646917,0.8709525584614319,0.0883814467370229,type1_Damped_Osc,0.94
1056,3.330890182331785,1.7479224750341216,2.6692032980628198,0.2661060400193908,0.0192172221507402,0.5548270841496682,0.205,7.041150081026632,0.0396461093183075,-0.0393263099896157,234,1.1437494832362447,2.024254013702483,0.3797903980791535,type1_Damped_Osc,0.9433333
1057,4.167944257070369,2.1094237084254908,3.219121475158091,0.316120001104833,0.0064629831751243,0.5401272506885,0.105,7.777089593656584,0.0491035455186059,-0.0525945726909116,246,2.997940456507705,3.65732086483764,0.2689027143861251,type1_Damped_Osc,0.99666667
1058,2.830063279135976,2.6230989928749056,2.647646355578176,0.0480300441718921,0.0024385301010796,0.1630105750692939,0.359,1.4405448243231054,0.0061943445754408,-0.0060532531846537,79,0.3580132913493637,-0.4951140245600801,0.2398475630083139,type2_Triangle_Wave,0.8833333
1059,2.465125772363002,1.51566865459883,2.007294212262441,0.1173668173359521,0.0141329951346178,0.5529776980628759,0.179,4.6741481365139945,0.0337065943163608,-0.0360674248712955,159,3.1078909052785453,3.521566604108765,0.1244462160770876,type1_Damped_Osc,1.0
1060,2.559131886751985,0.978188485394116,1.742932664387821,0.2056770000993786,0.0028095109620567,0.1289160099220718,0.382,5.587792177894062,0.0477914764962357,-0.0582115687203941,158,2.648176572836921,2.4934701315398797,0.2574136021583952,type1_Damped_Osc,0.92333335
1061,1.918515132941757,1.23979127435626,1.4763569313791467,0.1227235084692475,0.0097749880216346,0.6279615001663881,0.144,1.9459164454256312,0.0078395174978558,-0.0118530837743779,164,2.0148504794381417,0.658299635906461,0.184779776832459,type1_Damped_Osc,0.9866667
1062,1.7087855724294294,1.5874917288114967,1.6004854671623965,0.0282802193978433,0.120831144702791,0.9662023974919656,0.427,1.5225757092549317,0.0074666981346063,-0.0075719604941728,85,0.382661437073915,-0.4901256724991222,0.1358980204851707,type2_Triangle_Wave,0.94666666
1063,0.8924495775747052,0.8352472426283593,0.8417516656310201,0.0173010739750419,0.001019768820161,0.1425545811899135,0.45,0.4306868060745112,0.0565638602058745,-0.0565864489610165,106,0.2602437835694801,-0.4926434743858385,0.0745209899761267,type5_Square_Pulse_Wave,0.98333335
1064,2.342410665968836,2.253317476632542,2.2628760834138166,0.0232440993549354,0.0887699866394835,0.0043207362650135,0.427,0.7448785826813382,0.0884268898557203,-0.088039559896472,0,-0.0925264721994424,-0.4956111553027236,0.2163178655917708,type5_Square_Pulse_Wave,0.96666664
1065,1.567113804977117,-0.0017227866146525,1.4457960069683982,0.3641724630605795,0.0115888052361201,0.4341029254718291,0.233,2.9272283828743486,0.0544994134406351,-0.0067542336089998,121,-0.4535476433456344,9.64860344029088,0.1538820996018326,type0_Step_Response,0.96
1066,3.011938679797044,2.535563716752248,2.6012152492205867,0.1175842184598495,0.4389970082005656,0.9877546247535334,0.331,3.4652032055153383,0.0129836954919375,-0.0133367854288839,182,0.9124889070447454,-0.4967335826234006,0.3364811382500026,type2_Triangle_Wave,0.98333335
1067,1.2069046451144332,-0.0001691071072468,1.0569659153361854,0.3069657892635327,0.001475419390253,0.3674876398569973,0.048,1.3941827723387146,0.014466321536025,-0.0010577853519456,342,-0.4956999378613194,11.474105877831612,0.1007708169409955,type0_Step_Response,0.99666667
1068,2.5550646076514814,-0.0022229601935362,2.2660331941195304,0.5543849214827358,0.0216834369790572,0.4633937065343252,0.144,8.773906320828129,0.1055100266717356,-0.0468729440091539,262,-0.471016791259139,6.758321791518409,0.3509236360704038,type0_Step_Response,0.9766667
1069,1.8987809634233703,1.8286640864519583,1.8636657418167075,0.0249032837943428,0.0701069824204423,0.981195922410963,0.007,0.5500574992932301,0.0009923487254097,-0.0010293685822075,0,-0.3016939339590875,-0.3015957968146383,0.1767458077356172,type3_Sine_Wave,1.0
1070,1.3760701584742705,-0.0019871377929913,1.1676845189758265,0.2754618973704109,0.0093916859107183,0.5904679571225636,0.119,3.560912552492076,0.0544344169580374,-0.0161063881052873,264,0.3372554745280337,9.467728845938522,0.1275390371142859,type0_Step_Response,0.97333336
1071,1.7607877435070147,1.6194307900074283,1.6429856620539558,0.042552865737384,0.0745085307419721,0.9635290190646182,0.378,1.0156939254556414,0.1389468620443723,-0.1383646728981067,77,0.1617501216154631,-0.4936428963995987,0.2115782439771014,type5_Square_Pulse_Wave,0.96
1072,1.573552781781162,1.2537707083141931,1.2816315879499909,0.0779014577621602,0.2880879124081061,0.7275286313574048,0.45,2.09535919364356,0.3178197093485593,-0.317659120392687,123,2.043895573211852,-0.4927058335154636,0.1253462525703892,type5_Square_Pulse_Wave,0.99666667
1073,3.0680588656926835,-0.179046557071472,2.196600727210349,1.206135819622037,0.0398550469673457,0.8679979924980202,0.0,4.969546871022784,0.0238284507147672,-0.0127055250153433,421,-0.5184281244061517,7.685352956773624,0.3975921769103472,type0_Step_Response,0.98333335
1074,1.8993296836540416,1.326019425690395,1.4061122998168445,0.1352238156178218,0.0085130451213393,0.7699730580839198,0.113,1.3601406701672276,0.0047691044171807,-0.0063907037373185,236,2.4578847193612776,-0.4745466734739328,0.1921707326308457,type4_overdamped_decay,0.6666667
1075,1.629356446066708,1.4216345772565488,1.4408156931274552,0.0387672111565555,0.0073755114198768,0.7232304230588863,0.177,0.9737609969593092,0.0033575309303215,-0.0041775875952319,103,1.2982177388303393,-0.471565227495613,0.1137172327638702,type4_overdamped_decay,0.72
1076,3.523353295179189,1.582421249284797,2.4760374366898934,0.2855308622836937,0.0123263785832925,0.442603998831213,0.182,8.113954615491746,0.0575155924770607,-0.0695374035273777,192,3.186289638119731,2.5454071359363626,0.2883273134605124,type1_Damped_Osc,0.99333334
1077,4.3882222638808726,1.590305171781584,2.781212247107862,0.3436908219534219,0.0151103328375339,0.5496161555319238,0.224,9.392454761117545,0.0939125437287651,-0.1275138249538869,124,3.463307190979344,2.3276173177735915,0.4120082749400331,type1_Damped_Osc,0.97
1078,2.0832964093018824,1.67522758554906,1.7411211048431818,0.0964145003094208,0.0145176346092334,0.6969638517660385,0.13,1.7548759077781857,0.0067265957352475,-0.0072865142693825,217,1.6672721849157013,-0.4498057210952717,0.1840248005599005,type4_overdamped_decay,0.5733333
1079,1.5994990948683576,-0.0015137777357032,1.4147977606870776,0.4139165737552893,0.0136298285131701,0.3447178442319285,0.146,2.9661301880703608,0.0168742219328156,-0.0075046359199464,210,-0.4584640797593602,8.131975156653173,0.184586479271255,type0_Step_Response,0.99666667
1080,0.693773691528705,0.662180066331634,0.679237917730996,0.011217589370628,0.0315788114258782,0.9782142730039418,0.006,0.2096435376176899,0.0003604227395035,-0.0003582998527144,0,-0.2867254791265269,-0.2867402364595233,0.0740705409894075,type3_Sine_Wave,1.0
1081,1.6748078957241108,1.597791557431023,1.6110824732470097,0.0283895731904454,0.0769178224386921,0.9061693889630204,0.402,0.6700215867372212,0.0759308150413333,-0.0761888952621656,0,-0.0627866980630313,-0.4969355532582227,0.174926710523551,type5_Square_Pulse_Wave,0.95666665
1082,4.977929674743792,2.825323451051972,3.4764448575642737,0.2842553015229029,0.0280635636618789,0.4680821033542426,0.245,5.985393074533079,0.0351575334009894,-0.0649272802399014,82,2.5312850135117766,0.6941943529268998,0.5094347970999755,type1_Damped_Osc,0.91
1083,2.044579432726684,1.8494084427630693,1.8744087618690903,0.0506931348746663,0.1945737465102615,0.9924394403826065,0.406,1.3894160541401277,0.005732264832557,-0.0054749916041945,117,0.4258466830539195,-0.4968319387533493,0.2100838454512943,type2_Triangle_Wave,0.9866667
1084,2.1853749816348618,0.0002494197231853,1.8917275440971548,0.5989922665290421,0.0180409827732015,0.6067226688489084,0.111,3.807325136922624,0.0340845821304112,-0.0086935751789809,229,-0.418499485665206,6.756863171208209,0.2977674118572917,type0_Step_Response,0.99
1085,2.404158906468273,0.079148091774305,2.144929901862998,0.579653205198999,0.0201276847374778,0.7209208914742932,0.099,3.9959946122235137,0.0322287117555856,-0.0078592949974565,254,-0.4378281309055249,14.226586581584698,0.1572147399964594,type0_Step_Response,1.0
1086,3.4089062557555976,3.101313905221164,3.1426008230668283,0.0916879492215932,0.2908257014354483,0.9118954648405873,0.421,2.977495731910764,0.3056057666125,-0.3054386354877247,135,0.5625299978427664,-0.4942189061757535,0.2879239511165803,type5_Square_Pulse_Wave,0.99333334
1087,2.3699781456240703,2.0307425583852927,2.075796311753399,0.0776969724235559,0.0092060496734358,0.4118458979695719,0.176,1.5679287833146645,0.0059489013493565,-0.0067917378779638,169,1.432133310027584,-0.4675298691016649,0.172673823211312,type4_overdamped_decay,0.65
1088,1.3280946406711314,-0.3486869512300704,1.113903805786845,0.3874415649968508,0.002831062394702,0.8829338339109559,0.0,2.794952197649926,0.0420431098490464,-0.0350510229408864,431,-0.5246468837722617,16.796595097098304,0.0970812077011378,type0_Step_Response,0.99666667
1089,1.7620534327324733,1.6766752391286244,1.6894897387151664,0.0239859887882764,0.0732240361452025,0.92180180693735,0.398,1.0550541500443105,0.0837440675831682,-0.0832947215902368,0,-0.0815880588039383,-0.4930224873640557,0.2007059480077433,type5_Square_Pulse_Wave,0.9766667
1090,4.397253400293367,2.3862563883685817,3.297716027088284,0.3353740148683344,0.0161696679879073,0.4715114777804693,0.207,8.012088245102206,0.0466560431686162,-0.059825727810483,228,2.829115023329674,2.116360747046416,0.3382398801362161,type1_Damped_Osc,0.98333335
1091,3.3219817895202945,-0.0820450739274311,2.957015362551761,0.7689380559072772,0.0218758069586679,0.5339971167584364,0.08,6.365301905540672,0.0657654166668967,-0.0180658967006197,311,-0.4654988543333286,14.388811122233978,0.2281012956332508,type0_Step_Response,1.0
1092,1.7068067833710576,1.5179252307825826,1.5405098311705447,0.0487641330910231,0.1887160271410988,0.9538564102305164,0.388,1.039907426553093,0.1865398062685144,-0.1879163812308966,65,0.3861825454858784,-0.4948550710147618,0.2119103898379783,type5_Square_Pulse_Wave,0.98333335
1093,0.6955999249678894,0.5207909079222686,0.5386220282300712,0.0350686730036283,0.0034948721924135,0.7109386753525623,0.145,0.4825120422515547,0.0017877871391758,-0.0021888981576688,151,2.0626873008187,-0.4701829013190604,0.067428628888483,type4_overdamped_decay,0.74666667
1094,0.6756712468199,0.6308776008208575,0.6365998300259701,0.0113814411238781,0.0446251651893355,0.9916671632404414,0.41,0.3941442844824653,0.0015083718178061,-0.0015952756613246,130,0.5926906368360498,-0.4903689490035619,0.0406357295637727,type2_Triangle_Wave,0.9
1095,1.2676693999366422,1.1246389699015922,1.1356226447453597,0.0319088649556214,0.0662766224555158,0.7994562098971832,0.46,1.1876570258963732,0.1412293542601732,-0.1405608286397504,93,1.027760499848313,-0.4884404585323341,0.0929179288231523,type5_Square_Pulse_Wave,0.9766667
1096,1.3577320781143718,0.0407230637760778,1.1476491129760935,0.3247043585858939,0.0111399955489226,0.4798824832849249,0.048,4.822747536861304,0.046092145927128,-0.0271379040008947,419,-0.4740935946126889,8.645155266744293,0.1436048585672835,type0_Step_Response,0.9866667
1097,2.197461833579056,1.944911660990258,1.986887308469864,0.0597119482767176,0.0151384035467807,0.6667835311820873,0.108,1.7018240971284762,0.0068127353578919,-0.0085864690170689,213,1.705999739556378,-0.4251377521856164,0.1107257580630394,type4_overdamped_decay,0.57666665
1098,1.3807572321571373,0.0593699001682734,1.2963403569912806,0.2281867697586596,0.001671540468314,0.1338021644329308,0.336,1.5876537768893,0.0218836891939726,-0.001619850233069,206,-0.4857530773998126,16.25569527699212,0.0787949842797304,type0_Step_Response,0.91
1099,0.9354721820156554,0.4321374829025968,0.6570302015798809,0.076899103764335,0.0009264549710084,0.1407867772695624,0.367,1.6723995991177816,0.0147041475548578,-0.0195285626853586,171,2.675640313452068,1.878321164111868,0.0906262495961405,type1_Damped_Osc,0.93666667
1100,4.041866164437484,2.1581827987215907,3.187128241139108,0.3170430816437368,0.0214932554284863,0.607009253073149,0.16,8.332219383076918,0.0409678990756336,-0.051830053699664,207,1.201295111814207,1.7193100429721546,0.480457299663612,type1_Damped_Osc,0.93
1101,1.7608009819939032,1.6860633621429206,1.696052022126764,0.0219355559408244,0.074620500443822,0.931478804421114,0.427,0.6392736685599438,0.0737938698217492,-0.0733250889813514,44,0.0108684046434972,-0.4944173443364895,0.1447138472453795,type5_Square_Pulse_Wave,0.98333335
1102,1.634633070594059,0.8998956494738968,1.2590198321450494,0.0974046339013343,0.0073705723228549,0.5218911399513345,0.205,2.685501300771448,0.0189599250327328,-0.0255331504384064,160,1.912232193863023,1.7934371429238047,0.1561387697550935,type1_Damped_Osc,0.9866667
1103,2.023348886633317,1.5692291739927486,1.5979804460748142,0.0722813140924654,0.0074660857714639,0.5286503520217376,0.223,1.3648027014396125,0.0035311466767975,-0.0084527412706876,74,1.4013539302321236,-0.4781171082181656,0.2361226175802038,type4_overdamped_decay,0.68333334
1104,1.2754161259816792,1.2396775646028233,1.243563312402563,0.0102990651527329,0.000753994309343,0.1804584056510675,0.456,0.3157289321463696,0.0348133698608899,-0.0348086900502337,0,-0.1238993271151339,-0.4944651511671566,0.0936457938139501,type5_Square_Pulse_Wave,0.9866667
1105,3.46799065695594,1.390733208521966,2.561150370600056,0.2881728558574583,0.0151542892065341,0.4189772232388746,0.178,9.40234055241038,0.0842236588470073,-0.0759639833179712,213,2.7882520794383714,3.584606685228501,0.2817438275623649,type1_Damped_Osc,0.98
1106,2.079106535243996,1.970458335313515,1.9806631122629963,0.0218015336164724,0.0012483785475487,0.1272888178643606,0.362,0.5337328796710314,0.0025718480203447,-0.0023492129477746,51,0.3611557159399545,-0.4941301053528953,0.1253114078797694,type2_Triangle_Wave,0.82666665
1107,1.0096806862914558,-0.1958284403096644,0.9081886814590228,0.2683999500818876,0.0091150506415522,0.7349927455479128,0.078,2.185233476625017,0.0206983558183923,-0.0179607854255293,205,-0.4579402210261807,9.974050258009033,0.1146345105140217,type0_Step_Response,0.99333334
1108,2.1558226834776453,1.9901150780865755,2.0185299596725783,0.057419374347339,0.002155483969926,0.1618453580619179,0.42,1.3119241432392543,0.1634793610218794,-0.1643904826975204,190,0.5124079132844802,-0.49229926162747,0.1624411332282136,type5_Square_Pulse_Wave,0.9766667
1109,1.5672777111121194,0.724534462207411,1.0705912589203452,0.1206757970264228,0.0047206092950207,0.3827206337188932,0.121,2.8528945285938097,0.016363902543366,-0.0220278041400121,213,3.088273177629657,1.889900868899004,0.1409700089601879,type1_Damped_Osc,1.0
1110,1.9175956498567872,-0.2486771666162591,1.6611767077916502,0.570183819985977,0.0152685971580164,0.6905386257080809,0.0,3.9038872723508256,0.0372000977691096,-0.0366853221483661,223,-0.508589806542551,7.809719645996258,0.2609612014712936,type0_Step_Response,0.99666667
1111,3.3353923211134764,0.2476104336635411,2.924305394642345,0.8408444285491948,0.0291295406305955,0.5620936076305846,0.114,5.94102499545944,0.0438921549071412,-0.0143905011080538,245,-0.4684493622407645,5.9620675865626485,0.4755102287788695,type0_Step_Response,0.94666666
1112,2.68034450950091,1.6446925050279468,2.0686126354129986,0.2281351264983,0.0274511453852319,0.9230331272723086,0.031,2.8060421993551103,0.0114586197156414,-0.0135559821941257,500,3.5534158389768558,1.9540029837130453,0.1591494312402144,type1_Damped_Osc,0.99333334
1113,0.7658415361947714,0.6882952962418581,0.6963311854397325,0.0225131685099558,0.0708356960099927,0.7856762157335228,0.453,0.5469877047685984,0.0770083996170345,-0.0771238396324009,105,0.4658504089228363,-0.4958082221870388,0.079941100514254,type5_Square_Pulse_Wave,0.9533333
1114,3.32146182496971,2.734858294483568,2.830521732391541,0.1422168688401769,0.0148943747977421,0.2479960003536447,0.161,2.5598574240251097,0.0092471699074327,-0.0094072713585293,252,2.0191336221025025,-0.4672453923681612,0.2298703852508499,type1_Damped_Osc,0.47333333
1115,2.5503767864822184,1.752731478347227,2.218564698248687,0.1324968017888279,0.0086512472106607,0.9582190191039518,0.023,3.2958871162510106,0.0230136827794829,-0.0228690956156594,270,2.229805031644987,3.3704104551868164,0.1208514039770953,type1_Damped_Osc,1.0
1116,1.0767229895660566,0.9488973223471476,0.960952088403408,0.0234606537732387,0.0046399386649651,0.5261599810088162,0.227,0.7194926779676775,0.0025597520773426,-0.0035841209090885,103,1.4255489835376225,-0.4505531916205442,0.0647219947212301,type4_overdamped_decay,0.68333334
1117,0.7149631426947447,-0.0008560871381337,0.651451073188123,0.1675370934308229,0.0067828441290892,0.5949238645189325,0.156,1.4106852550194082,0.0113078510804202,-0.0028181397922127,141,-0.4648927620474167,6.319469297496404,0.1044293875968795,type0_Step_Response,0.9633333
1118,1.701533904913572,1.2842446081212815,1.317123604497172,0.075368785683657,0.0078089396806486,0.4548711239730896,0.207,1.3010613359585153,0.0040185316371144,-0.0067987214715803,107,1.839068263302421,-0.4729531414162881,0.1763605214862289,type4_overdamped_decay,0.66
1119,1.005265537941461,0.4084482343834225,0.709916813362921,0.1284040177939044,0.0162052232937255,0.9725096866386516,0.015,2.393183779189892,0.0088307110371618,-0.0096539865095036,434,2.3870433561894586,2.757231597982133,0.0971338860987716,type1_Damped_Osc,0.9766667
1120,1.204383979453063,-0.0006004730936586,1.1118585705093038,0.2606731217655211,0.0066535652782584,0.4043680715833512,0.193,2.2040846346233764,0.0726377663534106,-0.0072511218849582,125,-0.3538833524034794,8.863683011736128,0.1267097621098867,type0_Step_Response,0.97333336
1121,1.8300570301906964,1.5252161962224555,1.5779555855404832,0.0775175359689284,0.0060774449767269,0.2501789214070494,0.145,1.0604103117260448,0.0034927134872024,-0.0041243026039838,200,1.0323087468244634,-0.4801123849982174,0.1963932151017147,type4_overdamped_decay,0.81666666
1122,3.754666229083298,1.7668733396880747,2.6489872995117865,0.2640669968063536,0.0102640555218203,0.4303635625885837,0.189,5.9204335260504575,0.0534003802254017,-0.0767906378657046,149,3.1661305137303843,2.263752925658476,0.3091491328160307,type1_Damped_Osc,0.99
1123,3.805928295782188,3.0639804093667866,3.1114693525937938,0.1207581596259919,0.0141533134257838,0.4634293369251596,0.269,2.3912251847791417,0.0081015529458707,-0.0145392184668708,81,1.5988769281734174,-0.4804644198671938,0.3502376819935913,type4_overdamped_decay,0.47333333
1124,1.4001952277188816,1.0953276087323582,1.1950724391871264,0.0468616826352202,0.0085139241205516,0.4935619123511874,0.152,1.3304593449572557,0.0055557652154054,-0.0072708484403656,236,3.041216907186157,1.0479646789254131,0.0599050385269235,type1_Damped_Osc,0.98333335
1125,3.38265666967496,-0.0738383245587543,2.9951759692710103,0.7690342074450368,0.0277933442157762,0.5332792605851863,0.119,6.436997221265361,0.0729105772973194,-0.0124113297379993,267,-0.2340439098082838,14.974132215970522,0.2195981958297208,type0_Step_Response,0.99
1126,3.2080089211871594,2.2638849204732927,2.6538997248357923,0.179019291910462,0.0155693172513911,0.5414973791657823,0.146,3.5321391037382037,0.0133907203584349,-0.0184442157774804,342,2.396008899591846,1.3529968906542176,0.1988045587674358,type1_Damped_Osc,0.99
1127,3.505496217345387,3.452966732939428,3.479847226877085,0.0185678690334988,0.0525235740383913,0.9666912228178496,0.01,0.5020300568048968,0.001041411266923,-0.0010868768074479,0,-0.3897400343626395,-0.3898276977442168,0.2383021547073283,type3_Sine_Wave,1.0
1128,0.8260649497317554,0.6611079245536365,0.6728797263879555,0.0274483495042077,0.0029882613081234,0.4010592020887966,0.199,0.5974354888759842,0.0021136791862347,-0.0031301481242256,79,1.2625477734279635,-0.4761740845824584,0.0923418354223113,type4_overdamped_decay,0.72
1129,2.404472009335587,2.325776617558972,2.3330180384301946,0.019311997131522,0.0015849970887558,0.135259968002847,0.419,0.5467157180671229,0.077301570827887,-0.0769961481625602,62,0.0569298554730844,-0.4941801434277931,0.1398408388173138,type5_Square_Pulse_Wave,0.95666665
1130,1.5526962746530093,1.3585034757013306,1.389745525842699,0.0466703921231032,0.006738271071351,0.3337696526530087,0.144,1.118141883274994,0.0043321634003032,-0.0050370000023702,191,1.1891220683686978,-0.4686264121537674,0.1128702640138601,type4_overdamped_decay,0.6333333
1131,0.6988505575477362,0.6844830656147287,0.6920414670771322,0.0050927680473172,0.0143660600633447,0.9750758721830584,0.009,0.1227878987796881,0.0002160942506567,-0.0002206740283109,0,-0.3673216915367069,-0.3673348589443943,0.0541467745258363,type3_Sine_Wave,1.0
1132,3.486593071642051,-0.0730024818992607,3.2007170620037795,0.7032688247455531,0.0249977393304194,0.6105150743124849,0.133,5.942802353998941,0.068245011360351,-0.0133056729459761,233,-0.4327222104981253,15.745509203944986,0.2182089151885122,type0_Step_Response,0.99333334
1133,3.2093993571330115,2.5819045657248005,2.670324147397907,0.1490887041408567,0.0124323613239472,0.4080355229353513,0.196,2.1550644914750667,0.0077918601357231,-0.008212931359385,171,1.131012324575842,-0.4841149583736876,0.3810163306382912,type4_overdamped_decay,0.57666665
1134,3.713699319495941,2.7776849553969862,3.1607218016692245,0.1552064564056558,0.0127897311229996,0.5252156265423961,0.132,3.7890892213135263,0.0170265652076415,-0.0210691985578126,276,3.114134802557655,1.7907912302443252,0.1585141556218277,type1_Damped_Osc,0.99333334
1135,2.277549907137099,2.0149482060443966,2.0316920018454434,0.0450342248958474,0.2046508223319425,0.7749299557675365,0.437,4.228316225357901,0.0355773337218048,-0.0355700824454898,97,1.3614070687044009,-0.4953035421465117,0.1407219360316427,type2_Triangle_Wave,0.9033333
1136,3.332668071801779,3.243157407600358,3.2539069200450004,0.0262896355828832,0.0877346106938019,0.8832018637123877,0.418,1.2375167121172583,0.0856906022526335,-0.0876028723851467,0,-0.1958466233698581,-0.493900157465247,0.2885084140056824,type5_Square_Pulse_Wave,0.9866667
1137,1.0510627958803644,-0.0006689099961392,0.9350757004498448,0.2167034246132659,0.0107872695365578,0.4649368529903147,0.052,3.892866054637775,0.0526610520394476,-0.0269348619095922,282,-0.4663273158320016,6.740077835512764,0.1445927658682831,type0_Step_Response,0.97333336
1138,1.5954677079252118,1.557000050822799,1.5740000642428988,0.0136390383521497,0.0298387259478498,0.9539978193521648,0.004,0.1792927459232243,0.0002965923152651,-0.0002933893898442,0,-0.2851886280540174,-0.2851746059051863,0.0895353008470416,type3_Sine_Wave,1.0
1139,2.6148406480477733,-0.0043199573703441,2.124737040253986,0.7128150477027358,0.0225160688409435,0.6741576376227232,0.006,3.809702331001876,0.0263898814846349,-0.0071477525361047,457,-0.481466805679012,9.995812324758234,0.2491035319949697,type0_Step_Response,1.0
1140,3.066825430165298,2.929258217254591,2.9980454579501457,0.0485113673142881,0.1375315070941702,0.972072803136288,0.008,1.1050754213738836,0.0018966137375464,-0.0019019681193714,0,-0.2614592642480418,-0.2613820647660265,0.2883049628469667,type3_Sine_Wave,1.0
1141,1.7944299863696265,1.7413742337923834,1.7459083951964531,0.0128441822866701,0.0527210406705174,0.2493994691497151,0.458,0.6947498511136971,0.0511805314004187,-0.0506519194415819,0,-0.122806865212356,-0.4938245254951193,0.1383935755072725,type5_Square_Pulse_Wave,0.98
1142,1.8520742185472685,0.1298386675039871,1.6712430274371308,0.3978448720512204,0.0137224396485853,0.6847123788859281,0.069,3.3351027061233545,0.0424927500322489,-0.0101493728806449,299,-0.4679293759407459,8.163892521069034,0.1980500057671155,type0_Step_Response,0.99666667
1143,1.2064560887908098,1.004240632666458,1.0292352575711443,0.044469353887258,0.0048099408075745,0.4954808864282853,0.178,0.7594238234841799,0.0022039577264609,-0.0031144050955715,157,1.4053249742999012,-0.4756188098625215,0.1047908017557218,type4_overdamped_decay,0.75333333
1144,1.3481353461371002,0.8701442890783798,1.0855933531362505,0.0678141960855551,0.0008939150701785,0.1822533267292361,0.369,1.4239535405757493,0.0128495862587556,-0.0178404289632228,147,1.9977660119115876,1.4435173103038912,0.1076245360587084,type1_Damped_Osc,0.9
1145,3.6438610955899153,2.710962792448216,2.7519475861022364,0.1713040959741957,0.0026748681788015,0.1698555492477129,0.484,3.045652618322089,0.9300465908812758,-0.9294125091831762,65,2.079307501556462,-0.4954975684713361,0.3610553126203824,type5_Square_Pulse_Wave,0.9766667
1146,2.2580709401246204,2.1739874084278337,2.187024972296798,0.026678174455772,0.0674082547184533,0.9136502247045254,0.421,0.9361559655470844,0.0817188060426157,-0.0811934012746533,0,-0.1832308263594993,-0.4947018550116224,0.2610743991496917,type5_Square_Pulse_Wave,0.99333334
1147,2.0255711023188936,1.892493525735748,1.9033099949858197,0.0317144673548533,0.0018468651098291,0.1245426013965228,0.472,0.7790111410556575,0.1312649735858635,-0.1311841011359349,49,0.1752539974032306,-0.4949520543582722,0.1956154586116638,type5_Square_Pulse_Wave,0.98
1148,1.421458767759512,1.2308905996250985,1.253245480511351,0.0484497116002173,0.1878999064970032,0.9256126993990332,0.385,3.492405190079125,0.0156884064742341,-0.0155800725496444,149,0.938374346370069,-0.4971834918222104,0.132229654062161,type2_Triangle_Wave,0.99333334
1149,1.6067864641856675,1.37561913398834,1.404985357631189,0.0708325936898833,0.2306665384359529,0.9000096769436422,0.44,2.185173378837107,0.229801935811966,-0.229780510918437,152,1.5394062660713963,-0.4926256939265044,0.1129419212510305,type5_Square_Pulse_Wave,0.99666667
1150,0.6802928448653034,0.6285840761018705,0.6341212771182484,0.0135490186033743,0.0516685920632704,0.8891587526178397,0.448,0.5522933814714588,0.0506128447656691,-0.0502647833352332,27,0.085232500038173,-0.4948060989443769,0.087578686636708,type5_Square_Pulse_Wave,0.95666665
1151,1.2969644808403955,-0.0001409025477993,1.192319829262543,0.3094109218461361,0.0078217548475947,0.4250895826103281,0.226,2.120226192717257,0.039371006143562,-0.0033744254272913,141,-0.4526139039749799,15.27845662671311,0.0819612203983646,type0_Step_Response,0.9766667
1152,2.074568833567242,1.6517331544605462,1.76837733903087,0.0544814788256428,0.0105148417663083,0.5515663550603024,0.272,1.8328324620665284,0.0086260097816923,-0.0160361780249005,65,2.1093776056624938,0.4055339819173804,0.1202976713840564,type1_Damped_Osc,0.75333333
1153,0.7291692325043088,0.6933407505720706,0.7103762720835591,0.0126260990575489,0.0358176961284659,0.9711474907349312,0.006,0.2328706109136923,0.0004009969575986,-0.0004017903292352,0,-0.2958292784275829,-0.2958896822767137,0.087754459511623,type3_Sine_Wave,1.0
1154,1.6814191676823456,0.514138345038431,1.1583130411218308,0.1644903074788716,0.0086477090983081,0.5097693954624061,0.193,4.58575025917043,0.0344813753707028,-0.0393642707000418,182,2.6506470783352998,3.487999340993988,0.163515707891523,type1_Damped_Osc,0.97333336
1155,0.753155673208203,2.665836664630604e-05,0.7193829126127627,0.1312433746581454,0.001025185218153,0.5591901406403029,0.224,0.878279687417841,0.0297086595842998,-0.0006463815142589,97,-0.4881993507917268,13.541465469116604,0.0535910306188187,type0_Step_Response,0.9633333
1156,3.962871696323083,3.46700610570956,3.533524087065101,0.1163019647048945,0.0042626708561992,0.20531970108483,0.178,1.0650730304518463,0.0033434346246323,-0.0049254625604375,156,1.012777928745609,-0.4921515110820039,0.3260929738254878,type4_overdamped_decay,0.9533333
1157,1.6994784057651748,0.7532329621043877,1.1561012973956246,0.1167523041499827,0.0006275074756612,0.1665185276251015,0.42,3.0765492603094358,0.0320367664436278,-0.0424654868899161,134,3.2551317390682883,2.193610636073573,0.1467333300998818,type1_Damped_Osc,0.8833333
1158,1.637343255737069,1.1898947981197836,1.2475509178592752,0.1019876307022027,0.0075473445879366,0.5026132260747693,0.179,1.177394611444746,0.004097849259903,-0.0061273539656871,202,2.080023472195092,-0.4784980055577837,0.1719946482767476,type4_overdamped_decay,0.63666666
1159,1.1341868088036482,0.8644720438256498,0.9926530189235272,0.0581089406200896,0.0103590161573448,0.8571494822242799,0.021,0.9871124720784484,0.0041598434420967,-0.0042738441282712,364,1.582007281210006,1.4302636479533424,0.0672224707004619,type1_Damped_Osc,0.97333336
1160,3.269128832649194,-0.3127219857460352,2.438599143383533,0.8727471180635744,0.0293455146066041,0.7166228298047767,0.072,7.6964005676471,0.0680683797746652,-0.0271470117761999,253,1.0215912815628234,8.703654918833877,0.3339644378758173,type0_Step_Response,0.97333336
1161,2.553344873827596,-0.0946407520895308,2.2068790211971328,0.641861473927506,0.0182910366395181,0.6200521816157544,0.099,3.88676871101254,0.0340922056194256,-0.0069421128219149,334,-0.4560751966716475,9.82774981922603,0.2553093615334578,type0_Step_Response,0.99333334
1162,2.811672421492265,2.078517733170753,2.3792330278875014,0.1195511997358974,0.014479146049803,0.4818240662331646,0.237,2.392607805121467,0.0075955090161308,-0.0121544339244361,192,1.8390310604239843,1.180106076536002,0.1824159423622102,type1_Damped_Osc,0.94666666
1163,3.127452000606805,2.63178198502601,2.661465869135212,0.0710593166116985,0.0141206064452621,0.637941957088224,0.196,2.14649272917774,0.0077951270247749,-0.0132215022616635,63,1.646779789538976,-0.4622254516238863,0.2268975447201997,type4_overdamped_decay,0.56
1164,2.95841399502827,1.9890120406439549,2.4843545066941206,0.1663966558121019,0.0141089068973152,0.395362627027165,0.183,3.362686941021968,0.0148900349425074,-0.0186296594348047,170,1.0590531209557763,1.2652275897805163,0.2916125438063872,type1_Damped_Osc,0.91
1165,1.286704543298043,1.0301904360093088,1.0464290601154265,0.0445396756491325,0.0004856167699887,0.1768204785090567,0.42,1.2791036462545131,0.0100424924559225,-0.0100394056137649,98,1.2007743385183465,-0.4981733209734114,0.1506601397775591,type2_Triangle_Wave,0.8433333
1166,2.5506937075765417,-0.4150076857733576,2.056889398146618,0.8634779346791894,0.0212872182095327,0.6089892087497406,0.014,5.629175994446417,0.0363717457280641,-0.0208093173402678,355,-0.3267016638484072,10.457431978617535,0.2664426600485301,type0_Step_Response,1.0
1167,1.7803685157271223,-0.0855346809755695,1.6300855055134826,0.3870893734726437,0.0100699622272555,0.6286164397329633,0.133,2.830636095406071,0.0419683437188454,-0.0051727880295109,147,-0.4008705482367703,8.663873763265528,0.2014360951181963,type0_Step_Response,1.0
1168,1.0654933650401244,0.9468618537657444,0.9543102360695002,0.0199358836247271,0.0012881171594949,0.1491421311963593,0.378,0.3176920138152729,0.0010367962512388,-0.0022218583282105,92,1.8703407631792957,-0.4883801963541141,0.0498041457640497,type4_overdamped_decay,0.87666667
1169,2.866031229432936,-0.0620008785467989,2.391128508507312,0.828802873161015,0.0055080099387212,0.567810805012504,0.064,7.567472869674052,0.1056530488782342,-0.0468662794027345,390,-0.4927617198221193,10.667028556355174,0.2620334873700036,type0_Step_Response,0.99333334
1170,0.803493419964838,0.4982793407877597,0.6466174929112639,0.0458744595723259,0.0053290435380483,0.5520057720699773,0.111,0.9717534814232918,0.0051659512418175,-0.0075097049120121,184,1.7054667790358915,1.5927091785543916,0.0710101406244412,type1_Damped_Osc,0.99666667
1171,0.8893843959416624,-0.0565938139318948,0.7352305110915647,0.2402769733329014,0.0076732486083146,0.7046743229525223,0.0,1.364807011714397,0.0103861136854871,-0.0026158015325762,427,-0.5660039574809494,10.493805515034325,0.0865661958529701,type0_Step_Response,1.0
1172,2.086123070609414,1.8385203088667883,1.8652671950713835,0.0600336612263503,0.2459098099006764,0.9714305646953602,0.389,2.658709443146593,0.0126705712775079,-0.0125109170570529,125,0.7700574842174083,-0.4958368768772603,0.1943170282416639,type2_Triangle_Wave,0.99666667
1173,1.6099260220310148,0.8212145693818719,1.1713906609055709,0.1222164749907163,0.007577704366706,0.4399644614596192,0.144,2.573006495769124,0.0153424191178797,-0.0228601986680816,194,2.301924027009054,1.608891462399178,0.1606070222654985,type1_Damped_Osc,0.99666667
1174,4.2087129519215605,2.4422327794041103,3.210129777401756,0.2807538953290122,0.0180028582103184,0.5002832749405656,0.202,6.667600077803873,0.0427504943531689,-0.0556986580875356,194,3.406163578805536,2.288811088447144,0.2638516589402324,type1_Damped_Osc,0.99
1175,3.351880029303325,3.275431021883393,3.290316063789496,0.0277892992510022,0.0034780724399636,0.1617208661629265,0.449,1.11283898666284,0.0721985389600354,-0.0722625735386421,0,-0.3303129563081203,-0.4957270966525617,0.4394632714084077,type5_Square_Pulse_Wave,0.96
1176,3.770892273281953,3.2337539074884893,3.2973010883418783,0.1340503603792236,0.5366062408528203,0.9142969208957676,0.401,3.6742348878669344,0.534712774496938,-0.5356919769455262,196,1.792402937842981,-0.4936939167639962,0.233669577518488,type5_Square_Pulse_Wave,0.9866667
1177,4.221451847512654,1.881033167529378,3.2664230965542185,0.309738367828157,0.0055475831222304,0.3345706781875895,0.148,9.109940263487244,0.0790605042481691,-0.082920986974627,226,3.4463745314941887,5.336721710411601,0.2392308755952044,type1_Damped_Osc,0.98333335
1178,2.107405177843833,1.999817784195811,2.00872663192458,0.0196554032580004,0.0673255169146824,0.9780328513606168,0.424,1.0229883391215,0.0053382940939576,-0.0055050921567407,29,0.2485887206594455,-0.4912753607500275,0.1420645657972949,type2_Triangle_Wave,0.9433333
1179,3.662961914962832,2.9916545821885063,3.0482251952924817,0.1204781784111847,0.0224330055906643,0.5364691106291685,0.218,3.223772802480442,0.0113020167165158,-0.01521669749724,106,1.8124119070944908,-0.4546173872614018,0.2847183361940497,type1_Damped_Osc,0.41333333
1180,1.2743083346308386,1.196871878405799,1.20975428112971,0.0221664133411577,0.0766812286875373,0.9896391272943076,0.357,0.6876972499161316,0.0023434500110799,-0.0024929112985774,191,0.6906226509975465,-0.4941408351011698,0.0647201279586735,type2_Triangle_Wave,0.98
1181,0.6666582502563162,-0.0329442723970194,0.6326560383467228,0.1076710516261042,0.006251674764703,0.7040316872627405,0.176,1.2598399234733868,0.028285083991783,-0.0020906721593111,102,-0.4656947754682577,6.665149386859391,0.0971743778405671,type0_Step_Response,0.9433333
1182,1.7876985854459062,1.5515104735006289,1.583969527025321,0.050042839971423,0.0135403172230066,0.6368017971296482,0.174,1.5124314854014176,0.0055067646804201,-0.0057383627537295,199,2.4153578146508945,-0.4145330012970236,0.078707730919254,type4_overdamped_decay,0.5366667
1183,2.596308390997399,2.526201721566991,2.558318625136267,0.0248505634041139,0.0700595424069772,0.9759184670747028,0.007,0.4693104379582054,0.0009245738048466,-0.0009071992257503,0,-0.3560241030677811,-0.3560936508993189,0.2435255052942584,type3_Sine_Wave,1.0
1184,1.1626696395482516,1.0121750083481362,1.0272424949090764,0.0274862498905998,0.0066643804599015,0.502122814079237,0.228,0.9600740653192688,0.0038427684495256,-0.004463014963439,88,1.015755949161289,-0.4570605242251634,0.0965516603131638,type4_overdamped_decay,0.5733333
1185,4.559119078993358,2.666834418477698,3.4332042963101848,0.3325598798927138,0.0607844244075268,0.958240017952405,0.021,6.580688186807132,0.0266019494447391,-0.0306656524384743,312,2.0229816032856363,1.1181526746894663,0.4569483946898081,type1_Damped_Osc,0.98333335
1186,3.0831732838755306,-1.6918201176356704e-05,2.7181263778300275,0.8286619485254518,0.0171291570003835,0.6161815424236571,0.164,4.549927955310782,0.04480519184226,-0.0082619251049091,223,-0.4677387146250222,9.343556930536591,0.3121959249016126,type0_Step_Response,0.99
1187,2.9419308915293563,-0.0049147617999736,2.646045389009142,0.6854759380425737,0.0185552846123489,0.5680040386400688,0.082,5.032916774618583,0.0447252475204824,-0.0098108701606127,203,-0.2812473372965673,17.09129964733302,0.1654596854647474,type0_Step_Response,1.0
1188,0.5643319562336457,-0.0001151601015932,0.4300955637393969,0.167127994695441,0.0043869790358351,0.9352679902828306,0.0,1.1169362864885084,0.010907455908101,-0.0055468272225743,608,-0.6379049184317493,8.6241560657158,0.0628123014907984,type0_Step_Response,0.99666667
1189,1.4128359294693686,1.0193578216074266,1.0496715893585598,0.0703449395961784,0.0069923849729931,0.3326596286676426,0.233,1.1812041920099876,0.0030073331335276,-0.0066639147129183,115,2.185471959583533,-0.4735007385876879,0.1450893375326658,type4_overdamped_decay,0.68333334
1190,2.222188044978353,-0.000448884109983,2.086091036256535,0.3996254427011519,0.0190291140138443,0.571595950889448,0.202,4.419109688702038,0.0428592591423633,-0.0105541927907559,156,-0.4103051408577398,14.611211846111578,0.1462173916454689,type0_Step_Response,0.98333335
1191,2.241337643900948,2.0642926083148008,2.0802366225497937,0.042783933869491,0.0874964524566594,0.8675241572269025,0.428,1.6560936237041517,0.1737817754420203,-0.1737269074734784,55,0.4433976956993216,-0.4899249802168196,0.1856844277883231,type5_Square_Pulse_Wave,0.98333335
1192,1.5872733174130509,0.7813330143959029,1.1356497022528682,0.1526432370224673,0.0053309263864027,0.5046622412827081,0.156,2.6219794974534816,0.0111079306210578,-0.0147876772369759,319,2.8511062191292216,1.982161929073234,0.138162738715432,type1_Damped_Osc,0.99666667
1193,1.620902158374019,1.102991878111418,1.333334222143186,0.0861269405093057,0.0101946565944817,0.5782336646973578,0.119,1.7901243389592114,0.0081279908051541,-0.0089767873066508,256,2.3227569371895704,1.844183493681284,0.1002353882712192,type1_Damped_Osc,0.99666667
1194,4.166773505089183,2.4121671403420306,3.032251965175758,0.3951795552851728,0.0199869244133501,0.7158396309204149,0.073,3.9417133678544025,0.0111709398397654,-0.0178283971009176,362,2.5624530818742826,0.7808242129637631,0.4039821189479404,type1_Damped_Osc,0.99
1195,2.468435939405914,1.8108312856880184,2.0964747398406782,0.1098006780714691,0.0030774561739814,0.2580738492923923,0.065,1.5406156894919558,0.006685142788382,-0.0101597405819231,165,1.4766588357176698,0.9908707168792276,0.1896464453274531,type1_Damped_Osc,0.93666667
1196,2.2697278288071105,-0.0011155195679715,2.160870249736144,0.319227653591362,0.0135505934679196,0.5308900596273506,0.172,3.7173530570252216,0.0884437005365765,-0.0073885641809505,143,-0.4593594989130657,9.619784734278284,0.223498849287429,type0_Step_Response,0.9866667
1197,3.2781085801744494,1.4387634662323334,2.199771546903261,0.2598084943509062,0.0119853975681385,0.5226241742283487,0.238,5.231539782170874,0.0369251801107239,-0.0561300592315547,177,3.304683847932949,2.014678489220888,0.2910649865933363,type1_Damped_Osc,0.97333336
1198,3.429758410489652,2.757415342044688,2.798646939975906,0.1004022916685498,0.0224007196771118,0.5110520669778347,0.234,2.853384265411145,0.008360847233507,-0.0153794210572888,76,2.136160905049205,-0.4556924381594295,0.2508304338402096,type4_overdamped_decay,0.46666667
1199,2.98721538641022,2.345073504691059,2.3994624997190077,0.1262759246940989,0.0029800144904679,0.1722733907293168,0.325,1.157022962505072,0.0024364074082701,-0.0069225352190041,131,1.8572285083693896,-0.493572582449942,0.2716731630342397,type4_overdamped_decay,0.91333336
1200,4.175088502619963,2.228972327403586,3.2183653143834534,0.250708671859627,0.0224820523046309,0.5707678536982588,0.233,7.229198518416219,0.0538365476715649,-0.0671774903539845,146,1.6131321535650622,1.6876410498250076,0.4525037901748359,type1_Damped_Osc,0.94666666
1201,3.1870987258590424,2.603282718272938,2.6701009492062804,0.1194687366216957,0.0172123949762053,0.3683612396051209,0.196,2.7263151243166712,0.0113655953573279,-0.0113518341962564,159,1.9877945207372385,-0.4502372181420079,0.2300700784132123,type1_Damped_Osc,0.45666668
1202,1.4829792221199014,1.3039402288521935,1.3257616127253418,0.0535875504575784,0.0019747964121181,0.1101211298656718,0.44,1.3002885533997772,0.1759607910518783,-0.1761567555184329,138,0.7719225102793529,-0.491407816414206,0.139817992035133,type5_Square_Pulse_Wave,0.99666667
1203,0.747931802266212,0.6097891506572068,0.667317138099405,0.0281478220467358,0.0056030045441965,0.6730498868187322,0.068,0.5929985787530805,0.0022277578388297,-0.0025534682805096,286,1.7275858315421984,0.9705208799078386,0.0373549663078378,type1_Damped_Osc,0.92
1204,3.644698761409559,3.2558145048197686,3.30558691195432,0.1000618490810517,0.3888842565897903,0.9864427465158128,0.355,3.58287988455148,0.0148976445576973,-0.0151427843238125,111,0.4131122625537039,-0.4952460102194796,0.423682922866833,type2_Triangle_Wave,0.99666667
1205,3.373102617185673,3.2881093879478485,3.3324707156004107,0.0295748678393543,0.0814186936444687,0.965171802679106,0.004,0.3790865523834794,0.000646731651388,-0.0006385943194562,0,-0.3249247875449745,-0.3249793042729737,0.2427712728182691,type3_Sine_Wave,1.0
1206,3.2676792219727715,2.385178467516349,2.4825855034725413,0.185762352721095,0.0146828383794845,0.3141462236782169,0.179,2.7718894484762697,0.0089303414952786,-0.0131886192506094,164,1.964278815463758,-0.4744198086240236,0.3544380432916725,type4_overdamped_decay,0.47666666
1207,2.017172987942258,-0.0015490703227625,1.7480458292655634,0.5186546257715325,0.0140454995789292,0.6398247301842209,0.072,3.1562541392349366,0.0297246202646077,-0.0067398320983826,327,-0.4730286550890212,11.774418431497349,0.1641052023354741,type0_Step_Response,1.0
1208,3.5532483831912782,3.31590883670798,3.344450790683057,0.0600226062071589,0.237227346581915,0.9427186778135408,0.384,3.949362981073385,0.0170856246484194,-0.0170783704087251,111,0.4423000320107746,-0.4963698110818585,0.2509059772402953,type2_Triangle_Wave,1.0
1209,0.8557579108443014,-0.0438937961400819,0.7588556224688524,0.2242489156395341,0.0078190005539073,0.6281312083654977,0.107,1.6522769953087684,0.0137465414323662,-0.0036445939464399,201,-0.4496389489255413,9.532144134936155,0.0892289852955039,type0_Step_Response,1.0
1210,1.4473862592702156,1.2084145564774644,1.2375726184076985,0.0484562448532324,0.0102812558372931,0.5215993543401642,0.182,1.2290255439215132,0.006496227333322,-0.0048617307454139,166,2.254385948664248,-0.4203423726176242,0.0843218166483195,type4_overdamped_decay,0.5
1211,1.410399960582433,1.1954495788625925,1.233702551028584,0.0633180888693152,0.2149503817198406,0.9932699931989918,0.33,1.7798602249661166,0.0051832592715208,-0.0052751265057577,211,0.7337940396653159,-0.4983684880901309,0.1739889396376623,type2_Triangle_Wave,0.9866667
1212,0.6590374758082513,-0.0637989951994498,0.5828012383898169,0.1853721677493048,0.0050624961232405,0.4818699707624614,0.172,1.2701639371847326,0.0121666679657364,-0.0036107170305087,167,-0.4269975738507562,8.392217721631848,0.0806267396776201,type0_Step_Response,0.98
1213,1.9399551683969896,1.9067154831480408,1.9219849681217755,0.0115333288942237,0.0282952763381238,0.938853398163474,0.007,0.2420870035615285,0.0004256694648756,-0.0004584154834028,0,-0.3278404701387292,-0.3279313432276088,0.0965629385960871,type3_Sine_Wave,1.0
1214,2.584232210633105,1.3755906205653037,1.9364985136877504,0.1884816394557757,0.010888850071788,0.5685821902610628,0.214,5.164725149112944,0.0279746641507767,-0.0343562011036762,227,2.983869159017003,2.4334953503901784,0.1883392455416954,type1_Damped_Osc,0.99
1215,4.066276943503782,2.182511221463918,2.992087625785565,0.3528719230541048,0.0182744284626221,0.566297925534652,0.131,4.219482238683367,0.0162468526143024,-0.0254371726681852,219,2.254941880054045,1.5139521247153656,0.3950110277468726,type1_Damped_Osc,1.0
1216,1.681624497382068,1.5935671125326123,1.637574126082105,0.0312292436348938,0.0732692392403242,0.9454869544670722,0.006,0.522121785130085,0.0008514967726891,-0.0008352283743138,0,-0.2500763332188769,-0.2500927569189641,0.1761743483886175,type3_Sine_Wave,1.0
1217,1.8390398074250107,1.510007695721849,1.5572059715691688,0.1121787868666038,0.3290321117031618,0.9399979776888135,0.425,2.191920246690336,0.3274415328956235,-0.3272596832421541,146,1.032268732761763,-0.4960805397686307,0.2141873718363052,type5_Square_Pulse_Wave,0.99
1218,3.501188206638909,3.397194104829176,3.449280459855348,0.0369233210823324,0.1039343130310848,0.9929335430165568,0.01,1.0222844326420804,0.0016644174500339,-0.0016532364785892,0,-0.2861987833063376,-0.2861828119511156,0.2431936994675059,type3_Sine_Wave,1.0
1219,1.7548271424305324,-0.1044724606310983,1.522218389900285,0.4495168574717599,0.0173322510178695,0.6880341494011342,0.075,2.9349956424218986,0.0182718248805365,-0.0053213686089714,314,-0.4522583646648853,9.622706374758392,0.1828139331931491,type0_Step_Response,1.0
1220,0.5514040011206445,-0.0005282737933012,0.4921756271105693,0.1469240044653075,0.0042372256540818,0.4668381324721519,0.157,1.0232825347406758,0.0094546188368033,-0.0026487624842495,146,-0.4691955934182875,6.894482594097237,0.0743314399650112,type0_Step_Response,0.97
1221,0.6844100685100639,0.6206662372345484,0.6284439337805213,0.0153209495753379,0.0636486869402901,0.9915147758977212,0.376,0.4325029574409402,0.001824881516698,-0.0018670482767567,164,1.0368298765505617,-0.4918148952167937,0.041257743158249,type2_Triangle_Wave,0.95
1222,3.4814603167524982,3.269887868363991,3.285045234129497,0.0361861392834549,0.09177582200466,0.9758131456978614,0.445,1.656386900319918,0.0108035768163929,-0.0103075092744009,26,0.2879667786048428,-0.4946804104083587,0.2667037489494639,type2_Triangle_Wave,0.87666667
1223,1.4539289099009536,1.2241782644995745,1.2503905301254408,0.0681901692788801,0.0018472910510038,0.1202008847197968,0.432,1.2058345669766868,0.2277345883838319,-0.227551834638682,120,1.6078317079836812,-0.4893131206397745,0.1084487276977017,type5_Square_Pulse_Wave,0.98
1224,1.8350688129252253,1.4374258780285671,1.485076608384187,0.112890891957835,0.397518346013014,0.9091213816606938,0.411,2.9966472925017844,0.3963232096078151,-0.3963440574281576,166,2.3718547967030608,-0.4947956854123284,0.1382115971604991,type5_Square_Pulse_Wave,0.99
1225,0.7917822147076072,0.7720144866162394,0.7818805412181697,0.0070166089125046,0.016976447316884,0.9495706017278328,0.006,0.1163983546818887,0.0002377824117277,-0.0002214007043246,0,-0.2657847258242489,-0.2659454278190761,0.042214394638409,type3_Sine_Wave,1.0
1226,2.722065367482863,2.164972628954057,2.2372236449347325,0.1214057578861063,0.0147902413626637,0.4865154002424186,0.194,2.16270975424214,0.0083513683184044,-0.0086886140987796,184,1.915184607393236,-0.4558613755853379,0.2265227812772199,type4_overdamped_decay,0.5233333
1227,1.9355627608301689,1.835769517906368,1.8864549198925076,0.0355573942763437,0.0996974934405217,0.984477172576272,0.007,0.7580272657130938,0.0013358427760716,-0.001335801019519,0,-0.3204672719471941,-0.3205210569639426,0.2779665703377645,type3_Sine_Wave,1.0
1228,1.0454296002239412,1.0227182236062309,1.032645893988861,0.0079746507562361,0.0144595903846058,0.9377260828953572,0.005,0.1097526152190515,0.0002129624520719,-0.0002055343828661,0,-0.3573460385846478,-0.3572791602635966,0.0795843800014876,type3_Sine_Wave,1.0
1229,1.1179665254084217,0.9252240189790693,0.950877334622448,0.0428314210764354,0.0060370139421819,0.6221944418361661,0.187,0.8426403174680088,0.0031627579207005,-0.0036103612966242,209,2.246424376599372,-0.4640100120515579,0.0692716760253917,type4_overdamped_decay,0.57666665
1230,2.511755386380236,2.2072660842244387,2.2347646296737493,0.0530203998072639,0.011711971965798,0.3960422346847838,0.257,1.9830236879224787,0.0070968343322528,-0.0067157881752986,104,1.830908624963621,-0.4435783435855732,0.1275438528681651,type4_overdamped_decay,0.5
1231,2.5790914456784693,2.002769582051645,2.117542682707936,0.1540045828702384,0.011406630159044,0.4557646712885546,0.101,1.79722769496931,0.005543155762349,-0.0101698915715067,320,2.077166507788891,-0.4787928430553944,0.2218009947718335,type4_overdamped_decay,0.57
1232,1.908901748751536,0.9596864354174702,1.5313437048006244,0.1427073044935063,0.0182960554278395,0.8031422351071014,0.069,4.484129929253792,0.0346957141986408,-0.0318399935016988,280,3.588562401259994,5.481568917935176,0.0942604702209513,type1_Damped_Osc,0.99
1233,4.1016148557129,2.576636649919554,3.3241726167232626,0.2077641250031609,0.0192169788450771,0.5711623691903945,0.167,5.333875821333589,0.0363777821823467,-0.0517759865419567,146,1.7190651757233402,1.576122282987816,0.3550434574631911,type1_Damped_Osc,0.99333334
1234,1.813347293853808,1.0231865986742317,1.4285393846197902,0.1439264737849958,0.0095231199805772,0.2545660157265162,0.157,3.5932933977554606,0.015557200260253,-0.0175788988680654,278,1.6979517115012337,2.052213817061634,0.1663438232685408,type1_Damped_Osc,0.99666667
1235,0.6337633350931017,0.5762484067932426,0.583119685541889,0.0122788267395273,0.0250705559450697,0.9884205674273108,0.35,0.4066062430337778,0.0017794683381613,-0.0018727314002064,164,1.166094902861564,-0.4867334032122594,0.034248092689912,type2_Triangle_Wave,0.81
1236,3.6487468886357832,3.391981116014134,3.4344798366894937,0.0724266455923982,0.2544499038297654,0.9870875416921332,0.349,2.995846844638073,0.0101297070223691,-0.0102172919015157,200,0.8372199416747461,-0.4889272520936165,0.1904377103026626,type2_Triangle_Wave,0.97333336
1237,2.4939258836574623,-0.0025418086554265,2.093185537178804,0.6864022492602944,0.0176778193874582,0.3023781278601868,0.032,5.448490680185604,0.0658279174634006,-0.0168997870784182,346,-0.4866208324238987,8.471829293428918,0.2778419335675215,type0_Step_Response,0.99
1238,3.834718877653443,2.22359564900186,2.8012347277872167,0.3386194343132117,0.0144059458277139,0.4626060282804257,0.117,3.7940511296312738,0.0142592636269442,-0.0200441718496753,318,3.1523228719889094,1.1877917356324283,0.3017019946261472,type1_Damped_Osc,0.99666667
1239,3.303333537341,-0.2723086297288854,2.8665811456912067,0.8760051941430097,0.0277192607821055,0.6541185538199531,0.134,8.90027024689455,0.093358081270783,-0.0398112251667767,217,-0.3463904237566186,7.400508101652784,0.4439520640333985,type0_Step_Response,0.9866667
1240,3.0280641365621306,-0.0032744770146431,2.7110883193633293,0.7966689331764268,0.0212472803268428,0.5156794485196433,0.176,5.475553199912428,0.0387659837660296,-0.0141417036187507,161,-0.4678982922878246,7.334665291119369,0.3853347396747635,type0_Step_Response,0.9766667
1241,1.538801818809969,1.407256825731864,1.4190633326647026,0.0272711883520905,0.0099380496987713,0.1134078753791034,0.399,0.6024197725683396,0.0031513024391571,-0.0030876983382037,104,0.7602599767799418,-0.4945849134567147,0.1039326734720624,type2_Triangle_Wave,0.73333335
1242,1.5882861522217449,1.259805146857014,1.3099498711938222,0.1083085530574196,0.2329508356012104,0.945236923395216,0.399,2.0106054076968327,0.3267269813822175,-0.3257048737032904,174,1.740406891752437,-0.493165499185848,0.1461707702836368,type5_Square_Pulse_Wave,0.99333334
1243,2.7566407780475592,2.5072786337469863,2.5203135474305625,0.034312450718646,0.0984580508476082,0.8713021855462875,0.432,2.8215295434377765,0.0274915353832505,-0.0275365058106533,65,1.0505406149650764,-0.4911961050095965,0.1599147223134753,type2_Triangle_Wave,0.84
1244,0.5958703599161703,-0.0001093669448789,0.5434686313676198,0.1437060596139259,0.0036373451431181,0.7290671945511442,0.171,0.9454695842219072,0.0085956734011996,-0.0015540852120295,138,-0.474832345983291,7.176520900910527,0.0773829949900746,type0_Step_Response,0.96666664
1245,3.237292513164233,2.4988716721043622,2.5820666283818072,0.1553294200590412,0.012153569748432,0.6146664538240548,0.167,2.2285642699264714,0.0093965509916453,-0.0114502641877494,186,2.47073587993408,-0.4700630150802576,0.246085086351405,type4_overdamped_decay,0.49333334
1246,0.8428468962264387,-0.0491924641776527,0.7221349295776809,0.205871057000172,0.0085339564149934,0.5877633851790945,0.048,1.9771142147904448,0.0154275454424215,-0.0063355278582163,360,-0.463929228300248,7.437447349657273,0.1118752534110092,type0_Step_Response,0.98333335
1247,1.0839267515029818,0.5852328013073813,0.7833054523496655,0.0813366450014177,0.0040858308399873,0.5924401962347389,0.111,1.6429984199079084,0.0077545484609765,-0.0100910133860595,258,3.048783595973615,1.6429513375323497,0.0876172126814798,type1_Damped_Osc,0.99666667
1248,3.346865651577163,1.8859030563270105,2.639503783301436,0.2128008615710315,0.0154986603540172,0.6489178430126336,0.108,6.808220409668207,0.0548893045622995,-0.0637656174001537,172,2.4756400231739946,2.6445821413597166,0.238710712777117,type1_Damped_Osc,0.99666667
1249,2.363714925758385,2.094868543502088,2.1261757742438947,0.0678685044774205,0.268521804150275,0.9909435630882474,0.384,1.7863219080063946,0.0078391216489754,-0.0077205022861042,130,0.6524358066195843,-0.4976475053089341,0.2328101020344284,type2_Triangle_Wave,1.0
1250,0.9643136932767328,-6.092322648670325e-05,0.8912445836565535,0.179335203921643,0.0081335473733084,0.5203047991615551,0.112,1.676963445559826,0.0224838774465515,-0.0040141569586168,187,-0.4687076518806606,8.190284251763853,0.1105734273452503,type0_Step_Response,0.99666667
1251,1.1182900514842176,0.7983239741086975,0.9234337781906377,0.0607304096532323,0.0011632181691588,0.2470369077274022,0.157,0.6089525134360987,0.0021887118153633,-0.0033047156035408,264,2.645517202412273,1.426127884706317,0.0630892090986804,type1_Damped_Osc,0.92
1252,0.6939615064672358,-0.0153308824607765,0.6099515773114748,0.1830573306542701,0.006212496294921,0.5418276166585333,0.177,1.265862153339344,0.0093936540891313,-0.0029375103255067,268,-0.4609234076194367,8.026067094211088,0.0828114991273734,type0_Step_Response,0.9766667
1253,3.667761576369864,2.8797618316994056,2.958557740483813,0.2116764039734447,0.5627447370212191,0.9285910700508186,0.453,4.3550142941867165,0.786248926725468,-0.78517543838942,121,1.7166973273684194,-0.4958343767288971,0.354816916750106,type5_Square_Pulse_Wave,0.99333334
1254,0.7323790405730339,0.7071913732847653,0.7183078866910205,0.0086514069599024,0.0181132138407666,0.9433799274963344,0.005,0.1317709443958898,0.0002456213457636,-0.0002561570936578,0,-0.355420893633261,-0.3555489899685893,0.0871454767487678,type3_Sine_Wave,1.0
1255,1.5693571068908017,1.284041842363122,1.30819631779771,0.0516584930770627,0.0074268738158276,0.6198118539279989,0.18,1.0357083708656614,0.0038705240039507,-0.0051801731512952,112,1.7614526337415142,-0.4707115532355808,0.1245515117163154,type4_overdamped_decay,0.6666667
1256,2.4718841023710736,1.81219418308936,1.926577213332004,0.1669441601323659,0.0119934899278373,0.806365261080026,0.074,1.4521260050607885,0.0043784234302308,-0.0058955489336647,271,2.0123564193663213,-0.4750275544300514,0.2599938574766827,type4_overdamped_decay,0.83
1257,1.96448636463664,0.0359875932861694,1.7776831305209573,0.445762786166561,0.0114110579164559,0.5391287727249525,0.141,3.5219994277410054,0.0624298957595154,-0.0100228538515207,245,-0.4308549618622144,17.21480845543167,0.1084403854321707,type0_Step_Response,0.99666667
1258,2.177261711676332,1.905268733053199,1.9420405957705416,0.0888043150740874,0.1862782044594604,0.9142083744956286,0.418,1.723008545638117,0.2702841415163231,-0.2708393807871432,144,0.6105325423380996,-0.4966871315115477,0.2441927542003295,type5_Square_Pulse_Wave,0.99333334
1259,1.7775017312941757,1.20972482573059,1.424896846290195,0.0809231663013719,0.0103997591894482,0.5010454476103368,0.124,2.05708730532972,0.0099946465004983,-0.0130452399474509,237,3.6180585752398207,1.8748848576950108,0.0874452259484646,type1_Damped_Osc,0.99666667
1260,1.196452098113313,1.0784869765688725,1.0947022072215171,0.0351277238410676,0.0562400961769022,0.9140001788757792,0.439,1.0241862546828888,0.1176156669552377,-0.1174400597103089,112,0.3856223775540402,-0.4965581967262711,0.1326845958799154,type5_Square_Pulse_Wave,0.97
1261,0.7036210860698269,0.4834247600781559,0.577769318467707,0.0355292492731089,0.0033965747853837,0.6066099489437627,0.176,0.8057255856314702,0.0036835359947355,-0.0046838952004909,238,1.910565890118272,1.2330467877699451,0.0531411459296657,type1_Damped_Osc,0.9633333
1262,2.8118648465736693,2.406774012623098,2.453613548092717,0.1120779932250397,0.4043798078632461,0.945356500982504,0.442,2.522839834754582,0.4010191898136201,-0.4021970639201231,147,0.7506207966132883,-0.4937804623501539,0.3223089066345643,type5_Square_Pulse_Wave,0.99666667
1263,1.4541201611879386,1.2309353825417242,1.2675928961146592,0.0546046098961269,0.0076107051364691,0.6449613712088199,0.13,0.8625775426132578,0.0035573325353206,-0.003480703047062,240,1.8364124951060128,-0.4662904907293296,0.0941659451429419,type4_overdamped_decay,0.74
1264,5.02736777615175,2.1769633058514777,3.4527673517874,0.5491556832276167,0.0406089532373359,0.8717213875212537,0.016,8.052865985694348,0.0307529509854895,-0.0417838062005193,378,3.327023645372892,2.402456294335636,0.4235697997227006,type1_Damped_Osc,1.0
1265,3.375518214639259,0.9692902240724124,2.1163037880160664,0.4929630666481525,0.0125261082086454,0.4734494550644949,0.115,8.763846294964987,0.0311840029045824,-0.034789947703997,443,3.915128728687613,3.27777732655974,0.2936965192009881,type1_Damped_Osc,0.95
1266,1.1632402635348589,-0.0002572964781576,0.9095828918865244,0.3836306926413741,0.0081663612622524,0.6117709439708257,0.0,1.9716623388247645,0.0099454983243242,-0.0081556136103776,435,-0.5955200604504469,7.53940438080101,0.1464645648266025,type0_Step_Response,0.99666667
1267,3.1640275273092047,2.0581884841342,2.4672442414432894,0.18582031941119,0.0131052362412154,0.5077683961826873,0.102,2.9922924220604683,0.0103629338119821,-0.0173033871639023,316,3.474060390802132,1.6954005445926514,0.1792440303545324,type1_Damped_Osc,1.0
1268,1.9594857880732344,1.4260731745167157,1.480089854155697,0.1087389170010395,0.0060071473353067,0.3410062820488298,0.191,1.4503437341339664,0.0044218942507132,-0.0067819121849945,160,2.3725350239266043,-0.4662161923222109,0.1835354771665074,type4_overdamped_decay,0.63666666
1269,1.4989186613688357,0.04036467812761,1.3217177842375123,0.2798890434231041,0.0147707108304586,0.5456503021449864,0.081,2.901536902166189,0.0284167718834053,-0.0072679669359689,258,-0.2896522747097106,6.107821693978515,0.2139216398934311,type0_Step_Response,0.9866667
1270,3.5059027343643225,0.213977167682668,2.9774230118893303,0.8729423379441253,0.0317808250167597,0.6296421612535094,0.079,8.256492464071485,0.1046446821160005,-0.0459807691955833,350,-0.4695755085901269,6.949535717934428,0.4400993420485357,type0_Step_Response,0.98
1271,1.588342300600542,1.135800948214744,1.1884493908974365,0.1001914733209636,0.0049365293549359,0.5540288679926912,0.172,0.9120517590253396,0.0024963441190977,-0.0043821796780423,187,2.2190538751031794,-0.4808151143916543,0.1652673093664798,type4_overdamped_decay,0.75
1272,1.0029298333781729,-0.000534597294883,0.8820295749459258,0.1935721671804054,0.0072541534947744,0.7662842374598553,0.034,1.409238469507696,0.0124985635406211,-0.0025096358576571,384,-0.4668604746166962,10.184419491025068,0.0936280760513444,type0_Step_Response,1.0
1273,0.7550948344838752,0.6310492238841331,0.6527442130177531,0.0361922965684578,0.123335013830887,0.9889831626052876,0.33,1.3210094053804955,0.0040425100407479,-0.0040450304525546,221,0.9122821545032528,-0.4952168601124462,0.0875369759535809,type2_Triangle_Wave,0.93333334
1274,4.592776915067533,1.242390993102736,3.0802691318757223,0.5018653592672294,0.0209063842329344,0.3714667806589097,0.201,13.82269048034893,0.0913325046282502,-0.0969763544446533,252,3.2618172868321023,3.982543140240247,0.4063851831323379,type1_Damped_Osc,0.97333336
1275,4.528405069986065,2.264427843931072,3.182978667549607,0.3012505329090369,0.0156745299391922,0.4836017823927726,0.191,8.482638548371064,0.0531970169834679,-0.0731388122894172,171,2.606643751626523,1.5863898750775116,0.4359642915487756,type1_Damped_Osc,0.99
1276,2.988989319475379,2.840542686650283,2.8664836178228907,0.0519737425252065,0.1482534395208095,0.9477417650754294,0.431,1.4771073560744754,0.1454442092323131,-0.1471168483864451,117,0.0408117227881375,-0.4930037768877102,0.2709829858000612,type5_Square_Pulse_Wave,0.99333334
1277,2.590706364144852,2.058041022526921,2.1118773008003906,0.1061080796192886,0.0096217613430806,0.3552950070664177,0.194,1.710789833732469,0.0064653422129423,-0.0078438101892861,138,1.8012606863582985,-0.466887975933589,0.2281835026768366,type4_overdamped_decay,0.6566667
1278,2.6698581974815503,-0.3137080549430948,2.2842470014877487,0.753656195613304,0.0220252263715061,0.4467834258427203,0.06,6.233167491306374,0.0655814674330605,-0.0386477580860572,291,-0.4769081925822198,7.399318460422855,0.3765983017233791,type0_Step_Response,1.0
1279,3.4712272764084027,2.585950390757522,3.103106920069479,0.1428564605383115,0.02071930952129,0.6502888030575104,0.172,5.548024736378221,0.0312994491396056,-0.0316746683267155,206,1.2128839470546222,1.9658650451958215,0.2118521326101761,type1_Damped_Osc,0.94
1280,4.075752795213409,2.929591825453372,3.088194603851002,0.2722300654136486,0.0021079022302186,0.1616679318871726,0.185,1.3673778391462093,0.0020010139089139,-0.0073640787384472,245,2.4581266875204326,-0.4969885999438554,0.3870677205391883,type4_overdamped_decay,0.9533333
1281,1.801937550383452,-0.1163267348980428,1.375035593869184,0.5654537537981804,0.0165939213441099,0.8517109536633394,0.0,3.1432532924460954,0.0228293086288616,-0.0125558373733659,730,-0.8303017547336428,13.52122943123018,0.1401120749892364,type0_Step_Response,1.0
1282,0.7041648819351425,0.5889301449522579,0.5981327302354478,0.0206435151767933,0.0024058118807962,0.5050627425303773,0.212,0.4189864603787907,0.0017974106635938,-0.0024240957889125,119,2.372837860099397,-0.4650555308388679,0.0396297672708498,type4_overdamped_decay,0.79
1283,2.4775025038781844,-0.0011107844323454,2.269285111506,0.5630707066131092,0.0130329100213013,0.526762596700225,0.176,4.063404436637206,0.0460486746445087,-0.0077920092270593,152,-0.4670178398966726,7.525709251841302,0.3075701949123797,type0_Step_Response,0.9866667
1284,2.326433917623964,-0.0009067073821944,1.88482437354253,0.7083922926377484,0.0148846163120062,0.5418254405388655,0.026,3.437675837206457,0.0177026624263371,-0.0071329128650501,406,-0.4868426296933341,9.490450792672751,0.2326501185461262,type0_Step_Response,1.0
1285,1.7174218870182858,1.6819156086294624,1.6868584000822966,0.0110472960167518,0.0020162360996878,0.1293877939440256,0.44,0.5171508417422022,0.0345378225236645,-0.0347940193976779,0,-0.2007133648205887,-0.4923974115339649,0.1156973775978666,type5_Square_Pulse_Wave,0.97
1286,0.5868259605821892,0.5509381002723768,0.5548593295413878,0.0085135164133279,0.0006117007192238,0.1018609285683817,0.409,0.2552682248914912,0.0011513148207353,-0.0009787961136775,124,0.7881704464110828,-0.4888667609470388,0.0276208408483003,type2_Triangle_Wave,0.60333335
1287,0.5865810383209167,0.0159178910568475,0.533098272447684,0.1256495576677367,0.003198078286252,0.590437331814574,0.132,0.8601288892268674,0.0048529293910732,-0.0014426441960704,210,-0.4686757594538697,11.465616401434666,0.0475673894115264,type0_Step_Response,1.0
1288,1.716116954227232,0.0656104370176716,1.6101885206036652,0.3038930396665707,0.0107864441548193,0.465208449805202,0.207,3.08838423586028,0.0263805537553935,-0.0062939291932546,164,-0.4171038165364663,18.61667623256552,0.0859657955628017,type0_Step_Response,0.97333336
1289,3.5101247770669235,2.7143951434499485,2.8232831241363803,0.1810851681440648,0.0194844800769691,0.7383143635049457,0.143,2.3850912662834824,0.0084885345256768,-0.0093011896681209,189,1.6276473795267064,-0.4756911652400092,0.3697703644405856,type4_overdamped_decay,0.60333335
1290,2.5715215701302854,2.059765068570044,2.323734715940253,0.0775830072291995,0.0033656805311448,0.1292617950544051,0.225,1.954324577133694,0.0124875261256338,-0.0162246477419198,168,1.128551947695017,1.215999856364134,0.153011982334716,type1_Damped_Osc,0.8466667
1291,1.8431731128640043,-0.0014847799896375,1.5360535149371377,0.4838306593124632,0.0193388970572139,0.8142123324931174,0.018,5.720100742106222,0.0602007720623454,-0.0277921642885479,438,-0.4834602671960178,7.753189930305697,0.2230614503739403,type0_Step_Response,0.9866667
1292,1.4475788921599424,0.910532516574902,1.1392434919447485,0.1009997697265557,0.001497303239023,0.2072420495610433,0.183,1.1232833662433117,0.0037899126895062,-0.0056593829520157,348,2.802169673288857,2.0093330473653803,0.0924109307694829,type1_Damped_Osc,0.9866667
1293,0.5843310028276125,0.5532883715666305,0.5690419100070976,0.0111133085196497,0.0300837759137571,0.9656974673381616,0.005,0.1756140269119011,0.0003105628828955,-0.0003055811114468,0,-0.2945786009050268,-0.2946024686154391,0.0755628062824347,type3_Sine_Wave,0.99666667
1294,2.5347314607376803,-0.0011293392788361,2.0640111999778474,0.7343045921672662,0.0072054689210712,0.8494250630776331,0.039,2.9530279112028426,0.0132114578342174,-0.0027618654017182,319,-0.2803902091008332,7.701863042621257,0.3011184444985559,type0_Step_Response,0.99666667
1295,3.684454707098568,3.3430786795068723,3.4045770038,0.1279291818599166,0.3402857065294502,0.951617316939268,0.419,2.9786504879105644,0.3370156361009777,-0.3373712210505406,175,0.1817075838082884,-0.4947389611699923,0.4969310334446488,type5_Square_Pulse_Wave,0.96666664
1296,3.088879120318927,-0.2039715504684919,2.6071372776856103,0.9284803369177044,0.0092720171553248,0.9274986108247654,0.0,4.1234747516742285,0.0588952662275695,-0.0471719565960061,294,-0.5310439582156791,8.443447954127675,0.3694682907437552,type0_Step_Response,1.0
1297,3.4157935692553365,-0.1174046759194423,3.053113058340574,0.8119767215525437,0.024831747341282,0.4821824439813202,0.135,8.901268503501324,0.1542674841150942,-0.0497034164361274,207,-0.3170956687329576,14.900266645500563,0.2267316613828018,type0_Step_Response,0.99333334
1298,1.5400212547309038,1.5014109580527633,1.5191900882077334,0.0133894758645211,0.0321253516864383,0.9382684479015472,0.008,0.2816794460180747,0.0005029143914585,-0.0004959230855139,0,-0.2984535089967884,-0.2983573231010309,0.0957622370636404,type3_Sine_Wave,1.0
1299,2.9270908482031084,2.6639841822399304,2.7042348586120197,0.0882030689544778,0.221049284963128,0.9317690227166644,0.422,2.5535087366507505,0.2606763094608539,-0.2596934558579171,161,0.8802511130360547,-0.4907483806495661,0.189353111606545,type5_Square_Pulse_Wave,0.99
1300,1.4294488549207642,1.130289752958614,1.1526003480428264,0.0511972749373141,0.0050773994830453,0.4745251349168962,0.213,0.9125009840671052,0.002762624654844,-0.0068902826359942,102,2.040649046844387,-0.4620435277275408,0.1160158464504528,type4_overdamped_decay,0.68
1301,3.645908613531461,3.421750721394471,3.4458537738247337,0.0563124320384797,0.1732268459190793,0.892428251807412,0.452,2.7175905778398395,0.2197476876670232,-0.2184424681061862,51,0.1428505069454389,-0.4912473981843793,0.3440098568025522,type5_Square_Pulse_Wave,0.97333336
1302,2.910302739014873,2.790995674618358,2.851077260432477,0.0424740927407236,0.1193065208894332,0.9847171753393604,0.009,1.154598954797093,0.0019701862192276,-0.0019226686121895,0,-0.3207435855943031,-0.3207746984880406,0.332812132666537,type3_Sine_Wave,0.99666667
1303,1.9801938582663217,-0.0009941905726824,1.77528798082209,0.4725516384307271,0.0151146089337659,0.4232578422838212,0.175,3.4465434801304857,0.0276836268471603,-0.0078011614615944,216,-0.4538637247138991,8.660706165837231,0.2151864834777468,type0_Step_Response,0.98333335
1304,2.7593294522914977,2.661708804194644,2.710450711950981,0.0342975362642575,0.0537399544627854,0.9432382735063848,0.004,0.3978783715546785,0.0008322685282209,-0.0008379249493399,0,-0.3313019828394351,-0.3316331931488467,0.289619803499459,type3_Sine_Wave,1.0
1305,1.1736948755334855,0.8546961254028713,1.004793427832652,0.0376564240016002,0.0088590348913415,0.4057721278948338,0.209,1.4058127738327084,0.0074443471818115,-0.0108295479316713,112,1.8954246369170031,1.640093342273962,0.0703334771450991,type1_Damped_Osc,0.95666665
1306,1.3392318126344496,1.293173972989935,1.3163459696096242,0.0163861589711594,0.0460218792955031,0.9859164352280898,0.01,0.4462937767015429,0.0007607618984744,-0.0007558672437812,0,-0.2995105492122509,-0.2995969737839739,0.1148882612832888,type3_Sine_Wave,1.0
1307,3.38885181019754,2.79634824052723,2.873130739609669,0.1834479851269309,0.5922007674419976,0.3995959048410849,0.418,5.049820578085,0.5894067617654559,-0.5905931751981677,144,1.6288205543777152,-0.4925459326186847,0.2773536527726179,type5_Square_Pulse_Wave,0.98333335
1308,1.227523524738263,-0.0678379908129002,1.011347010890253,0.3544931389269212,0.0097817776082609,0.7167563036138754,0.018,3.091259958984176,0.0386327261394681,-0.0184446479129904,412,-0.4853609576036616,9.916060984248292,0.1241873999100957,type0_Step_Response,1.0
1309,4.465836420708595,1.6526394580722192,3.4315323671866125,0.3539116184183964,0.0226325676790706,0.7051081954207594,0.111,13.227424357451056,0.1564471808290437,-0.1479071613284079,181,2.0423872300535155,3.746409170298554,0.4143881767452155,type1_Damped_Osc,0.99
1310,2.017754945750451,0.1175964745013799,1.799463398692821,0.2658842284501731,0.0185963809987097,0.7491937809430594,0.196,3.596939523577804,0.0424422829412491,-0.0095210452468863,77,0.1985583484801253,6.90218447754106,0.2345659542659948,type0_Step_Response,0.86
1311,1.117024320079998,-0.0254669990673263,1.0241072301727692,0.2682911434986382,0.0072505469434493,0.602879664830726,0.205,1.9770134759045923,0.0175313016913872,-0.0046242362544333,127,-0.4532783681858325,13.183148550107834,0.083212099168398,type0_Step_Response,0.9866667
1312,3.6592019615881344,-1.4867621932777102,2.446126928348209,0.9953823800350486,0.0379003709213683,0.907092137618169,0.027,14.732333780042948,0.1022174037841259,-0.075942549362498,368,2.054211707367904,11.496471561124627,0.3536579045747432,type0_Step_Response,0.7966667
1313,2.793648909516268,1.938963042333294,2.3383788785262065,0.147332843627519,0.0322373580297021,0.9848143471246787,0.012,2.8426404674844146,0.0109063363542456,-0.0146882966925314,350,3.01185439041126,2.7509226721927185,0.1263809022936919,type1_Damped_Osc,0.99666667
1314,0.799526702691451,-0.0009980262770421,0.6830040810393234,0.2173409143989443,0.0081228461103506,0.6588840053513985,0.077,1.4271437731555237,0.0064743232832221,-0.0028082216072947,368,-0.4309912830485488,11.92776308084353,0.0640585218263922,type0_Step_Response,0.99
1315,2.10327534159828,1.7335203438245546,1.791470680077573,0.0869347593145615,0.0113380894539747,0.7481954983425203,0.129,1.4017897833398845,0.005231129989079,-0.0053271167541066,244,2.274631895851992,-0.4471242701333571,0.1307706456422903,type4_overdamped_decay,0.67333335
1316,2.234907534943811,-0.0009313475827607,1.9644927195549364,0.5881963684664828,0.0181409836816017,0.6581282191743518,0.17,3.744302328687717,0.0275754037937378,-0.0068746531953487,234,-0.4638213075586538,8.568822541525373,0.2455616232302802,type0_Step_Response,0.98
1317,2.0275546634649486,1.3712314259948806,1.5890629038845772,0.1063258085979483,0.0071324516189359,0.364116567104669,0.206,1.8265947231972155,0.0075819773581629,-0.0131043798864538,170,2.762863419462339,0.90295180053503,0.1406663587227181,type1_Damped_Osc,0.98333335
1318,1.6457535547466848,1.165529816114088,1.3678937189342788,0.0921345459632272,0.0090082390648349,0.4878113423701288,0.115,1.4566688038781237,0.0052720222733175,-0.0066017224767653,232,1.331845118798472,0.8749986389416254,0.1497496525901893,type1_Damped_Osc,0.94
1319,4.372785778293353,2.371078512626191,3.184183134874971,0.3462733921203664,0.01659277269879,0.41762508790974,0.053,4.542207589776195,0.0135222108029018,-0.0219283822252802,233,1.9106532727694496,1.309666992760914,0.4743022187240591,type1_Damped_Osc,0.9766667
1320,3.3032714306032784,3.2485214961575624,3.274974001833117,0.0193793724214875,0.0547175110729591,0.972306561835903,0.008,0.4115342309868866,0.0007990280972256,-0.0007744934958302,0,-0.3964583231163038,-0.396461710075387,0.2643902995039462,type3_Sine_Wave,1.0
1321,2.2790838420729345,1.5492779542568724,1.900609763540404,0.120913965328205,0.0137387465020288,0.6082751487469548,0.11,3.548646736766691,0.0148285311810083,-0.0165984775656182,316,3.3556809585011327,3.0354023927570086,0.0987413959675926,type1_Damped_Osc,1.0
1322,1.420384354174836,-0.0010747454510736,1.289537162622194,0.3315910794929674,0.007070926917726,0.4965264693991832,0.196,2.5102657902504504,0.0688886610975473,-0.00711163037586,166,-0.3487618367818694,8.664352646890517,0.1525892590820368,type0_Step_Response,0.98333335
1323,2.324733045534345,1.8324823645536,2.05517990039298,0.0980688428236393,0.0085843713753899,0.5709221509775765,0.107,1.7517459391760335,0.0074630154496899,-0.0082478259171367,307,1.6090991671589618,1.241882742742635,0.1278247191229531,type1_Damped_Osc,0.9766667
1324,0.9433795226473564,-0.0005262765219283,0.8760002866468474,0.195840057664627,0.0055532960910533,0.5742038681433597,0.176,1.5273740587104343,0.0308744153014131,-0.0024512640753899,131,-0.4727018173838064,6.465970070199011,0.1349734866511529,type0_Step_Response,0.97333336
1325,1.2709776715739407,0.9946542301848756,1.0299470055917364,0.061434337596565,0.00773920337634,0.5083574751337212,0.144,1.0130894308480722,0.0046009156929166,-0.0044203884004563,181,1.859366996675528,-0.464794519608509,0.1153957309855655,type4_overdamped_decay,0.61
1326,1.8869776311456707,1.4589215326220744,1.5142947241446378,0.0985525181072112,0.001177186521962,0.1513272068429155,0.199,0.5961725479486006,0.0009493101220421,-0.0034349364460806,182,1.4626199382507274,-0.4967825590830022,0.2177474612395569,type4_overdamped_decay,0.98333335
1327,4.092919871036622,2.591656546673256,3.3355275684062,0.2338049474002127,0.0208554725243805,0.6366549188114908,0.143,5.475668116027897,0.0277580619816797,-0.0362318791296689,217,1.7479375561028516,1.703164375502269,0.3372790260550138,type1_Damped_Osc,0.99666667
1328,1.847131871573683,1.2952802880368983,1.5717909159716574,0.0829036456663818,0.0089877464713656,0.7004281017771051,0.104,2.598058938994547,0.0190299576371126,-0.0234340066162954,159,1.7747676044580216,1.6993813268486753,0.1233422472093734,type1_Damped_Osc,1.0
1329,1.825743511127066,1.5685302811141073,1.5866451500296024,0.0541325473239799,0.0013008210596912,0.1124402280906093,0.433,1.1932804955507752,0.256195668411646,-0.2558594694847216,111,0.8239491830508971,-0.4963275714554031,0.1937398636527525,type5_Square_Pulse_Wave,0.99
1330,3.3046257216067936,2.432143336498353,2.4795558095690176,0.1289644850353777,0.0157913789591503,0.4807493327735007,0.228,2.7896023396199183,0.00813679023741,-0.021300180962934,72,2.0142864691609845,-0.472386054394377,0.3432401914882059,type1_Damped_Osc,0.43
1331,1.060933446338346,-0.0809641184563881,0.8412543350710632,0.3195085227243201,0.0077832957321146,0.5748722166780664,0.0,3.2869568328067222,0.0486089106032961,-0.0240448713517157,490,-0.5420377686737524,9.66881713853266,0.1127601898974366,type0_Step_Response,1.0
1332,2.825409894419064,2.5588358420328423,2.589591251089969,0.0519434960824167,0.0137503159821665,0.5428229171465807,0.19,1.9629389207740384,0.0069230000874505,-0.0083853043057096,112,1.139220060638749,-0.4543307921786688,0.1582145826294327,type4_overdamped_decay,0.56333333
1333,0.7474898182879706,0.6145767421907402,0.6242029982703268,0.0220770330588486,0.0032620020248178,0.5722061018231648,0.236,0.5799710678391292,0.0022456309371069,-0.0033849227176021,86,1.5660320476624012,-0.4669319299727457,0.0633190741961937,type4_overdamped_decay,0.62666667
1334,1.9738330609344288,-0.2561381520929903,1.7351089506219877,0.5214178276799291,0.0166502476643994,0.5999624953260863,0.146,5.5341134195981,0.0591645765866488,-0.0247059327085366,223,-0.2241091958171324,14.792084809610136,0.1432409240833918,type0_Step_Response,0.9866667
1335,1.7915671740267782,-0.0005460868606846,1.6516775679481734,0.3676431729086965,0.0021407519724288,0.3154558734199705,0.085,3.41154877826098,0.1088412137381515,-0.0277237000728833,197,-0.496481157961317,7.361472455519877,0.2278595351330863,type0_Step_Response,0.98
1336,2.0567246833170065,1.996097952951236,2.026410838379113,0.0213491647725042,0.0463299980318612,0.9364792681272472,0.006,0.3662275372347303,0.0006800166464966,-0.0006442368927164,0,-0.3733273504350562,-0.3733782847782782,0.2393528589427278,type3_Sine_Wave,1.0
1337,0.6293099693935454,0.3451121963022558,0.5264939830466819,0.0531476991480471,0.0194503571995053,0.9798241610134856,0.015,1.6561387520844866,0.0091241459290876,-0.0075456890530369,534,2.9922696536153865,5.831633397952268,0.0289292119027924,type1_Damped_Osc,0.91333336
1338,2.003782583589077,-0.1667143022726369,1.8790973964424933,0.3964838993261073,0.0123893773086258,0.6797848822842811,0.16,3.780985538948969,0.0566210174628495,-0.0285082787649588,133,-0.4679250626867822,7.527193139198566,0.2693168740952403,type0_Step_Response,0.9633333
1339,2.0046181455122656,-0.0002711733629052,1.7408964494963588,0.4286153037301439,0.0046376361556859,0.9264998165727668,0.046,5.003912303022012,0.0932318913771619,-0.0353620880056237,262,-0.0015719665987361,10.105793377685576,0.1805519941158071,type0_Step_Response,0.99
1340,2.108151940876525,0.881677960360645,1.5368078800564016,0.1601527052598512,0.009004318918194,0.6209198501778328,0.158,5.149343931305907,0.0588763391665336,-0.0558134937611494,158,3.11125945399971,3.3737210746295383,0.1638580054850842,type1_Damped_Osc,0.99666667
1341,1.7708261460919317,1.5435687997981993,1.5683996945062473,0.0502047655067452,0.1835770774527521,0.9844819571982658,0.381,1.7069097255182486,0.0079993241169227,-0.0084032560678801,107,0.6376142312670956,-0.4954534360500672,0.1989714121211365,type2_Triangle_Wave,1.0
1342,0.6355427104666264,0.5753233958399907,0.5801051616869517,0.0134184104101643,0.0601559262087224,0.8642164669020806,0.428,0.5895231234488424,0.0593993685004474,-0.0592013781961489,58,0.2142707208460342,-0.4944991658993714,0.0836644824497101,type5_Square_Pulse_Wave,0.94
1343,1.1716735873241182,-0.0018301388223474,1.0721653897980064,0.2273865135147021,0.0085594190928393,0.6703635894182547,0.048,3.719811841414745,0.0715489453440562,-0.0248694483749526,214,-0.4778824805736328,7.4284230236218995,0.1476004958144066,type0_Step_Response,0.99
1344,1.4218962074072194,0.0420544268243187,1.1543264760346883,0.4148208293095373,0.0114192105219836,0.3624796869744664,0.01,2.286990579315205,0.011591748420944,-0.0051779474185957,431,-0.4887477643363455,6.897212455626457,0.1862520560036056,type0_Step_Response,0.99333334
1345,2.5079726909021143,1.3032995653999282,1.7514985024920382,0.2429855067411074,0.0249083294340881,0.9441843763970136,0.01,2.9025346912069567,0.0099588817337921,-0.0174937251354125,229,2.623556475200929,1.1411056422311514,0.2528349536255145,type1_Damped_Osc,1.0
1346,3.2225350257819483,-0.0019802673601203,2.9651419870860014,0.6382243925087924,0.0305392340172687,0.4766435494167554,0.149,6.214730574135219,0.0976819537630449,-0.0165770321163649,191,-0.3992557850675643,15.235458055151192,0.203616702928425,type0_Step_Response,0.99333334
1347,1.8397576138451823,1.523238206856646,1.554091117895861,0.0596904179780603,0.0093599098634165,0.5333118711412429,0.237,1.470800778048033,0.0053966954194686,-0.0066964993731468,104,1.2471247802493886,-0.464833368051844,0.1775912765007781,type4_overdamped_decay,0.55333334
1348,1.629575327133912,1.578638207692162,1.6059007334901267,0.0179517724564571,0.0509310732504622,0.9920747983356472,0.008,0.4528531656760179,0.0007849475566064,-0.0007931814148414,0,-0.3475864435783091,-0.3475745179366019,0.167095132220874,type3_Sine_Wave,1.0
1349,2.853492156640659,2.030362726280018,2.3392468968036164,0.1227022646784034,0.0158940614339457,0.5981862439450437,0.193,3.381389037441129,0.0162647021723723,-0.0237048161285264,154,1.9309665104802167,0.8116702092324299,0.2199330290394412,type1_Damped_Osc,0.98333335
1350,2.488163634219809,-0.0038698894724369,2.3223248750289307,0.4475894167805057,0.0144929106566049,0.4878967959337486,0.185,4.099252373914068,0.0748484163726826,-0.0081948046351048,196,-0.4252910157218899,18.64030048423253,0.1296920268385069,type0_Step_Response,0.99
1351,3.633210255230981,3.347717253140485,3.376683429072142,0.0800095527808254,0.2851462588901743,0.869740655740186,0.443,2.95303933552659,0.2827240877841053,-0.2822802260394614,101,0.2433976992175635,-0.4941730153218375,0.3810512496812368,type5_Square_Pulse_Wave,0.98
1352,2.7628111464580405,2.368399943540826,2.424164081335678,0.1348957490388186,0.0037785303128732,0.1349423222974847,0.415,2.2884144530937567,0.3923819458845319,-0.3918265064480759,138,0.6779034733153405,-0.4946168642897501,0.3333184030891747,type5_Square_Pulse_Wave,0.99666667
1353,1.0694351568615712,-0.001121951146702,0.9416382747271168,0.2744922081563874,0.0056904314182253,0.5179910126886874,0.15,2.109404499539291,0.0350516164977638,-0.0071986438486896,279,-0.4595738201701954,11.089322853108465,0.0920533284919731,type0_Step_Response,0.99666667
1354,2.028344892267931,1.4968769684289935,1.7287053008127171,0.0957770111397028,0.0119296392719427,0.6418897459604971,0.164,1.7197436350741508,0.0053965730666154,-0.0077953752075372,238,1.9232979910009187,1.5057180561674903,0.1199968386158183,type1_Damped_Osc,0.99666667
1355,0.8443230198693845,-0.0016126454809944,0.7801798959988345,0.1790357816286961,0.0067484075004049,0.3832346685179688,0.167,1.6094921689990356,0.0317844922003928,-0.0036241619745572,165,-0.4338142359112585,6.693853684246722,0.116519430971457,type0_Step_Response,0.96666664
1356,1.8118203322376136,1.68019955701001,1.6935989481038805,0.0279369048160358,0.0013851553214734,0.1576391359167879,0.375,0.8875852079400663,0.004363136259855,-0.0046388706378917,38,0.2192344156706309,-0.4953446452288778,0.1818243337618685,type2_Triangle_Wave,0.9066667
1357,0.8546754385150751,0.60011743348394,0.705984417700138,0.0462332050339917,0.0062135141964789,0.6723343555263706,0.083,1.0209918470137185,0.004110811386896,-0.0042822205090335,357,2.09363599908203,1.286676032668829,0.0581141259312034,type1_Damped_Osc,0.98333335
1358,2.6901134036964067,2.5569048018324256,2.56911189248062,0.0304552325155138,0.0028580245443259,0.0950386653719987,0.427,1.0820966485664774,0.1315000383461426,-0.1301286371509911,0,-0.118764719754598,-0.4955674242972893,0.3453972111222638,type5_Square_Pulse_Wave,0.99
1359,2.5781008819589943,-0.1381380489456294,2.2417479392707502,0.6171225931358526,0.0171176898325366,0.5545178434556689,0.103,5.810241849098325,0.072206979172675,-0.0180941018855673,268,-0.2767248674284546,11.66518387012876,0.2192555934771682,type0_Step_Response,0.99333334
1360,2.0371930151781323,-0.0365109315431101,1.5894045906048226,0.6288446744256087,0.0211692495377477,0.7888139649260536,0.0,3.2589475507544945,0.0207418334258663,-0.0084987787720876,619,-0.6446309300439713,17.403541684753314,0.1167697712637771,type0_Step_Response,1.0
1361,0.7913504787509386,0.6223916755736426,0.6334928597071279,0.0352798405330968,0.1689515971273671,0.9250121416883124,0.441,0.6493355455189646,0.1684384020879552,-0.1685477514988621,115,1.8618892112705776,-0.4965860738957626,0.0714321984812562,type5_Square_Pulse_Wave,0.99
1362,1.4428521307074638,-0.0018233417888336,1.247052559378211,0.3501103126993455,0.0122184531629345,0.6367588646654774,0.036,2.36829019962153,0.013126257403282,-0.0050352716319552,302,-0.4760273436504069,6.6112765984742445,0.2024702180543467,type0_Step_Response,1.0
1363,2.36895137760562,1.595602885263825,1.8940641406756271,0.132552789221804,0.0095755229943721,0.2889074708901973,0.242,2.8805298028632,0.0112975791703933,-0.0197424538862733,171,1.6580018861234032,0.6871647084162288,0.2311838500372878,type1_Damped_Osc,0.93333334
1364,1.3017739856330357,0.6521454746264177,1.0820068610474751,0.0933340286247744,0.0118100801291536,0.8729655131578586,0.044,3.482648396848714,0.0314541271569607,-0.0272555504909771,306,3.195100930884599,6.668850957516513,0.0597967036010342,type1_Damped_Osc,0.95
1365,2.018554349302399,-0.0010278556398101,1.842485953454684,0.3852173023206814,0.0113970434224459,0.4488573810456142,0.16,3.794098494448373,0.0549265629354335,-0.0093446290907821,241,-0.3911918528862352,12.751705667719293,0.1511605191935086,type0_Step_Response,0.99
1366,2.582093973025303,1.968976794063081,2.2274787687692523,0.1098959399396255,0.0167775614499499,0.434703562784648,0.165,2.6231585519247984,0.0099529177211543,-0.0134768543875094,231,2.710707896891894,1.6850098148702863,0.1136303290340192,type1_Damped_Osc,0.9866667
1367,2.813710568027864,2.6141479307554705,2.637319922341795,0.0553372958097266,0.0028071816318511,0.1893391886644872,0.435,1.1581590877512489,0.1974244612299012,-0.1966679986359119,81,0.0834781608946732,-0.4947633067831545,0.3389801291383598,type5_Square_Pulse_Wave,0.99333334
1368,0.6181037158105709,0.4930582657679222,0.546627963334883,0.0226552709241664,0.0038571625459172,0.6104310219508633,0.169,0.540305079444487,0.0021881796460432,-0.0025614939647784,198,1.9688005643318665,1.276602172260639,0.029454319837513,type1_Damped_Osc,0.92333335
1369,3.181890837156647,1.898387042645371,2.320899873874813,0.1740822272021582,0.0216638115997063,0.7813605246220406,0.173,3.6233641397153273,0.0233380177906736,-0.0425045224902489,115,3.546644130768118,1.297858393335023,0.2196087330304017,type1_Damped_Osc,0.99
1370,3.356757906334062,-1.056690064479154,2.3031373555317707,1.4909162890748802,0.0117248257224367,0.7094513216307422,0.0,5.869112050844228,0.0267624521269587,-0.0311197789159639,617,-0.6589659274569714,8.786880440288574,0.4835110982480164,type0_Step_Response,0.99333334
1371,2.34159755802725,2.0764507940829224,2.115198242451444,0.072849955476368,0.2645458991390779,0.9844801088312608,0.363,2.753481513091548,0.0100586410185044,-0.0098502774501789,148,0.5319526224629131,-0.4977845891629797,0.2563865401043861,type2_Triangle_Wave,1.0
1372,2.8809602890389963,2.165999115913723,2.496754112975676,0.0767653016907371,0.0174901025993827,0.6422954285881036,0.224,3.1072328537380662,0.0171861450907502,-0.0242587559359175,93,1.5225971712667865,1.2816240622474162,0.1879389050317712,type1_Damped_Osc,0.94
1373,0.99764130807856,0.9572817776335008,0.9757685857088458,0.0139927907511308,0.0384305815667748,0.9651931220059295,0.006,0.2200077195573317,0.0003754440807723,-0.0003764177303131,0,-0.3561873932105077,-0.3561333765541681,0.1402935151489552,type3_Sine_Wave,1.0
1374,3.678778802133463,3.1200819615677347,3.1634641948707896,0.1061249906091345,0.0027742880721954,0.1957490763370115,0.346,0.9252926241910552,0.0017187823757311,-0.0068401057703488,118,1.804561975573652,-0.4936078928410068,0.241760251638182,type4_overdamped_decay,0.9266667
1375,1.5225879915125813,1.1393104531351168,1.310639221310358,0.0616988275744539,0.0057327838957053,0.6244996709150727,0.149,1.7199277593166091,0.0088624228443203,-0.0122123917095284,206,2.229150936014322,1.5631988736284126,0.0799769536034844,type1_Damped_Osc,0.99666667
1376,0.6350009242766468,-0.0010512675574435,0.5527154231725355,0.1686030819349664,0.0040811472298958,0.5225237496922243,0.117,1.0591814427829669,0.0066586386443149,-0.0022575564596842,316,-0.4539159546293572,12.695622850212802,0.0480340032330903,type0_Step_Response,0.99333334
1377,4.731637751123056,2.6496477074032443,3.4961085630563598,0.4280696519060946,0.0282788770837694,0.6533233567619232,0.097,5.335446442329761,0.0175263509941356,-0.0247877745024949,370,2.341285215301895,1.3150847530597891,0.4471272810936773,type1_Damped_Osc,0.9866667
1378,1.1939013484415752,0.8943269400042677,0.9323518020693662,0.0986650318626923,0.0014781192953541,0.1371190558301505,0.426,1.4499446708454555,0.2989056867552693,-0.2989867319306072,125,2.409328966924625,-0.4927565467613778,0.1027145447739438,type5_Square_Pulse_Wave,0.99
1379,2.544831985799629,1.825178449315484,2.131591707728033,0.1245930722019773,0.0162732970058252,0.3244182086005741,0.183,2.5733503706924368,0.0087150713275372,-0.0130117719056337,202,2.847996879990119,1.9212187298957333,0.1247402740939307,type1_Damped_Osc,0.99
1380,1.922988506447489,0.6325763344819341,1.376180724570179,0.2179698829507857,0.005496293511314,0.3148352073079951,0.095,5.44191979349785,0.0354777244387307,-0.033812100186467,275,2.22403526560669,3.2953489889564884,0.1979346701434792,type1_Damped_Osc,0.9766667
1381,1.6378870160153316,0.8931924056208717,1.1828583865046969,0.118855791912088,0.0073331967154421,0.4815429088370171,0.189,1.976024147919785,0.0082636301991898,-0.0122555912010386,226,2.607941956138955,1.3470109024258794,0.1502929758670106,type1_Damped_Osc,0.99
1382,2.781746527565499,2.1288142888848864,2.2069789703271354,0.1413392825409957,0.0122368862592141,0.523590522343381,0.155,1.9605442582640775,0.0069032021614074,-0.0089574918457686,178,2.176568616925752,-0.4540168516792838,0.2398236268692226,type4_overdamped_decay,0.6066667
1383,1.3102906046857867,-0.1956114713512288,1.1117832658411089,0.3798922937175156,0.0049287183261517,0.4423674688155246,0.11,2.9306765791894707,0.0250238660634553,-0.0157877201798065,360,-0.4828074499281846,10.50736986731376,0.1365951789308417,type0_Step_Response,0.99
1384,2.165645850764193,0.1279144399277214,1.9192149963014289,0.5008980422264232,0.013997182405089,0.391495208278063,0.143,3.924804988628544,0.0570246295337345,-0.0126400413344464,294,-0.4751799934706981,8.379798043010958,0.2288398446176676,type0_Step_Response,0.98
1385,1.5593129711042233,0.9204955723178214,1.2373768397022826,0.0889771086162523,0.0049698943556111,0.3641773375804799,0.256,2.123927280893348,0.0144848782429292,-0.0213328978687403,122,1.4692963969772708,1.3683408744345729,0.1664611201129451,type1_Damped_Osc,0.91333336
1386,1.1474099475150967,-0.0932832862061701,0.9535314353795924,0.3452485711532326,0.009399288044634,0.675898218482658,0.01,2.8578654946827977,0.0267723399906086,-0.0123702754034465,414,-0.4875671913056666,13.169523785605849,0.0906809801047119,type0_Step_Response,1.0
1387,3.824965084983548,2.743945458908012,2.825544553098147,0.1907246235025682,0.0179712742380959,0.5165627716011759,0.174,3.2515461027925814,0.0098169845779456,-0.0181698933192562,109,2.097553733150667,-0.4687314741139601,0.4112182260932542,type1_Damped_Osc,0.47
1388,2.39784840938423,1.36457032981599,1.8243295205524088,0.168624986382048,0.0072499521241875,0.3981261538229343,0.171,3.3490124582221394,0.0167851789198416,-0.0222582207010899,254,2.810861975348054,2.023963362678618,0.1770880908523806,type1_Damped_Osc,0.99333334
1389,1.745256821567165,-0.1187666005086916,1.4205036132024471,0.4395527266571387,0.0116575342178424,0.4497794946473751,0.155,4.5401530746028245,0.0480917802027713,-0.0218142682260145,227,0.6608671185007635,10.803759236996072,0.1495450700978158,type0_Step_Response,0.94666666
1390,3.2243042027105857,-0.0022680689988357,2.947973770033767,0.6802861455934784,0.0189740271937854,0.430401797061466,0.147,4.937217025414011,0.064418000318708,-0.0099767337688025,197,-0.4702924772198026,8.748011963531901,0.3477764418798985,type0_Step_Response,1.0
1391,3.0695525515928472,2.359801115759479,2.450510989166241,0.166079298116877,0.0028871261017835,0.1738475703284664,0.252,1.056738630220048,0.0018729892295414,-0.0059232627281349,221,2.4096328216523726,-0.4925834900338887,0.2433114271124008,type4_overdamped_decay,0.94
1392,2.7872953647991583,-1.617492119939701,2.310037719180412,0.9152832428557302,0.02349753324502,0.3113023604995579,0.055,12.881242421213278,0.1074700461082674,-0.1100813716918309,291,-0.3569283311970033,10.409425535150358,0.3985332367388716,type0_Step_Response,0.99666667
1393,1.18511609690146,-0.0015747624504086,1.0677620334676343,0.3161633441413095,0.0079929190953491,0.4101406383183277,0.222,2.1553821165967437,0.0243510408811941,-0.0051176858015038,129,-0.4684769179348807,8.999237140275723,0.124511668709299,type0_Step_Response,0.9766667
1394,3.473939773013955,1.970222024798973,2.565646622057414,0.214897762757944,0.0031341810774008,0.1581871029346167,0.342,3.764984317330464,0.023756635640463,-0.0333597385093566,209,3.0330387932810865,1.6917357547734695,0.2626684659094547,type1_Damped_Osc,0.9766667
1395,1.5985006732014468,1.1652694440760163,1.365665228208311,0.0888201736989073,0.0098634874920979,0.8252957857760088,0.032,1.7575959602308715,0.0069731054376389,-0.0081158490178376,371,2.073750666978857,1.692308449805843,0.0908992562848651,type1_Damped_Osc,0.99666667
1396,3.561179136078544,2.24024360980952,2.645392561844124,0.2383975673483434,0.0152483795418523,0.5926389890725859,0.209,3.4920381154306925,0.0155972618695114,-0.026256642253772,134,2.1388831724661137,0.4498320389843058,0.3680803430861132,type1_Damped_Osc,0.93666667
1397,3.256545131906009,-0.0029845717649565,2.888528046778997,0.8046119425784296,0.0224394533881686,0.6365409830419384,0.118,5.253281159283599,0.0636758505914585,-0.0095915756850248,219,-0.4716870939722949,7.205053430912675,0.4214891111650818,type0_Step_Response,0.99666667
1398,3.304191314628101,2.0377280212596784,2.3321151970871217,0.2147296402832732,0.0148654201162417,0.5998409351192918,0.267,3.099692133964951,0.0118792254826742,-0.0341236902178287,107,3.542978785406426,0.499095823376585,0.2511790069830213,type1_Damped_Osc,0.9033333
1399,2.005469830636048,1.6353096107268816,1.6634975412546835,0.0625649875443228,0.0091698092471008,0.3812663604571278,0.247,1.5566620579721606,0.0052019877266522,-0.0089251498457232,78,1.2012867557714677,-0.4730779256421382,0.2141872055366513,type4_overdamped_decay,0.5966667
1400,1.013746090125274,0.9892364532968226,1.0029507985699633,0.0084215863265304,0.0168579009983711,0.9398171351003382,0.005,0.1276067384380363,0.0002435206622364,-0.0002590807431903,0,-0.3437208005377313,-0.343717766795407,0.0784154225917389,type3_Sine_Wave,1.0
1401,1.2709465925020047,-0.0015525211093284,1.1638585358995288,0.2931048197499701,0.0118016758347201,0.6300700142856577,0.185,2.4385296865276294,0.025492447502805,-0.0052180667764225,148,-0.4438125641459722,9.77859563799829,0.1231278009918601,type0_Step_Response,0.9866667
1402,2.128498823434775,1.8558661753607253,1.8934954816035865,0.0831856480005093,0.0023888256836868,0.216220684636846,0.409,1.2943503022660838,0.269657287910894,-0.2710632560640225,95,0.5401719704518233,-0.4947029066906911,0.2607754332713001,type5_Square_Pulse_Wave,0.97
1403,1.5886974958909426,1.5069467567934358,1.5184133002960498,0.0264279290433263,0.061158990650185,0.8886429719952786,0.441,1.0925144505080235,0.0802931578778807,-0.0807607105171255,138,0.2661434829630886,-0.4908691342460368,0.1054474964027771,type5_Square_Pulse_Wave,0.97333336
1404,3.029264707034449,-0.0007768920664632,2.519668813344635,0.7764099830014458,0.0170669325220176,0.5114190008846302,0.028,6.470988700416265,0.0706199383834257,-0.0268046781839979,382,-0.4878644716052264,6.482094738575242,0.433220166257632,type0_Step_Response,0.99666667
1405,0.6759784393512425,-0.0003391161851758,0.6421316191009782,0.0996064209014745,0.0037349595587976,0.3891583895877932,0.172,1.1732944045091225,0.0213860226548526,-0.0021282951720569,136,-0.4640811797197555,8.615647608682279,0.0739018353618714,type0_Step_Response,0.98333335
1406,3.0435800504165886,-0.0030555075690188,2.477343702223328,0.9124760489436036,0.0246357502009346,0.4659967491990889,0.052,5.149316081840764,0.0365438605174138,-0.0116803025062317,376,-0.480584791434184,6.262365161436735,0.4492383108514706,type0_Step_Response,0.99666667
1407,3.73345180937217,3.4948731022854496,3.5191572943579503,0.0513271937762346,0.2385787070867202,0.9893479626020708,0.394,1.9791246926254036,0.0090527803283939,-0.0090150625714873,3,0.0120632492113176,-0.4951492729182106,0.4615443149701921,type2_Triangle_Wave,0.9266667
1408,0.6600014746530405,0.6163039854854865,0.6201619050985692,0.0100057660495836,0.0008601147942071,0.1321201972375909,0.425,0.3596056139385222,0.0430444060847035,-0.0430347848811768,77,0.5567572134807178,-0.4877342977439138,0.0408761014607776,type5_Square_Pulse_Wave,0.8933333
1409,0.9582631995237606,0.4228569792749159,0.6124826712868386,0.0809634110340487,0.0061528197506924,0.6296953341515314,0.2,1.294625307806921,0.0058823949262349,-0.0110066852130072,177,3.83332084355222,1.642432731214935,0.0826785970261532,type1_Damped_Osc,0.99666667
1410,1.1765795845296614,0.9839260964502552,1.0808693445209696,0.0335042949614643,0.0082602959220774,0.5140103586496811,0.097,1.181508088286484,0.0047651212606951,-0.0052803817796145,270,1.1288503229818112,1.3705234994791144,0.055053703277669,type1_Damped_Osc,0.93333334
1411,1.5556003039013415,1.495172261081243,1.504578910194631,0.0182927210646759,0.0027332018784012,0.1727399140681012,0.422,0.6596299567347614,0.0581785696436154,-0.0578808721374022,96,0.1015351701645303,-0.4855667957796432,0.0981025087212352,type5_Square_Pulse_Wave,0.94666666
1412,3.3721205860174503,-0.003041250046199,3.0661130408689625,0.7533049098889294,0.0221514359903594,0.4246896489086347,0.198,5.541932750577002,0.0603818891951463,-0.0125012173279266,254,-0.4492276315990394,15.450989181072462,0.2109243926444284,type0_Step_Response,0.99
1413,1.6552038661416544,1.4841664890694806,1.515116703872056,0.0415037932166847,0.0102911942690968,0.605629929469746,0.156,1.495085061335632,0.0054540739343587,-0.0071796151607579,187,1.0098972552391066,-0.449252755826075,0.1095940665132271,type4_overdamped_decay,0.52666664
1414,2.248145297773791,2.059389438753911,2.0763670699788004,0.0482165837092412,0.0027956566494387,0.1449082414605099,0.433,1.46641292068827,0.1863415257148237,-0.1860332460201919,99,0.8394156823234014,-0.4894022630158519,0.1398177650091041,type5_Square_Pulse_Wave,0.99
1415,2.4350911602374934,2.0200516896734664,2.0592500402883847,0.0785249290489528,0.0135778693764936,0.6589229604710404,0.213,1.881334422907008,0.0067505254587438,-0.0086143508129783,102,1.1904214516262015,-0.4713476899457173,0.2414320314902045,type4_overdamped_decay,0.5233333
1416,4.09722139596083,2.232009981838372,2.942544363671201,0.3150376088693365,0.0180531480537098,0.57720352666184,0.142,5.967655006232119,0.0237121388105596,-0.0331247063623543,295,2.683654407030144,1.323117801044882,0.3725377022573957,type1_Damped_Osc,0.99666667
1417,2.8875563126897337,-0.0672125095234182,2.3314182475638674,0.993875157694348,0.0176611962980075,0.5633971180278263,0.012,4.660821673981332,0.0243483272354159,-0.0130491040209107,285,-0.4873520718182836,8.025704136056893,0.3460584431261253,type0_Step_Response,1.0
1418,2.4174717680701523,1.699810253173061,1.9792970505999088,0.1336325404281577,0.0118975842532018,0.6066452053461047,0.159,2.139415625821716,0.0069664939766476,-0.010810258179319,211,2.7287949638376,1.3710991187313373,0.140720866605839,type1_Damped_Osc,0.99333334
1419,2.9717969526853274,1.4304118826639656,1.989950705417487,0.2510888382045471,0.0105265535189955,0.4000697748714543,0.173,3.7261147919600224,0.0188574245103412,-0.0352633447110997,175,3.2376385147498974,1.3866430076496807,0.274059017828776,type1_Damped_Osc,0.99333334
1420,1.0340193126640074,0.9362264176931884,0.9517723674102414,0.0208107796893525,0.0066563008638735,0.4876210079840907,0.179,0.93074235029008,0.0045482055204976,-0.0050052352939692,162,1.3167046819102843,-0.4095465741434312,0.0512767633541025,type4_overdamped_decay,0.50333333
1421,0.6523944529164004,0.5684787553669578,0.577531860505313,0.0202540265190917,0.0006431781512912,0.1160529459509405,0.404,0.4528879375018755,0.0020706088114449,-0.0020378844271859,116,0.6350439933077628,-0.4951558927382445,0.0736174871090558,type2_Triangle_Wave,0.77
1422,2.9048985375183096,2.660040558537504,2.6912390087928646,0.072354945259185,0.0040922490817432,0.1540369045623853,0.436,1.6257623663656764,0.2408336210548283,-0.2409413001284699,75,0.2020440869359544,-0.4943412713433613,0.3459898330004165,type5_Square_Pulse_Wave,0.9866667
1423,1.173433034989648,0.9357457489616872,0.9655076110262248,0.0675442124735562,0.2375610398440062,0.9411411080907642,0.418,1.2443274774203743,0.2370220500120786,-0.2366601237501723,167,1.8111897404806632,-0.4945679233858911,0.1026008148045672,type5_Square_Pulse_Wave,1.0
1424,1.9274738870906367,1.859438674867557,1.8677149499737624,0.0170161228110282,0.0009387001938248,0.1884945332591411,0.387,0.5601236042706736,0.0023546281434712,-0.0025038675304418,28,0.0685885728931882,-0.4955839724809227,0.1187341465917195,type2_Triangle_Wave,0.86
1425,2.952584983894135,2.5006058778349565,2.543725802234964,0.0860398595057379,0.011667532917595,0.3620019513386341,0.205,2.270961065819485,0.0106470011850379,-0.0094976883347785,93,1.01094403969043,-0.474325662820996,0.2941388134248397,type4_overdamped_decay,0.5
1426,0.6126081533371669,0.4671483629096151,0.5256008060340681,0.0221418008554474,0.0021425050986632,0.5848262456541451,0.148,0.4797813181597968,0.0019902791641049,-0.0030016460227324,189,2.5696531955034105,1.4655842019475784,0.0288883679051932,type1_Damped_Osc,0.95
1427,1.766276466148908,1.6762043051221354,1.7213357469920465,0.0319870449293492,0.0900691140529137,0.9811578327645591,0.007,0.7061268404600494,0.0011958883286145,-0.0011688353465479,0,-0.3232296990812655,-0.323146872116842,0.2547120854858096,type3_Sine_Wave,1.0
1428,0.6239343334547874,0.5331552901392295,0.5459198032676286,0.0200763497417172,0.0031237646176567,0.5325701559300197,0.178,0.4306079501279505,0.001689925046878,-0.0017137849449825,213,2.3138966410577333,-0.4391841966182588,0.031578477872161,type4_overdamped_decay,0.74333334
1429,0.8473041199279222,0.2736133908051333,0.6094120542408905,0.0830793246513558,0.0004923138547657,0.1767794027720218,0.218,2.433648973909444,0.018587562423815,-0.017471939271683,234,2.2856333536354883,3.690834871440708,0.0822322571556646,type1_Damped_Osc,0.9433333
1430,1.919923416268296,1.4583445194359803,1.517808459946301,0.1018924075851087,0.0075849748604097,0.5192471937544643,0.172,1.5640977707205193,0.0049711180697336,-0.0067108813206602,178,1.6356910162128129,-0.4740638872692056,0.2135330791568528,type4_overdamped_decay,0.5966667
1431,0.5344700657606749,0.5142980872186702,0.5160628828082506,0.0042326986555548,0.0002477483302112,0.1601177004185411,0.414,0.1523259356701912,0.000834555729557,-0.0008279676349148,48,0.2456521470733758,-0.4952059849815309,0.0268799809512996,type2_Triangle_Wave,0.61333334
1432,2.2428923548220294,2.019171694807638,2.0394304558288407,0.0471882069089449,0.2017063351983408,0.8426332139463375,0.433,1.9938234477168144,0.0109334760096664,-0.0110273424862445,105,0.7555214084881176,-0.4951291914356169,0.1775008263202186,type2_Triangle_Wave,0.95666665
1433,3.390357947610924,1.7895711236343312,2.438331548788803,0.2794418222552807,0.0851483036079865,0.987820548918076,0.016,5.230487619326919,0.0214359117023135,-0.0293320741756177,296,2.477389997976033,1.405205492979552,0.3278557125901287,type1_Damped_Osc,0.99
1434,2.2976840444638835,0.8274960782047052,1.8099636298796764,0.2009933763845848,0.050943121990137,0.9535563421282048,0.027,7.832573693231115,0.0815359320237645,-0.0712098516114441,290,3.1520742141922597,6.664910571277846,0.1359147669537268,type1_Damped_Osc,0.94666666
1435,3.0568129535336666,2.582209784281316,2.6324678863553026,0.1154505823307391,0.4726069194805586,0.9708142948156848,0.421,4.870577978849379,0.0235978062951534,-0.023659773386778,136,0.9605216789129536,-0.4981494267843143,0.3245433360497061,type2_Triangle_Wave,0.98
1436,1.7498185015846155,1.2538907159572417,1.5049014076587264,0.0924931361279152,0.0107049168708945,0.5675649973417047,0.091,2.384020953786311,0.0109324394680521,-0.0129757451085037,267,1.3663264950853098,1.4360903612118,0.1304243601818873,type1_Damped_Osc,0.9866667
1437,1.4539771427021997,0.6262920440261563,1.1482748865241983,0.1279684090885224,0.0074471348940705,0.5918905806941631,0.142,3.827575360582828,0.0295408552974137,-0.0276328701005168,272,2.475673422294069,4.795258457866981,0.1000715651716777,type1_Damped_Osc,0.98333335
1438,1.2341676907739625,0.9510599194263052,1.0681218352463946,0.0523991136786511,0.0059403354076252,0.5232399165326382,0.117,0.9879830516866162,0.0039369057929541,-0.00412698509062,262,2.538626932969133,1.7023069762991598,0.0540185730728253,type1_Damped_Osc,0.99
1439,1.446468678066542,-0.0003746170314498,1.2648440937233354,0.3770693775601305,0.0012118830044753,0.1303230088754068,0.131,2.110781624932038,0.041971783175877,-0.0086883909464514,270,-0.4956502122192704,10.939176261049909,0.1264333465860234,type0_Step_Response,0.99333334
1440,1.129225714604596,0.3608726775092598,0.8468852543949579,0.0871934984766704,0.0050842456089005,0.562131135978379,0.204,3.783564256078932,0.0610902372316848,-0.0549873915673718,142,2.218139429531591,4.089134740549461,0.1051490636879735,type1_Damped_Osc,0.95
1441,2.7121492498495687,2.272132035929955,2.320234237695137,0.0933474750374596,0.1978092145526657,0.9946872057030428,0.354,2.114976043797795,0.0101718951080314,-0.0098291585519478,179,1.412457183558543,-0.4965693480540135,0.2296675232053653,type2_Triangle_Wave,0.9633333
1442,2.172281430254772,0.0917208326251369,1.910892716177417,0.5497201987188396,0.0114175679611574,0.5823280588480559,0.131,3.5448403238262745,0.0534273970028696,-0.0087525962723979,224,-0.475240769611423,6.279776457915221,0.3057608473133406,type0_Step_Response,0.99
1443,3.2675269122081496,-0.00187338051679,2.6500008269207944,0.8094430392663347,0.0297811089032711,0.4852615323989768,0.0,5.6577604701253215,0.0501485777333391,-0.016045482138109,503,-0.5406053564002554,9.36841152838611,0.332668373338941,type0_Step_Response,1.0
1444,0.8451766551508314,0.6540858382556096,0.6713201313591677,0.0470212474319163,0.1373325519377961,0.8999464026124072,0.426,1.3095160030655926,0.190319909628157,-0.189950563657929,117,2.298461519473804,-0.4935010932397771,0.0681260295539294,type5_Square_Pulse_Wave,0.99333334
1445,3.629294349383679,3.463711673100151,3.476997721230531,0.0308022526101556,0.1603461526102072,0.9739730693307832,0.425,1.552780907663903,0.0088347091568707,-0.0090928687150055,36,0.2721756763894062,-0.4917871113648218,0.2121797828730507,type2_Triangle_Wave,0.92
1446,0.9340167049690254,0.7372548497283045,0.7661867017393431,0.0461148990389463,0.0054974075667311,0.5517784277164343,0.172,0.710389980783492,0.0031846486331497,-0.0032629800065048,218,1.8847051215423376,-0.4675226178648763,0.0814013236242487,type4_overdamped_decay,0.60333335
1447,1.0785354799826696,0.6508125836619874,0.8667450583135016,0.0768808605860972,0.0096235907875327,0.9310516962935056,0.021,1.835961687690616,0.0072204013153789,-0.0103110153565756,333,2.503381635898483,2.827407588080878,0.0675623340452689,type1_Damped_Osc,1.0
1448,1.875739876542199,1.0070714304855484,1.43996183562838,0.1527848654205313,0.0099052904237324,0.6984635450514178,0.037,2.916327957434536,0.0134934728392586,-0.0166331388368494,303,1.959373495751642,2.096747713935045,0.171805304902981,type1_Damped_Osc,0.99666667
1449,1.723623007594943,-0.0015297691579136,1.4991900059510548,0.4573157101967188,0.0160485204017415,0.6653048187179202,0.084,3.132923756545164,0.0273158423337991,-0.0088070625780178,184,-0.3055447726507911,6.518275364476335,0.2391816462281339,type0_Step_Response,0.99666667
1450,2.481820095992965,2.4248335702896053,2.455314013203016,0.0199642738530204,0.0569673585770647,0.9852256947743518,0.01,0.5172872476820074,0.0008597396886513,-0.0008589539790557,0,-0.3376355380331549,-0.3376058130020863,0.1754734658646262,type3_Sine_Wave,1.0
1451,1.875219608129951,1.7709934361652775,1.8229595635434055,0.0365445013941541,0.0709606779877332,0.9305231793794266,0.006,0.6407591898266356,0.0010345158463687,-0.001055566061437,0,-0.2936841489869294,-0.2938078265917606,0.2526645926728044,type3_Sine_Wave,1.0
1452,1.607628463675432,-0.0602600857367488,1.354353667576797,0.4669674806621353,0.0098912262679839,0.5308211335053603,0.01,2.7074248238465564,0.0178773806297602,-0.0090417519048811,380,-0.4927830168196047,8.26869116696658,0.1900531000184007,type0_Step_Response,0.99666667
1453,3.2671070458554,2.9458578971654528,2.9758235930399044,0.0676674504942389,0.0016479959588591,0.1579708685986711,0.406,1.335621263198055,0.0069439265679416,-0.0068702713129091,126,0.9816765089102648,-0.4951281381485297,0.2161040669839309,type2_Triangle_Wave,0.85333335
1454,1.9405717912018683,0.8920941770924876,1.2817155415232195,0.1574310259806704,0.0077954374002342,0.5046621355146431,0.134,2.5686912498675496,0.0126951005463173,-0.0237217718410391,182,3.782722196800093,1.822802744070472,0.1587273719340765,type1_Damped_Osc,0.99666667
1455,3.2020259482406583,2.7571993658659464,2.7938021965469386,0.1138132190811064,0.0044384541836186,0.1405235090623314,0.445,3.295945157838377,0.4400879240513347,-0.4385473797102777,83,1.1091109503229917,-0.4911037160054988,0.2749224928912932,type5_Square_Pulse_Wave,0.9866667
1456,2.22543116275842,2.1779418430031936,2.2013448159311224,0.0168956512483775,0.0474470570128993,0.9752919406289072,0.009,0.4546536613507204,0.0007683142074399,-0.0007613947748459,0,-0.3656169793076969,-0.3655026341715899,0.1766187573951887,type3_Sine_Wave,1.0
1457,2.624755429229124,-0.0017595745819083,2.3646450896945925,0.680354540903175,0.0219512092387015,0.735527397106003,0.189,4.47451898039008,0.0412710891468064,-0.0089823950235912,131,-0.4652370409651277,6.4522861950578285,0.3759119115789442,type0_Step_Response,0.96666664
1458,3.56836771749977,1.6019294119318632,2.411358595506441,0.2233366520337761,0.0182438160429851,0.6814171554673014,0.176,5.012877901255571,0.0381779571781755,-0.0616253132494835,104,3.076586437007204,1.96337067433438,0.3255715676979576,type1_Damped_Osc,1.0
1459,2.5722520442366896,2.4968706304239965,2.5110045412159323,0.0263764945707578,0.0746096617204035,0.9580919178905584,0.413,0.8170607700499577,0.0726242604491482,-0.0728690029751328,0,-0.0611446906903845,-0.4915444751687095,0.1685213235612073,type5_Square_Pulse_Wave,0.97333336
1460,2.376871170818018,1.627949262558681,1.9231761809438264,0.1457267032958211,0.0105031247056399,0.5515507353301762,0.109,2.315856707790988,0.0081471359036764,-0.0102057906326242,361,3.65372056308834,1.940922496745576,0.1135651924545857,type1_Damped_Osc,1.0
1461,0.8709897335307129,0.6306938293331282,0.7305524091236566,0.026729280569344,0.0035640069763724,0.4398299818316372,0.266,1.0216049873894582,0.0080572694021546,-0.0113550267315835,116,3.251491893693846,2.0907263759437043,0.0378883056340029,type1_Damped_Osc,0.9533333
1462,2.543132445202356,1.9840797848397684,2.0338726789065533,0.1064105921370484,0.0096579192677899,0.4685638960080595,0.188,1.6605416435171647,0.0051291351370992,-0.0079609443757839,127,1.845036030946188,-0.477119127350889,0.2360947124089347,type4_overdamped_decay,0.71
1463,0.9585734531183724,-0.1270145130138424,0.8216141395724746,0.2874576286990333,0.0052556006152876,0.593100708307455,0.088,1.7317937898035187,0.0219480913067907,-0.0107407262852394,269,-0.4696564291113415,8.971874003158131,0.1142457492340797,type0_Step_Response,0.99333334
1464,3.210882555909287,2.9974297107900467,3.0162463217097706,0.0463809344745673,0.2086170687233455,0.8627127941813689,0.415,4.176305811475654,0.0251466835075095,-0.024826617543133,77,0.4544079157980504,-0.4931348591004239,0.2220522500157651,type2_Triangle_Wave,0.9533333
1465,2.3159277850517643,-0.0012909552788569,2.067877094565031,0.4896263580690894,0.0136259916997674,0.6497990626316058,0.052,9.255164109703031,0.1437497116524786,-0.072887590140084,277,-0.4842975971788975,6.197352899528821,0.3451809401182011,type0_Step_Response,0.99
1466,1.9579167094691687,0.7929912319789628,1.3536905280925464,0.1500764790870579,0.0009509047320197,0.1494987237587659,0.334,3.3251066776729368,0.0265458703759651,-0.0350170840749219,167,2.485940254440641,2.310507682410313,0.2009723006540238,type1_Damped_Osc,0.9866667
1467,3.285528267201779,-0.5524238875407318,2.9133459679502898,0.8377540473009756,0.023750094699078,0.6924071493353692,0.103,7.139539175693354,0.0869208059041387,-0.0680638200648375,262,-0.4622503760028413,12.2428813249835,0.3002944197405695,type0_Step_Response,1.0
1468,1.4105249609236727,-0.0015235402741067,1.1888947174899829,0.3746396348407865,0.0122595343707612,0.7408261775007645,0.018,2.3581551716030384,0.0213572182489614,-0.0049177009972107,422,-0.4647059728435228,14.46774830121246,0.0941174776616984,type0_Step_Response,1.0
1469,3.7679978511542247,3.087871751874857,3.2081255381427964,0.1660725779397782,0.0262025004227339,0.5835784157057434,0.136,3.048655025503724,0.0121236293276894,-0.0150624971930954,211,1.2663818127987092,-0.4600932345824828,0.3765323589384683,type4_overdamped_decay,0.51
1470,1.3266992007106886,1.099657421205179,1.123808877216102,0.0450036326384774,0.0086359157367261,0.7798019809800802,0.163,0.9758902906940043,0.0037309945235446,-0.0040443239734033,152,2.212425171838557,-0.4487429234548596,0.0821519115080222,type4_overdamped_decay,0.6166667
1471,2.9505366970226943,2.4460535241694203,2.521965517089061,0.1181492609221449,0.0187164885613233,0.7627636758853164,0.136,1.860237217821004,0.006368762190736,-0.0079596898732936,238,2.4163410579661244,-0.4404326527010009,0.1695224127062236,type4_overdamped_decay,0.68333334
1472,2.8845066072964847,2.712420181176864,2.725342523163152,0.030711706390417,0.1175588286462705,0.947092949476844,0.396,1.4551696965416658,0.0095254145860095,-0.0097388362696437,61,0.5108600398967752,-0.4957275853585809,0.1695211549490913,type2_Triangle_Wave,0.9866667
1473,2.209243395659242,1.665476311265736,1.7293385786427649,0.1171260707021043,0.0104974845924368,0.5584900364372708,0.15,1.5325767533511971,0.0057493663996543,-0.0078270387346117,160,1.667207902534909,-0.4727446781265903,0.2477904748392942,type4_overdamped_decay,0.6666667
1474,1.3834947117371874,0.6401830132799539,0.9515171145220016,0.1467981760256838,0.0083353628750656,0.785496281140797,0.038,2.135253184934536,0.0086706247219523,-0.0108126280501983,362,2.946064917386215,1.673220217511531,0.1322786939287001,type1_Damped_Osc,1.0
1475,2.274406002632876,1.863752264206624,1.900765274791243,0.0771409333545396,0.0124266359266296,0.6407144708433009,0.205,1.8607773143888828,0.0063227303697936,-0.0093551945642706,115,1.6781826858969178,-0.4649772454532098,0.1855470490547517,type4_overdamped_decay,0.56
1476,1.3593039984064623,1.0687096066307726,1.1082775928645372,0.0674893807490552,0.0070890062351478,0.5164076763697872,0.161,0.9965037535968376,0.0033869278492624,-0.004224083730695,213,2.2487024503690383,-0.4631617706954168,0.1043224368957118,type4_overdamped_decay,0.62666667
1477,2.669343063083527,1.3557041479971623,2.0782847351958758,0.1964704248414324,0.0101979128484734,0.411959598927824,0.128,6.085274586542782,0.0375845879606417,-0.0353248279485809,247,2.5309113183728957,3.4290464368913955,0.1887423690313019,type1_Damped_Osc,0.99333334
1478,0.7764430716079744,0.6436851756545057,0.653424320105371,0.0274869218740274,0.0003781954860379,0.1490185963609874,0.442,0.6023808708146177,0.0040146253622541,-0.0039397149819688,92,0.9247193886440016,-0.4974168379198624,0.0930131427889022,type2_Triangle_Wave,0.73
1479,2.444045680955018,2.04317013406794,2.084383039370661,0.0850460640939311,0.4007884656642448,0.9449528586361706,0.401,5.535039902745149,0.0275999333919925,-0.0277438994855252,152,1.2385189347079455,-0.4971836727078932,0.2302115828210147,type2_Triangle_Wave,0.98333335
1480,2.921386730563798,2.392112018244136,2.443850814003288,0.1074209057677375,0.4116563225027363,0.9371336564761076,0.397,4.392900462945343,0.0226599848766149,-0.0227771902222095,155,1.3269739176052242,-0.4968181463881443,0.2891965376082095,type2_Triangle_Wave,0.96666664
1481,2.706051209600417,1.2808804894581565,1.921400755289851,0.1555647981359436,0.0149202238276198,0.5466107579992096,0.224,6.434909217476166,0.0587699504608911,-0.0663742760100369,130,3.4733266954996838,2.715098961839874,0.1982590887181432,type1_Damped_Osc,0.96666664
1482,1.6562480888722046,-0.167365213998879,1.3711921457903689,0.4829445856244777,0.0155448252903003,0.8501132162530766,0.034,4.3556548307852445,0.0327792147094566,-0.0171860270222076,417,-0.381032387654828,15.090242220592788,0.1160856161617664,type0_Step_Response,1.0
1483,0.92425579989169,0.8360937440071322,0.8443449590747443,0.0178861237190304,0.0685282282063958,0.978391770259784,0.369,0.7547383920625871,0.0040903665558001,-0.0043393191506929,83,0.6185860741018606,-0.4949300137178052,0.0784600012342076,type2_Triangle_Wave,1.0
1484,1.6859156308100638,1.6457522411508845,1.6671802927769277,0.013953014180549,0.0366011209827779,0.9436049076592256,0.007,0.2983507706771073,0.0005730591829691,-0.0006004023908063,0,-0.3941885355594837,-0.3942825784727657,0.1898718913751693,type3_Sine_Wave,1.0
1485,4.154195589679058,3.018947848391486,3.112682271325846,0.2792161287599783,0.9528272692102546,0.9190106171338448,0.444,6.00918025931792,1.1341964395576811,-1.131026930701462,106,2.238530204254163,-0.4942526960290946,0.4136781859287337,type5_Square_Pulse_Wave,0.99333334
1486,2.748637682294272,2.2311480435202498,2.2876668017487445,0.1077665214492426,0.0104069871225744,0.3823168046636638,0.174,1.6044914534624342,0.0057489545285895,-0.0074994849552383,124,1.1141546703430127,-0.4831949165018803,0.3172914828555786,type4_overdamped_decay,0.74
1487,2.759279900867932,2.247910687580078,2.2918471556980338,0.0887520341201537,0.016229804754571,0.671716476884608,0.192,2.4255300853390263,0.0092672233130044,-0.0104338616177748,80,1.1043758432380018,-0.4632280819642579,0.3115924265655185,type4_overdamped_decay,0.53
1488,2.453842774518714,2.3416972838103054,2.401714738713886,0.0394483985907969,0.1120925771891339,0.9894439159743632,0.008,1.0060999044103864,0.0016686492070836,-0.0016764101209996,0,-0.3033315118770219,-0.3034817424273263,0.285221950984114,type3_Sine_Wave,1.0
1489,3.5007403002890274,2.991132375650817,3.035413369013476,0.0907159677093575,0.0194633560927566,0.6235956830455307,0.206,2.7470765798522594,0.0114720508905965,-0.0118406913942745,99,1.5258365713064177,-0.4557052311569803,0.2461717837677985,type4_overdamped_decay,0.44
1490,2.4395248875801747,1.3499568453550357,1.7392533374624235,0.1504391458417463,0.0113093390678866,0.6159034536960528,0.145,3.1343109154869766,0.0196006862632143,-0.0328953961697504,124,2.365589982396457,0.9639940919586836,0.2516565156174781,type1_Damped_Osc,0.99666667
1491,3.5447343996421483,2.059154889339086,2.747577042240507,0.2574503734172783,0.017062045598871,0.621388122958624,0.057,4.750597850291562,0.019360827057044,-0.0273041453176094,302,2.284238817086412,1.9450547206373847,0.2840879938343841,type1_Damped_Osc,1.0
1492,0.8482141854632148,0.7083988421759808,0.7216443862140696,0.0361522716380711,0.1198305280017781,0.9059930215892372,0.412,1.0121091934899449,0.1391270120443215,-0.1388836608553436,121,1.421188951064092,-0.4927802014781867,0.0725029604420002,type5_Square_Pulse_Wave,0.9633333
1493,2.4754033054373945,1.244540069522146,1.772511680036745,0.1863998401661951,0.0118101381102471,0.4380201874103848,0.194,3.083389933860164,0.0138843705365299,-0.0248744591214893,154,2.609156837349744,1.803655137407984,0.2273981142621051,type1_Damped_Osc,0.99
1494,1.7926917751113098,0.9468471813022916,1.3675908881305103,0.1551258775790832,0.0239976919744715,0.945463753718779,0.014,3.656519326295727,0.0132797049735349,-0.0164830991141666,329,1.7764789221452375,1.8862287257877537,0.1814063110270245,type1_Damped_Osc,0.99333334
1495,2.2113029343783115,2.027041915030968,2.057680334006037,0.0669659506850923,0.1829906827523957,0.2506787883010098,0.407,1.1227633891651392,0.1817222832058442,-0.1821835332050296,162,0.2127621758208752,-0.4953537561889012,0.2568425659708151,type5_Square_Pulse_Wave,0.9766667
1496,0.9705597048077216,0.6925686265992363,0.8008659589463442,0.0547068291079787,0.0040804522933792,0.528075940300844,0.131,0.7843516638386574,0.0028408732072124,-0.0043915198479798,330,3.3200741694710425,1.6572870662339532,0.0465073244273646,type1_Damped_Osc,1.0
1497,3.5340601597878485,3.392092190641845,3.4566299377746947,0.0496841395550187,0.137162892526792,0.9556496726994984,0.007,0.9967115300554736,0.0016293822053534,-0.0016169283038496,0,-0.3517191378733469,-0.3517964122462088,0.4788378250638487,type3_Sine_Wave,1.0
1498,1.2045697385247414,0.65442335265556,0.8671025430825171,0.1041788160569423,0.0064046309874671,0.554698290887505,0.165,1.7038750260746502,0.007024099855751,-0.0104234634257299,308,2.713233709937823,1.248933304185574,0.1108681719707027,type1_Damped_Osc,0.99666667
1499,3.454086002955576,3.383701875557003,3.396889275960603,0.0242176300846704,0.0703841273985728,0.9327735962963372,0.405,1.4866766622687742,0.0663001687857258,-0.065986204295962,0,-0.3147316966117036,-0.4930577064028164,0.3661823463556994,type5_Square_Pulse_Wave,0.8933333
1500,2.643155010286109,2.571312289362309,2.5802893040550514,0.0192509189551116,0.0504537949444885,0.8216138377997674,0.41,1.199427770910778,0.0687053894900073,-0.068682655770035,0,-0.007831849149623,-0.4856005016623971,0.1418225602028924,type5_Square_Pulse_Wave,0.93
1501,2.9241200502633267,2.7554137844077724,2.8414359592956835,0.060076167454348,0.1686441303210477,0.9815282897030584,0.007,1.2780591916244255,0.0022282253949659,-0.00222236878832,0,-0.2641271316107486,-0.2642728777650116,0.357731698917644,type3_Sine_Wave,1.0
1502,4.45506843779517,2.5263608825164083,3.309867301579384,0.342351921880309,0.0206308363286198,0.7685973524659558,0.064,5.864015390973185,0.0244778880538341,-0.0371369328936106,300,2.6354929534972524,1.4539621497345854,0.3789615029817277,type1_Damped_Osc,0.99666667
1503,2.8731101564543384,2.3234892165448624,2.3810914355390325,0.1092969321588575,0.5354252244801989,0.958230937760094,0.326,6.769247569143118,0.0338752235415418,-0.0338108916253188,185,1.6149481690872567,-0.49496855933033,0.2592576538849327,type2_Triangle_Wave,0.86
1504,0.920043249190328,-0.0013348927929488,0.7538047032455865,0.2568865211891128,0.0090012257230658,0.7031445829936221,0.0,1.6416583731917282,0.0182311471721318,-0.0048686670277127,399,-0.5031625251627091,8.209332452231932,0.1058304799586472,type0_Step_Response,1.0
1505,2.1293504003032475,0.0015516964043228,2.069361777616868,0.2443795064457844,0.0133823124036136,0.391576970324558,0.188,3.704282174782917,0.0799478367701777,-0.007404483158079,60,-0.4534675632757324,14.433066191872369,0.142046443076043,type0_Step_Response,0.9433333
1506,1.2002889598956172,1.1193768265454278,1.163012470063251,0.028517808644598,0.0773729027578784,0.9656148906901876,0.004,0.3646992794123889,0.0006400904329739,-0.0006427728930138,0,-0.2577986917848255,-0.2577436252621884,0.1670158946742135,type3_Sine_Wave,1.0
1507,0.824643406966956,0.0478587724209204,0.7300875730280797,0.2174329487042239,0.0052955136283655,0.475826974516024,0.189,1.433228580492421,0.0125210226676504,-0.0036575734027484,235,-0.4699832015978858,8.171297746101079,0.0892721014248068,type0_Step_Response,0.97
1508,0.8082679032921581,0.6095638756836465,0.6401764424756832,0.0479590791345906,0.0031792350341,0.6833598827901821,0.115,0.4810061023023119,0.0014971495887708,-0.0029118375260057,238,1.966698422588344,-0.4773822574807435,0.0798227362171661,type4_overdamped_decay,0.79
1509,0.9793276133744934,0.852233779544165,0.8641328974545162,0.0229865321289904,0.0042880292010629,0.497386109108469,0.223,0.6647321292856224,0.0027492490461736,-0.0030600597031423,128,2.3909748705648672,-0.4327363279484087,0.0429626725496985,type4_overdamped_decay,0.69
1510,2.627483346183595,1.862412969616608,2.205861906161025,0.096825956189393,0.0151931071498423,0.486614473818088,0.163,4.368733727519331,0.0355131768097574,-0.045007060987217,124,3.220878322700375,2.3282473104968644,0.1168202321068445,type1_Damped_Osc,0.99666667
1511,2.890427066549473,-1.2539814316529534,2.307720228167975,0.7321934827810094,0.0263056675050497,0.580835840792415,0.098,13.17174172492144,0.1277670781044876,-0.1069246444163509,214,0.5055470678214425,10.431474735351088,0.3471894888472899,type0_Step_Response,0.98
1512,0.6483343480975562,-0.0002799857941143,0.5490732051600358,0.1774683436403602,0.0034895504331391,0.6047474992793903,0.06,0.9239542737086388,0.010570881699227,-0.0015262292967394,330,-0.4774347580917916,9.210228601214403,0.0666421527411673,type0_Step_Response,1.0
1513,2.897800917910028,2.434678916923348,2.4696762760551985,0.0907094951889717,0.4627963708727218,0.9716885395790664,0.42,3.4600314910575185,0.0229412387545577,-0.023102229856442,120,1.5513369850307928,-0.4954170913564218,0.2252626682642686,type2_Triangle_Wave,0.93
1514,0.800173773017282,0.7164883326794983,0.7235206902227067,0.0167296486659515,0.0814506344817136,0.9503660934938284,0.422,0.8331319232870995,0.0052063713911386,-0.0052642325041132,104,0.9524814722528242,-0.4961249828283733,0.0574621948303715,type2_Triangle_Wave,0.9633333
1515,3.737467436690545,3.161487714752329,3.2176161244402746,0.1104370682862292,0.0183594228520846,0.7241210054097369,0.219,2.424191431572112,0.0084285895854323,-0.0114701783032877,100,1.1525868756164566,-0.4648362253485494,0.3412706265862124,type4_overdamped_decay,0.5366667
1516,1.0437082668291466,0.575160552875208,0.7630178218749029,0.0830782262945362,0.0056972098200742,0.5181698842827143,0.118,1.123653854268229,0.0038237923566863,-0.0055789671672699,260,3.126133267047269,2.050500496306598,0.0758581019865294,type1_Damped_Osc,1.0
1517,5.328985704921756,0.947791219806508,3.517874007785849,0.6650159452678533,0.0144687758066477,0.3302209221197349,0.12,18.447296193743465,0.1496058683524848,-0.1401527752456712,270,3.0776537153066847,4.451895420636775,0.5136490118396675,type1_Damped_Osc,0.92333335
1518,1.0531328509815914,-0.0014032383140169,0.8858746420202613,0.3013798371415805,0.0071323022629379,0.6289437668281411,0.072,1.713940667707021,0.0114488310438793,-0.0040953566247247,400,-0.466334608688908,11.480715386066503,0.0877728206584929,type0_Step_Response,0.99333334
1519,0.9821950103874306,0.9336468081010812,0.9607417752028002,0.0166801566060007,0.0354038455490239,0.9441868962292778,0.006,0.2543495651591851,0.000466526374548,-0.0004651371002564,0,-0.2933705110150854,-0.2933734916398298,0.1174773084921735,type3_Sine_Wave,1.0
1520,0.9821102395708908,0.852155873211755,0.8652783392333054,0.0316486338748107,0.0014102616230191,0.1581562525639174,0.406,0.7589765707263127,0.1287315823053939,-0.128577362368188,154,1.205387695726322,-0.4893246280340779,0.0757281995083654,type5_Square_Pulse_Wave,0.9633333
1521,2.471241899796409,-0.0022959006462296,2.234232761841048,0.5534128331372924,0.0132631883992968,0.562798691241668,0.139,3.9234473745028753,0.0693139033484945,-0.0064711442806948,218,-0.4758393275804705,7.146044052908348,0.3224865422789484,type0_Step_Response,1.0
1522,2.957200263283125,-0.0021960842517551,2.4762381344698325,0.7980838918725983,0.0239752218093247,0.6465387727900193,0.024,10.972614557229845,0.1177937329877007,-0.0621790029266335,364,-0.4807769437304534,7.123667916676918,0.3872090231314633,type0_Step_Response,0.99666667
1523,4.038999637858431,3.452668892690454,3.51129258083836,0.1189179960397145,0.4664416134895104,0.9200433922423028,0.37,9.723385075045377,0.0496381200880589,-0.0491123190011366,97,0.6731336169342728,-0.4961714327801003,0.4981729685642753,type2_Triangle_Wave,0.9633333
1524,0.7596394654675226,0.6800600890710595,0.6892837503452224,0.0157409042463953,0.0038466896985541,0.7390520616295514,0.166,0.4921588780986616,0.0016681778518208,-0.0018984704452982,111,1.0454290764756284,-0.4562773124402755,0.0500766372334295,type4_overdamped_decay,0.75333333
1525,2.9677542008384736,-0.0020414987424708,2.644161315311617,0.7166446382169811,0.0128333233112645,0.3437670514749927,0.151,4.385789123922358,0.0295259694276102,-0.0094054022184559,273,-0.4571683187761684,15.574136908537318,0.1842651540232949,type0_Step_Response,0.99333334
1526,1.5057968997000275,0.6506326813802115,1.0741621313513725,0.1242528200484224,0.0056165249334667,0.4618059499355886,0.127,3.5726666399368705,0.027243894260756,-0.0294573051392313,189,2.418440650457866,2.17771361123259,0.1528128386620801,type1_Damped_Osc,0.99666667
1527,1.4789223066713928,1.226605824325818,1.2528535077976133,0.0514398898399304,0.0064301355784512,0.5285742817458001,0.19,0.93790413509621,0.0031871997792025,-0.0048199181521648,114,1.1095056033724229,-0.4768106652248896,0.1545398815481444,type4_overdamped_decay,0.72
1528,2.135761406357457,1.8707271802870944,1.9092384046236448,0.0915441062782257,0.2642297625047838,0.9143180638616556,0.437,2.549911242995064,0.2627499105400563,-0.2629050884373052,142,1.18836627879863,-0.4918641799941132,0.1562239305551851,type5_Square_Pulse_Wave,0.98333335
1529,3.1869579984866148,-0.006695878719553,2.77471718671282,0.8312421251663646,0.0393602514145667,0.6257453584120504,0.133,7.250778589296143,0.1126164882765026,-0.0310837329486619,242,-0.4649163146705849,6.726023190361171,0.4398301707826642,type0_Step_Response,0.9866667
1530,3.306843644823932,3.2469871734305564,3.2796175073384752,0.0208995711681957,0.0570610610130364,0.952641566889441,0.007,0.4225388199583682,0.0007142504818848,-0.0007085652869718,0,-0.3826519106603422,-0.3825427243137558,0.2549195219060367,type3_Sine_Wave,1.0
1531,2.949954078653328,2.8970444282489827,2.92568579898,0.0183598139580799,0.0456059935686239,0.9395004054345468,0.007,0.3839284942099548,0.0006658941459405,-0.0006685187225112,0,-0.3395429019484616,-0.3393965422906231,0.1647964829530335,type3_Sine_Wave,1.0
1532,0.7377343864135281,0.7118518562469021,0.7145971112838472,0.0056662957792894,0.0221528134678629,0.9760566029729512,0.374,0.2837866653907562,0.0013304684828165,-0.0013227509665665,44,0.2148445503675215,-0.4940909982539354,0.0359103747608684,type2_Triangle_Wave,0.94666666
1533,3.334763790723369,1.8483926999022016,2.4487058921932543,0.2295328083193504,0.0296304970691076,0.8690772068797631,0.042,4.509520400533145,0.0173468840611157,-0.0247678509055955,296,2.8439186596723856,1.7210493433205063,0.2670942744004607,type1_Damped_Osc,0.99666667
1534,2.3196921786238662,2.205650067107636,2.225451545344028,0.0396431027835793,0.092054488823233,0.5705076685318193,0.415,0.7308907499429558,0.1122622680995304,-0.1127676989751882,184,0.4912982730692058,-0.4901814200312389,0.1139148853304794,type5_Square_Pulse_Wave,0.9766667
1535,3.0713007444348106,-0.0011019548533172,2.724603347270929,0.605654973680388,0.0215539708595815,0.6362551014001891,0.064,4.933735041529253,0.0672395336855564,-0.0096256728909267,427,-0.4531659809267326,17.252913213940364,0.1726093443388716,type0_Step_Response,1.0
1536,2.939469724178622,1.83167363441479,2.316780192018548,0.2073928715556905,0.0130977377599874,0.6391900369794199,0.095,3.068463064409311,0.0121992426591983,-0.0167097663112674,247,2.3224619292856734,1.7261936393309112,0.2194239782666311,type1_Damped_Osc,1.0
1537,0.7722846776148972,0.706005228709533,0.7157050116706813,0.0221693999060615,0.0008730234647217,0.1406833775027983,0.422,0.4076946186721105,0.0652872887974983,-0.0656564343827987,147,0.8996489938211009,-0.4891874602234765,0.0469913197393672,type5_Square_Pulse_Wave,0.92333335
1538,2.788801039928577,2.440392624526339,2.5005981096858623,0.0886095454735302,0.0045318578913495,0.1273618526288466,0.164,0.9272902857968766,0.0027009794548189,-0.0044155743415967,252,1.610694245109779,-0.4882775861594157,0.1641564647228799,type4_overdamped_decay,0.95666665
1539,3.4308385393359493,3.34565413593728,3.3883899792454675,0.0298065225272945,0.057587847604219,0.9304108835695748,0.006,0.5294280131312803,0.0011253781015372,-0.0010863377608649,0,-0.3696145831578121,-0.3694476487823625,0.3264548632880895,type3_Sine_Wave,0.99666667
1540,3.980329753485744,3.481058193715384,3.543240685304768,0.1016554008573113,0.0288118601451614,0.583668667180551,0.182,3.2063379560350245,0.0118443824377547,-0.0124194947725979,148,1.6336530318745468,-0.4387591332514665,0.2274695647400393,type4_overdamped_decay,0.42333335
1541,1.3355354990562844,-0.0025069628499388,1.1012897856150203,0.4134815644343779,0.0101047424403175,0.4624738700333066,0.054,2.3472051985094238,0.009990338913475,-0.0054691608373222,315,-0.4740513708136237,9.51782557696909,0.1332210814821171,type0_Step_Response,0.99666667
1542,2.436853902493391,-0.0013439394935673,2.3502593749063645,0.2925017958324684,0.0121432301297934,0.5663395309894245,0.223,4.081678291522399,0.1035745437758794,-0.0070695958306239,97,-0.3807332227902142,15.357282025920558,0.1526110471060704,type0_Step_Response,0.94666666
1543,0.7482499232288534,0.0005083608607627,0.6454344805053508,0.1720554399485159,0.006611638764605,0.5110105590467576,0.074,1.299988068587728,0.013112540658963,-0.0036561312601778,391,-0.4530406281217539,13.60439930701627,0.0528388530977792,type0_Step_Response,1.0
1544,1.6731995978814345,1.610442457951468,1.6165857607602507,0.0159730610250828,0.0624566591791455,0.8623866072145472,0.458,0.8289113665596475,0.0619238172950316,-0.0611993696545021,0,-0.2319651710930626,-0.4957107200714989,0.2304501801119991,type5_Square_Pulse_Wave,0.99
1545,1.423842644679127,0.6179089228928758,0.9870132405353338,0.1583513382981364,0.0056215809054334,0.4780771140235005,0.106,1.8066814499846104,0.006019480123225,-0.0088180996476114,335,2.464747137190339,2.207947558353212,0.1420724655637452,type1_Damped_Osc,1.0
1546,1.0057306526121874,0.9654991423439758,0.9712843342100514,0.0130655688111561,0.0299476028845158,0.9355327822729084,0.434,0.3485933953529659,0.0395389385152613,-0.0396710753507369,102,0.0417191954320546,-0.4949268155944201,0.0735773060337051,type5_Square_Pulse_Wave,0.9633333
1547,2.4309997860863533,0.9802868349289316,1.8878769654215104,0.1792997367117086,0.013304278310138,0.4548508034960428,0.142,6.448432339644279,0.0612842302253526,-0.0608886198033395,187,2.361529615787936,4.4002611172729,0.1869044143354967,type1_Damped_Osc,0.9766667
1548,0.515688533354195,0.5046667557585761,0.510211425971443,0.0038415719298337,0.0077687378900604,0.9312032358796902,0.007,0.0689243993147497,0.0001383215858519,-0.0001408974880748,0,-0.3367479417799271,-0.3363012939546117,0.0337108176528681,type3_Sine_Wave,0.99333334
1549,3.9079821846411495,2.5728229696765905,3.115357709914841,0.1801420672838383,0.0202050708334384,0.6896447850452873,0.166,4.031242017019082,0.0225311135581121,-0.0343746785664973,103,1.7221739650523324,0.9681652600012528,0.3617985051076631,type1_Damped_Osc,0.98333335
1550,0.885811474701138,0.7978554123482017,0.8066538616238288,0.0207634906972618,0.0872553486689026,0.978812430901515,0.4,0.7526541227926159,0.0038597656797083,-0.0037954591421139,109,0.6335391217197764,-0.4976192594533857,0.0774315735420332,type2_Triangle_Wave,0.99666667
1551,4.110254822388419,2.905367881271148,3.3790864751809613,0.187245903941411,0.0239282201598483,0.5763263306395495,0.137,3.845500815997931,0.01559203244302,-0.0173169567864239,223,2.5404782808887454,1.4882334432557387,0.2396015137102045,type1_Damped_Osc,0.99666667
1552,3.067757023547529,-0.0075938584321425,2.563497984928948,0.7670223959800344,0.0281458600908321,0.4890836523998721,0.086,5.6560612427387,0.0282045389002227,-0.0122366231225115,183,-0.0193037932934417,6.521304338604018,0.4099374378081113,type0_Step_Response,0.98
1553,3.971745173855437,3.432580473944099,3.512762693373006,0.1245146273265379,0.0278757233872619,0.7266671255885562,0.171,3.3371669858594664,0.0109755159402347,-0.0137347094679047,217,2.1943064820525837,-0.4327679697319275,0.1952406955419396,type1_Damped_Osc,0.48
1554,0.5594061605626044,0.5459293180359599,0.5532701790210164,0.0047046577170606,0.0127759382744624,0.9514536677760004,0.008,0.0953661945352624,0.0001582122397906,-0.000159493336715,0,-0.3071510035718098,-0.3072130202904193,0.0349470572263979,type3_Sine_Wave,1.0
1555,2.400796844748228,2.207430608925493,2.2314383949802004,0.0525327633843217,0.1057814204434199,0.8745824160789788,0.398,1.687318124607395,0.190870558898117,-0.1901776498095624,181,0.7760643889939269,-0.4920809707718384,0.1505987017266048,type5_Square_Pulse_Wave,0.98
1556,3.9492681898368063,-0.0036322468754657,3.054542761081071,0.8274970180493069,0.016109602600022,0.4191918009613741,0.084,13.479680979196916,0.1748522939372001,-0.0723925549935811,264,0.7601054738783942,6.714478277525995,0.4664418398198267,type0_Step_Response,0.8933333
1557,0.7467800577960231,-0.0010920199772262,0.6533671639257438,0.1864822437504218,0.0043536692560838,0.4726479889411648,0.132,1.3758712538471876,0.0188488863817401,-0.0032234744646142,285,-0.4685524849129169,8.219691788638773,0.0854599671901963,type0_Step_Response,0.9866667
1558,3.3994630668118777,3.145675556876033,3.175266873292259,0.0658007743407992,0.1280507768905452,0.9264829748859756,0.436,1.958763725958272,0.2517244003106391,-0.2515305239700947,77,0.2813493453668642,-0.4942517536153386,0.3224346162349349,type5_Square_Pulse_Wave,1.0
1559,2.4709278431795383,1.995919291158648,2.031376233303438,0.1177443139916456,0.0026337866926973,0.1779049408488141,0.47,2.347374469141836,0.4717737689096599,-0.4720847047669552,77,1.537341291315393,-0.4931620132259663,0.2323712783473928,type5_Square_Pulse_Wave,0.99666667
1560,2.685297088017439,-0.001151167933602,2.430094555384706,0.4961424389270041,0.0215112278111311,0.6247990875446127,0.138,5.039606309308057,0.0537425444771552,-0.0116942680653262,334,-0.4356732245567174,15.91331409613102,0.1630359756526465,type0_Step_Response,0.9866667
1561,2.819206325341235,1.7788064295144277,2.2259761384997163,0.163598100898489,0.0144379440255018,0.3580433427329983,0.179,3.836209807918247,0.0163866764354523,-0.0227202886836734,265,3.542174280671188,2.432434675106375,0.1491696383873924,type1_Damped_Osc,0.99
1562,0.5909831344448456,0.507174946031889,0.5165608364052577,0.0166565957596364,0.0031465248370836,0.6796652138991872,0.19,0.4700236932929771,0.0019802583207186,-0.0019618372783145,132,1.656409988190707,-0.4383049166654007,0.0377836872963484,type4_overdamped_decay,0.63666666
1563,1.1396506061496376,-0.0004494272225233,0.97928480360042,0.2416383029202951,0.0059414076302599,0.2710367591603541,0.004,1.556825634311906,0.0112821912301609,-0.002962955714592,507,-0.4923584083510227,10.316844110221226,0.105326023311683,type0_Step_Response,0.99333334
1564,1.0991983734908093,0.8953100530174087,0.9209461701169062,0.0669540929830668,0.0006256981570824,0.1307701459951144,0.436,0.9588115788606958,0.2032526931847333,-0.2035553115628019,124,1.0348170453356185,-0.4967116136509582,0.1325580914502624,type5_Square_Pulse_Wave,0.9866667
1565,1.777208832880424,1.522154502523235,1.5599810384797377,0.0592044391245194,0.0069279863541247,0.3761362553371915,0.157,1.029922471809838,0.003784677277326,-0.0046679278185264,206,1.659277020623841,-0.4709138991621298,0.1165502780849396,type4_overdamped_decay,0.6933333
1566,3.5131748936185696,3.337925491139866,3.3634699495550566,0.0602190662303339,0.002264804110637,0.1374321475092754,0.443,1.48059528929674,0.1738695390041535,-0.1744217841567659,141,0.2979805008421524,-0.4946770476007406,0.2181608976925897,type5_Square_Pulse_Wave,0.98
1567,4.157865614157658,1.0789049487670572,2.668815646697416,0.4144578827877537,0.0227311276346329,0.6109874854267806,0.219,12.139128705915166,0.1015879534506802,-0.1138265355927181,178,3.3193586903202723,3.494682696810887,0.3940292241683414,type1_Damped_Osc,0.96666664
1568,2.337760298874872,2.201627624399229,2.2696832127572453,0.0481995097805538,0.1113185970934305,0.9432888764996156,0.006,0.8110132392012042,0.0014248601781527,-0.0014141334580317,0,-0.2909303074069931,-0.2909216861069645,0.3255609792801603,type3_Sine_Wave,1.0
1569,1.938060404737913,-0.0009892415380534,1.6894603057235893,0.4971814453123831,0.0166852992602886,0.5279394361663898,0.096,3.32703730234314,0.043014362676947,-0.0079689356905183,294,-0.4646991932152033,6.818040998066657,0.2636963842747872,type0_Step_Response,0.99
1570,3.4048937046883205,3.013913920605158,3.04555462448874,0.0741157732412956,0.0041363007731756,0.1620248450763843,0.352,1.0947720984440683,0.0031908808665948,-0.0058526485550758,111,1.5301289958846522,-0.488460886159436,0.1915001670549596,type4_overdamped_decay,0.81
1571,0.6889756401357083,0.678268109418571,0.6829873230475032,0.0037904659075878,0.0080428102089042,0.9515431006773268,0.005,0.0502020914355517,8.647219078472546e-05,-8.814720220551298e-05,0,-0.3859521402904339,-0.3859247931219877,0.046937518758221,type3_Sine_Wave,0.99666667
1572,2.607505644308484,0.8101979238043697,1.7788444380027972,0.1933272845961895,0.0085217209850874,0.3027411406697241,0.176,8.841639866799419,0.1426462218053579,-0.132102276764235,133,3.654144881641488,4.1621193402478704,0.203862733156487,type1_Damped_Osc,0.95666665
1573,1.1659010679871675,0.0463396884091339,1.0505267807362946,0.2889487240588403,0.0012006654905583,0.3578797524468327,0.173,1.2776946980152135,0.0139892404223525,-0.0007600039089974,153,-0.4193189316266319,8.892061817936773,0.1181876667629189,type0_Step_Response,0.99666667
1574,1.7323275845024502,1.7014091652589418,1.7165697465678735,0.0110245110526714,0.0309059597909477,0.9822340634474146,0.007,0.2341723865917648,0.0003950344534691,-0.0003969736407487,0,-0.3935488302800843,-0.3935665109691387,0.145235544096695,type3_Sine_Wave,1.0
1575,0.7270324380615638,0.560682665033817,0.6197542493461303,0.0194189618579855,0.0033699168687503,0.4646329039287593,0.203,0.7028528616288252,0.0050746100106932,-0.008568977153059,99,2.959182544998189,1.279714670711933,0.0317528224315808,type1_Damped_Osc,0.96666664
1576,1.7985121620919629,1.130204834571836,1.4612900711897434,0.0923728290410474,0.0111436024526887,0.7152875938156358,0.216,2.772589737310632,0.0173026742057813,-0.0211580368829644,186,2.8047513934184924,2.781732294527185,0.1014664818411736,type1_Damped_Osc,0.98
1577,1.3053530574369905,0.8596519710862515,1.0703343622677304,0.0893991029047769,0.0062433704898918,0.4114266481000621,0.135,1.7878113241878282,0.0065136183737966,-0.0083354902939445,360,2.418519708913414,2.180075469031933,0.079609450618344,type1_Damped_Osc,0.99666667
1578,3.642345363362054,3.178539500036244,3.221095953771349,0.0825093690208994,0.0176932102075895,0.7318820425952395,0.185,2.16116785332256,0.0082662685286143,-0.01021611832055,108,1.7817804628261265,-0.444136861739081,0.1984074317873485,type4_overdamped_decay,0.58666664
1579,2.262720554080079,-0.0016868408757957,1.901362947419348,0.4681810521197837,0.0201139384949411,0.67930654804974,0.0,3.464383105699961,0.0319391212452511,-0.0074050646104462,489,-0.5626046157357002,7.328345964505248,0.2915893400589064,type0_Step_Response,1.0
1580,3.550793766080717,3.3856299453059093,3.4044671863424942,0.0395015681684149,0.0026921205953955,0.1715936947234834,0.416,1.1580287007025123,0.0051747330774634,-0.0054567484881422,69,0.2502656630243854,-0.4912127089950845,0.2175919610062306,type2_Triangle_Wave,0.7866667
1581,0.7910167874638034,0.643849961620772,0.670698638413367,0.0374817480101485,0.0038742589881667,0.4450586315932344,0.139,0.5620356960147316,0.002240616388082,-0.0026177470710985,229,1.224522732540373,-0.4780826302545616,0.0842667467669882,type4_overdamped_decay,0.64666665
1582,2.673759270381402,-0.371791705039484,2.2715409668934665,0.8170614847670251,0.0141316101401947,0.390129134627831,0.07,5.053834070508806,0.0487412847640569,-0.0455661350821754,295,-0.4779016683721021,11.715540619851495,0.2488675297168097,type0_Step_Response,1.0
1583,2.5058163747755207,1.5292400313935188,1.892506184948149,0.1720320634097263,0.0106872810713836,0.9466216314641732,0.018,2.1123376900968776,0.0071045546202799,-0.0107166723166787,316,3.1228887270612185,1.483192174422937,0.1741994738469547,type1_Damped_Osc,1.0
1584,3.754394130149464,3.298478957436206,3.373441758362836,0.1067216974717348,0.0235020251366497,0.692996041474153,0.144,2.8560619520373405,0.0106114046955356,-0.0119729675072393,195,1.3071831708783264,-0.455752480483263,0.2462501972547368,type4_overdamped_decay,0.48666668
1585,1.6491836712843566,1.5190804581773836,1.5363968615613517,0.0342614088584755,0.1297572980964747,0.9835607478104258,0.368,1.157678334837552,0.0045175203374085,-0.0044899834268514,58,0.145941032661038,-0.4976841251648607,0.2006969946675658,type2_Triangle_Wave,1.0
1586,1.6432650750338509,1.534469084947563,1.5456319436430188,0.0253646858064582,0.1075603817644876,0.944067433821942,0.417,1.3722290398890673,0.0067931402083776,-0.0067342194867938,80,0.3850470383913341,-0.4936469653148149,0.1220506856262604,type2_Triangle_Wave,0.9766667
1587,3.078739434466401,-0.0047284317624284,2.760667039036916,0.6083844964776789,0.028383873413345,0.5976774875697987,0.018,6.588702693263043,0.0910469612146126,-0.0285516673827523,327,-0.4606251649657076,18.56839181933629,0.1613724891037193,type0_Step_Response,0.99
1588,3.0885868494829505,2.100019897483862,2.522121370513384,0.1773351056422501,0.0153013224851714,0.569985184436202,0.151,3.733036760036301,0.0152554826105877,-0.0211963989969516,267,2.0363187917011287,1.2120581389719105,0.2326928537959265,type1_Damped_Osc,0.98333335
1589,1.550598602500059,-0.0002072180655518,1.43228446474394,0.3688212445142231,0.0019837498558377,0.1286032845347786,0.374,1.8778214700260525,0.0548349819974347,-0.0015467026813968,119,-0.4942488858780814,8.13554007857024,0.1794645945824751,type0_Step_Response,0.85333335
1590,1.8660937185018087,-0.0015898001131705,1.724953570581121,0.3983466404030906,0.0137249457725909,0.5067151009425029,0.218,3.2771341028566456,0.0691974940016164,-0.0069216549450548,150,-0.4360065420897652,12.505064557842529,0.1429088092166834,type0_Step_Response,0.97
1591,3.287408297069636,1.6145746380726695,2.6169135907976644,0.2032265283655134,0.0145933609495338,0.7047871417617163,0.169,7.866668053856575,0.0835005174068186,-0.0754669530819338,161,2.108047713443116,3.493712041278699,0.2533920834972063,type1_Damped_Osc,0.99
1592,1.135045079036529,-0.0271573293456153,0.9222053037137397,0.3188121327227257,0.0074144031243705,0.7296467193019669,0.0,2.044704708406824,0.0166521937463997,-0.0077527514680424,407,-0.5003587253695756,6.732649517221121,0.1606963051999472,type0_Step_Response,1.0
1593,3.3212094987347243,2.641671194786472,2.732735287530521,0.1546995936556354,0.0091943345778613,0.2594482744032369,0.179,2.2935050044901524,0.0075806735030603,-0.0111752296678306,174,1.3655279560550766,-0.4860260903701054,0.3615523433921144,type4_overdamped_decay,0.5466667
1594,1.7792998932134505,-0.0009955484077828,1.629284142063684,0.3693794654723843,0.0096729037749698,0.5282617479569771,0.135,2.9832155859517933,0.0427226011664836,-0.0064886761034679,224,-0.4205328843821262,7.48787531929303,0.220679295069603,type0_Step_Response,0.99333334
1595,1.2168904948909929,0.897282689620665,0.9415074384495996,0.0745858695941744,0.0069659205618731,0.6192825938418021,0.161,0.9598576216461684,0.0034756993532403,-0.0036911859672958,225,2.3453122163657567,-0.4717560048559044,0.1112237874415535,type4_overdamped_decay,0.61
1596,1.2901378999024962,0.6805203596286992,0.9144246262880958,0.1078218760591476,0.0274771219069943,0.9838149611804532,0.008,1.5486268957773843,0.0054869648720152,-0.0087142964988642,330,3.1493238462005686,1.5704082895463505,0.1065814842034013,type1_Damped_Osc,0.99666667
1597,2.4041209669677626,2.198146810780482,2.216848515410468,0.0373130991348504,0.1930265400044821,0.8933849204982964,0.358,2.5387104802037084,0.0146319077685239,-0.0148256439909379,14,0.1596883263115185,-0.4944280662295335,0.30961439987697,type2_Triangle_Wave,0.96666664
1598,3.659039053396413,2.3109394930866425,2.785041538596954,0.2513224169799236,0.0151439432618873,0.5709558824062936,0.111,3.420753740567172,0.0121672587288301,-0.0179878321211961,341,3.68170165538257,1.4800130792508208,0.2187864285135523,type1_Damped_Osc,1.0
1599,3.8514565295304246,3.440248036607999,3.51145675614698,0.0979827692825476,0.0204935545144513,0.7150369706292034,0.128,2.473195500666256,0.0087356921760162,-0.0109436941525662,209,1.3924960921662548,-0.4421776067305605,0.2108417143113747,type4_overdamped_decay,0.5933333
1600,3.8681285064081057,3.104592155881255,3.1921395410695355,0.1614636281209593,0.017793065414057,0.5556384890335674,0.176,2.5356598228534777,0.0077890660005683,-0.01276064469452,161,1.7767224209740555,-0.4719586820556248,0.331286169438417,type4_overdamped_decay,0.5366667
1601,0.5797247963038599,-0.0678488561170322,0.518702221895058,0.1406421015558431,0.0039784840227677,0.6212209116631806,0.072,1.2082034796883374,0.0152564840573692,-0.0084979902765023,247,-0.474232805238073,8.92931960822055,0.0684894455137761,type0_Step_Response,0.99333334
1602,1.6197393926058288,0.9247841854741972,1.198168783482617,0.0768542320643252,0.0068138670600155,0.5737486033667125,0.183,1.796187812939057,0.0110480149653577,-0.018595212077938,96,2.787192374443114,1.6682809842328714,0.1273867841415494,type1_Damped_Osc,0.99666667
1603,0.6184003786566133,0.5519256340749905,0.5633926006811906,0.0156355536531481,0.0038246417283557,0.68810204191942,0.141,0.4440414733783879,0.0016041442998386,-0.001830358687466,236,1.822198228983061,-0.4326399971362242,0.0278188427030907,type4_overdamped_decay,0.7266667
1604,3.560377744942093,3.141183508739814,3.1744442137620354,0.0795179832600401,0.2090760552858404,0.9542457628190903,0.373,4.123631940879166,0.0268869194502405,-0.0266977487706734,117,1.130205974330399,-0.4961695613940139,0.2565391033416331,type2_Triangle_Wave,0.98333335
1605,3.710090125675502,2.8067067364065648,3.16294525059875,0.1369163743877388,0.0258571481073568,0.4939736434581755,0.203,3.960264326331039,0.0160777570892469,-0.0217525771915387,211,2.916375419463386,1.571943095987527,0.1646011226800521,type1_Damped_Osc,0.97333336
1606,1.8993511873671831,1.4777694373703694,1.6600633575872097,0.0760957543808607,0.010758475924413,0.4455321848517717,0.1,2.124491590317356,0.0083165068721842,-0.0088199098032739,297,1.8258902984732253,1.225025843858797,0.1040707176313253,type1_Damped_Osc,0.99666667
1607,1.08314624961864,-0.0012858862004112,0.98657723307576,0.2314220740541258,0.0087879168635944,0.5956718732649351,0.132,2.1461325414915517,0.0441224311597838,-0.0064876934829518,223,-0.4394640693165012,13.604678956800225,0.0765559961096846,type0_Step_Response,0.99666667
1608,2.88301881122676,2.5794618657839714,2.6072540469888863,0.0450978649252865,0.0236467159043081,0.7424003171659521,0.186,2.6262973330399526,0.009434883756842,-0.0105672781785459,68,1.6203015541942456,-0.3932644906924519,0.1363052956853243,type4_overdamped_decay,0.45666668
1609,3.541987841923236,3.408147512016899,3.425850923130945,0.0344621918023617,0.1323915303339906,0.9706176929090602,0.378,1.8737484801468745,0.0080346759193616,-0.0074144269049161,66,0.1804608238234753,-0.4936021652866034,0.1948586193722006,type2_Triangle_Wave,0.96666664
1610,1.3678248105410296,0.7514974154587981,1.0270802934475871,0.097156728688793,0.0018552568460794,0.1226229439014181,0.282,1.3989756663794808,0.0059926423868141,-0.0088646125890627,256,2.918945909195405,2.305462098544964,0.0990178333932796,type1_Damped_Osc,0.99
1611,0.673298617183556,0.6567031730139338,0.6657564622701111,0.0058288346967458,0.0163441350960049,0.9610932642361604,0.006,0.1152419315082811,0.000186261049019,-0.0001885696154024,0,-0.3965072786656253,-0.3965076821872118,0.0801770226389315,type3_Sine_Wave,1.0
1612,1.7349031187942854,-0.000457605121704,1.6040509697407603,0.3839811000965155,0.011176689828767,0.5776237687561897,0.17,2.811831030197294,0.0331199729300575,-0.0053571353273089,123,-0.4745448820040522,6.395358637606714,0.2507451847712487,type0_Step_Response,0.97
1613,3.258583694043961,1.5089701164583005,2.333344915297259,0.2923622546122382,0.0163366470767805,0.665921106066744,0.176,4.746826240466621,0.0217120119548113,-0.0289869924016206,280,2.8770609014830906,2.468319345997008,0.2757302965855315,type1_Damped_Osc,0.99666667
1614,1.1912722128808335,1.0984438198652065,1.1110112213441194,0.0291706112300444,0.0927824504816381,0.9399751387705336,0.423,0.597427674539232,0.0919460382875803,-0.0921716589938586,107,0.4825294692459237,-0.4955919421868375,0.0940570101658213,type5_Square_Pulse_Wave,0.9633333
1615,3.189926903544364,2.100738499557888,2.624811998528732,0.2113714100269554,0.0192880933242332,0.6351140345681244,0.129,4.3242570981826685,0.0198858907539363,-0.024438718084828,351,1.8531235489237043,1.6641297335383758,0.2411174082744427,type1_Damped_Osc,0.99666667
1616,0.7682955088668256,0.4461090926705885,0.6152632470712222,0.0516494710540978,0.004135714415684,0.7181882515804534,0.027,1.141228487598085,0.0047396122283068,-0.0065833487791103,229,1.0007566000279255,1.441560690323605,0.0935957928977939,type1_Damped_Osc,0.8933333
1617,2.480182558234334,0.0542807853800448,2.083430885954093,0.6423134176329302,0.0166127269493769,0.4175542066815904,0.04,5.690378451291539,0.0570402009155372,-0.0223628026258521,409,-0.4784426630768289,9.06602824720852,0.2530253056483138,type0_Step_Response,0.99
1618,3.5800884334563285,2.05146251645092,2.866374118440417,0.1876001779933258,0.0258218453865741,0.5848095249129727,0.182,7.931829004593831,0.0838828091123882,-0.0937333702870462,115,1.891943441794456,2.183834089177441,0.3011609369555468,type1_Damped_Osc,0.98333335
1619,2.690779137995314,0.1078465204523833,2.570864156391806,0.4245612095744852,0.021789218464709,0.3944779521667227,0.211,5.178330943181782,0.1034500534044683,-0.0125067983790798,97,-0.414816878983098,13.922508369417493,0.1780388436882587,type0_Step_Response,0.97
1620,0.6791414457250184,-0.0072269510321104,0.6376421214788184,0.110604341473248,0.0055597159346073,0.6951937121652702,0.142,1.2457358781223848,0.0166502738911666,-0.0029598627288438,224,-0.4057693969082191,18.911754201402477,0.0351875797934071,type0_Step_Response,0.9766667
1621,2.5385528724857265,-0.0969206351015344,2.045716333407792,0.837753485336742,0.0130120104641706,0.6535672560858309,0.026,3.773476488979952,0.0187391608453234,-0.0082224164033493,319,-0.4887450056619173,6.867951382358956,0.3571486380852393,type0_Step_Response,1.0
1622,3.5259499960917027,3.3653635741579726,3.392588786522861,0.051956612160859,0.1001155242559481,0.9340904841109228,0.375,1.834703132808574,0.1592973010596026,-0.1571486744364829,100,0.0324293434812785,-0.4918207262969196,0.297047469887012,type5_Square_Pulse_Wave,0.93333334
1623,1.7863963738296211,1.5782676530073123,1.611293838015207,0.0485612659241565,0.0076096121080091,0.6521408035128565,0.131,1.010335298645754,0.0038742723116207,-0.0049482536471314,201,1.5131165067177936,-0.4498348547212539,0.1008726659401602,type4_overdamped_decay,0.75666666
1624,2.4509857014890777,2.272683219960702,2.2934457980184564,0.0547560704449854,0.0016631680227821,0.1335902808361114,0.441,0.9862270240151338,0.1768495776504757,-0.1764936718651504,115,0.2505271255755179,-0.4956834828536757,0.2362111455101434,type5_Square_Pulse_Wave,0.9866667
1625,3.256988353715239,2.050463129808426,2.5065120405528942,0.22915108587093,0.0150487893407897,0.5602715864044322,0.086,3.322498082448746,0.0117996847242451,-0.0153695840568834,357,2.3783951014486284,1.0822804039714105,0.2704803840675698,type1_Damped_Osc,1.0
1626,1.0529644801661928,-0.0020428054670382,0.9596848944454512,0.2020969974907939,0.0091988567994525,0.4616129590499049,0.163,1.9720415832073188,0.0209784300033957,-0.0049930880463198,200,-0.4653787465550268,7.347197545029216,0.1338532783622817,type0_Step_Response,0.98
1627,2.7495171087038464,2.242338313129723,2.3019858572551013,0.104568157669313,0.019192212041811,0.4786830035346545,0.18,2.35325022643326,0.0087526237624726,-0.0087510744602301,164,1.9477852216437297,-0.4510360775740448,0.2031356641410218,type4_overdamped_decay,0.52
1628,2.708798421924542,2.596048697310944,2.6523038976671023,0.0400431254160795,0.1127423726051528,0.9921700156265318,0.01,1.1060461250079685,0.001824468537285,-0.0018109803885892,0,-0.2549264415909084,-0.2549299602126202,0.2300340655850061,type3_Sine_Wave,0.99666667
1629,0.9438628020080764,0.8951792230140404,0.9042714549239478,0.0183177509402108,0.0007920663546967,0.1509671198293916,0.391,0.455244788711311,0.0480345014231549,-0.0480137094627003,0,-0.0234099408978767,-0.4946095997962357,0.1010073708468315,type5_Square_Pulse_Wave,0.95
1630,0.672673874281959,0.6156012738357085,0.6219017405834397,0.0123679448480602,0.0350539394817389,0.99203550459324,0.364,0.3916631658807661,0.001762566567879,-0.0019996556737003,114,0.6627089873647737,-0.4888181574519251,0.0486183203684176,type2_Triangle_Wave,0.9433333
1631,2.189222032320008,1.236189314157791,1.7526580159110756,0.1654897758175107,0.0124360135943604,0.5979700037343243,0.111,4.290047856977942,0.0201644431307082,-0.0260955483916875,257,1.6526020371756354,2.1535796109651595,0.19829311248169,type1_Damped_Osc,0.9866667
1632,4.747931541788443,3.330245257021605,3.4358344026980334,0.3345691638671278,1.416797217407522,0.8333015324172816,0.437,12.104265562456984,1.4118336358909138,-1.4151845315904077,93,2.825982690784688,-0.4946182808914337,0.4255572523248108,type5_Square_Pulse_Wave,0.9866667
1633,1.616809836631884,-0.2799903839619219,1.3383804339846597,0.4754552543154,0.0100418886335176,0.82091855151227,0.04,4.588738860238923,0.0432837016701006,-0.025074980902069,289,0.0626179704421489,14.74904528792566,0.119962093146019,type0_Step_Response,0.99666667
1634,3.126580724638436,-0.0035718086284984,2.795729693432129,0.6780691301882292,0.0234512612769415,0.5735217449093443,0.124,5.591795652174807,0.0838707734860054,-0.0111467018604372,287,-0.4420767493957495,14.33618156116384,0.2101605012738829,type0_Step_Response,0.99666667
1635,1.2572277953677478,0.6621827158445518,1.001505311438914,0.0829562216048332,0.0057718353247971,0.5309397994438148,0.154,2.690560023453628,0.0224121234074973,-0.024555903135618,149,1.2074808763620517,1.7901484317511172,0.148849488949752,type1_Damped_Osc,0.96
1636,3.308260316458806,3.24743111489149,3.2778800578579217,0.0213135868697045,0.0358077737661903,0.9467590035161524,0.005,0.2503077819265185,0.000505243516609,-0.0004951678868101,0,-0.3919930607868414,-0.3920333883673556,0.2816511620478286,type3_Sine_Wave,1.0
1637,1.2355627186155749,0.5010181111772734,0.8852971716756802,0.1083844970792208,0.004806579112994,0.5911185725740196,0.094,3.3159162014478274,0.0238398714202822,-0.0248437100823917,243,3.346241664005674,3.523322545134854,0.0933399344508969,type1_Damped_Osc,1.0
1638,3.76730203563696,2.80563430334008,3.16033951607349,0.1881924473604262,0.0203300344478654,0.4237526128115522,0.151,3.702778980794605,0.0121639657994743,-0.017615375869683,264,2.118668223197043,0.7792037462402844,0.2467160901736083,type1_Damped_Osc,0.96
1639,2.661603815797002,2.633884040535321,2.648161391942469,0.0097773299187219,0.0276116555250003,0.973752928058327,0.008,0.2127850959385107,0.0005271950928089,-0.0005581369563469,0,-0.3962831754849299,-0.3965075513044528,0.13377671197903,type3_Sine_Wave,0.99666667
1640,1.6423189827228457,1.375279980369939,1.404275118421313,0.054940033990524,0.0088034271034043,0.6055452848098535,0.199,1.2613821802509242,0.0047804866170024,-0.0059537127970039,158,2.1622125829239462,-0.4466420299601871,0.0983362417380251,type4_overdamped_decay,0.58
1641,1.5525213792059531,1.1049236099058466,1.1611832172265304,0.0990070458057428,0.0069791922685713,0.6395184843820148,0.154,1.0339141239121683,0.0029791277112856,-0.0049295641871962,206,2.413995731912381,-0.4678375117288494,0.1519259102358132,type4_overdamped_decay,0.68
1642,1.0252303729028918,0.8566536881911393,0.8828405323884775,0.0392632355324924,0.005831680481432,0.6674462244445125,0.144,0.8227799796477614,0.0028776727068903,-0.0033269735331906,216,1.7623547064090908,-0.4586792422953567,0.0731772714246479,type4_overdamped_decay,0.6566667
1643,1.872907899734386,-0.0012006774323239,1.5657555739846571,0.5366209954396152,0.0086108106447515,0.3468112045892058,0.087,2.7841461076792515,0.0285574201859484,-0.0048237806297233,423,-0.4686293612838951,16.771755873986443,0.1083104013480391,type0_Step_Response,0.99
1644,1.221904467482286,-0.0003529700992021,1.076582544945485,0.3125066736570088,0.0015940048882472,0.1845944130463332,0.141,1.3981910524401775,0.0142692733966702,-0.0013288503122474,325,-0.4866232974380045,18.00871096427929,0.0659891832695298,type0_Step_Response,0.99
1645,1.5275796984905683,1.3361390281207763,1.3489070133586305,0.0406342568204903,0.1787450386480158,0.5710115544349782,0.456,1.2973533272562037,0.1897053431823159,-0.1901787877175849,49,1.0563706287290149,-0.4916199920452864,0.1223458012297242,type5_Square_Pulse_Wave,0.97
1646,2.1252549082929697,2.0475785220098937,2.0585448201386205,0.0227423351999832,0.0024889814775548,0.1744612156328459,0.413,0.8350235916664395,0.0756237942218236,-0.0758998481742576,51,0.163850386044847,-0.4894148138609331,0.1151724337901534,type5_Square_Pulse_Wave,0.92
1647,2.864149606685275,1.51206254530545,2.071097553372093,0.2548636145245965,0.0104298539820608,0.5735908513900325,0.071,2.924878338981714,0.0107287187812463,-0.0143330327493917,253,2.2787573802675176,1.5157299861402964,0.2820086816482432,type1_Damped_Osc,0.99333334
1648,2.189728909078903,2.0013406289259112,2.026324952317076,0.0461383872742317,0.1883568441390117,0.9910811267828792,0.351,1.2366021945787682,0.004743292962992,-0.0046614250809047,98,0.385643591732215,-0.4958522114571422,0.2117218533795559,type2_Triangle_Wave,0.99666667
1649,2.9224535488423853,2.817465304036185,2.869869072646176,0.0373353792313888,0.0910565954239586,0.9506827724992613,0.005,0.6161458135634339,0.0010598472385461,-0.0010808951555509,0,-0.2907755453684656,-0.2907610824183296,0.2508899267597293,type3_Sine_Wave,1.0
1650,2.3791268519826656,2.2815736505150124,2.2915412468449268,0.0180119465942873,0.0351812856427828,0.9912320024181498,0.389,0.7944673432295932,0.0037437008455665,-0.0035952187032255,36,0.3181066125236273,-0.484486196074025,0.11702352718655,type2_Triangle_Wave,0.8566667
1651,0.6340006398679144,-0.0005827435990501,0.5184913847864088,0.1754113919041325,0.0054003886578222,0.5515923139191424,0.05,1.049587253175508,0.0068439521104837,-0.0029347188818653,419,-0.4712694786053664,8.321355812980002,0.0717036376246611,type0_Step_Response,0.99333334
1652,2.138574635177614,-0.0022442060509146,1.8598288652552928,0.4735922515854079,0.0149859603784423,0.4772172498593417,0.07,5.509085342390772,0.0645117798077344,-0.026684796335494,361,-0.4705096633707216,8.235686227316817,0.2442413824308325,type0_Step_Response,0.99666667
1653,1.8606790786813967,-0.0016331707413675,1.6661259484521698,0.4456641340708223,0.010728435007965,0.5728868099499402,0.157,2.9259475641972,0.0267840483784692,-0.0053537803538612,245,-0.4692496709202323,8.96798030652913,0.1960590652440776,type0_Step_Response,0.9866667
1654,1.139305941944177,0.970887075600528,0.9846587170530976,0.0410557716566966,0.1350015823253678,0.8964088293207205,0.452,1.229759528890899,0.1676471109102181,-0.1675874293683147,79,0.9571833799429322,-0.4954031195823093,0.1152148998797533,type5_Square_Pulse_Wave,0.99
1655,1.6949072013724464,-0.9710713381895232,1.4144059334608137,0.5524408894659034,0.0150601121068321,0.5589622570188503,0.058,7.050742950362225,0.0696031482628777,-0.0768899685370041,360,-0.4790889205776952,10.38761536620268,0.2443940116798448,type0_Step_Response,0.99333334
1656,1.415858015787531,1.265024215684076,1.2782109166376183,0.0241394774201518,0.0075158875752667,0.526346719213455,0.194,1.2015931044813106,0.0047573741359894,-0.0048801455726634,76,1.3991536469151562,-0.4307529172735118,0.0766275879865756,type4_overdamped_decay,0.54
1657,3.37585654536077,-0.0020559638235169,3.1312943492110645,0.759794302559998,0.0217619597287521,0.6501345994276563,0.225,5.603576601604148,0.0736059514124933,-0.0128185847222446,164,-0.4453001913680869,17.33631668010809,0.1888049519886268,type0_Step_Response,0.9766667
1658,2.0359276437924887,-0.11021139248785,1.644722436404077,0.5986033301687129,0.011365862136226,0.3857782671719706,0.0,4.331626068607266,0.0433311984248783,-0.011028526973253,438,-0.5174097750257548,9.38280612844708,0.2175420996173211,type0_Step_Response,0.99333334
1659,3.505276624003801,-0.0031870719700463,3.195920499758186,0.8478697908235004,0.0257161813717266,0.5940861929843958,0.219,5.979570165180057,0.0535051015828647,-0.0134103788383495,141,-0.4758461188521974,6.674691802182681,0.4873647596166677,type0_Step_Response,0.96666664
1660,3.364690676261992,1.796311560964704,2.342588704755672,0.2534459492730824,0.0129629550400927,0.54517126610351,0.234,3.414387155905347,0.0147195587351482,-0.0279599704590283,164,3.562468565552305,1.510846388959929,0.2582410309763441,type1_Damped_Osc,0.9866667
1661,1.5133570025522904,1.3816866513482042,1.4003306729853462,0.0389923192142715,0.0841231180613613,0.932825616568654,0.423,1.0749903166000772,0.130884930854918,-0.1300079744659859,140,0.3044578752065687,-0.4952260453079807,0.1627102967768667,type5_Square_Pulse_Wave,0.99333334
1662,1.5763971591085566,1.4611494751074254,1.4709634252807215,0.028755868803557,0.1152456294940766,0.8959544779424643,0.467,1.043774756532336,0.1129478308707654,-0.1140947148125608,84,0.1134055048330557,-0.4939704965018121,0.1860529070057053,type5_Square_Pulse_Wave,0.99666667
1663,2.619819760237891,-0.1345180360063816,2.2225288460770445,0.7316571488125946,0.0186441530258001,0.6730286220371817,0.03,4.680178530127728,0.0336043135969639,-0.0126089258625625,356,-0.4811306614246951,8.620462092575274,0.3013719129231229,type0_Step_Response,1.0
1664,3.8075660848534776,3.407245579946167,3.4513551828635336,0.0877406200924835,0.4003083619259833,0.9753688904709356,0.381,4.073688212311955,0.019027996855053,-0.0186791128796968,160,1.1213321575448725,-0.4955212889449646,0.2462282130344304,type2_Triangle_Wave,0.97
1665,2.9253541309559528,2.5244580935979086,2.573518983587072,0.1026542508238657,0.3952309723699754,0.9689071830239386,0.397,5.039340777064218,0.0212246609162476,-0.0210053711503932,147,0.7924435136691566,-0.4970132815407263,0.3094694159633437,type2_Triangle_Wave,0.9866667
1666,2.497798818703059,2.127292298863877,2.167554739647884,0.0979199148976833,0.183191886970472,0.9249364549710396,0.428,1.81430777815891,0.3686192405255388,-0.3685721609036574,141,0.858865866478856,-0.4953288918061206,0.2717245859270578,type5_Square_Pulse_Wave,1.0
1667,2.99775790156161,2.5942020535527104,2.63705558024308,0.0975879308099071,0.395712473672158,0.8162340770733528,0.396,3.9198168165447815,0.0187850204919466,-0.0190053600909827,114,0.6179493822679952,-0.4969346783951301,0.359991574253844,type2_Triangle_Wave,0.9866667
1668,3.35250010763847,3.027777792577758,3.05991805569289,0.0687713582733816,0.20644186688066,0.990798600426534,0.399,2.03412614869359,0.0106093344883353,-0.0106723743755563,71,0.4075812413907483,-0.4956679056032664,0.356089007932205,type2_Triangle_Wave,0.98333335
1669,3.1736982924839747,-0.0021788520485016,2.933437476255321,0.6596876759656317,0.0257796111158747,0.6219451692375517,0.173,7.324785108534338,0.1740732781506652,-0.0325817958327321,160,-0.4599956175305287,7.912288070066642,0.3757415118284926,type0_Step_Response,0.99333334
1670,1.9937339863477963,1.210966507629428,1.5867226318228438,0.1276025334197396,0.0088054288610022,0.6503978406479467,0.22,2.93382603182164,0.0158245681166921,-0.0181274329101879,225,1.7905612239934856,1.5915380340179743,0.1786284227330756,type1_Damped_Osc,0.9533333
1671,2.8231403792838257,-0.0702815502933146,2.4387437447752727,0.7495234248766275,0.0259618159536683,0.6650974684439255,0.028,5.190959454983972,0.0481899513397249,-0.012030239366858,362,-0.4713129124033972,16.0547605289561,0.1744765018999476,type0_Step_Response,0.99666667
1672,0.8160462076361525,-0.0014779518197632,0.7309352836323435,0.1794899627538753,0.004709612347414,0.3875944642759873,0.106,1.35958390955982,0.0103586689777655,-0.0026461836102139,249,-0.4746871919940886,8.354956863971577,0.092060735726944,type0_Step_Response,0.99666667
1673,1.0885868004894723,0.907123172187414,0.9264637625250668,0.0350756590737126,0.1813484198939323,0.95168946889813,0.35,1.795046709273859,0.0089337161474654,-0.008855158948998,136,0.980481917775394,-0.4965820941828401,0.1222883279699642,type2_Triangle_Wave,0.98
1674,2.099077442407044,-0.0013309202657574,1.9250763014214864,0.4606535150806732,0.0161727274808991,0.6078656003992603,0.207,3.544691394758392,0.0277983617746458,-0.0063260698608833,211,-0.4313669920345049,13.81090561941252,0.1460692458291892,type0_Step_Response,0.97
1675,2.435494248593833,2.3702365717262874,2.4055530333919437,0.0231609250715414,0.0652318144509629,0.9767733819163104,0.006,0.4354011180242505,0.0007552900667633,-0.0007516081286946,0,-0.3915379652708927,-0.391572013178897,0.3008791109942246,type3_Sine_Wave,1.0
1676,2.315486924096789,-0.0049181002443674,2.002549264857852,0.6796211358825569,0.015326950191095,0.5978879166525252,0.133,3.787349772903605,0.0271581936129887,-0.008336572439095,189,-0.4691059062449338,6.615221066456222,0.3247085965338052,type0_Step_Response,0.99333334
1677,2.0515049321819028,1.7047979280300447,1.7329105678216452,0.0827348706665845,0.346707004151858,0.8750362863513845,0.462,2.492449569402749,0.3451416951835875,-0.3448257273521136,100,0.8832098860505657,-0.4964343920620876,0.2500094684790692,type5_Square_Pulse_Wave,1.0
1678,3.223677314971668,2.612526258336493,2.6986599009413643,0.1389067748824949,0.0177672641828046,0.5354676253242598,0.151,2.398493373428166,0.0106325027016831,-0.0100780234929644,183,1.7081652563528424,-0.4478865856123448,0.2703874812192754,type4_overdamped_decay,0.5
1679,2.9940641861800783,2.3018502055895818,2.6388609550741013,0.0900117364575891,0.0149362162641017,0.58766575190501,0.226,3.341578601674902,0.0182740262207778,-0.0207066587292601,174,2.144283497659435,2.071868823411789,0.1327058601786266,type1_Damped_Osc,0.95666665
1680,1.8581592796941613,1.4186382081718474,1.4680602866001904,0.0929106455022329,0.0083223293883614,0.5774551351228853,0.174,1.265840468466629,0.0049534798357129,-0.0067072977286859,183,2.3604957956958392,-0.4714305958379026,0.1521326246094849,type4_overdamped_decay,0.6166667
1681,1.3898158646327297,0.7269688129721791,0.9781202830723672,0.1072909402195854,0.0055226344800644,0.4361022957388634,0.169,1.5194684452575813,0.0058454834887171,-0.00875436247871,197,2.850865158572254,1.5271721718505578,0.1232507345962283,type1_Damped_Osc,0.99
1682,3.247404716721536,3.016954914785816,3.0425847232447496,0.0651952572421261,0.003223276519737,0.2038562910132658,0.438,1.4705142802716926,0.227564764756607,-0.2266443573908225,56,0.0450458272529149,-0.4956850139749788,0.4194871500947941,type5_Square_Pulse_Wave,0.97333336
1683,2.931509184021204,-0.1591301395363464,2.670389031829428,0.7549470143337296,0.0167037195155352,0.5231605523497985,0.214,4.902483400491345,0.0879964477883036,-0.0079915399822905,133,-0.4588321722904222,11.59067159351489,0.2547543877106157,type0_Step_Response,0.99
1684,1.8772773904432865,1.5815120779662422,1.6303432618061124,0.0703175837468896,0.0101593710295371,0.7457745553586371,0.113,1.1524058782178748,0.0045896487867553,-0.0054463236967701,240,1.9143937163348972,-0.4518926536848073,0.1201076892769938,type4_overdamped_decay,0.69666666
1685,2.8456568147874326,-0.2756110145637494,2.229930162110544,0.9566170136716874,0.0187216160489005,0.5161287197349627,0.087,5.818607845361297,0.0387252468419623,-0.0173446602467331,289,-0.150695200043969,6.862905429864429,0.4047176796714273,type0_Step_Response,0.99333334
1686,1.9876293583060352,0.9939571601435098,1.4869780987997825,0.1838487135166872,0.0173131311312531,0.9078602371804204,0.038,3.1977541844004875,0.0131644889567557,-0.0151352926156409,341,1.690102348766474,1.819482421168684,0.2203467167946846,type1_Damped_Osc,0.99333334
1687,2.0992827079806005,-0.0007761803756102,1.9504350379570232,0.4557924170494314,0.0186631991322543,0.7225310960053155,0.191,3.994799762557431,0.0608025339388181,-0.0079673849170771,118,-0.4550787496112024,9.16719023152982,0.2162309290071438,type0_Step_Response,0.96
1688,2.6741520661596545,-0.557851015587998,2.2984486787954554,0.7872802206869874,0.0244672698313839,0.8369719700610091,0.087,7.419556157829962,0.0593256872655332,-0.0388491251015759,292,-0.4732751054099079,7.765915588875052,0.389743542866956,type0_Step_Response,1.0
1689,1.7878726519199355,1.3719752997323669,1.4312202450765985,0.0961589244152727,0.0100412324521952,0.6915274242967513,0.13,1.3475507731321268,0.0043638850985865,-0.0053364373116231,209,1.893331888113712,-0.4660542527956667,0.1713431319664731,type4_overdamped_decay,0.6933333
1690,2.848643975123407,2.288375916088591,2.32373455180162,0.0880555130721178,0.0112152047770384,0.4876038496091636,0.193,1.944432421340947,0.0060194122988725,-0.0113175480798157,65,1.1695804809591062,-0.4792440914173986,0.3314535866950829,type4_overdamped_decay,0.6666667
1691,1.8735504506990788,1.6104472363639086,1.6528562253142218,0.0605781599327154,0.0105337302516321,0.6435575086443565,0.145,1.4736249238649457,0.0066062759678175,-0.006766060683828,179,1.2398378552956728,-0.4510813478285516,0.1470872157483995,type4_overdamped_decay,0.56
1692,4.736539705904913,2.5498492275554967,3.3389047881106677,0.308714363352489,0.0222308299587377,0.6942507666919835,0.208,5.423854324972442,0.0277606435395321,-0.046176523892349,161,3.5160652961783336,1.646728552853299,0.354821292406692,type1_Damped_Osc,0.99333334
1693,4.5932766124926525,2.3513832632737457,3.3059303341376958,0.3693847325009891,0.0194313398361409,0.5701138842516199,0.199,8.704098828190824,0.0551831156962698,-0.0731243192981674,211,2.981616936217108,1.869866242231524,0.3831324949332395,type1_Damped_Osc,0.99666667
1694,0.8790223760518423,0.8175601711818808,0.8261194853234407,0.0164602467077359,0.0021053348043197,0.0981641731454452,0.381,0.4356779292455959,0.0016756852163077,-0.0017038759527097,102,0.2987293040838311,-0.4964537310393742,0.0766098419732836,type2_Triangle_Wave,0.7366667
1695,2.6585757499407765,2.4349058877993874,2.463052289200983,0.0639109738379822,0.2235351029085803,0.9421640722135056,0.387,1.2269334644721863,0.2203177948778814,-0.2215021752944479,85,0.2092096091180437,-0.4948232639481531,0.3130936973441134,type5_Square_Pulse_Wave,0.98333335
1696,2.482748405339542,-0.0035681298994787,2.028950358868149,0.8094113507359738,0.0233710660696098,0.5582501702293227,0.052,4.516760197565588,0.0262179061713814,-0.0110886424330489,411,-0.4509888751044412,11.87268087213125,0.2001592485012615,type0_Step_Response,1.0
1697,3.241137511322445,2.5117291711037266,2.824589705119896,0.1102414633529429,0.0183258851200074,0.4924932390160746,0.163,2.9831941649495937,0.0120574360245484,-0.0157499051418645,164,1.8540786929967816,1.3178066557939756,0.1748390186298243,type1_Damped_Osc,0.98
1698,0.754283995084439,0.6296272882660631,0.6423333311593231,0.0298256140708291,0.1235111762846892,0.968532232404868,0.397,1.2925081182675773,0.0065715688281275,-0.0065222581916509,130,0.9553512221999316,-0.4974899840264603,0.0855065650655175,type2_Triangle_Wave,0.9866667
1699,2.8911255444944715,2.611972085200941,2.6459652705093437,0.0696148493316791,0.2764822727577343,0.8524035709801551,0.38,6.603579076552331,0.0291002572551768,-0.0288697855250616,80,0.2813620988756687,-0.4942391030765266,0.3546503669481975,type2_Triangle_Wave,0.97333336
1700,1.2269642549174655,1.011175500201947,1.0339921746201914,0.0627207183502904,0.2157212168559521,0.9032303042679016,0.45,1.5952636299471823,0.2150801326269205,-0.215191312343544,120,0.9749258046991718,-0.4971950298522263,0.1460271102074521,type5_Square_Pulse_Wave,0.98333335
1701,1.2178379768285086,1.0536548436919235,1.0712658017702008,0.0333577485557343,0.0034393199422981,0.3115325800441534,0.198,0.6657276321733341,0.0028466945268861,-0.0031150228162979,123,1.269332514919861,-0.4735947141825359,0.0914293462381712,type4_overdamped_decay,0.78333336
1702,2.606728994782188,2.2346572008153385,2.267423520629988,0.0884226630696489,0.3720354256052367,0.8001988447060703,0.455,2.2120828568893254,0.3701653590923017,-0.3692900206130796,118,0.7586939400047888,-0.4942648390554638,0.2942607012821048,type5_Square_Pulse_Wave,0.99666667
1703,3.3703680313052424,3.154834568345023,3.174347906016952,0.0397581800235174,0.0994681477685928,0.8390087747632802,0.397,1.7647796393894093,0.0094272405241575,-0.0091738719880525,70,0.5877188374594963,-0.4876990281041505,0.1959359832679106,type2_Triangle_Wave,0.9
1704,1.3453204820743423,1.3131342998593585,1.328402855766362,0.011210061289352,0.0313215442647965,0.9657093294003912,0.004,0.1454414706781157,0.0002992695509083,-0.0003025617567742,0,-0.3081272994464453,-0.3080707179191937,0.0838614276926412,type3_Sine_Wave,1.0
1705,0.6724475149606468,0.6338167561482243,0.6404554996440949,0.0140568098603991,0.000829829485097,0.1181506531906383,0.424,0.2903308007251817,0.0380072645114575,-0.0384389149635349,164,0.2022038299301723,-0.4923291497382743,0.054419124798168,type5_Square_Pulse_Wave,0.9266667
1706,1.4703929700127127,1.4415572426257597,1.4557689833969731,0.0100280198892417,0.0246601714057617,0.9448280025596631,0.007,0.1840844863418129,0.0003865701292513,-0.0003634510166667,0,-0.3719411766049865,-0.3716591003448336,0.1124639568401937,type3_Sine_Wave,1.0
1707,3.25251328369376,2.532426088340185,2.585513065440308,0.1319106749904297,0.0036893342305575,0.1751991060797212,0.349,1.2932882256053015,0.0029829665515141,-0.0098687630533396,98,1.3906242887005793,-0.4941832677319255,0.3797045030094175,type4_overdamped_decay,0.83
1708,2.018184531941243,1.2998058686451497,1.55996308021688,0.1325347012351715,0.0114184810699191,0.5761683705124039,0.09,2.602602404255276,0.0125460428928942,-0.0148884849265977,239,2.5702005783881914,0.907746553969266,0.1604258920577956,type1_Damped_Osc,1.0
1709,0.9255500784185916,0.5139516512997955,0.6964862904627329,0.0712185764947418,0.0042897097926966,0.5745466608812354,0.066,1.0902557219121407,0.0042699053662461,-0.0064683039161107,253,2.6863782524155275,1.968552860600212,0.0727857543960943,type1_Damped_Osc,0.99333334
1710,1.2081412513237697,1.0767172466208297,1.0930278223340557,0.0388581406571213,0.1127290971013432,0.9432819029567796,0.442,0.8302859240267892,0.1300268982718408,-0.1303977785740979,146,0.3678684066237354,-0.4959158192546316,0.1507237969205168,type5_Square_Pulse_Wave,0.99
1711,3.947496165074559,1.734187733403223,2.7867228391842955,0.3649353641283044,0.0238402908330996,0.6174557394858003,0.142,9.409735888344986,0.044679026039589,-0.0513354146437801,282,3.155519586173156,2.976793642235015,0.3103212605491969,type1_Damped_Osc,0.99333334
1712,3.937324913118432,2.125879017719577,2.8683992980706736,0.2099844292218919,0.0232870563333085,0.6556575580402243,0.196,5.337020504825787,0.0364831431673349,-0.0559105337031629,111,2.9202530198700374,1.8220173184484365,0.3154581356629937,type1_Damped_Osc,0.99
1713,3.59811203056908,2.576078454880238,3.012298621162622,0.1725824370971816,0.0016670931044702,0.169472021361336,0.241,2.847086615876223,0.0123612281427258,-0.0173106281599246,265,1.687686788698151,1.0784759364416894,0.2713726544173402,type1_Damped_Osc,0.93
1714,1.8963226806824995,1.849785276410532,1.8584086223308591,0.0164272304388241,0.0455959766771292,0.9363032744507565,0.393,0.6662642235907739,0.0453045020986748,-0.0440772408620915,0,-0.1419423384547463,-0.4896665030930529,0.1263260618617854,type5_Square_Pulse_Wave,0.98333335
1715,1.671575574756242,-0.1008667523358069,1.4691836627826391,0.4594187086066457,0.0143402352824975,0.5151574682988963,0.138,3.3083192178175738,0.0377338497470484,-0.0081511765226274,360,-0.4498716257029975,10.596483418766049,0.1590117571148486,type0_Step_Response,0.99
1716,2.792330296384564,-0.0762581710246062,2.370227101698498,0.4544380331352141,0.0129374618251123,0.4231013640591124,0.178,10.208550408669767,0.2044307551737328,-0.0854766430175637,155,0.4224191717625128,7.940464432795204,0.3063787384917167,type0_Step_Response,0.9066667
1717,0.9846112139451454,0.8297389546694255,0.8575331869742863,0.0563682111930133,0.1235862711717634,0.9549746491071154,0.423,1.096728757362098,0.154066050066873,-0.1541331787155921,190,1.0978979073519612,-0.4929641137714205,0.0964976000226192,type5_Square_Pulse_Wave,0.9766667
1718,3.759360342316529,2.0034995743191173,2.969126518287565,0.3671575072801504,0.0263679958548439,0.6769908886306745,0.063,8.33251131403832,0.0354960299098028,-0.0366775496661828,333,1.3515808485230858,1.8779927550204183,0.4151389555028348,type1_Damped_Osc,0.99
1719,0.7950296042850181,0.6766598988967136,0.6936962221833912,0.027862422612349,0.0035716607438229,0.5947092339092388,0.149,0.4427993440455985,0.0014492423298447,-0.0018175942289688,170,1.1944705858401847,-0.4751188505249919,0.0688455439087947,type4_overdamped_decay,0.84
1720,2.271984580664724,1.65821190355911,1.9398860447596844,0.1247090662802568,0.0121519454159753,0.6702466411361842,0.098,2.67412425845874,0.0106689070556582,-0.0126087884899357,368,2.423064107802202,1.9301714349779235,0.114654524763702,type1_Damped_Osc,1.0
1721,0.9078182866915666,0.4485299406893484,0.6452874686178804,0.0484416396394969,0.003844206384637,0.5964356133181582,0.205,1.5349495168261955,0.0122302936846049,-0.0175233235989483,124,2.3217308342594136,1.6068911155657302,0.0931879845275032,type1_Damped_Osc,0.98
1722,1.9751300701981271,1.8660977627206805,1.876040111642112,0.0212765416819979,0.0702251993848115,0.9685886279792144,0.408,1.1738168765772974,0.0060052411137176,-0.0061333071215974,66,0.4491267356077763,-0.4902657128576394,0.1137102300443164,type2_Triangle_Wave,0.9266667
1723,4.577474427122116,1.785397204916648,2.965008191568076,0.6107418283810774,0.1699359064294165,0.9272389590254252,0.007,7.586120660067353,0.0248302056648399,-0.0327985597568463,548,3.712813439342664,2.39232365952656,0.392965988319891,type1_Damped_Osc,0.96666664
1724,1.6157380876986185,0.9672586835023176,1.2796120666254538,0.1137173672634724,0.0085570503078356,0.5918783450054098,0.108,2.8123334718140733,0.0121357701669964,-0.0141996236616852,300,1.7629903465686043,1.6893831229658,0.1456480254034291,type1_Damped_Osc,1.0
1725,2.158243822094972,1.8070819465949808,1.84399740986975,0.0714882480962307,0.0086037164716392,0.3165867176346703,0.245,1.4031006164649482,0.0065370188928515,-0.0062465087240517,111,1.033541807357505,-0.4756180337155073,0.2254037594400855,type4_overdamped_decay,0.5833333
1726,2.207566657961834,1.6342873188363132,1.6903214165774012,0.1415005967143568,0.5729695771317738,0.9482276927052304,0.451,2.399351575561801,0.5706843688704633,-0.5706642312934294,170,2.180366157476016,-0.4930135215342557,0.2133249397411589,type5_Square_Pulse_Wave,0.99333334
1727,3.3189078341493063,-0.0033380521100512,2.601296189983266,1.0020240936420148,0.0231129358676676,0.82016828431335,0.02,5.708951797575842,0.0623502658971502,-0.0191279704165219,541,-0.483292973153671,13.655826787416384,0.2344143912301675,type0_Step_Response,0.99333334
1728,3.27436009591753,-0.1628326220408514,2.9692971215267163,0.6791881351815807,0.0262867134308657,0.6213416488414348,0.127,5.763412766060676,0.0363739693756162,-0.0137480679125809,236,-0.4411975792799086,11.130532010625672,0.2940452031846492,type0_Step_Response,0.9866667
1729,1.5528248996429994,1.3636686392381203,1.3924784993154011,0.0441471391795168,0.0086876549665211,0.6837413108968926,0.159,1.0562768966530975,0.0037952914225316,-0.0040567833072253,163,1.0537034559306278,-0.4640110804980773,0.118989222901324,type4_overdamped_decay,0.7266667
1730,0.5065735229925146,-0.0106050414439094,0.411435825819976,0.152942805168397,0.004645766879302,0.6099741222826206,0.061,0.9059717675197284,0.006910034416678,-0.0023527181918699,437,-0.4546989463171779,10.631805249195532,0.0462712396591628,type0_Step_Response,0.99333334
1731,3.472473286707598,1.449344485209525,2.349649663076474,0.4099765237741999,0.029053772411812,0.8881263704275241,0.028,6.6082801004331095,0.0222964835290762,-0.0283534622790035,453,3.197133664009973,2.4183649269392893,0.3058165267038131,type1_Damped_Osc,0.99
1732,2.9324245661003663,2.7440237192733945,2.7657853028171133,0.0585281649633913,0.001751103970669,0.131436068426495,0.465,1.1642606073135615,0.185947020582744,-0.1858368081737511,111,0.1336364377400748,-0.4963728718530366,0.2956403863521171,type5_Square_Pulse_Wave,0.9866667
1733,1.681521508396145,1.5455231821049105,1.559168475153846,0.0381225320732422,0.0023570091348525,0.1229253420228812,0.462,1.0060710732509135,0.1338785093200432,-0.1337078729488103,90,1.15027195679326,-0.4800003937685311,0.0814228831418002,type5_Square_Pulse_Wave,0.9633333
1734,0.7209702243397424,-0.0648627842779828,0.6106365382431971,0.2038141630035347,0.0056779857702553,0.6859676441758306,0.0,1.2206946058826538,0.015958855133625,-0.0025512070339136,302,-0.506032296328987,7.902734898185335,0.0935882864833146,type0_Step_Response,1.0
1735,2.270494270068542,2.191639875571484,2.202444071217436,0.0259126022270747,0.0013721243225082,0.1588731111507537,0.447,0.6050287661876808,0.0775540682027631,-0.0774485215229203,129,0.062142947791954,-0.494009687142328,0.1387955959608713,type5_Square_Pulse_Wave,0.96666664
1736,1.238527195045318,1.093553097693065,1.1064764147521302,0.0290924094995869,0.1447319720528199,0.965556853178326,0.349,0.9686491371598862,0.0055439070822362,-0.0055604290132502,100,0.817483049352882,-0.4937795518147626,0.1095215791314914,type2_Triangle_Wave,0.9866667
1737,2.664655779700257,2.167836465767007,2.2166024656159533,0.094997375950518,0.0167188427832307,0.6377499373231121,0.186,2.191564663770872,0.0081006071782501,-0.008575841465003,106,1.2291760663332791,-0.4655582677504633,0.2817046382342463,type4_overdamped_decay,0.51666665
1738,1.4910384388077598,0.8330637785323711,1.1352676912949824,0.1081133412836361,0.0077083554365384,0.2995415665724827,0.198,1.958590197798457,0.0075997636968156,-0.0114600699276083,237,1.7091597632348574,1.444886388363804,0.158393680826625,type1_Damped_Osc,0.9633333
1739,2.893330506992177,2.580102782363505,2.6250293336221278,0.0953158424666078,0.1929769002475407,0.9373567627863786,0.382,2.386472339602512,0.3109127776521023,-0.3118018031825471,140,0.5498540409904888,-0.4953722499339801,0.2970442233192494,type5_Square_Pulse_Wave,0.9866667
1740,2.936748334112728,-0.0043549553877018,2.6278392153973336,0.6866265692473359,0.0271201707611581,0.7985005804301025,0.101,5.215548246633876,0.0306044667011151,-0.011640824736316,239,-0.4528499939411521,11.715126622939668,0.2398496933713878,type0_Step_Response,1.0
1741,1.5619192996727624,1.4312025416097285,1.4510923424119155,0.0454747145221876,0.1301942593440113,0.9089267567805588,0.434,1.4018684263201402,0.1292417298294588,-0.1292637565344392,146,0.8071077828999187,-0.4889548343797315,0.0991666090113305,type5_Square_Pulse_Wave,0.9866667
1742,1.8107425363121783,-0.0022450673270201,1.6274958570408524,0.4458904546791556,0.0113088266776686,0.5412715897350892,0.116,2.9851102972649435,0.0504115384434943,-0.005894026130794,226,-0.4596374287821572,9.160315327933432,0.1868928772284892,type0_Step_Response,0.99
1743,1.017144163854543,-0.0320991238240606,0.9228880583382572,0.2326599179444045,0.006028446443012,0.4524556170387522,0.154,1.759815825088713,0.011366641984438,-0.0032951509738263,241,-0.4460360563485704,15.514054578889583,0.0653001044407979,type0_Step_Response,0.9866667
1744,1.1063822652914832,0.7757676861407677,0.9238892087188706,0.0559344245968929,0.0060411970242904,0.6341902146136792,0.072,1.3986819390682144,0.0065933813214728,-0.0085068813590295,256,2.3344824893756733,1.7234661535970213,0.0653653491737322,type1_Damped_Osc,0.99666667
1745,2.3682657155722016,2.047241577210902,2.082677447785612,0.0697467053837348,0.0013460534389544,0.2238950959662548,0.25,0.5127451125824862,0.0011859379761598,-0.0028133108357981,193,2.437722466570152,-0.4934403245600012,0.1090330759341313,type4_overdamped_decay,0.96666664
1746,3.3141294146308984,3.0872096854898223,3.111099118388956,0.0532674054978326,0.226210157773913,0.9781275829517916,0.425,2.3763877416549093,0.0111486362580022,-0.0110915114550369,105,0.5778802647464083,-0.4906581464440112,0.2087151515050038,type2_Triangle_Wave,0.97333336
1747,1.1366232428982253,-0.000797372598755,1.0548325760024473,0.2346942530580278,0.010418844085033,0.4965925434055671,0.195,2.270922800488409,0.0541790277619275,-0.0050958853607958,78,-0.337013110869852,7.782727106393652,0.1346742994256979,type0_Step_Response,0.9533333
1748,1.814358098499247,0.9184340702761458,1.238599145651805,0.1207217080532883,0.0099918383793682,0.4958094076145173,0.179,2.414959790791574,0.0112737692605764,-0.0187015151774576,191,3.699209760066563,1.7058743187558765,0.1398770128850228,type1_Damped_Osc,0.99666667
1749,0.6407695105416769,0.5617231191309177,0.5701312368798048,0.0188032173414186,0.0772915766191518,0.8874528688571424,0.385,1.6395083389374776,0.0081429495993853,-0.008096775788319,134,0.9915577165203896,-0.4912340627820842,0.0526862262111258,type2_Triangle_Wave,0.93333334
1750,2.6976282499048163,2.614243988783728,2.621482808555956,0.0172855914942399,0.0417925955471165,0.8210546894746541,0.479,1.2685633534199936,0.0797782276794882,-0.0806461989025471,0,-0.2037058590552353,-0.4912304379747587,0.2733339309438816,type5_Square_Pulse_Wave,0.9866667
1751,1.975132254430388,1.6636951514644882,1.6986631629013802,0.0762760382386455,0.3034364447462057,0.9255969217315924,0.38,4.695089909821527,0.0216026659308692,-0.0213890979422559,144,0.9814686930405008,-0.4944746124046799,0.2094407146750261,type2_Triangle_Wave,0.9866667
1752,3.17738456937623,-0.0008046075200697,2.8943523770989024,0.6553177598010159,0.0197898299528551,0.7240993180883246,0.133,4.914856576887423,0.0309323191140024,-0.0091911571703087,179,-0.4396335643712625,9.974492318337283,0.3016831313186632,type0_Step_Response,0.9866667
1753,3.250560614943089,2.8351100273729144,2.881127758507512,0.1126952198447017,0.4151509109268358,0.8926604121942062,0.418,3.973873592166625,0.4122484502032142,-0.4114203748610316,137,0.7797688024018107,-0.492684726503412,0.3227843428023034,type5_Square_Pulse_Wave,0.99
1754,0.8257374819639044,0.6548016551882262,0.667510340571286,0.0294340871330348,0.003908393905575,0.6236692937365543,0.232,0.5577901266163511,0.0018536430947418,-0.0029104726199813,108,2.403247153272668,-0.4561178243741368,0.0580007891406531,type4_overdamped_decay,0.72
1755,1.554772450655817,1.0274591730368934,1.2599132222305305,0.1018033432343696,0.0060655777405975,0.6386017390681777,0.116,1.544121626347012,0.0053125309504717,-0.0068196461044414,375,2.568996623876407,1.889610483404776,0.0966021674129185,type1_Damped_Osc,0.99666667
1756,3.8385755816833615,3.177030236304847,3.290719050757603,0.2366328773198386,0.6610930579458993,0.9499735209331952,0.39,4.1468011291808,0.6589050534371323,-0.6595319978861198,187,3.0151678214005866,-0.4926903218666663,0.1878068335329459,type5_Square_Pulse_Wave,0.97333336
1757,3.454932649762249,-0.4427095714865229,2.867708818969212,1.008152199072667,0.0424296097566365,0.7921577028396835,0.0,6.702634429546399,0.0523771365321932,-0.0399754043831985,441,-0.5121838820215173,17.96914907161892,0.2111745989229874,type0_Step_Response,0.99
1758,1.4528388751686665,1.1745363910624718,1.2183442939152789,0.0659463721034606,0.0093121869620527,0.6682395481601021,0.117,1.0007518894899892,0.0040866593661015,-0.0040483542302844,200,1.3820608311619744,-0.4636801186095033,0.1450715607622554,type4_overdamped_decay,0.70666665
1759,3.212332754126726,2.638865011973496,2.693867388340649,0.1195351753516893,0.0029474218196421,0.2534319647179932,0.374,3.2750878563306838,0.0163810755999795,-0.0172278893296211,131,0.9946384098222428,-0.4953808474645706,0.3825011502702828,type2_Triangle_Wave,0.76
1760,3.2725639031006546,3.11657404541168,3.135265878190935,0.0447300547873537,0.1559898576889744,0.9245043629510006,0.422,1.5890849146337045,0.1521979150900381,-0.1504628310191487,0,-0.0581402356783855,-0.4935253845189207,0.3479319559602447,type5_Square_Pulse_Wave,0.98333335
1761,1.318241258961432,1.076741884911945,1.1074394398522769,0.0515163642837046,0.008170599374744,0.7452983162255508,0.157,0.8761057056974704,0.002784437071778,-0.0031745932845996,172,1.7744084656225114,-0.4572794954846878,0.1042235357469647,type4_overdamped_decay,0.76666665
1762,3.4120725288607066,3.238497641365384,3.257716589603987,0.0423364173069514,0.1735748874953224,0.9411663699286992,0.426,1.3769554598561236,0.1677930463753583,-0.1682278426847032,51,0.5381081898722737,-0.4865048580782838,0.1650573769096102,type5_Square_Pulse_Wave,0.97333336
1763,4.227738707808279,3.298976720639434,3.445745097304419,0.3370508972598342,0.0024882615629056,0.154554480990354,0.449,4.186523328805184,0.9272842121422612,-0.9271839868931848,157,1.7007345138810994,-0.4969294044706321,0.4214356265909988,type5_Square_Pulse_Wave,0.97333336
1764,3.144920111613069,-0.0008277661928089,2.879399386706026,0.6923621572005658,0.0037660351795443,0.1466283658461496,0.253,3.799400985959467,0.0625072266550602,-0.0043112005950955,249,-0.4884855366903941,15.882739670492809,0.1918811220157819,type0_Step_Response,0.9866667
1765,2.1517413682298066,1.5630888619204832,1.7818726214593996,0.1165268722044464,0.0028278765117204,0.1903743325076556,0.141,1.2758042629130903,0.0043649933855112,-0.0061582264601711,363,2.8911059708270708,1.233209971011764,0.1148743584491178,type1_Damped_Osc,0.9766667
1766,0.6736798044240272,0.5661810201126938,0.5850082439268521,0.0269694716377134,0.0027870677069022,0.3035857147847777,0.114,0.470074976267344,0.0019038976762882,-0.0017935170072264,268,2.0957664080474707,-0.4545791756067975,0.0407009328952403,type4_overdamped_decay,0.7733333
1767,3.91808240629274,3.408541792036726,3.4516614285563785,0.1251276802915966,0.0031046251438056,0.1530921133600903,0.476,2.261644842757553,0.5060038296380318,-0.5057869750864623,105,0.8986407047475812,-0.4943044029185707,0.36283375541342,type5_Square_Pulse_Wave,0.99
1768,0.8625830774949996,0.3850567643889225,0.5877633337077743,0.0844259682921328,0.0045022653567835,0.6596463130830066,0.136,1.5613475930064906,0.0064894337946374,-0.0090939924983992,297,2.794887078991689,1.7738953093611127,0.085750578816804,type1_Damped_Osc,0.99666667
1769,1.494367306536666,-0.0977295040996471,1.1927133833917285,0.4430843490178449,0.0144641494759063,0.8588576507339317,0.0,2.522562998445669,0.0206269899767796,-0.0160317922618069,519,-0.6001230277039663,10.584864508014034,0.1449371215053276,type0_Step_Response,0.99666667
1770,3.5136345249584324,3.3076454787044094,3.3283024699850863,0.0519896780557507,0.0639233462398793,0.7677772661946531,0.438,1.8544090617111368,0.2035057703670637,-0.2026472102702254,91,0.2403662655488122,-0.4927807068566073,0.2755390922938261,type5_Square_Pulse_Wave,0.9866667
1771,2.3328964045489884,1.064837998876726,1.6663416975761338,0.2069321549358476,0.0119120918947457,0.4144666583977787,0.177,3.458767760562086,0.0164839811142529,-0.0211359315903021,240,2.5072805901438318,2.2645719315298267,0.2196969518730123,type1_Damped_Osc,0.9766667
1772,1.5620891422594736,1.2653880653828606,1.3121550452573014,0.0721852747294717,0.0063169528289273,0.5363470257766041,0.124,0.9080657709599422,0.0028162653890775,-0.0041108291314306,229,1.7399316890921426,-0.4735098831161283,0.1309116758823458,type4_overdamped_decay,0.7733333
1773,2.3419048968104,2.133698449825116,2.1506322975108003,0.0550379116830541,0.0018702413283087,0.1634545460663726,0.473,1.2322317032914554,0.2069332380543351,-0.2052999743385233,77,0.3262211730211796,-0.495909723172085,0.2507570466758282,type5_Square_Pulse_Wave,0.99
1774,0.6466740248241954,0.498500463846982,0.5729333233942803,0.019301944731327,0.0031109532619284,0.5340119790431138,0.222,0.7435405627536928,0.0044557759961459,-0.0059712028555387,148,1.7509968017847333,1.782233634095794,0.032686086240933,type1_Damped_Osc,0.9
1775,2.450667745683825,2.3974222091995734,2.421513743095762,0.0183642365910654,0.0479016542938532,0.960251770523744,0.006,0.2876022847584054,0.0005262748119752,-0.0004852055419881,0,-0.3411608321714406,-0.3409624673426745,0.1675037409249062,type3_Sine_Wave,1.0
1776,0.6242464451691399,0.5720782394369687,0.5799070805426954,0.0156091419803636,0.0520442646625228,0.9615344271023016,0.413,0.3390740548515901,0.0516803801878694,-0.0512957087603486,78,0.4457636366134953,-0.4929076013395998,0.0547493050376446,type5_Square_Pulse_Wave,0.93
1777,2.815477294867075,2.120336513685434,2.165499483843297,0.1414277945494428,0.4792045881324296,0.8750178142093693,0.471,4.044706125030306,0.693030864008398,-0.6931856473741038,100,2.2660098451057173,-0.4945939818846754,0.2508251433524389,type5_Square_Pulse_Wave,0.99666667
1778,2.3620264591412745,2.3056020868896967,2.3332148535426023,0.0196608119626146,0.050689216073668,0.9505809952520572,0.007,0.3622949829566453,0.0007227147570976,-0.0007248543131384,0,-0.3600990081651639,-0.3603822964532366,0.201862605914596,type3_Sine_Wave,1.0
1779,2.71360207197219,2.0555135191837053,2.341526517607376,0.1184253529855715,0.0138236098346902,0.5207969371885153,0.108,2.302244243498927,0.0093297369451277,-0.0129137846724844,252,2.1743479403723738,1.4935251468764417,0.1409825289779576,type1_Damped_Osc,0.99333334
1780,1.0955891198273886,0.6072154214738935,0.779627110005676,0.0736095795199401,0.0048385761618244,0.6055304373248644,0.174,1.7022681296271205,0.0144176008228241,-0.0215081104132021,131,2.792553140727218,1.0778058908771986,0.1002746810213317,type1_Damped_Osc,0.99666667
1781,3.6632746409011,2.962094058683382,3.274645972876179,0.1355400715570742,0.0260839462337916,0.7443677780169203,0.066,2.8803309036499045,0.009582563315567,-0.0163944922721492,275,1.7104008015239438,1.37839582762253,0.1714882508998956,type1_Damped_Osc,0.97333336
1782,0.5280842192182477,0.5103749050071472,0.5124085849411618,0.0044828090614003,0.000778965685542,0.1365600420994289,0.456,0.2008351613605778,0.0174183032574706,-0.0169018660351608,0,-0.1953346189383452,-0.4925721908551475,0.0567436738987559,type5_Square_Pulse_Wave,0.98
1783,1.4028029376478706,-0.0007540333164967,1.155681546957272,0.406066598861767,0.0143563391108021,0.5776000391581031,0.072,2.44189249862425,0.0201201178814239,-0.0067539132123095,351,-0.4590480154472498,7.21005694860551,0.1810805513279763,type0_Step_Response,0.99666667
1784,3.2682639664301445,-0.2012162717389625,2.85865120714001,0.9012123763189764,0.0231399001086436,0.6457731321420489,0.073,6.087299745410816,0.0766479978323632,-0.0477501584260619,257,-0.4574948031059729,11.906467033972634,0.2786961183483636,type0_Step_Response,1.0
1785,0.98762795187985,0.0117904356580078,0.904904569428704,0.2319315782019516,0.0094467616731114,0.5734209442004675,0.19,1.7829582455414197,0.0248938599674558,-0.0033209679794018,151,-0.4151522621267509,15.78025240265744,0.0596291808691735,type0_Step_Response,0.9866667
1786,1.3598387210037732,0.8266351341090706,1.0023207236757852,0.0591077899881706,0.005698081820224,0.3718749106580088,0.221,1.4471592140720932,0.0081390362130125,-0.0134526875955087,123,3.5509508595212296,1.4146908686020805,0.0893790829544903,type1_Damped_Osc,0.97333336
1787,1.9193551817548968,1.6507640846148122,1.676836716169521,0.0490080927070163,0.0122420569391801,0.7597308232145396,0.184,1.3557731728184754,0.0043489914903296,-0.0058031288165454,104,1.389933726438768,-0.4552986430831016,0.1388329506948709,type4_overdamped_decay,0.6766667
1788,1.1106621657137776,-0.0003278952029454,0.8963914532062841,0.3026673577680754,0.0100822121521495,0.9338190497927416,0.0,2.927200412546114,0.0347519086816577,-0.0159369469531424,577,-0.642253254092295,11.76694382407126,0.0916303846687487,type0_Step_Response,1.0
1789,0.8143011130765508,0.676828618687299,0.6909004947042655,0.027520521017251,0.1374473755434516,0.9001698881637954,0.373,1.9082140032183852,0.0098001687415442,-0.0095678460989763,154,1.145117569588744,-0.4951639362951995,0.0833190046164127,type2_Triangle_Wave,0.9633333
1790,3.376990152237351,3.2133391438696868,3.238190063656426,0.0443883536259036,0.1616449336373624,0.9545375131055702,0.361,2.9020460014700222,0.0113116063340226,-0.0107371985700046,129,0.4099032220330852,-0.4909701771823814,0.17808806559378,type2_Triangle_Wave,0.99
1791,2.367374778539073,2.1546275670717474,2.175911750083944,0.0624908481596129,0.0015434809858527,0.1562202695631895,0.476,1.1856046887055678,0.2109444184934892,-0.2115686447231928,97,1.2012047265818169,-0.493624375569956,0.1245898685477717,type5_Square_Pulse_Wave,0.98
1792,1.985186250233324,-0.0029577951659831,1.7038181412598383,0.49795307759519,0.0184173898109272,0.4136336411972218,0.122,3.371631482369306,0.018507463436708,-0.0092842300222367,352,-0.4417537140628738,11.185130341974563,0.1692991810101602,type0_Step_Response,0.98333335
1793,1.294127607119817,1.2606674255844657,1.2643514207618418,0.0082896421944728,0.0017662090485648,0.1301491989611579,0.45,0.4890353895146035,0.0317474103323029,-0.0315686264721075,0,-0.0878073703418168,-0.4832063793045312,0.0779982610346299,type5_Square_Pulse_Wave,0.94666666
1794,2.5305099899190706,7.81277533395664e-05,2.394323577464574,0.4451441620044468,0.0184115269546052,0.5935343383225846,0.178,4.176693880980194,0.0378336334109945,-0.0079231615964037,111,-0.4503684360682082,13.745315198802766,0.177015829730986,type0_Step_Response,0.9766667
1795,2.748371572013479,2.6270359991620653,2.686487404635653,0.0430934765042766,0.1212946066149007,0.9697560015262816,0.009,1.1567170387189325,0.0019331142054905,-0.001945967404596,0,-0.3114340523875189,-0.31136754806716,0.3216757361581406,type3_Sine_Wave,1.0
1796,2.516687406416813,-0.0018429038313454,2.065057604497455,0.706984857914602,0.0150106933063915,0.7206221981165265,0.0,3.616610998870399,0.0311821686144277,-0.0061872777936589,505,-0.5316126679800378,18.44966431071854,0.1331284192373409,type0_Step_Response,1.0
1797,1.6591610950233515,-0.3913030857457004,1.4433555980292234,0.4788427661920416,0.0131470946255793,0.644458741073049,0.149,3.943800721428497,0.0315478012825646,-0.0279587956074977,165,-0.2831136600802565,8.994621621257625,0.2111375688478007,type0_Step_Response,0.97333336
1798,2.914768329551557,2.287990305679862,2.494838484539873,0.1013269633762775,0.0146584663074995,0.6280845686590545,0.199,2.7414005174652485,0.0144263391203791,-0.0219864021863234,135,2.6691984013955765,0.8137769683555633,0.1398129528216634,type1_Damped_Osc,0.9866667
1799,1.9114343113981704,1.6036853562249749,1.6664775648544474,0.114221807998488,0.2847001153005148,0.9636405520063804,0.363,2.075924587743585,0.306320511475171,-0.3069872853556554,229,1.017800369470556,-0.4930212159599177,0.2018318223098978,type5_Square_Pulse_Wave,0.92333335
1800,1.1699818262400157,-0.0012349218645191,1.1132150437143264,0.1807675466603017,0.0068496110670499,0.6552364186287144,0.12,1.9413166593864952,0.0271107528846423,-0.0041648800815681,99,-0.4776255122434615,6.5123460270392375,0.1664908713347137,type0_Step_Response,0.9866667
1801,1.0273456573078474,0.9759597777849822,0.9845392257157382,0.0179790106765919,0.0512972248750286,0.9465861915073764,0.426,0.4663289129667474,0.0507590077197102,-0.0508758277441238,171,0.215029075394899,-0.4936731107173285,0.071235121131678,type5_Square_Pulse_Wave,0.97
1802,2.9339450720393088,2.011465086314724,2.3186202210476545,0.139025008986149,0.0133866796930717,0.48500082427906,0.195,2.974911856551629,0.0128136116478487,-0.0161864772229449,145,2.156578502305576,0.7026782209756186,0.2390304796671518,type1_Damped_Osc,0.96
1803,2.6583808577063044,1.1438038755409574,1.8710976388112095,0.2900315469879445,0.0143876916727978,0.5767544881143898,0.089,5.854171101076695,0.0226622636877855,-0.0254012733677191,387,2.655203718128265,2.588056822551743,0.2425939094318785,type1_Damped_Osc,0.99333334
1804,4.31316187944366,3.432616125397044,3.5127663519410306,0.1706265601114664,0.0174859183407067,0.6644263240355262,0.195,2.6394094542931663,0.008253607281714,-0.012926444082228,145,2.429323772395497,-0.4664642778897378,0.2971945702047209,type4_overdamped_decay,0.57666665
1805,3.2372330104416944,3.117122744476449,3.1364424623829668,0.0391599933660122,0.0040079622332025,0.1609395790305219,0.433,1.2675370992033748,0.1164975329337298,-0.1143466048153132,159,0.1475755544293548,-0.4870984937172498,0.1818538040302963,type5_Square_Pulse_Wave,0.96666664
1806,2.395302106295687,1.822454884752516,1.9990514179327252,0.0931406525027099,0.0096172363342044,0.5085576077791042,0.197,1.8930670104341565,0.0094239483562206,-0.0170826646612134,96,1.8977840748233208,0.4102648667353398,0.1731676984419889,type1_Damped_Osc,0.89666665
1807,3.47532415671505,2.755763580072089,2.848432168191513,0.1651562587849726,0.0130597571671007,0.6484221729914635,0.172,1.9526113101994675,0.0064998298524412,-0.0089766302893821,180,1.5447682313213498,-0.4844255491997304,0.3492431540087302,type4_overdamped_decay,0.7033333
1808,0.8335333715340857,0.7298111661977713,0.745588603693354,0.0242171210223856,0.003848221999401,0.6492903047929478,0.15,0.515721746666718,0.0018419750576766,-0.0021206502043653,203,1.6104544178873692,-0.4594462616129653,0.0482202752387344,type4_overdamped_decay,0.74666667
1809,2.940053258909435,2.6154829808844924,2.648915810589674,0.0764725415928856,0.3168687354869433,0.9203770354365298,0.414,5.511122552406501,0.0283159502072241,-0.0280277109537823,125,0.8662986379327572,-0.4925331617687297,0.2362632368162591,type2_Triangle_Wave,0.95666665
1810,0.7602226712878991,0.5771998874713117,0.5944722375183691,0.0526556430392759,0.0007828020049318,0.1733082600569054,0.46,1.2706906917628504,0.1821179080762114,-0.1822567888184716,92,1.9291342879000608,-0.4932770837280948,0.075136910120642,type5_Square_Pulse_Wave,0.98333335
1811,1.5791893698204456,-0.0008869293041889,1.4333839722420096,0.3591943503684461,0.0092204516992171,0.4201179773719843,0.159,2.8622061771169776,0.0246093869963882,-0.006747560303977,116,-0.2140872221954025,13.267359549024183,0.1124347598465125,type0_Step_Response,0.99333334
1812,1.3106742869448202,-0.0028278609009818,1.1596024165896357,0.3360932998782499,0.0104532156832573,0.7204690567024826,0.06,2.0854214680315764,0.0148179903786851,-0.0032321875067495,292,-0.4650811990538303,12.618638456986735,0.0998590816224735,type0_Step_Response,1.0
1813,1.6946194726769477,1.5343391545576444,1.563030117739098,0.037649414420557,0.0114495807150416,0.6732565921554526,0.178,1.3990386138029132,0.0049024709131144,-0.0051894423006257,186,1.1400157308481076,-0.4335861640009785,0.0939272978113265,type4_overdamped_decay,0.53
1814,3.6045464078767737,3.175467790930337,3.210378983522281,0.0765409640793519,0.3050349906599656,0.97507656010156,0.36,3.432936606693117,0.0215067082684736,-0.0208787412229218,52,0.4926896220970955,-0.4947673354831258,0.4299719754755,type2_Triangle_Wave,0.9766667
1815,2.8563224596740127,0.1910071690023669,2.4885912597949766,0.7074841477127227,0.0147096066949492,0.5704577211672252,0.041,4.6526316199459,0.0830212710154947,-0.0179943250606005,304,-0.4733131772726993,8.969818843800939,0.2806627389341662,type0_Step_Response,0.99666667
1816,2.227122524380371,1.604103562652605,1.7167800556163837,0.1624174734729153,0.007628732493663,0.6027551399026574,0.106,1.2873995854906508,0.0036072973365894,-0.004702992586655,308,2.4428129633107765,-0.4785801616160763,0.2101788231246804,type4_overdamped_decay,0.78
1817,3.696875244519039,2.990124149019318,3.130683075209933,0.1870665097656439,0.0155867771855553,0.6331246922956072,0.107,1.983746284653619,0.0065311590824661,-0.0076453793258748,301,1.7991085080520757,-0.4738685647973518,0.3039475979887287,type4_overdamped_decay,0.7866667
1818,2.797052608882704,-0.0011639432946738,2.598849302545725,0.3016594311942367,0.0151610391050005,0.65656977871463,0.178,4.95267268064052,0.1338172048317016,-0.0144909093632428,59,-0.0893081436434508,7.20863259796089,0.344636621916178,type0_Step_Response,0.9266667
1819,3.1631477823600136,2.5222893895679603,2.5962899403701707,0.1854513117693223,0.4708612193761983,0.8501311084470653,0.431,4.970471499173831,0.6373490051433652,-0.6376145806537021,134,1.245679363266542,-0.4948169888927082,0.3660244244047139,type5_Square_Pulse_Wave,0.98333335
1820,1.41613740081382,1.267955385194898,1.289583859906466,0.0330482181345286,0.0073966455301663,0.5732257752183051,0.174,0.8921002723666172,0.0033917981250424,-0.0037073758441372,162,1.2503245865174342,-0.4499110457957793,0.0823044329912818,type4_overdamped_decay,0.66
1821,2.0531674564828,1.999255645340573,2.0237594377735806,0.0188959417962355,0.0529771417304079,0.9604319822011584,0.007,0.3759218411835028,0.0007620657327249,-0.0007422058107788,0,-0.3826165799551497,-0.3826368881134142,0.2296596703629836,type3_Sine_Wave,1.0
1822,1.617906019200966,1.0917475089430513,1.348906111863993,0.0579969774858217,0.0072945966334245,0.4265564436144136,0.219,2.1976204873609584,0.022149151078197,-0.0282658157616368,104,2.211477508487204,2.0695375052619336,0.0996320799861503,type1_Damped_Osc,0.97333336
1823,0.8732827997175837,0.6816808574499374,0.6940651873561462,0.0316512528699583,0.0033096907055689,0.4015198397844237,0.216,0.6431944800748125,0.0023299719817709,-0.0037342443073029,88,1.9469048730197651,-0.4739535298805034,0.0774790586960838,type4_overdamped_decay,0.70666665
1824,1.1404267726928587,1.112624407681219,1.1267257199143266,0.0096312551101012,0.0220502918389844,0.9592944719532928,0.004,0.1197710298651024,0.0002337883487397,-0.0002261604528366,0,-0.3990714946372012,-0.3991250976071216,0.1377695516683243,type3_Sine_Wave,1.0
1825,3.2135790894412586,2.254679686370832,2.6589735068035725,0.1241604818466898,0.0173289354488312,0.5326381195242241,0.185,3.529425175052609,0.019941663346755,-0.0229675026322233,126,1.4608965587240246,0.9226182198747572,0.2834033441011114,type1_Damped_Osc,0.94
1826,3.282198027375604,2.220556829205145,2.67548050002749,0.2155734695232348,0.0255558432809945,0.7787506607668864,0.041,3.5262142622563983,0.0122197329283388,-0.0194194221891272,414,2.9174931725794204,1.8390568323570975,0.1844231696519704,type1_Damped_Osc,0.99666667
1827,2.9491031169584936,2.760806399055661,2.8466315714981385,0.0656189279689427,0.1757789204120379,0.9483914233525632,0.008,1.3400747316659911,0.0023218543653187,-0.002271184519095,0,-0.2636808403064527,-0.2636571953428415,0.3983750166178383,type3_Sine_Wave,1.0
1828,3.653170176720391,2.70456959943609,3.098593883033169,0.1290784210499668,0.0149868510140027,0.2323608723853807,0.192,3.104463710720022,0.0124203360970853,-0.0195606975883912,146,2.9598732402744936,2.0295434172443163,0.1583794602256425,type1_Damped_Osc,0.98333335
1829,1.5639324260484582,0.888430991015582,1.285855947181092,0.103933722121536,0.0099223993336683,0.5610089256953503,0.093,3.272663740382333,0.0230577362657955,-0.0209134721755885,251,1.8985310251520136,2.808193953921206,0.1183693690356493,type1_Damped_Osc,0.99666667
1830,0.9717031266547774,0.9495906975978,0.9604678695022996,0.0077367959090262,0.0209765789317035,0.9481005986847566,0.008,0.1857208699444037,0.0003098243528933,-0.0003163422141243,0,-0.3861818478201836,-0.3862293338564835,0.0971595582765517,type3_Sine_Wave,1.0
1831,2.3771382534740253,2.142396006495374,2.175460823668197,0.0632061091101659,0.2315120851884025,0.9757941127357638,0.375,3.053872182465692,0.0115414488200089,-0.0114206968064674,144,0.5422498865862381,-0.495816011062166,0.2243259249047993,type2_Triangle_Wave,0.99333334
1832,1.970292659944333,1.1624872775065975,1.5068177527135207,0.1398450242845814,0.0106262290955685,0.6272239915145019,0.059,2.373096432452,0.0108838779002486,-0.0123459668642871,261,2.183349276543125,1.504669817202433,0.1723127330081602,type1_Damped_Osc,0.99333334
1833,1.7224213246183482,1.3745146071031484,1.4328436566310154,0.0890465219335387,0.0014881871449621,0.1978892551797812,0.169,0.5004060196397788,0.00092511679268,-0.0023680509369672,273,2.016888271118368,-0.4936580226531725,0.1378814786033977,type4_overdamped_decay,0.9633333
1834,3.556084382154626,2.547877792337244,2.5967341689475134,0.1406597079531933,0.0154757599070012,0.6314949182451972,0.199,2.781973373759791,0.0085960280191104,-0.0233206029617618,69,2.3287150691024765,-0.4727331443957374,0.3530157460365957,type4_overdamped_decay,0.47
1835,1.4245021184966624,0.683817061833998,0.9722054014890772,0.1270219009489657,0.0094810753668462,0.6360798581923401,0.062,1.786202563992333,0.005944623694306,-0.0090497181943669,277,2.912519548577059,1.5988205523534968,0.1343929140822944,type1_Damped_Osc,0.99333334
1836,1.5348142201601622,1.4678586457770118,1.500524830806076,0.0234897026339948,0.0645400908370166,0.9495587820228676,0.009,0.5666204542497046,0.0009211916644706,-0.0009345698722138,0,-0.3244807712722278,-0.3244168393684623,0.1907009932496635,type3_Sine_Wave,1.0
1837,3.4325236235323926,1.4984729975834783,2.563256363210471,0.3515468255320761,0.0179873356388515,0.5345413690155568,0.103,8.353425586191221,0.0401590032933829,-0.040035584434249,399,3.631799064738904,4.562583049412369,0.2103513430197963,type1_Damped_Osc,0.99333334
1838,2.148247259023354,1.0214715796688414,1.5991024115378467,0.1257493374070044,0.0120616809187863,0.5236217946216553,0.242,5.030917426977647,0.0458094775601436,-0.0548131372267617,125,2.734049063515792,2.973837959946289,0.1679777365679244,type1_Damped_Osc,0.95666665
1839,1.7758996897002195,1.5336037984235331,1.5530636631096617,0.0591922976468359,0.2419306126831228,0.8966971230469374,0.465,1.6559957511997447,0.2406426461261581,-0.2402174589557835,88,1.6236141161680222,-0.4895208470775185,0.1135357553421021,type5_Square_Pulse_Wave,0.99666667
1840,2.7211825019723657,2.279390259389655,2.33546925037055,0.0920201525122482,0.0156689528249787,0.5470126060468925,0.167,2.316579911322255,0.0143847947763569,-0.0101439384555073,127,1.120786542425283,-0.4546626916567549,0.2651617059433646,type4_overdamped_decay,0.46333334
1841,2.382245414591581,1.922967152117628,1.983684705212328,0.1034034914238388,0.0118099293778222,0.6000706166558746,0.157,1.7622497344442498,0.0072351499205485,-0.0090656766593928,163,1.289488760658681,-0.4780147492059301,0.2535384220641536,type4_overdamped_decay,0.5933333
1842,1.404238179157268,1.328697447298177,1.3639772684672324,0.0263906469491237,0.0755028249089122,0.9779444952775492,0.01,0.6954324325763048,0.0011266763954602,-0.0011342573947727,0,-0.3080605263649477,-0.30797559158038,0.1967391606076503,type3_Sine_Wave,1.0
1843,2.1800784043106787,-0.0021045432993102,1.9136488266722025,0.5686285335971183,0.0165906446823482,0.605197420056198,0.106,3.7058372179480887,0.0398522165463235,-0.0080648415726285,251,-0.4499386994556964,10.603042117952183,0.19565701722007,type0_Step_Response,0.99666667
1844,3.422064150593434,0.219248706516644,2.8882209955566687,0.9492170810138592,0.0199056913582902,0.471899350833359,0.165,5.0171587565239015,0.0235364118617484,-0.008585284836204,316,-0.4476471081176134,8.534626824467738,0.3524620439411778,type0_Step_Response,0.97
1845,1.3609623123642232,1.3077626932902386,1.3132867378169608,0.0138473616670397,0.0479729151110519,0.5000969118824452,0.475,0.5378465909035286,0.0514563776663381,-0.0520248445103375,89,0.2541962949163654,-0.4925757973682391,0.0698505610671578,type5_Square_Pulse_Wave,0.97333336
1846,1.6011545343880276,0.5436451254249561,1.1358900778364378,0.1848032447472052,0.0064716391526575,0.502675295911522,0.112,4.553569676430454,0.0249565346393307,-0.0234211182792871,320,2.3623352082334548,3.419673131752178,0.1559286506222892,type1_Damped_Osc,0.99333334
1847,1.7809897388529017,1.5051878890647992,1.5405029373926504,0.0616940776516659,0.0082439141937147,0.5272415755843349,0.182,1.183862667192909,0.0039988556388652,-0.005233868544251,147,1.1624624150066218,-0.473422139844017,0.1632890901678179,type4_overdamped_decay,0.69
1848,3.5375679772525,3.3935166339733054,3.408299580973464,0.0402871770064058,0.0021494932401422,0.1016832412847124,0.475,1.2832520980752218,0.1428858137274069,-0.142489778943005,102,0.2935802065914522,-0.4931425516197993,0.1799657254808884,type5_Square_Pulse_Wave,0.9766667
1849,1.571467998203938,1.182323004939308,1.2307378262210469,0.0896592802162994,0.0014205088447807,0.534798693729145,0.169,0.5286175513247131,0.0008842909399677,-0.003092782105295,190,1.73807683331308,-0.4956434860618985,0.1735369275263638,type4_overdamped_decay,0.9166667
1850,2.213289737890879,1.1727319403096577,1.8028438668485136,0.1416126582170097,0.0242001283267538,0.9130728802571704,0.035,5.470141215936709,0.045764822222253,-0.0428565927604012,196,2.165922077814943,3.642738970239964,0.1528285503180522,type1_Damped_Osc,0.99
1851,1.5498342160978091,-0.0015198236798826,1.3445839080263435,0.3409824290941808,0.0240861522995432,0.8994587611734226,0.018,4.779558438307541,0.0493260710738445,-0.024064412305772,330,-0.4160787824279648,8.706254452318266,0.1669886657585679,type0_Step_Response,0.98
1852,3.2298839132931847,3.032409640598487,3.0674816054789016,0.0572606521528055,0.1974630868537028,0.9654342915738954,0.344,3.844423584752599,0.0132098420154544,-0.0123342021821213,139,0.3438992121008297,-0.4943461434603535,0.2324448936553333,type2_Triangle_Wave,0.9866667
1853,3.181931449791895,2.39184477539506,2.4659744971600848,0.1514700807535105,0.0187743036642649,0.5794879659705409,0.2,2.716717334326008,0.0094615075052479,-0.013032863429951,126,1.7607483084282936,-0.4664841799476807,0.3443747668757186,type4_overdamped_decay,0.46
1854,1.7697513133826923,1.553133510760781,1.5777289756993529,0.0570083684460769,0.0017088206075168,0.1533048524596804,0.399,1.0328499561230728,0.2151886640441354,-0.2143329511749883,68,0.5831744718603711,-0.4952731254968486,0.1991152996969711,type5_Square_Pulse_Wave,0.94666666
1855,3.5100093807328507,-0.0033929042225215,3.2098230756827206,0.6524298055774472,0.0292590212845902,0.581362212694467,0.124,5.876774447846441,0.0618577540113818,-0.0124006688288491,304,-0.4251940960798377,19.145938455394298,0.1781576912585416,type0_Step_Response,0.98333335
1856,1.8835483704076448,1.624504374424472,1.637371553536388,0.0402544949150554,0.0011895348550692,0.1625323125505549,0.406,0.4571884490627294,0.0009037894282801,-0.004736130065398,83,2.4962395024667345,-0.4904870095639506,0.0861827434543698,type4_overdamped_decay,0.82666665
1857,0.7377956395204162,0.6736341157112561,0.6795649505458032,0.0158868391942709,0.0516250799398667,0.8924968718276601,0.483,0.6213616251093115,0.0635392929127801,-0.0631888716154375,56,0.1960993748925145,-0.4937428951591849,0.0913517930859282,type5_Square_Pulse_Wave,0.96666664
1858,3.456581438245499,2.7563694897672337,2.8546060449809154,0.2216145790300014,0.0023938226848798,0.1236637780200408,0.414,4.088624139799963,0.6986379609452555,-0.6983775584448808,163,1.563279286189261,-0.496118914112832,0.338731313707854,type5_Square_Pulse_Wave,0.99666667
1859,3.185378599615391,2.281929713312346,2.636794560378895,0.1618350564919822,0.0159464965472899,0.6509953663574456,0.21,3.007622926931821,0.0118316335691313,-0.0188141747431562,231,2.778167917677336,1.367156276333071,0.1755863872202137,type1_Damped_Osc,0.98
1860,0.7041565883764702,0.6577003687665004,0.661217868650125,0.0082266031649084,0.0462595456662319,0.9388873598237116,0.401,0.5454370768140101,0.0037610421843313,-0.0036620367530816,80,0.7799747952280318,-0.4873076014070988,0.0359382676624229,type2_Triangle_Wave,0.86
1861,2.366215278246861,1.1459209030191366,1.6814398437624267,0.2203173103647511,0.0493474239517865,0.9530751824780336,0.008,3.535715118167244,0.0135523435299733,-0.0196820019115753,347,2.708854081972313,1.9244114364390572,0.2166229110343547,type1_Damped_Osc,1.0
1862,3.643056019859993,1.9982911249201445,2.591961124004999,0.197778673022877,0.0177410682039633,0.5528075646632775,0.236,4.1053097623926025,0.0235630447725005,-0.0465370801166429,89,2.4598452532608546,1.117309930465513,0.3593421741057963,type1_Damped_Osc,0.95
1863,2.465988612621055,-0.0019725714436121,1.978067689781019,0.5130435261491736,0.0189257704165655,0.6125077140439599,0.128,10.638280028222752,0.1742397108981803,-0.088286302626892,214,0.5562126711447004,6.845404533609862,0.2937483491473549,type0_Step_Response,0.92333335
1864,0.5434895371037074,-0.0006378665723452,0.4624436732295792,0.1485859770367973,0.0054278851689162,0.6212915056851765,0.097,0.961629393701005,0.0081318082831776,-0.0023572610911994,304,-0.4580416044798178,8.574268297384416,0.0596877877224752,type0_Step_Response,0.99333334
1865,0.9969193011311352,0.823835450516961,0.8532949859983119,0.0584376128198649,0.1730838506141742,0.9544767239215244,0.405,1.136721317818936,0.1711626088966596,-0.1725197235618619,197,1.0260638578655643,-0.4928942259315633,0.1128928247788467,type5_Square_Pulse_Wave,0.9866667
1866,3.32962724404322,2.732822563847224,2.805143725859999,0.1323795474091459,0.0037828905852199,0.1527498063085957,0.203,1.1217857066364632,0.0037543238830632,-0.0065307015456044,198,2.127578332829206,-0.4905195939517752,0.226314519050133,type4_overdamped_decay,0.94
1867,2.5360018370536204,2.2609104035372964,2.2944901082911646,0.065281627607637,0.2374150691503622,0.9769526932423118,0.376,2.885423955628849,0.012182277050492,-0.0121087101988082,99,0.4683557536868244,-0.4979577664528228,0.2834831039792629,type2_Triangle_Wave,1.0
1868,1.4713574969202403,1.3852099211683742,1.3914432626323188,0.0171868703329964,0.001369889425707,0.1611293327591871,0.418,0.5682543512048592,0.0848352574656963,-0.0845275124591808,35,0.5686467075374372,-0.4903097304345977,0.0798892902507324,type5_Square_Pulse_Wave,0.9066667
1869,3.2423121834748856,2.190129389544061,2.68535959573641,0.1521040668844883,0.018594398593132,0.4765371344948937,0.203,5.667347398160155,0.039932524715986,-0.0483116612659806,154,2.2268618242908658,1.8143821356915677,0.2087149128832264,type1_Damped_Osc,0.98
1870,2.434647033815388,1.9084558941949388,1.952367329164736,0.0954081522181267,0.0115713185473436,0.6091606835742518,0.226,1.891845037201572,0.0060709684947002,-0.0088943685331974,115,1.963438010911664,-0.4674306621640097,0.2108131371826529,type4_overdamped_decay,0.57
1871,0.7248334468611084,0.6305336984136704,0.6366960528916217,0.013159715450721,0.0042771804340105,0.5601785251107387,0.239,0.5838967379807839,0.0022469214400511,-0.0026034456893094,52,1.1778144827340145,-0.4571199039505508,0.0548033042064375,type4_overdamped_decay,0.63666666
1872,1.1873432296349389,0.9600635896627496,0.994048690728659,0.0543716579401492,0.0059800206247119,0.5224272371203447,0.137,0.8574550557207143,0.0028326155018479,-0.0038256681901489,188,1.2878230889191915,-0.4766820709032918,0.1254897535373438,type4_overdamped_decay,0.75333333
1873,1.7870667076677074,1.638458169148952,1.6584755559565236,0.039613171740591,0.1476160164552096,0.9789288829061272,0.381,1.2861527599101257,0.0051600796031328,-0.0052342150965378,159,0.7412212793498417,-0.4949559344677033,0.1192430962868582,type2_Triangle_Wave,0.98333335
1874,2.884536717117417,-0.0047347457560395,2.579110278061068,0.6062188043844968,0.0180916526915995,0.5889983275685884,0.13,9.681037448789622,0.1128776045104244,-0.0529080153428651,288,-0.4616503748241826,9.667026083383217,0.2831126991679773,type0_Step_Response,0.99
1875,2.201857628114594,-0.0016067239422152,2.018509950760921,0.4554524050107366,0.0148257775079758,0.6331662831923478,0.161,3.536543039024655,0.0267344364259727,-0.0072252538542243,181,-0.4708388734657778,7.994795487571186,0.2585025301994763,type0_Step_Response,0.98333335
1876,0.71539863176082,0.594488787697229,0.6074811376284944,0.0232289661864966,0.0044284357904103,0.5693241937527439,0.165,0.6234204028377421,0.0021198841026934,-0.0028750402781363,121,1.5588035407555352,-0.4404991140831438,0.0570785967027063,type4_overdamped_decay,0.65
1877,2.0879396477478416,-0.0023111622412913,1.900761783027371,0.4587998913079306,0.0194289919694763,0.6556805062912691,0.174,3.966250273054565,0.0360473386958541,-0.0077492856856085,224,-0.4276108284191249,17.15035969297833,0.1179416819570851,type0_Step_Response,0.98333335
1878,2.2473289162493137,1.926990451521466,1.9645253647608436,0.0654379858512523,0.01308367934884,0.6699396298305916,0.142,1.5433839600560038,0.005300602545196,-0.0079441658485093,120,1.1367045342036923,-0.456818639156305,0.1906906092087947,type4_overdamped_decay,0.72
1879,0.5473957703480542,0.528458687749464,0.531508458309163,0.0055340181300051,0.0189370825985901,0.9529988009855376,0.372,0.1782620454259311,0.0183123888725217,-0.0185851586620635,0,-0.1573949947321211,-0.4957326833674882,0.0545938127748002,type5_Square_Pulse_Wave,0.78333336
1880,3.5757174731903643,2.824548612915292,2.908219507974347,0.1979970401569997,0.7508792606774612,0.6332504004896544,0.412,6.394519308656923,0.7483512598285773,-0.7497503219890946,151,2.8196455165029084,-0.4928954877801909,0.2257966044306245,type5_Square_Pulse_Wave,0.97333336
1881,2.0861340796719823,1.7552350452978995,1.776433334459346,0.046373787384176,0.0098990580033293,0.5503478302236373,0.192,1.6258461376277902,0.0054142412637026,-0.0089959035345876,49,1.066051813049578,-0.4572690901381141,0.205682861744838,type4_overdamped_decay,0.62333333
1882,2.1271581781665647,1.818256088434291,1.847582964981844,0.0740187577077271,0.2233524954685695,0.8689137387221316,0.433,2.014393334941313,0.3063675096582461,-0.3059784788484472,67,0.7327959302981344,-0.4939715597412571,0.2493509952451256,type5_Square_Pulse_Wave,0.99666667
1883,1.990020337197281,1.4421643350667352,1.677096047965808,0.068220182985812,0.0118898589729139,0.3605300652318154,0.203,2.1891080968475585,0.0115626253609439,-0.0184834192801528,91,2.1120348287081008,1.4088714454818394,0.121182782589031,type1_Damped_Osc,0.9766667
1884,3.971746341223661,3.286569403285572,3.3542028272648063,0.1603948272538131,0.6851769379380888,0.938426414407036,0.391,7.493361514030838,0.0379578070464647,-0.0376893054999998,124,0.910534409001108,-0.4974392131631939,0.4848767018359323,type2_Triangle_Wave,0.99
1885,3.401722554155782,-0.0053712483003627,3.0907839076279737,0.838902998794007,0.0219186047413715,0.4230991488229729,0.181,5.372122934601167,0.0866201254543441,-0.0107017185234559,206,-0.4375111963577675,17.69948784842563,0.1865676354410599,type0_Step_Response,0.99333334
1886,0.9588518711083722,0.8238430458935979,0.84393954160906,0.0312125422211929,0.0039635255498192,0.6155002508680399,0.151,0.5822783157488175,0.0023186336649121,-0.0025412399431259,242,2.4188864517459003,-0.4597789099598537,0.0456248457713321,type4_overdamped_decay,0.6766667
1887,2.154968849007882,1.7088798770138824,1.7398402779469655,0.0801119445764147,0.2919687444094969,0.9415651029383554,0.421,4.334936036177078,0.031298440011811,-0.0316090590926037,114,1.482490597890419,-0.4968603988658849,0.224658635939938,type2_Triangle_Wave,0.9433333
1888,1.2889830708449557,1.0986637174943434,1.1355993701640668,0.0745449491777044,0.1902876637004522,0.8749475909515704,0.423,1.348885121776613,0.1894055218782375,-0.1893586835810239,192,1.8811308283474415,-0.4925593534408027,0.0796791535652292,type5_Square_Pulse_Wave,0.9866667
1889,3.943672831199261,2.255952072196502,3.078379600549616,0.2588257312946165,0.0305668982952216,0.8995592461241534,0.056,6.86645615690366,0.0361758336672344,-0.037550005384253,255,2.123606629328999,1.9648062546512208,0.331679208720697,type1_Damped_Osc,0.99
1890,1.8978988411510769,-0.6617695008155084,1.563228495395212,0.5641593545220862,0.018010742190984,0.7926391590200573,0.0,5.590633585684883,0.059228877802376,-0.0608119643475462,513,-0.6804016445697932,19.7253641041182,0.1276963400221928,type0_Step_Response,1.0
1891,1.1256495630824044,-0.0007574289145554,1.032927692633426,0.250619475422306,0.0099635040714423,0.5593884716410249,0.161,2.171204220089587,0.0205748846520269,-0.0051179261993865,159,-0.4412645873400017,12.423463180703072,0.0867655030768683,type0_Step_Response,0.99333334
1892,4.1280140325351775,3.438922179954485,3.544106300155351,0.1665179138192077,0.0139769143321539,0.5084446817672323,0.147,2.313697844923031,0.0073877445245198,-0.0089360582309119,252,2.447967873025738,-0.4653165776116629,0.2310333271744484,type4_overdamped_decay,0.66333336
1893,0.9263013979323184,0.0299110102444318,0.798752968463188,0.2160330230166109,0.0073970970186355,0.788922626419925,0.03,1.361736997968224,0.0119123806551868,-0.0031157015503616,408,-0.4798336308142756,9.736053948179984,0.0873996813592361,type0_Step_Response,1.0
1894,3.3292770025954885,-0.0028946407212147,3.0740620286951112,0.7417120706305065,0.0220522564969796,0.3912187595484199,0.226,5.4375479249240914,0.0856432202630404,-0.0128547815076749,169,-0.4395183395359819,16.273279752665342,0.1979457568358906,type0_Step_Response,0.9866667
1895,2.558566951521723,0.0685382538448153,2.171940098090805,0.5835474872250243,0.0211217617039349,0.4943728348953414,0.0,5.033856272117141,0.051178543062506,-0.0161063921241555,454,-0.5005440545080739,11.057598589257614,0.2154553039608782,type0_Step_Response,0.99333334
1896,3.7859871929313016,3.039597077692795,3.0924802131090163,0.1231043755615138,0.0225010446358924,0.7808563539528868,0.195,2.760347840337057,0.0089228409784309,-0.013857103018418,100,2.4316441580387536,-0.4545362257496299,0.2507097936031499,type1_Damped_Osc,0.46666667
1897,1.0912254530636205,-0.0004906660095325,0.9628497606471604,0.2980953782304938,0.0059025289004146,0.321410106691896,0.153,1.741223770217751,0.0128509735902772,-0.0029142981245655,258,-0.4255563542197366,16.00238026375371,0.0658579788885411,type0_Step_Response,0.99333334
1898,1.2300249041086884,1.179800254935562,1.2019382107995014,0.0172874100332008,0.0352031725479824,0.9411808090276074,0.006,0.2611797030952443,0.0004136402582799,-0.0004156216752391,0,-0.3237452150051029,-0.3237350755787339,0.1424733081061129,type3_Sine_Wave,1.0
1899,0.93022824089991,0.7685755385658242,0.7893409687060807,0.0351795821158802,0.0057195062199519,0.5431547857130825,0.158,0.8282365064506882,0.002967674430477,-0.0034179818174742,157,1.389952866377656,-0.4636913889155047,0.0839204356342437,type4_overdamped_decay,0.62666667
1900,0.6331785920312576,0.3413525266910766,0.4988856947745281,0.0430129026824755,0.0036789443412704,0.4431551672954731,0.216,1.4362984946405564,0.00934606630362,-0.0082954009897894,248,3.1105485225941005,3.8654430930004975,0.0365880606957516,type1_Damped_Osc,0.97
1901,2.406321227381256,2.341531167596883,2.3719719939882533,0.022760061750036,0.0647036118353501,0.9710546577879872,0.006,0.3566589555881001,0.00064961539129,-0.0006473575003465,0,-0.3852488670534481,-0.3853605617684892,0.2824443020985399,type3_Sine_Wave,1.0
1902,3.2343729866127764,-0.001165754945733,2.8539138888846542,0.7406255727687038,0.0041546732582804,0.3049398719489474,0.109,9.033646304466515,0.150643084484337,-0.0598841882605842,227,-0.3523022678296601,7.0571053997063,0.4199378863000795,type0_Step_Response,0.98
1903,3.4832149126679104,3.3272947593374305,3.4085881785111387,0.0549763351878987,0.1558621489884606,0.965929000669661,0.008,1.1692006523300127,0.0019905106066273,-0.002026362099905,0,-0.2752913786745339,-0.2751597163097496,0.3468369104914823,type3_Sine_Wave,1.0
1904,2.3981321563686584,2.300617245989929,2.348593074268465,0.0348868250062997,0.0949508584618326,0.966428885862546,0.005,0.5510666564513831,0.0010164286829437,-0.0009988868952568,0,-0.2927205465471633,-0.2926208051838735,0.2351691223270418,type3_Sine_Wave,1.0
1905,0.8572687894662897,0.378121811597724,0.6195069243996552,0.0809864588085509,0.0014541224341422,0.7869143357955314,0.059,1.7648774810488832,0.0098869475760784,-0.010876810690376,273,2.875841765194949,2.81143199831228,0.071650570144637,type1_Damped_Osc,1.0
1906,2.4726461251105074,0.170964870778098,2.3525677668983933,0.379069256743191,0.0168862770682594,0.487367150380077,0.191,4.1741133156526615,0.0796039121976777,-0.0082933406106624,133,-0.4646865594414434,9.934164809344397,0.2198467965061912,type0_Step_Response,0.9766667
1907,3.4894438127114404,1.4926931877475211,2.5197659959078464,0.3197359630507065,0.0226767001250585,0.6670268806892931,0.132,8.833679193378027,0.0552004550260618,-0.0643660026742947,222,2.791769274670903,2.985434819961076,0.2946274890179987,type1_Damped_Osc,0.99666667
1908,1.9503718108490056,-0.0623805495440042,1.707553897809425,0.45930006738725,0.0131178232795992,0.5753192434155182,0.101,3.607925849777212,0.0355924596486824,-0.0153505568424562,303,-0.4782562735385616,7.037570302179836,0.266261244441883,type0_Step_Response,0.99333334
1909,4.009952361419122,3.10352442252754,3.2017444956841628,0.1862785047175085,0.0225389311422938,0.5192340864646786,0.148,3.4249174727321066,0.0124551983654832,-0.0143629379640026,158,2.233969749693372,-0.450449580563356,0.3256408733603266,type1_Damped_Osc,0.46333334
1910,1.449704665191032,1.2727315292671306,1.2832268977240333,0.0289943161119131,0.0012355991463022,0.376327093299654,0.297,0.3307753091525318,0.0007003001187819,-0.0030641435866254,95,2.2182266281707546,-0.4898308834833984,0.0648634408217714,type4_overdamped_decay,0.93333334
1911,3.950897020345692,3.105527804545762,3.217276343723205,0.2017463915414594,0.0021392597478002,0.1535066789044065,0.236,1.1444102046642717,0.0016489903406533,-0.0060357228939653,233,2.4687295073142503,-0.4955859777257326,0.2843351514606929,type4_overdamped_decay,0.9766667
1912,3.34221253343888,2.7982384434307828,2.8302754551923344,0.080342093484318,0.0173871019287648,0.7088864269048071,0.194,2.463614120256321,0.0097976990825929,-0.0145699750187549,72,2.05015133148304,-0.4629322005931798,0.2102543551542925,type4_overdamped_decay,0.49666667
1913,2.28255278541249,2.1561402324043266,2.1682238251981096,0.0267815590076185,0.1207007497292154,0.9806347831378858,0.423,1.095239015781721,0.0058505225675791,-0.0058624905983193,34,0.1774833466389595,-0.4953755165802403,0.1853263478844411,type2_Triangle_Wave,0.99333334
1914,3.5728716601948314,2.387100945564718,2.815759499058464,0.2263572988639207,0.0205457968915609,0.6380416020876449,0.151,3.652437970542581,0.0164304264417003,-0.0223527622433841,261,3.054386721481816,1.192799054004304,0.2259822246374074,type1_Damped_Osc,1.0
1915,4.18619932170418,3.3179211970471205,3.412103981079736,0.1924484946829151,0.0023929648770457,0.1344621054391923,0.286,1.2019643524666233,0.0016517798302819,-0.0069843485755791,146,1.2940599670040147,-0.4970369915457867,0.4831758616974024,type4_overdamped_decay,0.95666665
1916,3.23460803766898,-0.0023858522654497,2.985760870595466,0.7001174905047006,0.0208540089645401,0.4302127936326452,0.186,5.787226370346583,0.0900531590355079,-0.0114838678431796,153,-0.445519499033653,7.856086076242544,0.3848722746819573,type0_Step_Response,0.99
1917,1.879035207613717,1.4723333569845996,1.5142570390652528,0.0807787276437071,0.0127173338060542,0.7682672525736184,0.151,1.3903949892876022,0.0046542061007388,-0.0067298666307191,132,1.5989523097533374,-0.4652043728530312,0.1906044493802454,type4_overdamped_decay,0.69666666
1918,2.4908788864856533,0.0743467845580468,2.1323540842334854,0.6784908339701546,0.0233639509049212,0.6523527272160724,0.057,4.305102755715534,0.0316262679364491,-0.0110126518322886,315,-0.4696712184362421,7.854287470834095,0.2882102208597228,type0_Step_Response,1.0
1919,1.290944922017998,0.989494927023484,1.0259275683143074,0.0674778166330918,0.001459026897306,0.1468235059266711,0.218,0.5077061418166283,0.0012443301313422,-0.002753218892332,200,2.146479984925057,-0.4930443438269296,0.1136074266605383,type4_overdamped_decay,0.9633333
1920,1.3509771149788603,-0.0011088953100435,1.1632632274506265,0.3630066785749535,0.008749622159013,0.4095611078672255,0.148,2.640721177496334,0.0380174245997169,-0.0089125020674343,300,-0.473093763382784,8.138521340319265,0.1560322324875873,type0_Step_Response,0.9766667
1921,1.9368544451129432,0.0001690678331782,1.6739934906666567,0.5336923884149322,0.0131840408518597,0.6046232846006766,0.112,2.9979183523895583,0.0242292499302693,-0.0047866033672867,291,-0.4530878433282649,12.015227977285624,0.15416842644866,type0_Step_Response,0.99333334
1922,3.259899354725974,-0.0050212153120041,2.930344211549776,0.8393410887713885,0.0232579261400345,0.455097806517333,0.171,6.184756693326742,0.0631258000238788,-0.0142618457980554,174,-0.4694929584713703,6.270171888008761,0.4800874447781158,type0_Step_Response,0.9866667
1923,0.7085764576768688,-0.0331730857581193,0.5891274826401824,0.1912688516335351,0.0048927422019267,0.6479928673103812,0.0,1.0779590605971956,0.0056970395136085,-0.0022446864720976,403,-0.5131988444443191,10.510278924418424,0.0674496810099372,type0_Step_Response,0.99666667
1924,2.1273939611439947,2.0287117598339344,2.0719722186400817,0.0340380877375327,0.0609401157770697,0.9320049943202018,0.005,0.5070487974036495,0.0009350729736858,-0.0009117972324292,0,-0.3404814658796006,-0.340487278429222,0.3093182863737489,type3_Sine_Wave,1.0
1925,1.954354087702026,0.9050346780477292,1.394599117900704,0.1702793091824088,0.0247828583394047,0.9543669121990278,0.019,4.127049223740081,0.0182011861567201,-0.0224307204209806,292,3.3975502399775923,2.8862140405628844,0.1440627907821907,type1_Damped_Osc,1.0
1926,1.763969350379014,1.5540177738356633,1.5778226779551086,0.0418722912052598,0.0097647637594477,0.6319603322922087,0.198,1.091798373682143,0.0044618272674075,-0.0040246058122681,132,1.5256066518147184,-0.4483285744215861,0.1010705205182871,type4_overdamped_decay,0.65
1927,5.171599849528975,3.347992954544013,3.5339857452556824,0.5289642443252319,0.0045000732592281,0.1367492431444363,0.431,7.863051430673158,1.8197396675583877,-1.817154980266752,107,3.159190917579392,-0.493399460775998,0.4974660769642267,type5_Square_Pulse_Wave,0.91
1928,1.2398058313185278,1.1228954044354822,1.1395677593925702,0.0316991558032725,0.1167430351017502,0.9498745982844604,0.383,2.143190484535741,0.0077366577509945,-0.0077899024073178,109,0.3139669090944927,-0.4980467015238868,0.1432865932211009,type2_Triangle_Wave,0.99666667
1929,2.326535332568729,2.2450404492608413,2.25647886542011,0.0235262179851663,0.0736063900545511,0.9421005815208968,0.391,0.7689379260511742,0.0803545031498922,-0.0790545493090761,102,0.1201494838543437,-0.4922896226126654,0.1297978869786646,type5_Square_Pulse_Wave,0.94
1930,2.4860803167307672,-0.0024962456813617,2.2943382263818366,0.4556000622401209,0.0149548122786025,0.4210094598507743,0.126,4.51748519824355,0.064784852970113,-0.0088318125144222,235,-0.3685942886124723,8.06799012215447,0.2860631485254412,type0_Step_Response,0.99333334
1931,1.8606558953109715,1.759688487969608,1.775137548565339,0.0272877254290703,0.0988383041181573,0.9841164853326452,0.359,1.3160565081060245,0.0047761020170034,-0.0051441561629987,123,0.3828303810611238,-0.4891981750506497,0.1129854168888135,type2_Triangle_Wave,0.96
1932,2.2230009819210115,1.9155600980527727,1.940011976026717,0.0517991332050655,0.0088774096894763,0.3856991933740327,0.224,1.4541486143280056,0.0056482009005651,-0.0072418341201143,96,1.9692099786409212,-0.4464529991071109,0.1218670234043119,type4_overdamped_decay,0.59
1933,0.5574344976890722,0.5456162330711462,0.5517480698273692,0.0041613819234136,0.011761794756314,0.9596741374888668,0.009,0.1121924835714238,0.0001806962103215,-0.0001801588010519,0,-0.3305802745998831,-0.3305981178444101,0.0348804927264945,type3_Sine_Wave,0.99666667
1934,2.501482827024472,0.053088600450354,2.2427823720059763,0.6410108943665859,0.0132188851472427,0.4727863000519555,0.18,4.12318527046857,0.0308390182686026,-0.007311394366078,157,-0.4563106377359222,7.579172249694993,0.3014201575180615,type0_Step_Response,0.98333335
1935,1.467221837238813,-0.0009594311743307,1.1851700601809716,0.4230700526893528,0.008372025961425,0.6985864245700004,0.035,1.98224233705803,0.0189694238165999,-0.0037772243004516,492,-0.473930431041316,13.910755644034106,0.1016969622304366,type0_Step_Response,0.99666667
1936,4.760095885711481,2.01904676300752,3.193986080695684,0.4680919338088007,0.0172862986120514,0.5307184125801638,0.098,8.871801839560817,0.0374496740928242,-0.051366471793806,299,3.076177604907901,2.1197956137332867,0.442392022363371,type1_Damped_Osc,1.0
1937,2.663767394334594,1.4379831454220398,1.9294745024194837,0.2095459504256789,0.009649760693341,0.2787593631315169,0.124,4.1349183577903945,0.0156319840167589,-0.0207836020016647,313,2.80103029748325,1.6291200992349564,0.2257367032878823,type1_Damped_Osc,0.99
1938,2.971284380080144,2.5143192471067226,2.598108259664388,0.114834591918937,0.0169875221114623,0.6727268788606353,0.142,2.327911842586712,0.0089703120458768,-0.0119294411522701,273,2.076114741672022,-0.4381023339342928,0.1732232690161224,type1_Damped_Osc,0.49
1939,2.39407189668174,2.0603106902940307,2.108507370153259,0.076951859822396,0.0080267978055732,0.4311890484058816,0.142,1.316033407309502,0.0051787041925681,-0.00574701672828,232,2.241148376766047,-0.4723785814329853,0.1205449463333083,type4_overdamped_decay,0.68333334
1940,1.7345511010771473,1.4201328109900413,1.4476915215143795,0.0595875542833099,0.0059066626131143,0.5199914022435225,0.18,1.1534355073742486,0.003624853773978,-0.0050127771619934,124,1.928927232616293,-0.4706335933082193,0.1279010306415648,type4_overdamped_decay,0.6766667
1941,3.240091877218908,2.8041951959517486,2.8553180903385758,0.0975362334982213,0.0018780323946412,0.1244322985573766,0.248,0.6783293524241607,0.0015277027536622,-0.0040901515134721,170,1.558497019377885,-0.4951002468913799,0.2112519933536001,type4_overdamped_decay,0.99666667
1942,0.9485502424350446,0.915194517678142,0.9317789475784536,0.0118938141143986,0.0303201474972254,0.9566771343082908,0.006,0.1938585439961593,0.000414569117631,-0.000392271385514,0,-0.2936326068332708,-0.2939494067221487,0.0808784433590286,type3_Sine_Wave,1.0
1943,2.218787990853725,1.695519982734461,1.745553403097459,0.1026170777407852,0.0104261214011267,0.7179392701343534,0.176,1.3814982608399085,0.0037824912758934,-0.0069051745581201,155,2.458340816442668,-0.4723370612573204,0.1752402377962796,type4_overdamped_decay,0.75
1944,2.668888142692506,-0.8557194006261951,2.305945646579471,0.7234374858259415,0.0154289911434144,0.3492738114267698,0.159,6.909084480395408,0.0784755223080702,-0.07190323660487,153,-0.1438074544640616,8.900007701221051,0.3612684707338083,type0_Step_Response,0.99333334
1945,1.3573353467594549,1.105662462478756,1.1400940074457795,0.0571051160586197,0.0060327860663591,0.392706363061868,0.193,0.9414842006368396,0.003638324140291,-0.0040620096485846,223,2.38074783936905,-0.4615616200739323,0.0862133709104275,type4_overdamped_decay,0.61333334
1946,1.503239552386053,-0.0010932026606462,1.3205428566105288,0.3347093811486107,0.0117853836278098,0.7122455386399904,0.076,2.269181112262643,0.0246886821842784,-0.0046214038620411,345,-0.4466080720955608,11.487429934183591,0.1249360527277021,type0_Step_Response,1.0
1947,2.842680144113364,-0.8677771862767426,2.296835312022816,0.7118488641121734,0.0164478101429739,0.5614918538600906,0.146,9.071433860193183,0.1084291326831694,-0.0820974944546766,179,0.3503237352478644,8.497565490076834,0.3767769158946614,type0_Step_Response,0.97333336
1948,1.3485218059630553,1.315690070534028,1.3340651765012514,0.0112926773557333,0.0222130134352767,0.9381137759419628,0.006,0.171111592097972,0.0003298773883528,-0.0003469724294029,0,-0.3081454388004184,-0.3084255167697145,0.0856266261149982,type3_Sine_Wave,1.0
1949,2.960562808864103,2.60427289814798,2.641403001820972,0.0836931591264396,0.2574418567005918,0.8614733094340863,0.405,2.0012601612052228,0.0095492980431335,-0.0092525636697149,98,0.4921947860632341,-0.4966934882929725,0.3578999962271738,type2_Triangle_Wave,0.98
1950,0.8862793975226118,0.5504710714610395,0.664261759699778,0.0506661415289227,0.0049364339668984,0.6716721447084165,0.194,0.8867126400776896,0.0047201108364561,-0.0078073115916837,121,3.3764401894156846,1.29711482298488,0.0591883440501772,type1_Damped_Osc,0.98
1951,1.7608123559730793,1.6399283722527809,1.657565872363412,0.0325458537642049,0.1189044454623575,0.900848308973002,0.369,2.3908990777671835,0.008685864396196,-0.0084637458144398,32,0.0665832414806148,-0.4969045314175824,0.2121967726456253,type2_Triangle_Wave,0.9766667
1952,2.7980829036291515,2.504851416926746,2.526381122136062,0.042488273525652,0.019483715089386,0.6265875855398714,0.225,2.2005947196629725,0.0100033220138415,-0.0098803764670165,66,1.608063828594361,-0.4347057137579049,0.1349209247664511,type4_overdamped_decay,0.44333333
1953,3.781710624347809,1.523035296157297,2.6198130563694444,0.2792609971154353,0.0194136973501626,0.5774737866292499,0.179,9.343764681970407,0.1105965806931799,-0.1134081873905281,132,3.1513222732344355,2.7580170507190425,0.3269017806608625,type1_Damped_Osc,1.0
1954,2.6241485709886767,1.846405486986664,2.195702799654651,0.1229165993264913,0.0078779837496889,0.9089563570526256,0.026,2.8330747199112096,0.0175259173826689,-0.0211463982530082,187,1.7157515809445996,1.22715314322028,0.1972513003510987,type1_Damped_Osc,0.99
1955,3.25622299979718,1.7767371970188028,2.469534001892282,0.2027575228572183,0.0127442299985145,0.5727317096699059,0.158,4.024663275985485,0.0194761006728723,-0.0271328752204338,135,2.1256238520687885,1.9447410035237271,0.2917907970955053,type1_Damped_Osc,0.99666667
1956,2.451789825162773,2.050642893435472,2.104679836900006,0.0902238682039295,0.0154272020034804,0.6675167272802068,0.166,1.926917914751057,0.0062870739937084,-0.0089830173442955,174,1.6027242771087755,-0.4566946080149612,0.1869251564898866,type4_overdamped_decay,0.6
1957,4.118553497131867,1.8796028447872548,2.9188111233453475,0.2937957696219233,0.0145499903935131,0.6302379694923322,0.174,6.571270540341261,0.0443161310216049,-0.0588836447179184,195,3.20792279341288,2.7250935901345748,0.3229403377233901,type1_Damped_Osc,0.99666667
1958,3.2313629019272536,1.7825864151411983,2.346486954164081,0.2529953120596263,0.0126758838764149,0.3485688457734737,0.051,3.344050665599017,0.0114539600247041,-0.0175356195812588,271,2.7354111599979256,1.6083285521633448,0.2711165896589111,type1_Damped_Osc,0.9866667
1959,2.1043804156231736,1.4493079990376303,1.6906995005394534,0.127091917838198,0.0082197512437269,0.3469326197598064,0.127,1.765167709965766,0.0067626151579163,-0.0085366531224164,350,3.072260597952851,1.31061998900006,0.1216955133972905,type1_Damped_Osc,0.99333334
1960,3.937378997117406,2.8484933580620724,2.950490233043757,0.212798213153606,0.0193557920773024,0.633845361431221,0.197,3.305352365040072,0.0128120604123647,-0.0164177267978247,151,2.441125093552272,-0.4700005313527379,0.366489393581408,type1_Damped_Osc,0.5
1961,4.221636361238877,2.3492939255297083,3.180772636353865,0.344638493584422,0.0186100886640039,0.6036586535723836,0.138,4.575723046133513,0.0169888834154563,-0.0255350326484444,282,2.9475388677678365,2.197235360367119,0.3047048379965389,type1_Damped_Osc,1.0
1962,2.467338745495256,1.1257590695966615,1.717013192378802,0.1609481053116494,0.0151850561473751,0.5125181566191789,0.155,4.273889376188586,0.0353400514916186,-0.0507928758180948,137,3.118328608264976,2.258442212501434,0.2103854307464907,type1_Damped_Osc,0.99
1963,2.395584420413775,2.032431130686715,2.094439403287496,0.0893085801884617,0.0090294117769036,0.4794988316861261,0.177,1.6078464111956872,0.0057309562252974,-0.0069723497763143,270,2.165202379672747,-0.465762111743731,0.1345291074010937,type4_overdamped_decay,0.62
1964,0.5368851907487162,0.5026098747833793,0.5202642736396249,0.0120579276476651,0.0338747336530795,0.95308608446692,0.008,0.2909189456607471,0.0004588259096812,-0.0004596767430401,0,-0.274147929566476,-0.2741281260754596,0.0758766861784245,type3_Sine_Wave,0.99666667
1965,2.986547587814528,2.586987837330744,2.629733907688173,0.113498645610087,0.3993241310651489,0.8963907460909436,0.428,3.59211430167762,0.3976970730229561,-0.3983852610975318,128,1.5432497364660769,-0.4954703613253976,0.1951185539488769,type5_Square_Pulse_Wave,0.9866667
1966,0.625799028581621,-0.0004947256455699,0.5787645607112425,0.122752739095473,0.0036995148538505,0.538001971296486,0.145,0.9887054846845122,0.0106432334444891,-0.0016904248740502,230,-0.4456408129495988,15.720007339890005,0.0384834489987939,type0_Step_Response,0.99
1967,1.5601554050457458,1.5143209889994445,1.5350946228243494,0.0162409051002496,0.0416480457780898,0.9636662312211376,0.005,0.2077480490026504,0.0003559410054374,-0.0003550263439382,0,-0.2721317939011554,-0.2720945949214616,0.100563996954319,type3_Sine_Wave,1.0
1968,3.615856962983496,3.4271509873183543,3.4543622973293204,0.0592074041104213,0.1445818713642048,0.7004121237209923,0.399,2.038357203195379,0.1839550636877898,-0.1836464799626131,153,0.5270391244273386,-0.4874199975015291,0.1815145285207977,type5_Square_Pulse_Wave,0.94666666
1969,0.8731332095812352,0.8511832449794742,0.8545899543826995,0.0057806644861524,0.0218115978333133,0.9548951035488266,0.415,0.33192009021155,0.0204826265518875,-0.0208202697015827,0,-0.0243560908207381,-0.4813084519597375,0.0444029742985105,type5_Square_Pulse_Wave,0.93
1970,2.001172906520704,-0.9580015572373852,1.6343685328277229,0.698298667825003,0.0213650455782092,0.7950891987271188,0.084,7.334182475013035,0.0630571175031483,-0.0576543465977568,255,-0.2081504601750186,11.984692095021492,0.2316099730530598,type0_Step_Response,0.99666667
1971,1.1801904560665133,0.8174077823836695,1.003896441436204,0.0569482385517224,0.0087248647543675,0.5132681585619556,0.203,1.5272342062685098,0.0084463764044252,-0.0095180712370139,173,1.2514486415866817,1.3505092827486551,0.1007181875256878,type1_Damped_Osc,0.9266667
1972,1.7582924001199094,1.1100570702855133,1.3447929643579095,0.1024431986194506,0.0100664356556401,0.3851437805211679,0.165,2.081046380591152,0.0104311544666571,-0.0143096864915273,152,2.079568241427266,0.8179727005286535,0.1663190559094138,type1_Damped_Osc,0.9766667
1973,2.1187002355034377,1.647237565705667,1.853347318131938,0.0635600605355279,0.0114875683196866,0.4774497182727991,0.186,2.4534509854193542,0.0118474480136827,-0.0168716238721491,165,2.0440651531762857,1.4258314271097172,0.1054750733780074,type1_Damped_Osc,0.9766667
1974,2.81251652861894,2.1629814518782298,2.249506379319916,0.2179461762372844,0.0034248137527348,0.1183030966369901,0.422,3.267089010901445,0.6460581543910053,-0.6468583214692494,131,2.505724109780607,-0.4912019985244016,0.2154686722367538,type5_Square_Pulse_Wave,0.99666667
1975,0.6530564815445284,0.6160725332222247,0.6198273626319103,0.0091515616014846,0.0236809803485319,0.8788886356607741,0.458,0.4212938265777212,0.0365082481902219,-0.0365500862745948,23,0.0917126817591276,-0.4934642432625835,0.061820384212365,type5_Square_Pulse_Wave,0.96666664
1976,1.5472680947651654,1.496554266481823,1.5236298331663582,0.0179459428006758,0.0506581540687816,0.9922432431594131,0.009,0.4447521523482309,0.0008002932491619,-0.0007744727984912,0,-0.3505918698304893,-0.3506574704262839,0.1697530252382719,type3_Sine_Wave,0.99666667
1977,4.400271910331961,3.2288086383210155,3.4221289812746885,0.2851422491640098,0.0278842672724408,0.5128706501165394,0.147,3.543595672321993,0.0138769541738432,-0.0174006610486543,253,2.0110792982563197,-0.4635942640924519,0.4598508946277055,type1_Damped_Osc,0.48
1978,1.907742701978388,1.746702298914755,1.7674500084845652,0.0420650575145717,0.0007692067716795,0.1843818354697535,0.386,0.7595324260284111,0.003005895684867,-0.0030097011348781,158,0.8434714744621908,-0.4964397822459253,0.1195520521114643,type2_Triangle_Wave,0.6566667
1979,1.74415958681002,1.6854757958181528,1.6893608132059967,0.00995721353236,0.0242984384836206,0.7466897714076043,0.455,0.6492265581526109,0.0564491852694741,-0.0570854204888982,0,-0.0951143064709026,-0.4916331661358337,0.1420046753544035,type5_Square_Pulse_Wave,0.9866667
1980,1.1392960060470698,-0.0002988424474963,1.020378491657572,0.3011655636132124,0.0077153970210948,0.5692653759970466,0.201,2.020052276126098,0.0196709466590345,-0.0036227959034866,189,-0.4418309793418393,12.491802549681026,0.0873254659868156,type0_Step_Response,0.99333334
1981,2.3367181966301334,1.7906381779574858,2.0569482817388858,0.1145195604878484,0.0155800559406524,0.761944519879822,0.097,2.718429207529134,0.0103840686312963,-0.0116320103219131,379,1.8299188879292612,1.8375978836763596,0.1169958342720205,type1_Damped_Osc,0.99666667
1982,1.177377406125819,1.009872538660063,1.02843108501171,0.0348279240600189,0.0061860356036456,0.7371596454930813,0.167,0.6818728075226632,0.0033538170978775,-0.003090547995427,154,1.904140793500143,-0.4587401634066869,0.0684979243909634,type4_overdamped_decay,0.7266667
1983,4.832159042617255,2.352861447984364,3.4808802759204127,0.5122262162296016,0.1049315431099278,0.9607327264155594,0.008,6.973091839374469,0.0238193202044612,-0.0281794401098403,501,3.080058199997442,2.5512421073280245,0.3738780449882597,type1_Damped_Osc,0.99666667
1984,1.7224040766632058,0.109075275214889,1.477606789743117,0.4786441035414644,0.0022323687510144,0.524416460028062,0.131,1.9254852430558784,0.0133954224806915,-0.0021675978197776,208,-0.3683996147795274,6.004559471456522,0.2431118050637464,type0_Step_Response,0.98333335
1985,1.6458122118111058,-0.0030517581169739,1.5202397456368983,0.3166446515429744,0.0104992840112403,0.4296247459645795,0.18,4.092048139267741,0.0839854544933594,-0.0232056009154718,175,-0.4654838404768701,7.7019238069308384,0.2001913419685816,type0_Step_Response,0.9866667
1986,1.5008866314792564,1.404376626929581,1.4175734732679235,0.0303645562585962,0.0019589368827195,0.1413717077507848,0.426,0.8874240336008352,0.0936955532249659,-0.0947628058417833,139,0.4944914127208337,-0.4893633942789703,0.0960176244010031,type5_Square_Pulse_Wave,0.96
1987,1.068532861935388,0.8469552544743478,0.8710361596424694,0.0677992978261959,0.0014314615192788,0.1266464136833892,0.441,1.6023150815215663,0.2207556644178243,-0.2208902482641099,106,1.5226837840510612,-0.4932752723176741,0.1091833439053545,type5_Square_Pulse_Wave,0.97
1988,1.2344018752202313,-0.0010475046411346,1.070718416272813,0.3213874972795401,0.0114112747332215,0.390605985497458,0.016,2.2180273952489085,0.0100822889153879,-0.0058198464545198,312,-0.4445200173703998,16.959601527383292,0.0705363191804213,type0_Step_Response,1.0
1989,0.7460290874807818,0.5429041804750078,0.628992772508356,0.0245481178166599,0.0037064891708022,0.5165165141217103,0.242,0.782163180664606,0.0048071823972563,-0.0058178742094376,158,2.663241488995989,1.793321193590546,0.0372257992479412,type1_Damped_Osc,0.95666665
1990,2.894314813951751,2.746406918613155,2.774326939516948,0.0529598517456858,0.0932529143496561,0.9541041670591212,0.384,1.3313023767369936,0.14464325241592,-0.1451749069695771,208,0.3707269251697345,-0.4916262882769706,0.1682491049732211,type5_Square_Pulse_Wave,0.98
1991,2.096757325036793,2.0158066212099306,2.0565347189115646,0.0289254216317562,0.0748356841562394,0.9588399758019468,0.006,0.4661722380310498,0.0007654472930171,-0.0007807170619482,0,-0.2820012861806964,-0.2820988592962538,0.1857094077616436,type3_Sine_Wave,1.0
1992,2.0608757715365096,1.8567868468529576,1.8877365434583664,0.0669423858009798,0.1191783299092883,0.9166657554559152,0.416,2.0252391793247977,0.2026736109320808,-0.2023829190468291,177,0.4916363071349805,-0.4954242914824378,0.2048649499071428,type5_Square_Pulse_Wave,0.99
1993,1.9320407143906264,1.3432953170484636,1.5942118770280636,0.0804435885062812,0.0126041499015112,0.5465253118915697,0.202,2.247034979420997,0.0132162241513795,-0.0170342936238918,178,3.10129407681283,2.063740810178066,0.095497496467457,type1_Damped_Osc,0.99333334
1994,3.1451682620786343,-0.0048665522942811,2.6845433505433225,0.8349484563524362,0.0238651452591573,0.5111598685229991,0.13,9.364368900319857,0.1070076225687529,-0.0496758841996229,340,-0.4592610267017536,9.569843962148122,0.3115581796307025,type0_Step_Response,0.99666667
1995,1.1726392703022972,1.1026578149338018,1.1162163797733635,0.0264756730777679,0.069538819913967,0.7287984359556675,0.411,0.7457035323109535,0.068643970554387,-0.0684751884595571,184,0.2129731519455608,-0.4898355650004974,0.0967747447123252,type5_Square_Pulse_Wave,0.96
1996,1.9272758806742576,-0.0005367329668387,1.491724519897874,0.5940024545848925,0.007580910053978,0.8957605171591064,0.0,2.512908431575607,0.0280742683106554,-0.0082958245936317,478,-0.5520535168412251,6.659806378006647,0.2712267366770828,type0_Step_Response,1.0
1997,0.667780214807673,-0.0001581730574654,0.5434756037163749,0.1956102652401128,0.0048960679888789,0.7568270091916028,0.0,0.9249931557226306,0.0047700119030972,-0.0020441025049263,486,-0.5004466487065253,14.579557708970343,0.0442956076917078,type0_Step_Response,0.99666667
1998,1.7694785484020736,1.7219998790282371,1.747325203762211,0.0165274790827122,0.0435356238157202,0.9442621951488964,0.008,0.3520736600552754,0.0005690738740946,-0.0005776516109992,0,-0.3958962005290816,-0.395917642940721,0.2280587247738046,type3_Sine_Wave,0.99666667
1999,1.3070209208995207,0.8086702208914676,1.0075290760442406,0.0761083917126231,0.0040778820258059,0.4159146774156933,0.149,1.69477954327392,0.0086277118529976,-0.0111593361947703,238,3.839172376052464,2.1940328512543115,0.0708568403596672,type1_Damped_Osc,1.0
2000,3.680620420110987,3.036012320739583,3.1533858162106245,0.1656085347587969,0.0152534019925276,0.6887408970311193,0.105,2.091809817084347,0.0076861248239232,-0.0094669204725534,249,1.4220333696718273,-0.4834510002383341,0.3325151974634828,type4_overdamped_decay,0.7033333
